# https://github.com/mikedh/trimesh
v 0.01079162 0.03025523 0.06371372
v 0.00294159 0.02861157 0.06959078
v 0.01079162 0.03019589 0.06567864
v 0.01275173 0.03022557 0.06371372
v 0.01275173 0.02995854 0.06175470
v 0.01164259 0.02941857 0.05876896
v 0.01066732 0.02980427 0.06158948
v 0.00947212 0.02966186 0.06213234
v 0.00010181 0.02742482 0.06283452
v -0.00026153 0.02753756 0.06414446
v 0.00098147 0.02804193 0.06567864
v 0.00098147 0.02820214 0.06763766
v 0.00098147 0.02821401 0.06959078
v 0.00294159 0.02848697 0.07154980
v 0.00490170 0.02897354 0.06959078
v 0.01079162 0.03004162 0.06763766
v 0.01275173 0.03009502 0.06567864
v 0.00875501 0.02960252 0.06950817
v 0.01863208 0.02983393 0.06371372
v 0.01874682 0.02962032 0.06157178
v 0.01667197 0.02977460 0.06175470
v 0.01190076 0.02941857 0.05876896
v 0.01275173 0.02552008 0.04698534
v 0.01168084 0.02550821 0.04700894
v 0.01090636 0.02896760 0.05800188
v -0.00097865 0.02624993 0.05979568
v -0.00097865 0.02678990 0.06175470
v -0.00685900 0.02554974 0.06446310
v -0.00685900 0.02578116 0.06567864
v -0.00051013 0.02764437 0.06567864
v -0.00685900 0.02603631 0.06763766
v -0.00685900 0.02615499 0.06959078
v -0.00685900 0.02613719 0.07154980
v 0.00098147 0.02808940 0.07154980
v 0.00294159 0.02821995 0.07351472
v 0.00490170 0.02883706 0.07154980
v 0.00935738 0.02950758 0.07107775
v 0.01079162 0.02977460 0.06959078
v 0.01275173 0.02989327 0.06763766
v 0.01667197 0.02981020 0.06567864
v 0.01863208 0.02964999 0.06567864
v 0.07456713 0.02353819 0.06894761
v 0.07154568 0.02421464 0.06371372
v 0.07154568 0.02433925 0.06175470
v 0.07154568 0.02439266 0.05979568
v 0.07154568 0.02435705 0.05783666
v 0.06958556 0.02454100 0.05783666
v 0.07506432 0.02357973 0.05274438
v 0.01947350 0.02939483 0.06079879
v 0.07350580 0.02366280 0.05253196
v 0.05509982 0.02550821 0.05481552
v 0.05390463 0.02556161 0.05465620
v 0.05194451 0.02564468 0.05446148
v 0.02392918 0.02549634 0.04702074
v 0.02255232 0.02550821 0.04699714
v 0.02059220 0.02551414 0.04698534
v 0.01863208 0.02552008 0.04698534
v 0.01275173 0.02398916 0.04422973
v 0.02451243 0.02403069 0.04415302
v 0.02451243 0.02349665 0.04317351
v 0.01275173 0.02344325 0.04325022
v 0.01079162 0.02384675 0.04448936
v 0.00970160 0.02363906 0.04486700
v -0.00225033 0.02367467 0.05461489
v -0.00097865 0.02471901 0.05587174
v -0.00097865 0.02533019 0.05725249
v -0.00097865 0.02570995 0.05823200
v -0.00204954 0.02553194 0.05868045
v -0.00685900 0.02474868 0.06175470
v -0.00685900 0.02598291 0.07351472
v 0.00079980 0.02775118 0.07369174
v 0.00686182 0.02880146 0.07351472
v 0.00133525 0.02759096 0.07509610
v 0.00279816 0.02773931 0.07563896
v 0.00686182 0.02910408 0.07154980
v 0.00882194 0.02902101 0.07351472
v 0.01079162 0.02951351 0.07108955
v 0.01612696 0.02944230 0.06883549
v 0.01673890 0.02955505 0.06776157
v 0.01863208 0.02946604 0.06708300
v 0.06862941 0.02352632 0.07255291
v 0.07547548 0.02295075 0.07154980
v 0.07532249 0.02330084 0.06959668
v 0.07653681 0.02356786 0.06523019
v 0.01743689 0.02938297 0.06849916
v 0.07662286 0.02359753 0.06371372
v 0.07350580 0.02403069 0.05783666
v 0.07939571 0.02287361 0.05195369
v 0.07743559 0.02310502 0.05195369
v 0.07561890 0.02330084 0.05203631
v 0.07350580 0.02330677 0.05155245
v 0.07154568 0.02375774 0.05233134
v 0.02455068 0.02509878 0.04624775
v 0.07939571 0.02219715 0.04999468
v 0.02255232 0.02500384 0.04601763
v 0.02647255 0.02396542 0.04421202
v 0.02647255 0.02344918 0.04323252
v 0.02451243 0.02251758 0.04240052
v 0.01471185 0.02246418 0.04243593
v 0.01275173 0.02246418 0.04245363
v 0.01079162 0.02223869 0.04266605
v 0.01079162 0.02321777 0.04350985
v -0.00353158 0.01156382 0.03876571
v -0.00232682 0.01981177 0.04873784
v -0.00200173 0.02158597 0.05094468
v -0.00276666 0.02189453 0.05206581
v -0.00291964 0.02293295 0.05394222
v -0.00685900 0.02207255 0.05599565
v -0.00685900 0.02305162 0.05771864
v -0.00685900 0.02358566 0.05869815
v -0.00685900 0.02405443 0.05979568
v -0.00685900 0.02567435 0.07547374
v 0.00002532 0.02743669 0.07445882
v 0.00335273 0.02753163 0.07671878
v 0.00882194 0.02853444 0.07547374
v 0.00204280 0.02743075 0.07640014
v -0.00685900 0.02548447 0.07645915
v 0.01079162 0.02930583 0.07206906
v 0.02059220 0.02773931 0.07523182
v 0.01471185 0.02932956 0.07015134
v 0.07350580 0.02230990 0.07547374
v 0.01673890 0.02925242 0.06952587
v 0.07547548 0.02249384 0.07351472
v 0.07864035 0.02163938 0.07278304
v 0.07743559 0.02229210 0.07154980
v 0.07743559 0.02260065 0.06959078
v 0.08050485 0.02160971 0.06884729
v 0.08163311 0.02127742 0.06763766
v 0.08175741 0.02131896 0.06567864
v 0.08150881 0.02206068 0.05197730
v 0.08082038 0.02183519 0.04999468
v 0.08038055 0.02156817 0.04900336
v 0.07939571 0.02162158 0.04889715
v 0.07743559 0.02117654 0.04775242
v 0.07743559 0.02019747 0.04618875
v 0.07622127 0.01958036 0.04511483
v 0.07350580 0.01793670 0.04279586
v 0.07350580 0.01699323 0.04181636
v 0.07154568 0.01610909 0.04070113
v 0.07154568 0.01510035 0.03972162
v 0.06958556 0.01427555 0.03876571
v 0.04019337 0.01575307 0.03876571
v 0.03823325 0.01578867 0.03876571
v 0.02646299 0.01598448 0.03876571
v 0.02450287 0.01600229 0.03876571
v 0.06370521 0.01470872 0.03876571
v 0.06174510 0.01485113 0.03876571
v 0.05980410 0.01498761 0.03876571
v 0.05782486 0.01511222 0.03876571
v 0.05586474 0.01523089 0.03876571
v 0.05402892 0.01532583 0.03876571
v 0.05347436 0.01534957 0.03876571
v 0.05194451 0.01541484 0.03876571
v 0.04998439 0.01549198 0.03876571
v 0.04802428 0.01555725 0.03876571
v 0.04606416 0.01561659 0.03876571
v 0.04214393 0.01571153 0.03876571
v 0.01412860 0.01545044 0.03876571
v 0.01325849 0.01533770 0.03876571
v 0.01273261 0.01526056 0.03876571
v 0.01227366 0.01518936 0.03876571
v 0.01079162 0.01495794 0.03876571
v 0.01011275 0.01485113 0.03876571
v 0.00817175 0.01453664 0.03876571
v 0.00664191 0.01425775 0.03876571
v 0.00369695 0.01371778 0.03876571
v 0.00277904 0.01354570 0.03876571
v 0.00202368 0.01339142 0.03876571
v 0.00098147 0.01316594 0.03876571
v 0.00026435 0.01298792 0.03876571
v -0.00088303 0.01269717 0.03876571
v 0.02432120 0.01599635 0.03876571
v 0.02255232 0.01593108 0.03876571
v 0.01895718 0.01574713 0.03876571
v 0.01719785 0.01565219 0.03876571
v 0.01541940 0.01554538 0.03876571
v -0.00254674 0.01207412 0.03876571
v -0.00258499 0.01205632 0.03876571
v -0.00309175 0.01179523 0.03876571
v -0.00465028 0.01053134 0.03876571
v -0.00387580 0.01173589 0.03924956
v -0.00363676 0.01942014 0.04925709
v -0.00281446 0.02050603 0.05010089
v -0.00330210 0.02120028 0.05148754
v -0.00402878 0.02165125 0.05279159
v -0.00685900 0.02148510 0.05501614
v 0.00767455 0.02751383 0.07857749
v 0.00279816 0.02721714 0.07739736
v 0.00838211 0.02751383 0.07857749
v 0.00895580 0.02781051 0.07760388
v 0.01863208 0.02791732 0.07517281
v -0.00685900 0.02524119 0.07743867
v -0.00685900 0.02467748 0.07939178
v 0.02355628 0.02550227 0.08041259
v 0.07270263 0.02160971 0.07854208
v 0.07341974 0.02179959 0.07740916
v 0.07479661 0.02167498 0.07673648
v 0.07546591 0.02189453 0.07545604
v 0.07674716 0.02166311 0.07479516
v 0.07891763 0.02175806 0.07154980
v 0.07804753 0.02143170 0.07409299
v 0.07932878 0.02117061 0.07346752
v 0.08135582 0.02041109 0.07351472
v 0.08135582 0.02085612 0.07154980
v 0.08123153 0.02119435 0.06953177
v 0.08302910 0.02005506 0.07154980
v 0.08319164 0.02019154 0.06959078
v 0.08348805 0.02017374 0.06761996
v 0.08331595 0.02039922 0.06567864
v 0.08236935 0.02160378 0.05298631
v 0.08236935 0.02160378 0.05264998
v 0.08226417 0.02150290 0.05134003
v 0.08180522 0.02112314 0.04999468
v 0.08066740 0.01985331 0.04673751
v 0.07939571 0.02006693 0.04642477
v 0.07939571 0.02104600 0.04791764
v 0.07743559 0.01950322 0.04520924
v 0.07547548 0.01779429 0.04296698
v 0.07350580 0.01601415 0.04086635
v 0.07669935 0.01768748 0.04308500
v 0.07547548 0.01580647 0.04106107
v 0.07648900 0.01569373 0.04116138
v 0.07154568 0.01412128 0.03891323
v 0.06990110 0.01422808 0.03876571
v -0.00534827 0.00976588 0.03876571
v -0.00685900 0.01983551 0.05265588
v -0.00685900 0.02073744 0.05391272
v 0.00294159 0.02648135 0.07939178
v 0.00576224 0.02550821 0.08238932
v 0.00686182 0.02557348 0.08250143
v 0.00882194 0.02617872 0.08135670
v -0.00685900 0.02386455 0.08152192
v 0.01863208 0.02382895 0.08463747
v 0.06370521 0.02038142 0.08331572
v 0.07154568 0.01977617 0.08269615
v 0.07277912 0.01969310 0.08248373
v 0.07341974 0.02106380 0.07927377
v 0.07401256 0.02141390 0.07804643
v 0.07546591 0.02115874 0.07740916
v 0.08048573 0.01964563 0.07655356
v 0.07610654 0.02143763 0.07609921
v 0.07740691 0.02118841 0.07545604
v 0.07939571 0.02045262 0.07547374
v 0.08241716 0.01963969 0.07459454
v 0.08269444 0.01981771 0.07351472
v 0.08367928 0.01915312 0.07351472
v 0.08400437 0.01933707 0.07154980
v 0.08416692 0.01947948 0.06959078
v 0.08426253 0.01956849 0.06825723
v 0.08431034 0.01962189 0.06695318
v 0.08434859 0.01965750 0.06567864
v 0.08437727 0.01968717 0.06371372
v 0.08439640 0.01971090 0.05979568
v 0.08437727 0.01968717 0.05783666
v 0.08433903 0.01964563 0.05679224
v 0.08275181 0.02014407 0.04999468
v 0.08450158 0.01800197 0.05050214
v 0.08243628 0.01972870 0.04885585
v 0.08131758 0.01855975 0.04612974
v 0.08066740 0.01795450 0.04481389
v 0.07939571 0.01926587 0.04544527
v 0.08197733 0.01916499 0.04754590
v 0.07800929 0.01755694 0.04320891
v 0.07738778 0.01837580 0.04396420
v 0.07779893 0.01542077 0.04133840
v 0.07440458 0.01368811 0.03923187
v 0.07309465 0.01390173 0.03908435
v 0.07153612 0.01390173 0.03876571
v -0.00560644 0.00944545 0.03876571
v -0.00685900 0.01898698 0.05167636
v 0.00294159 0.02576929 0.08093775
v 0.00135437 0.02563875 0.08068993
v 0.00686182 0.02502757 0.08348094
v -0.00685900 0.02309909 0.08304429
v -0.00685900 0.02305162 0.08313280
v -0.00685900 0.02208441 0.08476139
v -0.00685900 0.02197167 0.08495021
v 0.00882194 0.02559128 0.08251913
v 0.00882194 0.02501570 0.08350455
v 0.00882194 0.02403663 0.08505642
v 0.01079162 0.02333051 0.08597692
v 0.01276130 0.02216749 0.08741669
v 0.01471185 0.02150884 0.08814247
v 0.01667197 0.02142576 0.08804806
v 0.02843267 0.02164531 0.08637817
v 0.02972348 0.02158597 0.08629556
v 0.07075208 0.01771121 0.08634867
v 0.06174510 0.01982958 0.08458437
v 0.06370521 0.01972870 0.08446045
v 0.06504383 0.01965156 0.08436014
v 0.06568446 0.02007879 0.08347504
v 0.07154568 0.01923026 0.08367567
v 0.07407949 0.01944388 0.08205888
v 0.07504521 0.01980584 0.08074893
v 0.07345799 0.02003132 0.08138620
v 0.07345799 0.01892171 0.08320951
v 0.07835350 0.01761627 0.08230081
v 0.08067695 0.01776462 0.08058371
v 0.07560933 0.02017967 0.07953930
v 0.07743559 0.01980584 0.07887252
v 0.07844912 0.01961596 0.07844768
v 0.07743559 0.02041702 0.07743276
v 0.07975904 0.01937267 0.07786351
v 0.08122196 0.01905225 0.07729704
v 0.08178610 0.01939641 0.07590449
v 0.08122196 0.01981771 0.07533803
v 0.08269444 0.01781209 0.07877811
v 0.08333506 0.01806724 0.07737966
v 0.08437727 0.01773495 0.07669518
v 0.08452070 0.01791890 0.07547374
v 0.08468324 0.01817405 0.07351472
v 0.08480755 0.01835800 0.07154980
v 0.08492228 0.01850041 0.06959078
v 0.08487447 0.01879710 0.06761996
v 0.08510395 0.01861908 0.06567864
v 0.08515176 0.01861908 0.06371372
v 0.08517088 0.01861908 0.06175470
v 0.08518044 0.01861908 0.05979568
v 0.08514220 0.01861908 0.05783666
v 0.08603142 0.01723651 0.05783666
v 0.08378446 0.01864282 0.04990616
v 0.08654775 0.01625744 0.05783666
v 0.08643301 0.01604976 0.05640280
v 0.08593581 0.01464345 0.04991206
v 0.08621309 0.01364064 0.04920989
v 0.08490316 0.01676774 0.04990616
v 0.08419561 0.01749166 0.04919219
v 0.08281874 0.01855381 0.04813006
v 0.08249365 0.01785956 0.04683192
v 0.08197733 0.01715937 0.04552197
v 0.08124109 0.01650666 0.04422973
v 0.08051441 0.01584801 0.04301419
v 0.07939571 0.01623370 0.04267785
v 0.07939571 0.01721278 0.04347444
v 0.07939571 0.01828679 0.04445395
v 0.07882202 0.01411534 0.04093126
v 0.07726348 0.01474432 0.04074243
v 0.07547548 0.01344482 0.03936758
v 0.07547548 0.01246575 0.03881292
v 0.07385002 0.01311253 0.03876571
v 0.07346755 0.01324308 0.03876571
v -0.00617057 0.00849605 0.03876571
v -0.00685900 0.01800197 0.05057294
v 0.00686182 0.02404850 0.08510362
v -0.00685900 0.02133676 0.08592972
v 0.00686182 0.02340171 0.08608313
v 0.00882194 0.02336611 0.08603593
v 0.01079162 0.02239890 0.08723376
v 0.01211111 0.02158004 0.08823687
v 0.01342104 0.02154444 0.08819557
v 0.01471185 0.02061877 0.08919278
v 0.01597397 0.01965156 0.09023130
v 0.06566533 0.01714751 0.08757600
v 0.06566533 0.01616250 0.08867943
v 0.06762545 0.01605569 0.08856731
v 0.06958556 0.01690422 0.08738128
v 0.06958556 0.01592515 0.08842570
v 0.07079032 0.01579460 0.08830768
v 0.07142138 0.01660160 0.08717476
v 0.07857342 0.01577087 0.08438964
v 0.07929053 0.01632864 0.08334523
v 0.07585794 0.01737892 0.08397070
v 0.07455757 0.01766968 0.08432474
v 0.07350580 0.01789516 0.08461387
v 0.07635513 0.01956256 0.08029458
v 0.07758858 0.01713564 0.08331572
v 0.07939571 0.01739672 0.08197037
v 0.08134627 0.01807318 0.07941539
v 0.08198689 0.01749760 0.08008806
v 0.07743559 0.01936081 0.07985203
v 0.07922360 0.01897511 0.07922066
v 0.08333506 0.01711784 0.07941539
v 0.08399482 0.01745606 0.07799923
v 0.08463544 0.01611503 0.07939178
v 0.08484579 0.01674401 0.07737966
v 0.08530474 0.01666094 0.07547374
v 0.08573502 0.01648886 0.07340261
v 0.08579238 0.01682708 0.07154980
v 0.08589756 0.01700509 0.06959078
v 0.08598361 0.01714157 0.06763766
v 0.08603142 0.01724838 0.06567864
v 0.08605054 0.01728398 0.06371372
v 0.08606011 0.01728992 0.06175470
v 0.08605054 0.01727805 0.05979568
v 0.08657643 0.01629897 0.05979568
v 0.08734135 0.01470279 0.05979568
v 0.08727442 0.01470279 0.05783666
v 0.08827838 0.01194358 0.05639100
v 0.08785767 0.01265563 0.05579503
v 0.08817321 0.01167656 0.05508695
v 0.08593581 0.01288705 0.04795305
v 0.08499877 0.01480959 0.04791764
v 0.08458763 0.01618623 0.04849000
v 0.08649038 0.01232927 0.04854901
v 0.08388964 0.01676774 0.04791764
v 0.08421473 0.01553945 0.04718596
v 0.08283787 0.01657193 0.04613564
v 0.08244584 0.01585394 0.04495551
v 0.08189127 0.01470279 0.04357475
v 0.08226417 0.01359910 0.04320301
v 0.08091599 0.01470279 0.04267195
v 0.08013195 0.01341516 0.04132660
v 0.07944352 0.01474432 0.04168654
v 0.07817184 0.01151634 0.03931447
v 0.07748340 0.01273870 0.03963311
v 0.07944352 0.01275057 0.04060082
v 0.07687146 0.01208005 0.03904304
v 0.07546591 0.01237081 0.03876571
v 0.07503564 0.01257256 0.03876571
v -0.00665821 0.00741610 0.03876571
v -0.00685900 0.00685832 0.03876571
v -0.00685900 0.02022121 0.08741078
v 0.00575268 0.02163345 0.08830178
v 0.00686182 0.02252351 0.08723376
v 0.00882194 0.02246418 0.08723376
v 0.01079162 0.02160378 0.08826638
v 0.01471185 0.01969310 0.09027261
v 0.01471185 0.01873776 0.09125211
v 0.01588792 0.01771121 0.09220802
v 0.02059220 0.01749166 0.09197200
v 0.02059220 0.01651259 0.09289840
v 0.02059220 0.01541484 0.09388381
v 0.06174510 0.01518342 0.08981825
v 0.06566533 0.01485113 0.08965894
v 0.06763501 0.01454851 0.08964714
v 0.06958556 0.01470279 0.08923999
v 0.07148831 0.01473839 0.08870303
v 0.07315202 0.01410941 0.08846110
v 0.07446196 0.01369404 0.08820147
v 0.07210025 0.01541484 0.08800085
v 0.08095424 0.01603195 0.08271386
v 0.07686190 0.01409161 0.08653159
v 0.08226417 0.01557505 0.08228900
v 0.08147056 0.01676774 0.08143341
v 0.08331595 0.01615063 0.08090825
v 0.08439640 0.01579460 0.08048340
v 0.08562984 0.01453664 0.07925017
v 0.08589756 0.01495794 0.07743276
v 0.08606011 0.01530210 0.07547374
v 0.08618441 0.01553352 0.07398088
v 0.08627046 0.01571746 0.07267093
v 0.08634695 0.01584801 0.07154980
v 0.08643301 0.01602602 0.06959078
v 0.08650950 0.01616250 0.06763766
v 0.08657643 0.01626930 0.06567864
v 0.08658599 0.01630491 0.06371372
v 0.08658599 0.01631084 0.06175470
v 0.08735091 0.01470279 0.06175470
v 0.08801067 0.01322527 0.06567864
v 0.08800110 0.01319561 0.06175470
v 0.08799154 0.01316594 0.05979568
v 0.08796285 0.01306506 0.05783666
v 0.08833575 0.01208599 0.05783666
v 0.08877558 0.01078056 0.05783666
v 0.08919629 0.00881647 0.05587174
v 0.08853654 0.01092297 0.05579503
v 0.08833575 0.00647856 0.04873193
v 0.08614616 0.01147481 0.04724496
v 0.08486491 0.01272090 0.04602353
v 0.08455894 0.01422808 0.04664310
v 0.08742741 0.00881647 0.04803565
v 0.08674854 0.01080429 0.04795305
v 0.08382271 0.01480959 0.04602353
v 0.08412868 0.01336769 0.04533315
v 0.08278050 0.01470279 0.04455426
v 0.08336375 0.01282771 0.04405271
v 0.08260839 0.01229367 0.04285487
v 0.08142275 0.01285145 0.04208778
v 0.08059091 0.01210972 0.04100796
v 0.07936703 0.01082803 0.03970392
v 0.07869772 0.01021091 0.03904894
v 0.07751208 0.01085176 0.03876571
v 0.07744515 0.01090516 0.03876571
v -0.00685900 -0.00693179 0.03876571
v -0.00685900 0.02020340 0.08743439
v 0.00564751 0.01969903 0.09027261
v 0.00686182 0.01975837 0.09032571
v 0.00686182 0.02073744 0.08931080
v 0.00686182 0.02166311 0.08833129
v -0.00685900 0.01886237 0.08899806
v -0.00685900 0.01768748 0.09021950
v 0.00882194 0.02163938 0.08830178
v 0.01275173 0.01972277 0.09030211
v 0.01471185 0.01775275 0.09224343
v 0.01471185 0.01666094 0.09320524
v 0.01471185 0.01565219 0.09407854
v 0.02059220 0.01443577 0.09458599
v 0.06697526 0.01378898 0.09021360
v 0.06828519 0.01362284 0.09013099
v 0.06958556 0.01330241 0.09000707
v 0.07150744 0.01266156 0.08975335
v 0.07368747 0.01292265 0.08888595
v 0.07500696 0.01238861 0.08854961
v 0.07559022 0.01292265 0.08792414
v 0.07817184 0.01327868 0.08609493
v 0.08262751 0.01426962 0.08254274
v 0.08328726 0.01483333 0.08182876
v 0.07631689 0.01151634 0.08812476
v 0.08040923 0.01378305 0.08431884
v 0.08471193 0.01470279 0.08075483
v 0.08635651 0.01200885 0.08048340
v 0.08606011 0.01331428 0.07981073
v 0.08628002 0.01377118 0.07850668
v 0.08637564 0.01397887 0.07743276
v 0.08653818 0.01431709 0.07547374
v 0.08661468 0.01480959 0.07340261
v 0.08690152 0.01470279 0.07154980
v 0.08708319 0.01470279 0.06959078
v 0.08723618 0.01470279 0.06763766
v 0.08735091 0.01470279 0.06567864
v 0.08796285 0.01313033 0.06763766
v 0.08837400 0.01214533 0.06763766
v 0.08840268 0.01224027 0.06567864
v 0.08840268 0.01223433 0.06371372
v 0.08839312 0.01221653 0.06175470
v 0.08837400 0.01218686 0.05979568
v 0.08886164 0.01078056 0.05979568
v 0.08945445 0.00881647 0.05979568
v 0.08934928 0.00881647 0.05783666
v 0.08967438 0.00685832 0.05587174
v 0.08802978 0.00490018 0.04743969
v 0.08790549 0.00702447 0.04805926
v 0.09014289 0.00366002 0.05521086
v 0.08846961 0.00490018 0.04841920
v 0.08638520 0.01016938 0.04682602
v 0.08572545 0.01080429 0.04613564
v 0.08442508 0.01205632 0.04490830
v 0.08659555 0.00881647 0.04646608
v 0.08392788 0.01078056 0.04357475
v 0.08223549 0.00955820 0.04126169
v 0.08192952 0.01078056 0.04152132
v 0.08295260 0.01078056 0.04250083
v 0.08095424 0.01078056 0.04073063
v 0.08009370 0.00881647 0.03938528
v 0.07755990 0.01079242 0.03876571
v 0.07911842 0.00881647 0.03880702
v 0.07903237 0.00881054 0.03876571
v -0.00618969 -0.00852798 0.03876571
v -0.00685900 -0.01804577 0.05051983
v 0.00580049 0.01766374 0.09215492
v 0.00686182 0.01867842 0.09130522
v 0.00882194 0.01773495 0.09221392
v 0.01079162 0.01775275 0.09223753
v 0.01275173 0.01775868 0.09224343
v 0.00882194 0.01975244 0.09033161
v 0.01079162 0.01974057 0.09031981
v -0.00685900 0.01665500 0.09112820
v 0.01275173 0.01666094 0.09319934
v 0.01275173 0.01564032 0.09406674
v 0.01275173 0.01466125 0.09475711
v 0.01471185 0.01467312 0.09475121
v 0.01471185 0.01317780 0.09573662
v 0.02059220 0.01279211 0.09556550
v 0.02157704 0.01176556 0.09606115
v 0.06763501 0.01288112 0.09046733
v 0.06958556 0.01078056 0.09092168
v 0.06958556 0.01232334 0.09039652
v 0.07082857 0.01195544 0.09024900
v 0.07351536 0.01075089 0.08986546
v 0.07417510 0.00948699 0.09009559
v 0.07559022 0.01082803 0.08885055
v 0.08395657 0.01273870 0.08209429
v 0.07666110 0.01021091 0.08837259
v 0.08535256 0.01269123 0.08103217
v 0.08517088 0.01083396 0.08174615
v 0.08654775 0.01078056 0.08066633
v 0.08821146 0.00589112 0.08037719
v 0.08805847 0.00719655 0.08000545
v 0.08783856 0.00878680 0.07936818
v 0.08718837 0.01078056 0.07939178
v 0.08650950 0.01269123 0.07925017
v 0.08768557 0.01078056 0.07743276
v 0.08692065 0.01273870 0.07743276
v 0.08723618 0.01273870 0.07547374
v 0.08753259 0.01273870 0.07351472
v 0.08784812 0.01258443 0.07150259
v 0.08788636 0.01295232 0.06959078
v 0.08829751 0.01197325 0.06959078
v 0.08887120 0.01078056 0.06763766
v 0.08893813 0.01078056 0.06567864
v 0.08893813 0.01078056 0.06371372
v 0.08890945 0.01078056 0.06175470
v 0.08951183 0.00881647 0.06175470
v 0.08998034 0.00694140 0.06175470
v 0.08997078 0.00666844 0.05997860
v 0.08981780 0.00685832 0.05783666
v 0.09009508 0.00536301 0.05783666
v 0.09003771 0.00481117 0.05586583
v 0.08816364 0.00293609 0.04716236
v 0.08728399 0.00490018 0.04607074
v 0.08679635 0.00691766 0.04593502
v 0.09020026 0.00409912 0.05652081
v 0.09026719 0.00297763 0.05586583
v 0.09020981 0.00235458 0.05480962
v 0.08858435 0.00293609 0.04814777
v 0.08601230 0.00881647 0.04548657
v 0.08468324 0.01078056 0.04455426
v 0.08619396 0.00760598 0.04518563
v 0.08418604 0.00949886 0.04325612
v 0.08333506 0.00887581 0.04212909
v 0.08248408 0.00825276 0.04103157
v 0.08148969 0.00886988 0.04044150
v 0.08037098 0.00783147 0.03921416
v 0.07982598 0.00729149 0.03876571
v 0.07920448 0.00849605 0.03876571
v -0.00600802 -0.00891961 0.03876571
v -0.00685900 -0.01903077 0.05162326
v 0.00686182 0.01542077 0.09391921
v 0.00882194 0.01552758 0.09398412
v 0.01079162 0.01560472 0.09403723
v 0.00686182 0.01769935 0.09218442
v -0.00685900 0.01557505 0.09206051
v 0.01275173 0.01318967 0.09573662
v 0.01079162 0.01462565 0.09472171
v 0.01471185 0.01219873 0.09629718
v 0.01275173 0.01221060 0.09630898
v 0.01471185 0.01078056 0.09695216
v 0.02059220 0.01078056 0.09650371
v 0.02059220 0.00881647 0.09718229
v 0.06118096 0.00996763 0.09219032
v 0.06958556 0.00881647 0.09148814
v 0.07150744 0.01075089 0.09043192
v 0.06174510 0.00685832 0.09312263
v 0.06097061 0.00401011 0.09412574
v 0.06167816 0.00300730 0.09433226
v 0.07466274 0.00818156 0.09026081
v 0.07537986 0.00882834 0.08965894
v 0.06969074 0.00695326 0.09196020
v 0.07040786 0.00568937 0.09209591
v 0.07695752 0.00881647 0.08860862
v 0.08564896 0.00881647 0.08188186
v 0.07822920 0.00727962 0.08807756
v 0.07752165 0.00672185 0.08877384
v 0.08685372 0.00881647 0.08089645
v 0.08723618 0.00490018 0.08132130
v 0.08829751 0.00490018 0.08045980
v 0.08899551 0.00293609 0.07939178
v 0.08873734 0.00490018 0.07939178
v 0.08840268 0.00666844 0.07936818
v 0.08734135 0.00666844 0.08094956
v 0.07646988 0.00399824 0.09019000
v 0.08829751 0.00811629 0.07869551
v 0.08812540 0.00949886 0.07743276
v 0.08821146 0.00977775 0.07641195
v 0.08798198 0.01073902 0.07564486
v 0.08807760 0.01136207 0.07351472
v 0.08816364 0.01162315 0.07212216
v 0.08824014 0.01183084 0.07081812
v 0.08872778 0.01078056 0.06959078
v 0.08949270 0.00881647 0.06763766
v 0.08955963 0.00881647 0.06567864
v 0.08955007 0.00881647 0.06371372
v 0.08999946 0.00704227 0.06371372
v 0.09020981 0.00606320 0.06371372
v 0.09019070 0.00595639 0.06175470
v 0.09017157 0.00588518 0.06075159
v 0.09014289 0.00565970 0.05944754
v 0.09024806 0.00438394 0.05783666
v 0.08821146 0.00186208 0.04706204
v 0.08754215 0.00293609 0.04607074
v 0.08648082 0.00490018 0.04474308
v 0.08635651 0.00630055 0.04494371
v 0.09041061 0.00293609 0.05783666
v 0.09053491 0.00097794 0.05783666
v 0.09039149 0.00097794 0.05587174
v 0.09024806 0.00097794 0.05473881
v 0.08856523 0.00111442 0.04784093
v 0.08495097 0.00883427 0.04398780
v 0.08567764 0.00691766 0.04421793
v 0.08440596 0.00819343 0.04300239
v 0.08368885 0.00685832 0.04180455
v 0.08270401 0.00685832 0.04082504
v 0.08128889 0.00704821 0.03972162
v 0.08059091 0.00652603 0.03905484
v 0.07999808 0.00683459 0.03876571
v -0.00563512 -0.00948332 0.03876571
v -0.00685900 -0.01988524 0.05260277
v -0.00685900 0.01460191 0.09275679
v 0.00490170 0.01524276 0.09379530
v 0.00686182 0.01444170 0.09456239
v 0.00882194 0.01454257 0.09465090
v 0.01079162 0.01311847 0.09570122
v 0.01275173 0.01078056 0.09698756
v 0.01079162 0.01213939 0.09626768
v 0.01079162 0.01078056 0.09691675
v 0.01275173 0.00889361 0.09771924
v 0.01468317 0.00865033 0.09774285
v 0.01531423 0.00773652 0.09799067
v 0.02059220 0.00685832 0.09770744
v 0.05978498 0.00293609 0.09459779
v 0.06910748 0.00635989 0.09226703
v 0.06174510 0.00097794 0.09485742
v 0.07350580 0.00490018 0.09128752
v 0.07494959 0.00685832 0.09039652
v 0.07624040 0.00530367 0.09006018
v 0.07592487 0.00685832 0.08987726
v 0.07088593 0.00438394 0.09223753
v 0.06969074 0.00497732 0.09244405
v 0.08590712 0.00685832 0.08207068
v 0.07843955 0.00597419 0.08823687
v 0.07875509 0.00293609 0.08849651
v 0.08705451 0.00290642 0.08168714
v 0.08841225 0.00293609 0.08056602
v 0.08093512 0.00293609 0.08671450
v 0.08911980 0.00097794 0.07939178
v 0.08967438 0.00097794 0.07743276
v 0.08952138 0.00293609 0.07743276
v 0.08924410 0.00490018 0.07743276
v 0.07856385 0.00490018 0.08834309
v 0.07554241 0.00475183 0.09050273
v 0.07547548 0.00293609 0.09082727
v 0.07655593 0.00293609 0.09026081
v 0.07754077 0.00293609 0.08947602
v 0.08884251 0.00685832 0.07743276
v 0.08841225 0.00851978 0.07743276
v 0.08854611 0.00900042 0.07564486
v 0.08889989 0.00881647 0.07351472
v 0.08830707 0.01006257 0.07510790
v 0.08842181 0.01038299 0.07351472
v 0.08848874 0.01089330 0.07150259
v 0.08914848 0.00881647 0.07154980
v 0.08934928 0.00881647 0.06959078
v 0.08998034 0.00697107 0.06763766
v 0.09000903 0.00706601 0.06567864
v 0.09021938 0.00608693 0.06567864
v 0.09041061 0.00490018 0.06371372
v 0.09036280 0.00490018 0.06175470
v 0.09027674 0.00496545 0.05997860
v 0.09062096 0.00293609 0.06175470
v 0.09052535 0.00293609 0.05979568
v 0.08823058 0.00055665 0.04701484
v 0.08777163 0.00111442 0.04624775
v 0.08669117 0.00097794 0.04444215
v 0.08661468 0.00293609 0.04454246
v 0.08593581 0.00293609 0.04356295
v 0.08579238 0.00490018 0.04376357
v 0.09065921 0.00097794 0.05979568
v 0.09053491 -0.00097427 0.05783666
v 0.09040105 -0.00097427 0.05587174
v 0.09024806 -0.00097427 0.05473291
v 0.08856523 -0.00113448 0.04784093
v 0.08458763 0.00685832 0.04278406
v 0.08392788 0.00490018 0.04155082
v 0.08181478 0.00490018 0.03961541
v 0.08295260 0.00490018 0.04059492
v 0.08082994 0.00490018 0.03888372
v 0.08064827 0.00488237 0.03876571
v -0.00420089 -0.01116258 0.03876571
v -0.00392360 -0.01176189 0.03920826
v -0.00685900 -0.02101266 0.05408383
v -0.00685900 0.01311847 0.09373630
v 0.00680445 0.01260223 0.09563041
v 0.00882194 0.01297012 0.09563041
v -0.00685900 0.01213939 0.09430866
v 0.00882194 0.01199105 0.09618507
v 0.01083942 0.00865033 0.09773695
v 0.00882194 0.01078056 0.09674563
v 0.00882194 0.00881647 0.09750092
v 0.01151829 0.00789080 0.09803198
v 0.01275173 0.00791454 0.09803788
v 0.01401386 0.00789080 0.09803198
v 0.02059220 0.00564190 0.09797887
v 0.01468317 0.00698887 0.09819720
v 0.05978498 0.00097794 0.09508165
v 0.06958556 0.00293609 0.09289840
v 0.06174510 -0.00097427 0.09486332
v 0.06958556 0.00097794 0.09318753
v 0.07350580 0.00293609 0.09163566
v 0.07129708 0.00293609 0.09237324
v 0.07227235 0.00293609 0.09204870
v 0.07764594 0.00097794 0.08955272
v 0.07885070 0.00097794 0.08857321
v 0.07983554 0.00097794 0.08777073
v 0.08200601 0.00097794 0.08598282
v 0.08730311 0.00097794 0.08159273
v 0.08846006 0.00097794 0.08061322
v 0.08912936 -0.00097427 0.07939178
v 0.08968393 -0.00097427 0.07743276
v 0.08993253 0.00097794 0.07547374
v 0.09020026 0.00228931 0.07278304
v 0.08978911 0.00293609 0.07547374
v 0.08953095 0.00490018 0.07547374
v 0.08913893 0.00685832 0.07547374
v 0.07338150 0.00115002 0.09187758
v 0.07547548 0.00097794 0.09099839
v 0.07666110 0.00097794 0.09034341
v 0.08940665 0.00685832 0.07351472
v 0.08965525 0.00685832 0.07154980
v 0.08992297 0.00667438 0.06941376
v 0.09018113 0.00589705 0.06865258
v 0.09020026 0.00599199 0.06763766
v 0.09042017 0.00490018 0.06567864
v 0.09065921 0.00293609 0.06371372
v 0.09074526 0.00097794 0.06175470
v 0.08823058 -0.00058264 0.04701484
v 0.08777163 -0.00113448 0.04624775
v 0.08669117 -0.00097427 0.04444805
v 0.08601230 0.00097794 0.04346264
v 0.08496053 0.00293609 0.04236512
v 0.08481711 0.00490018 0.04253034
v 0.09065921 -0.00097427 0.05979568
v 0.09042017 -0.00293835 0.05783666
v 0.09026719 -0.00301549 0.05582453
v 0.09021938 -0.00241025 0.05480372
v 0.08858435 -0.00293835 0.04814187
v 0.08821146 -0.00188807 0.04705615
v 0.08409043 0.00293609 0.04138561
v 0.08200601 0.00293609 0.03946789
v 0.08310559 0.00293609 0.04044740
v 0.08105942 0.00293609 0.03876571
v 0.08099249 0.00327432 0.03876571
v -0.00293876 -0.01195177 0.03876571
v 0.01079162 -0.02323783 0.04346264
v -0.00236507 -0.01983183 0.04870833
v -0.00366544 -0.01944020 0.04922169
v -0.00685900 -0.02157043 0.05488043
v -0.00335947 -0.02123221 0.05144624
v 0.00740683 0.01185457 0.09610836
v -0.00685900 0.01077462 0.09498134
v 0.01020836 0.00773059 0.09799067
v 0.00610646 0.01170029 0.09603165
v -0.00685900 0.00894108 0.09574252
v -0.00685900 0.00796201 0.09610246
v 0.01275173 0.00685832 0.09829161
v 0.01083942 0.00698887 0.09820309
v 0.01471185 0.00490018 0.09858074
v 0.02059220 0.00465689 0.09813229
v 0.01275173 0.00490018 0.09867515
v 0.05978498 -0.00097427 0.09508755
v 0.02059220 0.00293609 0.09835652
v 0.02059220 0.00097794 0.09849814
v 0.05978498 -0.00293835 0.09461550
v 0.06170685 -0.00302143 0.09434407
v 0.06914573 -0.00639181 0.09227293
v 0.06970986 -0.00500924 0.09246175
v 0.06958556 -0.00293835 0.09291610
v 0.06958556 -0.00097427 0.09319343
v 0.07173691 0.00115002 0.09245585
v 0.07252096 0.00192142 0.09213132
v 0.07264525 0.00061005 0.09217852
v 0.07764594 -0.00097427 0.08955272
v 0.07885070 -0.00097427 0.08857321
v 0.08102117 -0.00097427 0.08679122
v 0.08730311 -0.00097427 0.08159273
v 0.08846006 -0.00097427 0.08061322
v 0.08840268 -0.00293835 0.08056602
v 0.08899551 -0.00293835 0.07939178
v 0.08981780 -0.00293835 0.07547374
v 0.09020981 -0.00233311 0.07281844
v 0.08994209 -0.00097427 0.07547374
v 0.08954051 -0.00293835 0.07743276
v 0.09012377 -0.00097427 0.07405758
v 0.09023850 0.00097794 0.07304857
v 0.09041061 0.00097794 0.07154980
v 0.09061140 0.00097794 0.06959078
v 0.09047754 0.00293609 0.06959078
v 0.09027674 0.00294203 0.07157340
v 0.09014289 0.00359474 0.07224018
v 0.09005683 0.00294203 0.07346752
v 0.08979867 0.00490018 0.07351472
v 0.07264525 -0.00060638 0.09217852
v 0.07338150 -0.00114635 0.09187169
v 0.07547548 -0.00097427 0.09099839
v 0.07666110 -0.00097427 0.09034341
v 0.09011420 0.00546982 0.06995072
v 0.09020981 0.00415845 0.07093023
v 0.09025763 0.00484677 0.06941376
v 0.09062096 0.00293609 0.06763766
v 0.09037236 0.00490018 0.06763766
v 0.09066877 0.00293609 0.06567864
v 0.09080264 0.00097794 0.06567864
v 0.09078351 0.00097794 0.06371372
v 0.09079307 -0.00097427 0.06371372
v 0.09074526 -0.00097427 0.06175470
v 0.08661468 -0.00293835 0.04455426
v 0.08593581 -0.00293835 0.04356885
v 0.08600274 -0.00097427 0.04346854
v 0.08754215 -0.00293835 0.04607074
v 0.08502746 -0.00097427 0.04228251
v 0.08502746 0.00097794 0.04228251
v 0.08416692 0.00097794 0.04130300
v 0.09053491 -0.00293835 0.05979568
v 0.09020981 -0.00413104 0.05644410
v 0.09015245 -0.00371568 0.05513415
v 0.08847918 -0.00489650 0.04840740
v 0.08815409 -0.00293835 0.04716236
v 0.08319164 0.00097794 0.04037069
v 0.08210163 0.00097794 0.03939118
v 0.08106898 0.00286489 0.03876571
v -0.00093084 -0.01275876 0.03876571
v 0.01079162 -0.02225282 0.04267785
v 0.01275173 -0.02347518 0.04320301
v 0.01079162 -0.02387274 0.04444215
v 0.00969204 -0.02365319 0.04484340
v -0.00204954 -0.02161197 0.05090338
v -0.00286227 -0.02053202 0.05005958
v -0.00685900 -0.02206887 0.05569471
v -0.00279534 -0.02195020 0.05204221
v -0.00685900 0.00685832 0.09641519
v 0.00882194 0.00743390 0.09791987
v 0.00882194 0.00644889 0.09815000
v 0.01079162 0.00490018 0.09861614
v 0.01275173 0.00293609 0.09891708
v 0.01471185 0.00293609 0.09880496
v 0.02059220 -0.00097427 0.09849814
v 0.02059220 -0.00293835 0.09838012
v 0.02050615 -0.00496177 0.09813819
v 0.02109896 -0.00565603 0.09797887
v 0.02050615 -0.00669444 0.09779595
v 0.01471185 0.00097794 0.09892298
v 0.01471185 -0.00097427 0.09892888
v 0.06102798 -0.00403017 0.09413164
v 0.01564888 -0.00782779 0.09801428
v 0.02059220 -0.00881873 0.09722949
v 0.06958556 -0.01077688 0.09093938
v 0.06958556 -0.00881873 0.09151175
v 0.06970986 -0.00696739 0.09197790
v 0.07044611 -0.00573316 0.09210771
v 0.07091462 -0.00442773 0.09224933
v 0.07131620 -0.00293835 0.09238504
v 0.07252096 -0.00191774 0.09213132
v 0.07173691 -0.00114635 0.09246175
v 0.07875509 -0.00293835 0.08849651
v 0.07656549 -0.00293835 0.09026671
v 0.08705451 -0.00292055 0.08168714
v 0.08830707 -0.00489650 0.08047160
v 0.08875647 -0.00489650 0.07939178
v 0.08823058 -0.00598238 0.08039490
v 0.08955963 -0.00489650 0.07547374
v 0.09015245 -0.00364447 0.07228738
v 0.09006639 -0.00296802 0.07348522
v 0.09028631 -0.00296802 0.07160291
v 0.09049667 -0.00293835 0.06959078
v 0.09062096 -0.00097427 0.06959078
v 0.09042017 -0.00097427 0.07154980
v 0.08927279 -0.00489650 0.07743276
v 0.09075483 0.00097794 0.06763766
v 0.09003771 0.00484677 0.07157340
v 0.07350580 -0.00293835 0.09163566
v 0.07547548 -0.00293835 0.09082137
v 0.09081219 -0.00097427 0.06567864
v 0.09066877 -0.00293835 0.06371372
v 0.09062096 -0.00293835 0.06175470
v 0.08648082 -0.00489650 0.04474898
v 0.08578282 -0.00489650 0.04376948
v 0.08480755 -0.00489650 0.04253624
v 0.08495097 -0.00293835 0.04237102
v 0.08727442 -0.00489650 0.04607074
v 0.08416692 -0.00097427 0.04130300
v 0.09028631 -0.00498551 0.05997270
v 0.09024806 -0.00442773 0.05783666
v 0.09010464 -0.00540681 0.05783666
v 0.09004727 -0.00483123 0.05582453
v 0.08969349 -0.00686058 0.05587174
v 0.08834532 -0.00652236 0.04871423
v 0.08802978 -0.00489650 0.04742199
v 0.08318208 -0.00097427 0.04037659
v 0.08210163 -0.00097427 0.03939708
v 0.08125065 -0.00097427 0.03876571
v 0.08125065 0.00097794 0.03876571
v 0.00094322 -0.01323347 0.03876571
v 0.01275173 -0.02249610 0.04245953
v 0.01275173 -0.02400922 0.04418252
v 0.01167128 -0.02551046 0.04699714
v 0.02516262 -0.02353452 0.04311450
v -0.00230770 -0.02370066 0.05455589
v -0.00685900 -0.02313102 0.05755932
v -0.00294833 -0.02298861 0.05390682
v -0.00685900 0.00490018 0.09687545
v 0.00882194 0.00490018 0.09844503
v 0.01079162 0.00293609 0.09885808
v 0.00882194 0.00293609 0.09869285
v 0.01275173 0.00097794 0.09903509
v 0.01471185 -0.00293835 0.09882856
v 0.01471185 -0.00489650 0.09861614
v 0.01488396 -0.00705046 0.09822081
v 0.01275173 -0.00097427 0.09904099
v 0.05978498 -0.00881873 0.09273908
v 0.06124790 -0.00998769 0.09219622
v 0.06174510 -0.00686058 0.09314033
v 0.01433895 -0.00794053 0.09804968
v 0.01488396 -0.00868226 0.09776645
v 0.02059220 -0.01077688 0.09656272
v 0.06184071 -0.01069381 0.09188939
v 0.06958556 -0.01234340 0.09040832
v 0.07084769 -0.01197550 0.09025491
v 0.07152656 -0.01076501 0.09044372
v 0.06764457 -0.01288337 0.09047323
v 0.06831388 -0.01363103 0.09013689
v 0.07154568 -0.00881873 0.09099839
v 0.07419423 -0.00948925 0.09009559
v 0.07466274 -0.00818382 0.09026081
v 0.07350580 -0.00686058 0.09090988
v 0.07350580 -0.00489650 0.09129342
v 0.07229148 -0.00293835 0.09205461
v 0.07647944 -0.00401237 0.09019590
v 0.08843137 -0.00672411 0.07938588
v 0.08734135 -0.00672411 0.08096136
v 0.08565853 -0.00881873 0.08189366
v 0.08687283 -0.00881873 0.08091415
v 0.08657643 -0.01077688 0.08068403
v 0.08636608 -0.01204671 0.08048931
v 0.08806803 -0.00728782 0.08003495
v 0.07857342 -0.00489650 0.08834899
v 0.07844912 -0.00598832 0.08824277
v 0.08980823 -0.00489650 0.07351472
v 0.08916761 -0.00686058 0.07547374
v 0.08943533 -0.00686058 0.07351472
v 0.09021938 -0.00419038 0.07098334
v 0.09026719 -0.00486683 0.06943736
v 0.09064009 -0.00293835 0.06763766
v 0.09076439 -0.00097427 0.06763766
v 0.08830707 -0.00816008 0.07873091
v 0.08888076 -0.00686058 0.07743276
v 0.07494959 -0.00686058 0.09039652
v 0.07554241 -0.00476002 0.09050273
v 0.09067833 -0.00293835 0.06567864
v 0.09042017 -0.00489650 0.06371372
v 0.09037236 -0.00489650 0.06175470
v 0.08634695 -0.00632061 0.04494371
v 0.08567764 -0.00693179 0.04421793
v 0.08459719 -0.00686058 0.04278406
v 0.08391832 -0.00489650 0.04155673
v 0.08408086 -0.00293835 0.04139151
v 0.08678679 -0.00693179 0.04592322
v 0.08310559 -0.00293835 0.04045920
v 0.09017157 -0.00588744 0.06074568
v 0.09014289 -0.00569163 0.05944164
v 0.08982735 -0.00686058 0.05783666
v 0.08938752 -0.00881873 0.05783666
v 0.08923454 -0.00881873 0.05587174
v 0.08821146 -0.01175002 0.05492173
v 0.08623221 -0.01367257 0.04913318
v 0.08649038 -0.01236714 0.04854311
v 0.08743697 -0.00881873 0.04803565
v 0.08790549 -0.00705046 0.04804746
v 0.08199645 -0.00293835 0.03947969
v 0.08103074 -0.00297396 0.03876571
v 0.00294159 -0.01363696 0.03876571
v 0.01269436 -0.01528656 0.03876571
v 0.01323937 -0.01535776 0.03876571
v 0.01471185 -0.01551204 0.03876571
v 0.01667197 -0.01563665 0.03876571
v 0.01863208 -0.01573752 0.03876571
v 0.02255232 -0.01592147 0.03876571
v 0.02451243 -0.01598674 0.03876571
v 0.01471185 -0.02249017 0.04243593
v 0.00499732 -0.01401673 0.03876571
v 0.00686182 -0.01434902 0.03876571
v 0.00880282 -0.01468724 0.03876571
v 0.00973029 -0.01483559 0.03876571
v 0.01275173 -0.02552233 0.04697354
v 0.01158523 -0.02943270 0.05872766
v 0.01086811 -0.02898766 0.05797827
v -0.00097865 -0.02634713 0.05979568
v -0.00084478 -0.02572408 0.05788976
v -0.00141848 -0.02532058 0.05727609
v 0.02451243 -0.02272752 0.04253624
v 0.02571719 -0.02353452 0.04311450
v 0.01863208 -0.02553420 0.04694993
v 0.01667197 -0.02553420 0.04695583
v -0.00685900 -0.02366506 0.05854474
v -0.00685900 0.00293016 0.09715278
v 0.00882194 0.00097794 0.09881676
v 0.01079162 0.00097794 0.09897018
v -0.00685900 0.00097794 0.09727669
v 0.01275173 -0.00293835 0.09892888
v 0.01275173 -0.00489650 0.09869875
v 0.01275173 -0.00686058 0.09832701
v 0.01079162 -0.00097427 0.09897608
v 0.01079162 -0.00293835 0.09886987
v 0.01275173 -0.00798207 0.09806148
v 0.01275173 -0.00896114 0.09774285
v 0.01471185 -0.01077688 0.09699346
v 0.02160573 -0.01180343 0.09607886
v 0.06958556 -0.01332247 0.09001298
v 0.07152656 -0.01266976 0.08976515
v 0.07352492 -0.01076501 0.08987726
v 0.06700395 -0.01380311 0.09021950
v 0.06764457 -0.01455077 0.08967074
v 0.06958556 -0.01469911 0.08928129
v 0.07490178 -0.01274096 0.08848470
v 0.07559022 -0.01084215 0.08886234
v 0.07537986 -0.00883060 0.08965894
v 0.07593443 -0.00686058 0.08987726
v 0.07624040 -0.00532373 0.09006608
v 0.07752165 -0.00673004 0.08877974
v 0.08517088 -0.01085402 0.08176385
v 0.08537167 -0.01271723 0.08105577
v 0.08475018 -0.01469911 0.08078434
v 0.08441552 -0.01582060 0.08050701
v 0.08608879 -0.01335214 0.07991104
v 0.08654775 -0.01271723 0.07931508
v 0.08723618 -0.01077688 0.07939178
v 0.08786724 -0.00881873 0.07938588
v 0.07823876 -0.00729375 0.08807756
v 0.08967438 -0.00686058 0.07154980
v 0.09011420 -0.00549581 0.06998612
v 0.09003771 -0.00486683 0.07160291
v 0.08867041 -0.00881873 0.07547374
v 0.08893813 -0.00881873 0.07351472
v 0.08918673 -0.00881873 0.07154980
v 0.09018113 -0.00591118 0.06868798
v 0.09039149 -0.00489650 0.06763766
v 0.08839312 -0.00881873 0.07727934
v 0.08811584 -0.00946551 0.07782811
v 0.09042974 -0.00489650 0.06567864
v 0.09022894 -0.00613666 0.06567864
v 0.09021938 -0.00611293 0.06371372
v 0.09019070 -0.00598238 0.06175470
v 0.08620353 -0.00763198 0.04517383
v 0.08440596 -0.00819568 0.04299649
v 0.08367928 -0.00686058 0.04180455
v 0.08270401 -0.00686058 0.04083684
v 0.08294304 -0.00489650 0.04061262
v 0.08659555 -0.00881873 0.04644837
v 0.08998990 -0.00696146 0.06175470
v 0.08998034 -0.00666477 0.05997270
v 0.08948314 -0.00881873 0.05979568
v 0.08882340 -0.01077688 0.05783666
v 0.08856523 -0.01096676 0.05569471
v 0.08829751 -0.01198737 0.05622578
v 0.08733179 -0.01469911 0.05783666
v 0.08645213 -0.01608168 0.05636149
v 0.08452070 -0.01804577 0.05046673
v 0.08595493 -0.01465757 0.04986486
v 0.08421473 -0.01751173 0.04916268
v 0.08459719 -0.01620629 0.04848410
v 0.08501790 -0.01481185 0.04791174
v 0.08594537 -0.01290711 0.04794715
v 0.08675810 -0.01081248 0.04794715
v 0.08615572 -0.01148893 0.04723906
v 0.08639476 -0.01018350 0.04681422
v 0.08179566 -0.00489650 0.03963311
v 0.08081082 -0.00489650 0.03889553
v 0.08099249 -0.00315790 0.03876571
v 0.02464630 -0.01598674 0.03876571
v 0.02255232 -0.02251390 0.04240642
v 0.01203462 -0.02943270 0.05872766
v 0.01275173 -0.03005574 0.06175470
v 0.01079162 -0.03036430 0.06371372
v 0.01063863 -0.02985993 0.06157768
v 0.00944344 -0.02969972 0.06211464
v -0.00004162 -0.02745675 0.06266930
v -0.00685900 -0.02564101 0.06416217
v -0.00685900 -0.02491709 0.06175470
v -0.00212603 -0.02556387 0.05858014
v -0.00685900 -0.02421690 0.05978978
v 0.02646299 -0.01596894 0.03876571
v 0.03418872 -0.01585620 0.03876571
v 0.03986828 -0.01576719 0.03876571
v 0.04365465 -0.01569599 0.03876571
v 0.04553827 -0.01564852 0.03876571
v 0.04742190 -0.01559511 0.03876571
v 0.04929596 -0.01553578 0.03876571
v 0.05117002 -0.01546457 0.03876571
v 0.05263294 -0.01540523 0.03876571
v 0.05465999 -0.01531029 0.03876571
v 0.05681134 -0.01519161 0.03876571
v 0.02702712 -0.02348111 0.04318531
v 0.02641518 -0.02390834 0.04394650
v 0.02551640 -0.02548673 0.04703844
v 0.02451243 -0.02502983 0.04602353
v 0.02059220 -0.02552827 0.04695583
v 0.05872364 -0.01507294 0.03876571
v 0.06247177 -0.01481779 0.03876571
v 0.06958556 -0.01433122 0.03876571
v 0.00882194 -0.00097427 0.09882856
v -0.00685900 0.00097201 0.09727669
v 0.01079162 -0.00489650 0.09863975
v 0.01068644 -0.00702673 0.09822670
v 0.01127926 -0.00792866 0.09804378
v 0.00882194 -0.00293835 0.09871646
v 0.01275173 -0.01077688 0.09704066
v 0.01068644 -0.00867632 0.09776645
v 0.01079162 -0.01077688 0.09696396
v 0.01471185 -0.01225439 0.09632669
v 0.02059220 -0.01188056 0.09612016
v 0.02059220 -0.01285964 0.09560091
v 0.07151699 -0.01474658 0.08872664
v 0.07350580 -0.01274096 0.08908067
v 0.02059220 -0.01450330 0.09462140
v 0.06762545 -0.01610542 0.08859682
v 0.06958556 -0.01596894 0.08846110
v 0.06174510 -0.01520942 0.08985366
v 0.07083812 -0.01582060 0.08832539
v 0.07450976 -0.01373784 0.08823098
v 0.07588662 -0.01274096 0.08788284
v 0.07632645 -0.01153047 0.08813066
v 0.07667067 -0.01022504 0.08837849
v 0.07696707 -0.00881873 0.08861452
v 0.08397569 -0.01274096 0.08211789
v 0.07795191 -0.00881873 0.08786514
v 0.08330638 -0.01484746 0.08185826
v 0.08466412 -0.01616476 0.07939178
v 0.08566808 -0.01456857 0.07931508
v 0.08228330 -0.01560105 0.08230081
v 0.08331595 -0.01620036 0.08093775
v 0.08207294 -0.01753546 0.08016477
v 0.08336375 -0.01717943 0.07946259
v 0.08405218 -0.01748799 0.07805823
v 0.08630871 -0.01382685 0.07860699
v 0.08782899 -0.01060480 0.07727934
v 0.08993253 -0.00668257 0.06943736
v 0.08939709 -0.00881873 0.06959078
v 0.08822102 -0.00983341 0.07651816
v 0.08829751 -0.01004703 0.07547374
v 0.08844093 -0.01044459 0.07351472
v 0.08851743 -0.01091929 0.07158520
v 0.08878515 -0.01077688 0.06959078
v 0.09020026 -0.00602392 0.06763766
v 0.08998990 -0.00700299 0.06763766
v 0.09001859 -0.00711574 0.06567864
v 0.09000903 -0.00709200 0.06371372
v 0.08602186 -0.00881873 0.04546887
v 0.08496053 -0.00883653 0.04399370
v 0.08418604 -0.00950112 0.04325612
v 0.08333506 -0.00887214 0.04212909
v 0.08248408 -0.00824315 0.04103157
v 0.08127933 -0.00703266 0.03973342
v 0.08955007 -0.00881873 0.06175470
v 0.08890945 -0.01077688 0.05979568
v 0.08836444 -0.01215352 0.05783666
v 0.08799154 -0.01313853 0.05783666
v 0.08739873 -0.01469911 0.05979568
v 0.08657643 -0.01631310 0.05783666
v 0.08802978 -0.01323940 0.05979568
v 0.08522825 -0.01862134 0.05783666
v 0.08437727 -0.01969536 0.05673324
v 0.08228330 -0.02151703 0.05122792
v 0.08279005 -0.02017006 0.04999468
v 0.08382271 -0.01866881 0.04988846
v 0.08606967 -0.01729217 0.05783666
v 0.08245540 -0.01974876 0.04882634
v 0.08285699 -0.01856794 0.04811827
v 0.08250321 -0.01787962 0.04682012
v 0.08390876 -0.01678187 0.04791174
v 0.08421473 -0.01554171 0.04717416
v 0.08455894 -0.01423628 0.04662540
v 0.08487447 -0.01274096 0.04601173
v 0.08444421 -0.01208825 0.04489650
v 0.08573502 -0.01081248 0.04612974
v 0.08058134 -0.00649269 0.03906075
v 0.08024669 -0.00607139 0.03876571
v 0.08061002 -0.00487870 0.03876571
v 0.08066740 -0.00467102 0.03876571
v 0.01863208 -0.02972345 0.06175470
v 0.01667197 -0.02984213 0.06175470
v 0.02255232 -0.02552233 0.04696763
v 0.02451243 -0.02550453 0.04700304
v 0.05194451 -0.02565881 0.05442607
v 0.01275173 -0.03032870 0.06371372
v 0.01079162 -0.03031683 0.06567864
v 0.00294159 -0.02870284 0.06959078
v 0.00098147 -0.02831714 0.06959078
v 0.00098147 -0.02829934 0.06763766
v 0.00098147 -0.02815100 0.06567864
v -0.00030934 -0.02756355 0.06371372
v -0.00685900 -0.02594957 0.06567274
v 0.07154568 -0.01511448 0.03970392
v 0.07154568 -0.01612322 0.04068343
v 0.07350580 -0.01702516 0.04178685
v 0.07350580 -0.01795676 0.04277226
v 0.07631689 -0.01958855 0.04510893
v 0.07743559 -0.02021753 0.04617104
v 0.07743559 -0.02120254 0.04771112
v 0.07939571 -0.02164757 0.04885585
v 0.07939571 -0.02223502 0.04999468
v 0.07350580 -0.02332683 0.05148754
v 0.07154568 -0.02377780 0.05227823
v 0.06969074 -0.01431935 0.03876571
v -0.00685900 -0.00098614 0.09727079
v -0.00685900 -0.00294429 0.09717048
v 0.00882194 -0.00489650 0.09848042
v 0.00882194 -0.00655796 0.09817360
v 0.00996932 -0.00779812 0.09800837
v 0.01275173 -0.01226033 0.09633259
v 0.01079162 -0.01219505 0.09629128
v 0.00882194 -0.00881873 0.09754812
v 0.00882194 -0.01077688 0.09679284
v 0.00882194 -0.01205264 0.09621458
v 0.01471185 -0.01323940 0.09576022
v 0.01275173 -0.01323940 0.09577202
v 0.07350580 -0.01403453 0.08841980
v 0.01572537 -0.01570192 0.09411394
v 0.02059220 -0.01548237 0.09393692
v 0.06566533 -0.01620629 0.08869713
v 0.01611740 -0.01968349 0.09026671
v 0.06566533 -0.01718537 0.08763501
v 0.06762545 -0.01708449 0.08752880
v 0.06958556 -0.01694802 0.08745209
v 0.02059220 -0.01654452 0.09295150
v 0.02059220 -0.01752359 0.09200740
v 0.07080944 -0.01774314 0.08638407
v 0.07213850 -0.01543490 0.08801265
v 0.07147875 -0.01662759 0.08719836
v 0.07861166 -0.01580279 0.08441915
v 0.07603005 -0.01543490 0.08604773
v 0.07688103 -0.01412947 0.08655519
v 0.07818139 -0.01329874 0.08609493
v 0.08263708 -0.01429561 0.08254864
v 0.08439640 -0.01774908 0.07674829
v 0.08487447 -0.01676407 0.07741506
v 0.08591668 -0.01503140 0.07743276
v 0.08097336 -0.01606388 0.08272566
v 0.08151837 -0.01679967 0.08146292
v 0.07973993 -0.01736931 0.08192907
v 0.07843955 -0.01764820 0.08234801
v 0.08076301 -0.01778468 0.08062502
v 0.07640295 -0.01958262 0.08033589
v 0.07743559 -0.01939273 0.07992284
v 0.08139407 -0.01812291 0.07946259
v 0.08275181 -0.01784402 0.07885482
v 0.08336375 -0.01811104 0.07741506
v 0.08244584 -0.01965975 0.07465355
v 0.08641389 -0.01405233 0.07743276
v 0.08698758 -0.01274096 0.07743276
v 0.08795329 -0.01102610 0.07547374
v 0.08954051 -0.00881873 0.06763766
v 0.08809671 -0.01142366 0.07351472
v 0.08818277 -0.01166101 0.07225788
v 0.08825926 -0.01187463 0.07094793
v 0.08832619 -0.01204078 0.06959078
v 0.08840268 -0.01223066 0.06763766
v 0.08892857 -0.01077688 0.06763766
v 0.08959788 -0.00881873 0.06567864
v 0.08958832 -0.00881873 0.06371372
v 0.08470237 -0.01077688 0.04454836
v 0.08392788 -0.01077688 0.04356885
v 0.08294304 -0.01077688 0.04250673
v 0.08222593 -0.00954859 0.04126759
v 0.08148013 -0.00886620 0.04044740
v 0.08035187 -0.00779812 0.03922006
v 0.08895725 -0.01077688 0.06175470
v 0.08840268 -0.01225439 0.05979568
v 0.08741784 -0.01469911 0.06371372
v 0.08661468 -0.01637244 0.06175470
v 0.08660512 -0.01636057 0.05979568
v 0.08805847 -0.01332247 0.06567864
v 0.08842181 -0.01227813 0.06175470
v 0.08844093 -0.01234340 0.06567864
v 0.08526650 -0.01862134 0.05979568
v 0.08443465 -0.01975470 0.05783666
v 0.08608879 -0.01733964 0.05979568
v 0.08238847 -0.02162977 0.05253786
v 0.08151837 -0.02208667 0.05191239
v 0.08085862 -0.02185526 0.04999468
v 0.08183390 -0.02114913 0.04999468
v 0.08068652 -0.01985557 0.04673161
v 0.08198689 -0.01918505 0.04751640
v 0.08132714 -0.01856794 0.04612384
v 0.08197733 -0.01716163 0.04551017
v 0.08244584 -0.01585620 0.04495551
v 0.08284743 -0.01656825 0.04612974
v 0.08383227 -0.01481185 0.04601173
v 0.08413824 -0.01339368 0.04532135
v 0.08336375 -0.01284184 0.04404681
v 0.07981642 -0.00726408 0.03876571
v 0.01863208 -0.02989553 0.06371372
v 0.05390463 -0.02556980 0.05462079
v 0.07350580 -0.02368286 0.05247295
v 0.07514082 -0.02359979 0.05270308
v 0.07154568 -0.02442458 0.05783666
v 0.01275173 -0.03020409 0.06567864
v 0.01079162 -0.03017442 0.06763766
v 0.00882194 -0.02987180 0.06763766
v 0.00294159 -0.02858416 0.07154980
v 0.00490170 -0.02906480 0.06959078
v 0.00098147 -0.02819847 0.07154980
v -0.00685900 -0.02629372 0.07154980
v -0.00685900 -0.02631153 0.06959078
v -0.00685900 -0.02631153 0.06958488
v -0.00685900 -0.02619878 0.06763176
v -0.00066312 -0.02770596 0.06567864
v 0.07154568 -0.01413540 0.03890143
v 0.07350580 -0.01604608 0.04084275
v 0.07547548 -0.01782028 0.04293748
v 0.07680453 -0.01770754 0.04306140
v 0.07743559 -0.01952328 0.04519153
v 0.07939571 -0.02008105 0.04640707
v 0.07939571 -0.02106013 0.04787634
v 0.08041880 -0.02158230 0.04897386
v 0.07939571 -0.02290553 0.05195369
v 0.07743559 -0.02313102 0.05195369
v 0.07566671 -0.02331497 0.05200680
v 0.07013057 -0.01423628 0.03876571
v -0.00685900 -0.00490243 0.09691675
v -0.00685900 -0.00686058 0.09645650
v -0.00685900 -0.00802360 0.09612016
v 0.01079162 -0.01317413 0.09573662
v 0.00882194 -0.01303172 0.09567171
v -0.00685900 -0.00900268 0.09577202
v 0.00596304 -0.01173815 0.09604935
v 0.00726341 -0.01189243 0.09612606
v -0.00685900 -0.01077688 0.09503444
v 0.00671840 -0.01262229 0.09567171
v 0.01471185 -0.01469911 0.09479841
v 0.01262743 -0.01489493 0.09465680
v 0.01079162 -0.01467538 0.09475711
v 0.01471185 -0.01570192 0.09411394
v 0.01275173 -0.01781435 0.09229654
v 0.01471185 -0.01668100 0.09327014
v 0.01471185 -0.01780248 0.09229063
v 0.01597397 -0.01774908 0.09223753
v 0.01471185 -0.01878749 0.09130522
v 0.01471185 -0.01973689 0.09032571
v 0.01465448 -0.02087025 0.08900987
v 0.01526642 -0.02152890 0.08817787
v 0.01667197 -0.02146956 0.08810116
v 0.06958556 -0.01780248 0.08646668
v 0.07154568 -0.01927406 0.08375237
v 0.07284605 -0.01971909 0.08251913
v 0.07350580 -0.01897144 0.08322721
v 0.07350580 -0.01793302 0.08466698
v 0.07593443 -0.01740492 0.08400610
v 0.07743559 -0.01706669 0.08359895
v 0.06370521 -0.01976063 0.08450175
v 0.06526375 -0.01967162 0.08438374
v 0.06657368 -0.01958855 0.08427753
v 0.07917579 -0.01658606 0.08319181
v 0.08453982 -0.01794489 0.07547374
v 0.08535256 -0.01666319 0.07547374
v 0.08275181 -0.01984370 0.07351472
v 0.08373665 -0.01918505 0.07351472
v 0.08608879 -0.01535183 0.07547374
v 0.07414642 -0.01946987 0.08210019
v 0.07563802 -0.02021753 0.07956880
v 0.07509301 -0.01982590 0.08079024
v 0.07345799 -0.02110760 0.07930918
v 0.07743559 -0.01984370 0.07894333
v 0.07852561 -0.01964195 0.07850668
v 0.07926185 -0.01901891 0.07925607
v 0.07983554 -0.01940460 0.07792251
v 0.08126021 -0.01910198 0.07733835
v 0.08185303 -0.01941647 0.07595760
v 0.08126021 -0.01986150 0.07537343
v 0.08135582 -0.02046675 0.07351472
v 0.08656686 -0.01437275 0.07547374
v 0.08729355 -0.01274096 0.07547374
v 0.08899551 -0.01077688 0.06567864
v 0.08757083 -0.01274096 0.07351472
v 0.08787680 -0.01261635 0.07158520
v 0.08791505 -0.01301985 0.06959078
v 0.08800110 -0.01320973 0.06763766
v 0.08898594 -0.01077688 0.06371372
v 0.08259883 -0.01229000 0.04285487
v 0.08191996 -0.01077688 0.04152722
v 0.08094468 -0.01077688 0.04073063
v 0.08008414 -0.00881873 0.03938528
v 0.07910886 -0.00881873 0.03880702
v 0.08742741 -0.01469911 0.06567864
v 0.08661468 -0.01636650 0.06371372
v 0.08609835 -0.01735151 0.06175470
v 0.08526650 -0.01862134 0.06175470
v 0.08445376 -0.01977250 0.05979568
v 0.08238847 -0.02162977 0.05301582
v 0.08185303 -0.02136275 0.06567864
v 0.07667067 -0.02362352 0.06371372
v 0.07939571 -0.01927406 0.04542756
v 0.07939571 -0.01828905 0.04443625
v 0.08066740 -0.01795082 0.04480799
v 0.08124109 -0.01650298 0.04422973
v 0.08226417 -0.01359543 0.04320301
v 0.08279005 -0.01469911 0.04455426
v 0.08050485 -0.01584433 0.04302009
v 0.08189127 -0.01469911 0.04357475
v 0.07906106 -0.00875346 0.03876571
v 0.07154568 -0.02445425 0.05979568
v 0.07154568 -0.02440678 0.06175470
v 0.07154568 -0.02428811 0.06371372
v 0.07450976 -0.02352858 0.07061159
v 0.01863208 -0.02971158 0.06567864
v 0.01667197 -0.02988960 0.06567864
v 0.07350580 -0.02409229 0.05783666
v 0.01079162 -0.02990147 0.06959078
v 0.00973985 -0.02940896 0.07255291
v 0.00930958 -0.02951577 0.07154980
v 0.00866895 -0.02967005 0.06967929
v 0.00490170 -0.02892832 0.07154980
v 0.01667197 -0.02965818 0.06763766
v 0.00294159 -0.02831714 0.07351472
v 0.00098147 -0.02793145 0.07351472
v -0.00685900 -0.02614538 0.07351472
v 0.07131620 -0.01400486 0.03876571
v 0.07310421 -0.01390992 0.03907845
v 0.07650812 -0.01569599 0.04115548
v 0.07547548 -0.01582653 0.04104337
v 0.07810490 -0.01757106 0.04319711
v 0.07744515 -0.01840179 0.04395239
v 0.00686182 -0.01450923 0.09460369
v 0.00882194 -0.01460417 0.09469221
v -0.00685900 -0.01220099 0.09433817
v -0.00685900 -0.01318006 0.09377760
v 0.01190076 -0.01567819 0.09409623
v 0.00882194 -0.01558325 0.09403133
v 0.01079162 -0.01565445 0.09407854
v 0.01079162 -0.01780841 0.09229063
v 0.01079162 -0.01979623 0.09037882
v 0.00686182 -0.01981403 0.09038472
v 0.00882194 -0.01980810 0.09038472
v 0.01275173 -0.01977250 0.09035521
v 0.01079162 -0.02077531 0.08930490
v 0.01079162 -0.02165351 0.08831949
v 0.01275173 -0.02161197 0.08827228
v 0.01395649 -0.02157637 0.08823687
v 0.01863208 -0.02384901 0.08464338
v 0.01275173 -0.02240116 0.08723376
v 0.02647255 -0.02175438 0.08653749
v 0.02843267 -0.02167131 0.08641357
v 0.02993383 -0.02160604 0.08631916
v 0.06174510 -0.01986150 0.08462567
v 0.07154568 -0.01981997 0.08277287
v 0.06581831 -0.02011666 0.08349864
v 0.07276956 -0.02162977 0.07860109
v 0.07350580 -0.02008105 0.08140981
v 0.06370521 -0.02043708 0.08331572
v 0.08470237 -0.01820598 0.07351472
v 0.08406175 -0.01938680 0.07154980
v 0.08576370 -0.01650892 0.07347932
v 0.08619396 -0.01556544 0.07411069
v 0.08308647 -0.02008105 0.07154980
v 0.08135582 -0.02091178 0.07154980
v 0.07407949 -0.02143396 0.07809363
v 0.07549460 -0.02119660 0.07743867
v 0.07743559 -0.02048455 0.07743276
v 0.07926185 -0.01984964 0.07733835
v 0.08054309 -0.01966569 0.07661847
v 0.07939571 -0.02052015 0.07547374
v 0.07936703 -0.02120847 0.07350292
v 0.07869772 -0.02165944 0.07284205
v 0.08664336 -0.01482965 0.07347932
v 0.08695889 -0.01469911 0.07154980
v 0.08714056 -0.01469911 0.06959078
v 0.08730311 -0.01469911 0.06763766
v 0.08142275 -0.01284184 0.04209369
v 0.08058134 -0.01208825 0.04101386
v 0.07936703 -0.01082435 0.03970982
v 0.07869772 -0.01020130 0.03904894
v 0.07836306 -0.00983934 0.03876571
v 0.08653818 -0.01623003 0.06763766
v 0.08660512 -0.01633684 0.06567864
v 0.08608879 -0.01734558 0.06371372
v 0.08523781 -0.01862134 0.06371372
v 0.08444421 -0.01976063 0.06175470
v 0.08442508 -0.01973689 0.06371372
v 0.08438683 -0.01970129 0.06567864
v 0.08331595 -0.02048455 0.06567864
v 0.08173829 -0.02131528 0.06763766
v 0.07655593 -0.02357605 0.06567864
v 0.08331595 -0.02038368 0.06763766
v 0.07939571 -0.01722097 0.04345674
v 0.08090643 -0.01469911 0.04267785
v 0.07939571 -0.01624189 0.04268375
v 0.07943396 -0.01473471 0.04169244
v 0.08011283 -0.01339368 0.04133840
v 0.07646031 -0.02352858 0.06668765
v 0.07743559 -0.02234776 0.07154980
v 0.07528425 -0.02310728 0.07137868
v 0.07547548 -0.02255544 0.07351472
v 0.07350580 -0.02237743 0.07547374
v 0.02160573 -0.02745081 0.07647096
v 0.00985458 -0.02940896 0.07255291
v 0.01061951 -0.02953951 0.07154980
v 0.01512300 -0.02935556 0.07029296
v 0.01771418 -0.02941489 0.06868207
v 0.00882194 -0.02861384 0.07547374
v 0.00898448 -0.02917161 0.07333180
v 0.00686182 -0.02888085 0.07351472
v 0.00686182 -0.02919534 0.07154980
v 0.00294159 -0.02789585 0.07547374
v 0.00112489 -0.02758136 0.07536163
v -0.00007986 -0.02747455 0.07462994
v -0.00685900 -0.02583682 0.07547374
v 0.07267394 -0.01356576 0.03876571
v 0.07441414 -0.01369037 0.03923187
v 0.07780849 -0.01541117 0.04133840
v 0.07547548 -0.01344115 0.03936168
v 0.00686182 -0.01548831 0.09396642
v -0.00685900 -0.01326314 0.09372450
v 0.00686182 -0.01776094 0.09223753
v 0.00882194 -0.01779655 0.09227293
v 0.00686182 -0.01666319 0.09308722
v 0.00686182 -0.02079904 0.08935801
v 0.00686182 -0.02170691 0.08837849
v 0.00882194 -0.02078717 0.08934030
v 0.00686182 -0.01874002 0.09136423
v 0.00566663 -0.01770754 0.09219032
v 0.00552320 -0.01974876 0.09031391
v 0.00882194 -0.02168317 0.08835489
v 0.01079162 -0.02248424 0.08723376
v 0.00686182 -0.02262071 0.08723376
v 0.00686182 -0.02345738 0.08615984
v 0.01275173 -0.02333277 0.08594152
v 0.01079162 -0.02402702 0.08506232
v 0.00882194 -0.02505950 0.08358125
v 0.00882194 -0.02563508 0.08260174
v 0.01377482 -0.02548673 0.08234211
v 0.00882194 -0.02341584 0.08610674
v 0.01079162 -0.02337430 0.08604183
v 0.07345799 -0.02183152 0.07743867
v 0.07485397 -0.02169504 0.07678369
v 0.02360409 -0.02554014 0.08048931
v 0.08483623 -0.01840773 0.07154980
v 0.08582107 -0.01688274 0.07154980
v 0.08430079 -0.01960635 0.06865848
v 0.08419561 -0.01950548 0.06995662
v 0.08628958 -0.01575532 0.07280074
v 0.08344981 -0.02009885 0.06941966
v 0.07900368 -0.02179592 0.07154980
v 0.08057178 -0.02162977 0.06895351
v 0.08127933 -0.02123221 0.06960258
v 0.07549460 -0.02193239 0.07549144
v 0.07680453 -0.02168911 0.07484827
v 0.07810490 -0.02145176 0.07415199
v 0.07744515 -0.02188492 0.07350292
v 0.08637564 -0.01590367 0.07154980
v 0.08646169 -0.01608168 0.06959078
v 0.07943396 -0.01274096 0.04060672
v 0.07816227 -0.01150674 0.03931447
v 0.07749296 -0.01084215 0.03876571
v 0.08602186 -0.01720910 0.06763766
v 0.08606967 -0.01731591 0.06567864
v 0.08519001 -0.01862134 0.06567864
v 0.08432947 -0.01964195 0.06763766
v 0.07881246 -0.01410573 0.04093716
v 0.00882194 -0.02710072 0.07958060
v 0.00882194 -0.02752202 0.07860109
v 0.00882194 -0.02795518 0.07743276
v 0.00762674 -0.02753982 0.07863650
v 0.00294159 -0.02755169 0.07676599
v 0.00187069 -0.02746268 0.07651816
v -0.00685900 -0.02532652 0.07776320
v -0.00685900 -0.02555793 0.07678369
v 0.07385957 -0.01312072 0.03876571
v 0.07747384 -0.01272910 0.03963901
v 0.07726348 -0.01473471 0.04074243
v 0.07405080 -0.01303172 0.03876571
v 0.07547548 -0.01246208 0.03881882
v 0.07685234 -0.01207045 0.03904894
v -0.00685900 -0.01474658 0.09273908
v -0.00685900 -0.01484152 0.09267417
v -0.00685900 -0.01504327 0.09253256
v -0.00685900 -0.01564258 0.09210771
v 0.00570488 -0.02166537 0.08833129
v -0.00685900 -0.01626563 0.09157665
v -0.00685900 -0.01776094 0.09027851
v -0.00685900 -0.01874002 0.08928720
v -0.00685900 -0.01968942 0.08830178
v 0.00686182 -0.02409229 0.08518033
v 0.00882194 -0.02408042 0.08512722
v -0.00685900 -0.02141615 0.08604773
v -0.00685900 -0.02205700 0.08506822
v 0.00686182 -0.02507137 0.08356945
v 0.00882194 -0.02626999 0.08135670
v 0.00686182 -0.02562321 0.08258404
v 0.08482667 -0.01875782 0.06941966
v 0.08593581 -0.01706076 0.06959078
v 0.08508483 -0.01862134 0.06763766
v 0.07647944 -0.01172035 0.03876571
v 0.00686182 -0.02620472 0.08135670
v 0.00294159 -0.02657261 0.07939178
v 0.00294159 -0.02721346 0.07774550
v -0.00685900 -0.02485181 0.07939178
v 0.07500696 -0.01258075 0.03876571
v 0.07537986 -0.01239680 0.03876571
v -0.00685900 -0.02052015 0.08723376
v -0.00685900 -0.02303608 0.08347504
v -0.00685900 -0.02361165 0.08249553
v 0.00561882 -0.02554014 0.08244833
v 0.00294159 -0.02582496 0.08103806
v -0.00685900 -0.02412196 0.08134490
f 1 2 3
f 1 3 4
f 1 4 5
f 1 5 6
f 1 6 7
f 1 7 8
f 1 8 9
f 1 9 10
f 1 10 11
f 1 11 12
f 1 12 13
f 1 13 2
f 2 14 15
f 2 15 3
f 2 13 34
f 2 34 14
f 3 16 17
f 3 17 4
f 3 15 18
f 3 18 16
f 4 17 19
f 4 19 20
f 4 20 21
f 4 21 5
f 5 22 6
f 5 21 22
f 6 8 7
f 6 22 57
f 6 57 23
f 6 23 24
f 6 24 25
f 6 25 26
f 6 26 9
f 6 9 8
f 9 26 27
f 9 27 28
f 9 28 29
f 9 29 10
f 10 30 11
f 10 29 31
f 10 31 30
f 11 30 12
f 12 30 31
f 12 31 32
f 12 32 13
f 13 32 33
f 13 33 34
f 14 34 35
f 14 35 36
f 14 36 15
f 15 36 18
f 16 18 37
f 16 37 38
f 16 38 39
f 16 39 40
f 16 40 17
f 17 40 19
f 18 36 37
f 19 40 41
f 19 41 42
f 19 42 43
f 19 43 44
f 19 44 45
f 19 45 46
f 19 46 47
f 19 47 48
f 19 48 20
f 20 49 22
f 20 22 21
f 20 48 50
f 20 50 51
f 20 51 52
f 20 52 49
f 22 49 52
f 22 52 53
f 22 53 54
f 22 54 55
f 22 55 56
f 22 56 57
f 23 58 24
f 23 57 59
f 23 59 60
f 23 60 58
f 24 58 61
f 24 61 62
f 24 62 63
f 24 63 64
f 24 64 65
f 24 65 66
f 24 66 67
f 24 67 26
f 24 26 25
f 26 67 68
f 26 68 69
f 26 69 28
f 26 28 27
f 28 69 111
f 28 111 110
f 28 110 109
f 28 109 108
f 28 108 186
f 28 186 227
f 28 227 226
f 28 226 270
f 28 270 343
f 28 343 411
f 28 411 474
f 28 474 539
f 28 539 607
f 28 607 677
f 28 677 750
f 28 750 816
f 28 816 897
f 28 897 967
f 28 967 1062
f 28 1062 1148
f 28 1148 1146
f 28 1146 1145
f 28 1145 1259
f 28 1259 1373
f 28 1373 1372
f 28 1372 1371
f 28 1371 1370
f 28 1370 1483
f 28 1483 1573
f 28 1573 1633
f 28 1633 1632
f 28 1632 1663
f 28 1663 1671
f 28 1671 1668
f 28 1668 1667
f 28 1667 1652
f 28 1652 1651
f 28 1651 1666
f 28 1666 1648
f 28 1648 1647
f 28 1647 1646
f 28 1646 1645
f 28 1645 1643
f 28 1643 1642
f 28 1642 1641
f 28 1641 1640
f 28 1640 1579
f 28 1579 1493
f 28 1493 1492
f 28 1492 1395
f 28 1395 1392
f 28 1392 1389
f 28 1389 1388
f 28 1388 1387
f 28 1387 1273
f 28 1273 1272
f 28 1272 1169
f 28 1169 1066
f 28 1066 1063
f 28 1063 969
f 28 969 899
f 28 899 823
f 28 823 822
f 28 822 819
f 28 819 754
f 28 754 751
f 28 751 678
f 28 678 612
f 28 612 547
f 28 547 481
f 28 481 480
f 28 480 475
f 28 475 412
f 28 412 345
f 28 345 277
f 28 277 276
f 28 276 275
f 28 275 274
f 28 274 232
f 28 232 193
f 28 193 192
f 28 192 117
f 28 117 112
f 28 112 70
f 28 70 33
f 28 33 32
f 28 32 31
f 28 31 29
f 33 70 34
f 34 70 71
f 34 71 35
f 35 72 36
f 35 71 73
f 35 73 74
f 35 74 72
f 36 72 75
f 36 75 37
f 37 76 77
f 37 77 38
f 37 75 72
f 37 72 76
f 38 77 78
f 38 78 79
f 38 79 39
f 39 79 40
f 40 79 41
f 41 79 80
f 41 80 42
f 42 81 82
f 42 82 83
f 42 83 84
f 42 84 43
f 42 80 85
f 42 85 81
f 43 84 44
f 44 84 45
f 45 84 86
f 45 86 87
f 45 87 46
f 46 87 88
f 46 88 48
f 46 48 47
f 48 88 89
f 48 89 50
f 50 89 90
f 50 90 91
f 50 91 92
f 50 92 52
f 50 52 51
f 52 92 53
f 53 92 54
f 54 93 55
f 54 92 91
f 54 91 94
f 54 94 93
f 55 93 59
f 55 59 95
f 55 95 56
f 56 95 59
f 56 59 57
f 58 60 61
f 59 93 96
f 59 96 97
f 59 97 60
f 60 97 98
f 60 98 99
f 60 99 100
f 60 100 61
f 61 100 101
f 61 101 102
f 61 102 62
f 62 102 63
f 63 102 103
f 63 103 104
f 63 104 105
f 63 105 106
f 63 106 64
f 64 106 107
f 64 107 108
f 64 108 109
f 64 109 110
f 64 110 68
f 64 68 66
f 64 66 65
f 66 68 67
f 68 110 111
f 68 111 69
f 70 112 71
f 71 112 113
f 71 113 73
f 72 74 114
f 72 114 115
f 72 115 76
f 73 116 74
f 73 113 117
f 73 117 116
f 74 116 114
f 76 115 118
f 76 118 77
f 77 118 119
f 77 119 120
f 77 120 78
f 78 120 85
f 78 85 79
f 79 85 80
f 81 121 82
f 81 85 122
f 81 122 120
f 81 120 119
f 81 119 121
f 82 121 123
f 82 123 124
f 82 124 125
f 82 125 126
f 82 126 84
f 82 84 83
f 84 126 127
f 84 127 128
f 84 128 129
f 84 129 130
f 84 130 86
f 85 120 122
f 86 88 87
f 86 130 88
f 88 131 94
f 88 94 89
f 88 130 131
f 89 94 90
f 90 94 91
f 93 94 96
f 94 131 132
f 94 132 133
f 94 133 96
f 96 133 97
f 97 133 134
f 97 134 135
f 97 135 136
f 97 136 137
f 97 137 138
f 97 138 139
f 97 139 140
f 97 140 141
f 97 141 98
f 98 142 143
f 98 143 144
f 98 144 145
f 98 145 99
f 98 141 146
f 98 146 147
f 98 147 148
f 98 148 149
f 98 149 150
f 98 150 151
f 98 151 152
f 98 152 153
f 98 153 154
f 98 154 155
f 98 155 156
f 98 156 157
f 98 157 142
f 99 145 100
f 100 158 159
f 100 159 160
f 100 160 161
f 100 161 162
f 100 162 163
f 100 163 164
f 100 164 165
f 100 165 166
f 100 166 167
f 100 167 168
f 100 168 169
f 100 169 170
f 100 170 171
f 100 171 101
f 100 145 172
f 100 172 173
f 100 173 174
f 100 174 175
f 100 175 176
f 100 176 158
f 101 171 177
f 101 177 102
f 102 177 178
f 102 178 179
f 102 179 103
f 103 179 178
f 103 178 177
f 103 177 171
f 103 171 170
f 103 170 169
f 103 169 168
f 103 168 167
f 103 167 166
f 103 166 165
f 103 165 164
f 103 164 163
f 103 163 162
f 103 162 161
f 103 161 160
f 103 160 159
f 103 159 158
f 103 158 176
f 103 176 175
f 103 175 174
f 103 174 173
f 103 173 172
f 103 172 145
f 103 145 144
f 103 144 143
f 103 143 142
f 103 142 157
f 103 157 156
f 103 156 155
f 103 155 154
f 103 154 153
f 103 153 152
f 103 152 151
f 103 151 150
f 103 150 149
f 103 149 148
f 103 148 147
f 103 147 146
f 103 146 141
f 103 141 224
f 103 224 268
f 103 268 341
f 103 341 340
f 103 340 409
f 103 409 408
f 103 408 473
f 103 473 472
f 103 472 535
f 103 535 537
f 103 537 605
f 103 605 604
f 103 604 675
f 103 675 747
f 103 747 811
f 103 811 810
f 103 810 889
f 103 889 960
f 103 960 959
f 103 959 1038
f 103 1038 1136
f 103 1136 1246
f 103 1246 1245
f 103 1245 1244
f 103 1244 1358
f 103 1358 1467
f 103 1467 1539
f 103 1539 1620
f 103 1620 1659
f 103 1659 1665
f 103 1665 1664
f 103 1664 1637
f 103 1637 1634
f 103 1634 1574
f 103 1574 1484
f 103 1484 1386
f 103 1386 1271
f 103 1271 1167
f 103 1167 1166
f 103 1166 1165
f 103 1165 1159
f 103 1159 1158
f 103 1158 1157
f 103 1157 1156
f 103 1156 1155
f 103 1155 1154
f 103 1154 1153
f 103 1153 1152
f 103 1152 1151
f 103 1151 1150
f 103 1150 1149
f 103 1149 1137
f 103 1137 1046
f 103 1046 1045
f 103 1045 1044
f 103 1044 1043
f 103 1043 1042
f 103 1042 1041
f 103 1041 1040
f 103 1040 1051
f 103 1051 1050
f 103 1050 1049
f 103 1049 1048
f 103 1048 1039
f 103 1039 961
f 103 961 890
f 103 890 812
f 103 812 748
f 103 748 676
f 103 676 606
f 103 606 538
f 103 538 474
f 103 474 411
f 103 411 410
f 103 410 342
f 103 342 269
f 103 269 225
f 103 225 180
f 103 180 181
f 103 181 104
f 104 181 182
f 104 182 183
f 104 183 105
f 105 183 184
f 105 184 106
f 106 184 185
f 106 185 186
f 106 186 108
f 106 108 107
f 112 117 113
f 114 187 115
f 114 116 188
f 114 188 187
f 115 187 189
f 115 189 190
f 115 190 191
f 115 191 118
f 116 117 192
f 116 192 193
f 116 193 188
f 118 191 119
f 119 191 189
f 119 189 194
f 119 194 195
f 119 195 121
f 121 195 196
f 121 196 123
f 123 196 197
f 123 197 198
f 123 198 199
f 123 199 124
f 124 200 125
f 124 199 201
f 124 201 202
f 124 202 203
f 124 203 204
f 124 204 200
f 125 200 126
f 126 200 127
f 127 200 204
f 127 204 205
f 127 205 128
f 128 204 206
f 128 206 207
f 128 207 208
f 128 208 209
f 128 209 129
f 128 205 204
f 129 210 130
f 129 209 210
f 130 210 211
f 130 211 212
f 130 212 131
f 131 212 213
f 131 213 132
f 132 214 215
f 132 215 216
f 132 216 133
f 132 213 214
f 133 216 134
f 134 216 135
f 135 216 215
f 135 215 217
f 135 217 136
f 136 217 137
f 137 217 218
f 137 218 138
f 138 219 140
f 138 140 139
f 138 218 220
f 138 220 219
f 140 219 221
f 140 221 222
f 140 222 223
f 140 223 224
f 140 224 141
f 180 225 226
f 180 226 181
f 181 226 182
f 182 184 183
f 182 226 227
f 182 227 184
f 184 227 186
f 184 186 185
f 187 188 228
f 187 228 229
f 187 229 230
f 187 230 231
f 187 231 189
f 188 193 232
f 188 232 228
f 189 231 194
f 189 191 190
f 194 231 233
f 194 233 234
f 194 234 195
f 195 234 235
f 195 235 236
f 195 236 237
f 195 237 238
f 195 238 197
f 195 197 196
f 197 238 239
f 197 239 240
f 197 240 241
f 197 241 198
f 198 241 199
f 199 241 242
f 199 242 243
f 199 243 201
f 201 243 203
f 201 203 202
f 203 243 244
f 203 244 245
f 203 245 204
f 204 245 206
f 206 246 247
f 206 247 248
f 206 248 207
f 206 245 246
f 207 248 249
f 207 249 208
f 208 249 250
f 208 250 209
f 209 250 251
f 209 251 210
f 210 251 252
f 210 252 253
f 210 253 211
f 211 253 254
f 211 254 255
f 211 255 212
f 212 256 213
f 212 255 257
f 212 257 256
f 213 256 258
f 213 258 214
f 214 259 260
f 214 260 261
f 214 261 215
f 214 258 262
f 214 262 259
f 215 261 217
f 217 261 263
f 217 263 264
f 217 264 218
f 218 264 220
f 219 220 263
f 219 263 221
f 220 264 263
f 221 263 222
f 222 263 265
f 222 265 266
f 222 266 267
f 222 267 223
f 223 267 268
f 223 268 224
f 225 269 226
f 226 269 270
f 228 271 229
f 228 232 272
f 228 272 271
f 229 273 230
f 229 271 272
f 229 272 274
f 229 274 275
f 229 275 276
f 229 276 277
f 229 277 273
f 230 273 278
f 230 278 231
f 231 278 233
f 232 274 272
f 233 278 279
f 233 279 280
f 233 280 281
f 233 281 282
f 233 282 283
f 233 283 284
f 233 284 285
f 233 285 286
f 233 286 287
f 233 287 288
f 233 288 289
f 233 289 234
f 234 289 290
f 234 290 291
f 234 291 235
f 235 292 236
f 235 291 292
f 236 293 294
f 236 294 295
f 236 295 237
f 236 292 287
f 236 287 296
f 236 296 297
f 236 297 298
f 236 298 293
f 237 295 294
f 237 294 299
f 237 299 238
f 238 299 300
f 238 300 239
f 239 300 301
f 239 301 302
f 239 302 240
f 240 303 304
f 240 304 305
f 240 305 306
f 240 306 243
f 240 243 241
f 240 302 303
f 241 243 242
f 243 306 244
f 244 305 307
f 244 307 308
f 244 308 309
f 244 309 245
f 244 306 305
f 245 309 246
f 246 309 310
f 246 310 247
f 247 310 311
f 247 311 248
f 248 311 312
f 248 312 249
f 249 312 313
f 249 313 314
f 249 314 250
f 250 314 315
f 250 315 251
f 251 315 252
f 252 315 316
f 252 316 317
f 252 317 253
f 253 317 318
f 253 318 254
f 254 318 319
f 254 319 255
f 255 319 320
f 255 320 257
f 256 257 321
f 256 321 258
f 257 320 322
f 257 322 323
f 257 323 324
f 257 324 325
f 257 325 326
f 257 326 327
f 257 327 321
f 258 321 327
f 258 327 328
f 258 328 329
f 258 329 262
f 259 262 329
f 259 329 330
f 259 330 260
f 260 330 331
f 260 331 332
f 260 332 333
f 260 333 334
f 260 334 335
f 260 335 261
f 261 335 263
f 263 335 334
f 263 334 265
f 265 334 333
f 265 333 336
f 265 336 337
f 265 337 338
f 265 338 266
f 266 338 339
f 266 339 340
f 266 340 267
f 267 340 341
f 267 341 268
f 269 342 343
f 269 343 270
f 273 277 344
f 273 344 279
f 273 279 278
f 277 345 344
f 279 344 280
f 280 344 346
f 280 346 347
f 280 347 281
f 281 347 348
f 281 348 282
f 282 348 349
f 282 349 350
f 282 350 283
f 283 351 352
f 283 352 284
f 283 350 351
f 284 352 287
f 284 287 285
f 285 287 286
f 287 353 354
f 287 354 355
f 287 355 356
f 287 356 357
f 287 357 358
f 287 358 359
f 287 359 360
f 287 360 361
f 287 361 362
f 287 362 363
f 287 363 364
f 287 364 296
f 287 292 290
f 287 290 289
f 287 289 288
f 287 352 353
f 290 292 291
f 293 298 365
f 293 365 294
f 294 365 299
f 296 364 297
f 297 362 366
f 297 366 361
f 297 361 367
f 297 367 298
f 297 364 363
f 297 363 362
f 298 368 365
f 298 367 369
f 298 369 368
f 299 365 300
f 300 365 370
f 300 370 371
f 300 371 301
f 301 371 303
f 301 303 302
f 303 371 368
f 303 368 304
f 304 368 307
f 304 307 305
f 307 368 369
f 307 369 372
f 307 372 373
f 307 373 308
f 308 373 309
f 309 374 375
f 309 375 376
f 309 376 310
f 309 373 374
f 310 376 311
f 311 376 377
f 311 377 378
f 311 378 312
f 312 378 379
f 312 379 313
f 313 379 380
f 313 380 314
f 314 380 381
f 314 381 315
f 315 381 316
f 316 381 382
f 316 382 317
f 317 382 383
f 317 383 318
f 318 383 384
f 318 384 319
f 319 384 320
f 320 384 385
f 320 385 322
f 322 385 386
f 322 386 387
f 322 387 323
f 323 387 388
f 323 388 389
f 323 389 324
f 324 389 390
f 324 390 325
f 325 391 392
f 325 392 393
f 325 393 326
f 325 390 394
f 325 394 391
f 326 393 327
f 327 395 329
f 327 329 328
f 327 393 395
f 329 395 396
f 329 396 397
f 329 397 398
f 329 398 330
f 330 398 331
f 331 398 332
f 332 398 399
f 332 399 400
f 332 400 401
f 332 401 402
f 332 402 403
f 332 403 333
f 333 403 336
f 336 404 405
f 336 405 337
f 336 403 402
f 336 402 406
f 336 406 404
f 337 405 338
f 338 405 407
f 338 407 339
f 339 408 409
f 339 409 340
f 339 407 408
f 342 410 343
f 343 410 411
f 344 345 346
f 345 412 413
f 345 413 346
f 346 413 414
f 346 414 415
f 346 415 348
f 346 348 347
f 348 415 416
f 348 416 349
f 349 416 417
f 349 417 350
f 350 417 351
f 351 417 352
f 352 417 418
f 352 418 419
f 352 419 420
f 352 420 354
f 352 354 353
f 354 420 421
f 354 421 422
f 354 422 355
f 355 423 424
f 355 424 425
f 355 425 357
f 355 357 356
f 355 422 423
f 357 425 426
f 357 426 358
f 358 426 427
f 358 427 428
f 358 428 429
f 358 429 430
f 358 430 360
f 358 360 359
f 360 431 361
f 360 430 429
f 360 429 432
f 360 432 433
f 360 433 431
f 361 431 367
f 361 366 362
f 365 368 370
f 367 431 434
f 367 434 369
f 368 371 370
f 369 434 435
f 369 435 436
f 369 436 372
f 372 436 373
f 373 436 374
f 374 436 437
f 374 437 375
f 375 437 438
f 375 438 376
f 376 438 439
f 376 439 440
f 376 440 377
f 377 440 441
f 377 441 378
f 378 441 442
f 378 442 379
f 379 442 443
f 379 443 380
f 380 443 444
f 380 444 445
f 380 445 381
f 381 445 382
f 382 445 446
f 382 446 383
f 383 446 447
f 383 447 385
f 383 385 384
f 385 447 386
f 386 447 448
f 386 448 449
f 386 449 450
f 386 450 451
f 386 451 387
f 387 451 452
f 387 452 388
f 388 390 389
f 388 452 453
f 388 453 454
f 388 454 455
f 388 455 456
f 388 456 390
f 390 456 455
f 390 455 457
f 390 457 394
f 391 394 458
f 391 458 459
f 391 459 460
f 391 460 392
f 392 460 396
f 392 396 393
f 393 396 395
f 394 457 461
f 394 461 462
f 394 462 458
f 396 460 463
f 396 463 398
f 396 398 397
f 398 463 464
f 398 464 465
f 398 465 400
f 398 400 399
f 400 465 464
f 400 464 466
f 400 466 467
f 400 467 468
f 400 468 401
f 401 468 402
f 402 468 469
f 402 469 406
f 404 406 470
f 404 470 471
f 404 471 472
f 404 472 407
f 404 407 405
f 406 469 470
f 407 472 473
f 407 473 408
f 412 475 413
f 413 476 477
f 413 477 478
f 413 478 479
f 413 479 414
f 413 475 480
f 413 480 481
f 413 481 476
f 414 479 482
f 414 482 415
f 415 482 416
f 416 482 417
f 417 482 483
f 417 483 418
f 418 483 484
f 418 484 419
f 419 484 485
f 419 485 422
f 419 422 421
f 419 421 420
f 422 485 486
f 422 486 487
f 422 487 424
f 422 424 423
f 424 488 425
f 424 487 488
f 425 489 426
f 425 488 489
f 426 489 490
f 426 490 427
f 427 490 491
f 427 491 492
f 427 492 428
f 428 492 429
f 429 492 493
f 429 493 494
f 429 494 432
f 431 433 435
f 431 435 434
f 432 494 495
f 432 495 433
f 433 496 497
f 433 497 436
f 433 436 435
f 433 495 498
f 433 498 499
f 433 499 496
f 436 500 501
f 436 501 502
f 436 502 437
f 436 497 500
f 437 502 503
f 437 503 438
f 438 503 504
f 438 504 439
f 439 504 505
f 439 505 440
f 440 505 506
f 440 506 441
f 441 506 507
f 441 507 442
f 442 507 508
f 442 508 443
f 443 508 509
f 443 509 444
f 444 509 445
f 445 509 510
f 445 510 446
f 446 510 447
f 447 510 448
f 448 510 449
f 449 511 512
f 449 512 513
f 449 513 514
f 449 514 450
f 449 510 511
f 450 514 515
f 450 515 451
f 451 515 516
f 451 516 452
f 452 516 453
f 453 516 517
f 453 517 454
f 454 517 518
f 454 518 519
f 454 519 455
f 455 519 520
f 455 520 457
f 457 521 522
f 457 522 461
f 457 520 523
f 457 523 524
f 457 524 521
f 458 525 526
f 458 526 459
f 458 462 525
f 459 527 464
f 459 464 460
f 459 526 527
f 460 464 463
f 461 528 525
f 461 525 462
f 461 522 528
f 464 527 466
f 466 527 529
f 466 529 467
f 467 530 531
f 467 531 468
f 467 529 532
f 467 532 530
f 468 531 469
f 469 533 534
f 469 534 470
f 469 531 533
f 470 534 471
f 471 535 472
f 471 534 536
f 471 536 537
f 471 537 535
f 474 538 539
f 476 540 477
f 476 481 540
f 477 540 541
f 477 541 542
f 477 542 543
f 477 543 544
f 477 544 545
f 477 545 478
f 478 545 479
f 479 545 546
f 479 546 483
f 479 483 482
f 481 547 540
f 483 546 484
f 484 546 545
f 484 545 544
f 484 544 485
f 485 544 548
f 485 548 486
f 486 548 549
f 486 549 550
f 486 550 551
f 486 551 487
f 487 551 552
f 487 552 553
f 487 553 488
f 488 553 554
f 488 554 489
f 489 554 555
f 489 555 556
f 489 556 557
f 489 557 490
f 490 557 558
f 490 558 491
f 491 558 559
f 491 559 492
f 492 559 493
f 493 559 560
f 493 560 561
f 493 561 498
f 493 498 494
f 494 498 495
f 496 562 497
f 496 499 498
f 496 498 563
f 496 563 562
f 497 562 564
f 497 564 500
f 498 561 563
f 500 564 501
f 501 564 562
f 501 562 565
f 501 565 566
f 501 566 567
f 501 567 568
f 501 568 569
f 501 569 570
f 501 570 571
f 501 571 502
f 502 571 503
f 503 571 572
f 503 572 573
f 503 573 504
f 504 573 574
f 504 574 505
f 505 574 575
f 505 575 506
f 506 575 507
f 507 575 576
f 507 576 577
f 507 577 508
f 508 577 511
f 508 511 509
f 509 511 510
f 511 577 578
f 511 578 512
f 512 578 579
f 512 579 580
f 512 580 513
f 513 580 581
f 513 581 514
f 514 581 515
f 515 581 582
f 515 582 516
f 516 582 517
f 517 582 583
f 517 583 518
f 518 583 584
f 518 584 585
f 518 585 586
f 518 586 519
f 519 586 520
f 520 586 587
f 520 587 588
f 520 588 523
f 521 524 589
f 521 589 590
f 521 590 591
f 521 591 522
f 522 591 528
f 523 588 592
f 523 592 593
f 523 593 594
f 523 594 524
f 524 594 595
f 524 595 589
f 525 596 526
f 525 528 596
f 526 596 597
f 526 597 527
f 527 597 529
f 528 591 598
f 528 598 596
f 529 599 532
f 529 597 599
f 530 532 599
f 530 599 600
f 530 600 601
f 530 601 602
f 530 602 533
f 530 533 531
f 533 603 534
f 533 602 603
f 534 603 536
f 536 603 604
f 536 604 605
f 536 605 537
f 538 606 539
f 539 606 607
f 540 608 609
f 540 609 610
f 540 610 611
f 540 611 541
f 540 547 612
f 540 612 608
f 541 611 542
f 542 549 543
f 542 611 610
f 542 610 549
f 543 549 548
f 543 548 544
f 549 610 550
f 550 613 551
f 550 610 614
f 550 614 613
f 551 613 552
f 552 615 553
f 552 613 616
f 552 616 615
f 553 615 554
f 554 615 617
f 554 617 618
f 554 618 619
f 554 619 555
f 555 620 556
f 555 619 620
f 556 621 622
f 556 622 558
f 556 558 557
f 556 620 623
f 556 623 624
f 556 624 625
f 556 625 621
f 558 622 560
f 558 560 559
f 560 626 627
f 560 627 561
f 560 622 621
f 560 621 628
f 560 628 629
f 560 629 626
f 561 627 563
f 562 563 630
f 562 630 565
f 563 627 630
f 565 631 566
f 565 630 632
f 565 632 633
f 565 633 631
f 566 634 567
f 566 631 634
f 567 635 636
f 567 636 637
f 567 637 638
f 567 638 639
f 567 639 568
f 567 634 640
f 567 640 641
f 567 641 635
f 568 639 642
f 568 642 569
f 569 642 570
f 570 642 572
f 570 572 571
f 572 574 573
f 572 642 643
f 572 643 644
f 572 644 645
f 572 645 646
f 572 646 574
f 574 646 575
f 575 646 647
f 575 647 576
f 576 647 648
f 576 648 577
f 577 648 578
f 578 648 649
f 578 649 579
f 579 649 722
f 579 722 650
f 579 650 651
f 579 651 580
f 580 651 581
f 581 651 652
f 581 652 582
f 582 652 583
f 583 652 653
f 583 653 584
f 584 653 654
f 584 654 655
f 584 655 656
f 584 656 585
f 585 656 586
f 586 656 657
f 586 657 587
f 587 657 658
f 587 658 592
f 587 592 588
f 589 659 660
f 589 660 590
f 589 595 659
f 590 660 661
f 590 661 662
f 590 662 591
f 591 662 598
f 592 658 663
f 592 663 593
f 593 663 664
f 593 664 665
f 593 665 594
f 594 665 666
f 594 666 595
f 595 667 659
f 595 666 667
f 596 598 668
f 596 668 597
f 597 668 599
f 598 662 669
f 598 669 668
f 599 668 670
f 599 670 600
f 600 670 601
f 601 670 671
f 601 671 672
f 601 672 673
f 601 673 603
f 601 603 602
f 603 673 674
f 603 674 675
f 603 675 604
f 606 676 607
f 607 676 677
f 608 612 678
f 608 678 679
f 608 679 680
f 608 680 681
f 608 681 609
f 609 681 614
f 609 614 610
f 613 614 682
f 613 682 616
f 614 681 682
f 615 616 683
f 615 683 617
f 616 682 684
f 616 684 685
f 616 685 683
f 617 683 686
f 617 686 687
f 617 687 618
f 618 687 619
f 619 687 688
f 619 688 689
f 619 689 690
f 619 690 624
f 619 624 620
f 620 624 623
f 621 625 691
f 621 691 628
f 624 690 625
f 625 690 692
f 625 692 691
f 626 693 694
f 626 694 695
f 626 695 696
f 626 696 627
f 626 629 697
f 626 697 693
f 627 696 630
f 628 691 629
f 629 691 698
f 629 698 697
f 630 696 633
f 630 633 632
f 631 699 640
f 631 640 634
f 631 633 700
f 631 700 699
f 633 696 695
f 633 695 641
f 633 641 700
f 635 641 701
f 635 701 636
f 636 702 703
f 636 703 637
f 636 701 704
f 636 704 702
f 637 705 706
f 637 706 707
f 637 707 638
f 637 703 705
f 638 707 708
f 638 708 639
f 639 708 642
f 640 699 709
f 640 709 641
f 641 709 700
f 641 695 710
f 641 710 711
f 641 711 712
f 641 712 713
f 641 713 701
f 642 708 714
f 642 714 715
f 642 715 643
f 643 715 644
f 644 715 716
f 644 716 717
f 644 717 718
f 644 718 645
f 645 718 646
f 646 718 719
f 646 719 647
f 647 719 720
f 647 720 648
f 648 720 649
f 649 720 721
f 649 721 722
f 650 722 723
f 650 723 651
f 651 723 724
f 651 724 652
f 652 724 653
f 653 724 725
f 653 725 654
f 654 725 726
f 654 726 655
f 655 726 727
f 655 727 656
f 656 727 728
f 656 728 657
f 657 728 658
f 658 728 729
f 658 729 730
f 658 730 663
f 659 731 732
f 659 732 660
f 659 667 731
f 660 732 733
f 660 733 734
f 660 734 661
f 661 734 735
f 661 735 736
f 661 736 662
f 662 736 669
f 663 730 737
f 663 737 664
f 664 737 801
f 664 801 738
f 664 738 739
f 664 739 665
f 665 739 666
f 666 739 740
f 666 740 667
f 667 740 741
f 667 741 795
f 667 795 731
f 668 669 670
f 669 736 742
f 669 742 670
f 670 742 671
f 671 743 672
f 671 742 743
f 672 744 673
f 672 743 745
f 672 745 744
f 673 744 674
f 674 744 746
f 674 746 747
f 674 747 675
f 676 748 677
f 677 748 749
f 677 749 750
f 678 751 679
f 679 751 680
f 680 752 753
f 680 753 682
f 680 682 681
f 680 751 754
f 680 754 752
f 682 753 684
f 683 685 686
f 684 753 755
f 684 755 685
f 685 756 686
f 685 755 757
f 685 757 758
f 685 758 756
f 686 756 759
f 686 759 760
f 686 760 761
f 686 761 687
f 687 761 688
f 688 762 689
f 688 761 763
f 688 763 762
f 689 762 764
f 689 764 690
f 690 764 692
f 691 692 765
f 691 765 698
f 692 764 829
f 692 829 766
f 692 766 837
f 692 837 767
f 692 767 765
f 693 768 694
f 693 697 769
f 693 769 770
f 693 770 768
f 694 768 710
f 694 710 695
f 697 698 765
f 697 765 769
f 699 700 709
f 701 713 771
f 701 771 772
f 701 772 773
f 701 773 704
f 702 774 703
f 702 704 773
f 702 773 774
f 703 774 775
f 703 775 776
f 703 776 705
f 705 776 777
f 705 777 778
f 705 778 706
f 706 778 850
f 706 850 779
f 706 779 780
f 706 780 781
f 706 781 707
f 707 782 708
f 707 781 860
f 707 860 782
f 708 782 783
f 708 783 714
f 710 768 711
f 711 768 784
f 711 784 785
f 711 785 712
f 712 786 713
f 712 785 786
f 713 786 771
f 714 783 715
f 715 783 716
f 716 783 717
f 717 783 787
f 717 787 788
f 717 788 721
f 717 721 719
f 717 719 718
f 719 721 720
f 721 788 789
f 721 789 722
f 722 789 723
f 723 790 791
f 723 791 724
f 723 789 790
f 724 791 725
f 725 791 792
f 725 792 726
f 726 792 870
f 726 870 793
f 726 793 729
f 726 729 727
f 727 729 728
f 729 737 730
f 729 793 872
f 729 872 794
f 729 794 737
f 731 795 796
f 731 796 732
f 732 796 733
f 733 796 797
f 733 797 798
f 733 798 735
f 733 735 734
f 735 798 799
f 735 799 800
f 735 800 736
f 736 800 742
f 737 794 874
f 737 874 801
f 738 801 802
f 738 802 739
f 739 802 803
f 739 803 804
f 739 804 740
f 740 804 805
f 740 805 741
f 741 805 806
f 741 806 795
f 742 800 743
f 743 807 745
f 743 800 807
f 744 745 808
f 744 808 746
f 745 807 809
f 745 809 808
f 746 810 811
f 746 811 747
f 746 808 810
f 748 812 749
f 749 812 813
f 749 813 814
f 749 814 815
f 749 815 750
f 750 815 817
f 750 817 816
f 752 818 755
f 752 755 753
f 752 754 818
f 754 819 818
f 755 818 757
f 756 758 820
f 756 820 759
f 757 818 821
f 757 821 819
f 757 819 822
f 757 822 758
f 758 822 823
f 758 823 820
f 759 824 760
f 759 820 825
f 759 825 824
f 760 824 761
f 761 824 763
f 762 763 826
f 762 826 827
f 762 827 764
f 763 824 828
f 763 828 826
f 764 827 830
f 764 830 831
f 764 831 829
f 765 767 769
f 766 829 832
f 766 832 833
f 766 833 834
f 766 834 835
f 766 835 836
f 766 836 837
f 767 838 839
f 767 839 769
f 767 837 840
f 767 840 838
f 768 770 839
f 768 839 784
f 769 839 770
f 771 786 864
f 771 864 841
f 771 841 842
f 771 842 772
f 772 842 773
f 773 842 843
f 773 843 774
f 774 844 775
f 774 843 844
f 775 844 845
f 775 845 776
f 776 845 777
f 777 845 846
f 777 846 847
f 777 847 778
f 778 848 849
f 778 849 850
f 778 847 851
f 778 851 848
f 779 850 852
f 779 852 853
f 779 853 780
f 780 853 854
f 780 854 855
f 780 855 856
f 780 856 857
f 780 857 858
f 780 858 859
f 780 859 781
f 781 859 858
f 781 858 860
f 782 860 787
f 782 787 783
f 784 839 840
f 784 840 861
f 784 861 862
f 784 862 863
f 784 863 785
f 785 863 864
f 785 864 786
f 787 860 788
f 788 860 865
f 788 865 790
f 788 790 789
f 790 866 867
f 790 867 868
f 790 868 869
f 790 869 791
f 790 865 866
f 791 869 792
f 792 869 868
f 792 868 870
f 793 870 871
f 793 871 872
f 794 872 873
f 794 873 874
f 795 806 796
f 796 806 797
f 797 875 876
f 797 876 877
f 797 877 798
f 797 806 878
f 797 878 875
f 798 877 879
f 798 879 880
f 798 880 799
f 799 880 881
f 799 881 807
f 799 807 800
f 801 882 802
f 801 874 943
f 801 943 882
f 802 882 883
f 802 883 803
f 803 883 884
f 803 884 804
f 804 884 885
f 804 885 805
f 805 885 886
f 805 886 806
f 806 886 878
f 807 881 887
f 807 887 809
f 808 888 889
f 808 889 810
f 808 809 888
f 809 887 888
f 812 890 813
f 813 891 892
f 813 892 893
f 813 893 894
f 813 894 814
f 813 890 891
f 814 895 896
f 814 896 815
f 814 894 895
f 815 896 817
f 816 817 895
f 816 895 898
f 816 898 897
f 817 896 895
f 818 819 821
f 820 823 899
f 820 899 900
f 820 900 901
f 820 901 825
f 824 825 902
f 824 902 828
f 825 901 902
f 826 828 903
f 826 903 904
f 826 904 830
f 826 830 827
f 828 902 971
f 828 971 903
f 829 831 905
f 829 905 906
f 829 906 907
f 829 907 908
f 829 908 909
f 829 909 832
f 830 904 831
f 831 904 910
f 831 910 911
f 831 911 905
f 832 912 833
f 832 909 913
f 832 913 914
f 832 914 912
f 833 912 915
f 833 915 916
f 833 916 834
f 834 916 917
f 834 917 918
f 834 918 835
f 835 918 919
f 835 919 836
f 836 919 920
f 836 920 837
f 837 920 921
f 837 921 922
f 837 922 861
f 837 861 840
f 838 840 839
f 841 923 842
f 841 864 924
f 841 924 923
f 842 923 925
f 842 925 843
f 843 925 844
f 844 925 846
f 844 846 845
f 846 925 926
f 846 926 847
f 847 927 851
f 847 926 928
f 847 928 927
f 848 851 929
f 848 929 930
f 848 930 931
f 848 931 849
f 849 852 850
f 849 931 930
f 849 930 932
f 849 932 933
f 849 933 934
f 849 934 935
f 849 935 852
f 851 936 929
f 851 927 936
f 852 935 853
f 853 935 854
f 854 935 934
f 854 934 855
f 855 934 1012
f 855 1012 937
f 855 937 868
f 855 868 856
f 856 867 866
f 856 866 858
f 856 858 857
f 856 868 867
f 858 938 860
f 858 866 938
f 860 938 865
f 861 922 921
f 861 921 862
f 862 939 940
f 862 940 863
f 862 921 939
f 863 940 924
f 863 924 864
f 865 938 866
f 868 937 871
f 868 871 870
f 871 941 873
f 871 873 872
f 871 937 1012
f 871 1012 941
f 873 941 942
f 873 942 943
f 873 943 874
f 875 878 944
f 875 944 876
f 876 945 946
f 876 946 947
f 876 947 877
f 876 944 945
f 877 947 879
f 878 948 944
f 878 886 948
f 879 947 949
f 879 949 881
f 879 881 880
f 881 949 887
f 882 943 950
f 882 950 951
f 882 951 883
f 883 951 952
f 883 952 953
f 883 953 884
f 884 953 954
f 884 954 955
f 884 955 885
f 885 955 956
f 885 956 886
f 886 956 948
f 887 957 958
f 887 958 888
f 887 949 957
f 888 958 959
f 888 959 960
f 888 960 889
f 890 961 962
f 890 962 891
f 891 962 892
f 892 963 964
f 892 964 893
f 892 962 965
f 892 965 963
f 893 964 894
f 894 964 966
f 894 966 898
f 894 898 895
f 897 898 968
f 897 968 966
f 897 966 967
f 898 966 968
f 899 969 900
f 900 969 901
f 901 970 902
f 901 969 970
f 902 970 972
f 902 972 971
f 903 973 910
f 903 910 904
f 903 971 973
f 905 911 974
f 905 974 906
f 906 974 975
f 906 975 907
f 907 975 908
f 908 975 976
f 908 976 913
f 908 913 909
f 910 973 977
f 910 977 911
f 911 977 974
f 912 978 979
f 912 979 980
f 912 980 915
f 912 914 978
f 913 976 981
f 913 981 982
f 913 982 983
f 913 983 914
f 914 983 984
f 914 984 979
f 914 979 978
f 915 985 986
f 915 986 987
f 915 987 916
f 915 980 979
f 915 979 988
f 915 988 989
f 915 989 985
f 916 987 990
f 916 990 917
f 917 990 918
f 918 990 991
f 918 991 992
f 918 992 919
f 919 992 993
f 919 993 994
f 919 994 920
f 920 995 921
f 920 994 995
f 921 995 939
f 923 924 996
f 923 996 928
f 923 928 926
f 923 926 925
f 924 940 996
f 927 928 997
f 927 997 936
f 928 998 999
f 928 999 1000
f 928 1000 1001
f 928 1001 1002
f 928 1002 1003
f 928 1003 997
f 928 996 1004
f 928 1004 1005
f 928 1005 998
f 929 1006 930
f 929 936 1014
f 929 1014 1007
f 929 1007 1008
f 929 1008 1006
f 930 1009 933
f 930 933 932
f 930 1006 1009
f 933 1009 1010
f 933 1010 1011
f 933 1011 1012
f 933 1012 934
f 936 997 1013
f 936 1013 1014
f 939 994 1015
f 939 1015 1016
f 939 1016 940
f 939 995 994
f 940 1016 996
f 941 1012 1011
f 941 1011 1017
f 941 1017 942
f 942 1017 1107
f 942 1107 1018
f 942 1018 1019
f 942 1019 943
f 943 1019 950
f 944 948 1020
f 944 1020 945
f 945 1020 1021
f 945 1021 1022
f 945 1022 946
f 946 1022 1023
f 946 1023 1024
f 946 1024 947
f 947 1024 949
f 948 1025 1020
f 948 956 1025
f 949 1024 1026
f 949 1026 957
f 950 1019 1027
f 950 1027 1028
f 950 1028 952
f 950 952 951
f 952 1028 1029
f 952 1029 954
f 952 954 953
f 954 1029 1030
f 954 1030 1031
f 954 1031 955
f 955 1032 1033
f 955 1033 1034
f 955 1034 1035
f 955 1035 1036
f 955 1036 956
f 955 1031 1032
f 956 1036 1025
f 957 1026 958
f 958 1037 1038
f 958 1038 959
f 958 1026 1037
f 961 1039 962
f 962 1040 1041
f 962 1041 1042
f 962 1042 1043
f 962 1043 1044
f 962 1044 1045
f 962 1045 1046
f 962 1046 1047
f 962 1047 965
f 962 1039 1048
f 962 1048 1049
f 962 1049 1050
f 962 1050 1051
f 962 1051 1040
f 963 1052 964
f 963 965 1052
f 964 1052 1053
f 964 1053 1054
f 964 1054 1055
f 964 1055 1056
f 964 1056 1057
f 964 1057 966
f 965 1058 1059
f 965 1059 1060
f 965 1060 1061
f 965 1061 1052
f 965 1047 1058
f 966 1057 1062
f 966 1062 967
f 969 1063 970
f 970 1063 972
f 971 972 1064
f 971 1064 1065
f 971 1065 973
f 972 1063 1066
f 972 1066 1064
f 973 1065 1070
f 973 1070 977
f 974 977 1067
f 974 1067 975
f 975 1067 1068
f 975 1068 976
f 976 1068 1069
f 976 1069 981
f 977 1070 1071
f 977 1071 1067
f 979 984 988
f 981 1069 1072
f 981 1072 1073
f 981 1073 982
f 982 1073 1074
f 982 1074 983
f 983 1075 989
f 983 989 988
f 983 988 984
f 983 1074 1075
f 985 989 1076
f 985 1076 986
f 986 1076 1077
f 986 1077 1078
f 986 1078 991
f 986 991 987
f 987 991 990
f 989 1079 1080
f 989 1080 1081
f 989 1081 1076
f 989 1075 1079
f 991 1078 1082
f 991 1082 1083
f 991 1083 1084
f 991 1084 992
f 992 1084 1085
f 992 1085 1086
f 992 1086 1015
f 992 1015 994
f 992 994 993
f 996 1016 1015
f 996 1015 1086
f 996 1086 1087
f 996 1087 1005
f 996 1005 1004
f 997 1003 1013
f 998 1005 999
f 999 1001 1000
f 999 1005 1001
f 1001 1005 1088
f 1001 1088 1002
f 1002 1088 1089
f 1002 1089 1090
f 1002 1090 1091
f 1002 1091 1092
f 1002 1092 1093
f 1002 1093 1094
f 1002 1094 1095
f 1002 1095 1003
f 1003 1095 1013
f 1005 1087 1096
f 1005 1096 1088
f 1006 1008 1097
f 1006 1097 1098
f 1006 1098 1099
f 1006 1099 1009
f 1007 1014 1100
f 1007 1100 1101
f 1007 1101 1008
f 1008 1101 1102
f 1008 1102 1097
f 1009 1099 1098
f 1009 1098 1103
f 1009 1103 1010
f 1010 1104 1011
f 1010 1103 1104
f 1011 1104 1107
f 1011 1107 1017
f 1013 1105 1014
f 1013 1095 1094
f 1013 1094 1106
f 1013 1106 1105
f 1014 1105 1100
f 1018 1107 1108
f 1018 1108 1109
f 1018 1109 1019
f 1019 1109 1110
f 1019 1110 1027
f 1020 1111 1021
f 1020 1025 1111
f 1021 1111 1112
f 1021 1112 1022
f 1022 1112 1113
f 1022 1113 1023
f 1023 1113 1114
f 1023 1114 1115
f 1023 1115 1024
f 1024 1115 1026
f 1025 1036 1116
f 1025 1116 1111
f 1026 1115 1037
f 1027 1110 1117
f 1027 1117 1118
f 1027 1118 1028
f 1028 1118 1029
f 1029 1118 1030
f 1030 1119 1120
f 1030 1120 1031
f 1030 1118 1119
f 1031 1120 1121
f 1031 1121 1032
f 1032 1121 1122
f 1032 1122 1123
f 1032 1123 1124
f 1032 1124 1125
f 1032 1125 1126
f 1032 1126 1033
f 1033 1126 1125
f 1033 1125 1127
f 1033 1127 1128
f 1033 1128 1129
f 1033 1129 1130
f 1033 1130 1034
f 1034 1131 1035
f 1034 1130 1132
f 1034 1132 1131
f 1035 1131 1133
f 1035 1133 1116
f 1035 1116 1036
f 1037 1115 1134
f 1037 1134 1135
f 1037 1135 1038
f 1038 1135 1136
f 1046 1137 1138
f 1046 1138 1047
f 1047 1138 1058
f 1052 1061 1053
f 1053 1139 1140
f 1053 1140 1141
f 1053 1141 1142
f 1053 1142 1143
f 1053 1143 1144
f 1053 1144 1055
f 1053 1055 1054
f 1053 1061 1060
f 1053 1060 1139
f 1055 1144 1145
f 1055 1145 1146
f 1055 1146 1147
f 1055 1147 1056
f 1056 1147 1057
f 1057 1147 1148
f 1057 1148 1062
f 1058 1138 1137
f 1058 1137 1149
f 1058 1149 1150
f 1058 1150 1151
f 1058 1151 1152
f 1058 1152 1153
f 1058 1153 1154
f 1058 1154 1155
f 1058 1155 1156
f 1058 1156 1157
f 1058 1157 1158
f 1058 1158 1159
f 1058 1159 1059
f 1059 1160 1161
f 1059 1161 1162
f 1059 1162 1163
f 1059 1163 1164
f 1059 1164 1060
f 1059 1159 1165
f 1059 1165 1166
f 1059 1166 1167
f 1059 1167 1160
f 1060 1164 1139
f 1064 1168 1065
f 1064 1066 1168
f 1065 1168 1070
f 1066 1169 1168
f 1067 1071 1170
f 1067 1170 1068
f 1068 1170 1069
f 1069 1170 1171
f 1069 1171 1172
f 1069 1172 1072
f 1070 1168 1071
f 1071 1168 1173
f 1071 1173 1170
f 1072 1172 1073
f 1073 1174 1074
f 1073 1172 1175
f 1073 1175 1176
f 1073 1176 1174
f 1074 1174 1177
f 1074 1177 1178
f 1074 1178 1075
f 1075 1178 1179
f 1075 1179 1079
f 1076 1081 1180
f 1076 1180 1077
f 1077 1180 1181
f 1077 1181 1078
f 1078 1181 1082
f 1079 1179 1182
f 1079 1182 1080
f 1080 1183 1184
f 1080 1184 1081
f 1080 1182 1185
f 1080 1185 1183
f 1081 1184 1186
f 1081 1186 1180
f 1082 1181 1187
f 1082 1187 1188
f 1082 1188 1189
f 1082 1189 1083
f 1083 1189 1190
f 1083 1190 1084
f 1084 1190 1191
f 1084 1191 1085
f 1085 1191 1087
f 1085 1087 1086
f 1087 1191 1096
f 1088 1192 1089
f 1088 1096 1193
f 1088 1193 1192
f 1089 1192 1194
f 1089 1194 1090
f 1090 1194 1091
f 1091 1195 1196
f 1091 1196 1092
f 1091 1194 1197
f 1091 1197 1198
f 1091 1198 1199
f 1091 1199 1200
f 1091 1200 1201
f 1091 1201 1195
f 1092 1196 1202
f 1092 1202 1093
f 1093 1203 1106
f 1093 1106 1094
f 1093 1202 1203
f 1096 1191 1193
f 1097 1204 1103
f 1097 1103 1098
f 1097 1102 1205
f 1097 1205 1204
f 1100 1105 1206
f 1100 1206 1101
f 1101 1206 1207
f 1101 1207 1208
f 1101 1208 1102
f 1102 1208 1209
f 1102 1209 1210
f 1102 1210 1205
f 1103 1211 1104
f 1103 1204 1205
f 1103 1205 1212
f 1103 1212 1211
f 1104 1211 1108
f 1104 1108 1107
f 1105 1106 1206
f 1106 1203 1206
f 1108 1211 1212
f 1108 1212 1213
f 1108 1213 1214
f 1108 1214 1109
f 1109 1214 1117
f 1109 1117 1110
f 1111 1215 1216
f 1111 1216 1112
f 1111 1116 1215
f 1112 1216 1217
f 1112 1217 1218
f 1112 1218 1219
f 1112 1219 1113
f 1113 1219 1114
f 1114 1219 1220
f 1114 1220 1134
f 1114 1134 1115
f 1116 1133 1215
f 1117 1214 1221
f 1117 1221 1119
f 1117 1119 1118
f 1119 1221 1222
f 1119 1222 1120
f 1120 1222 1223
f 1120 1223 1122
f 1120 1122 1121
f 1122 1223 1224
f 1122 1224 1123
f 1123 1225 1226
f 1123 1226 1124
f 1123 1224 1227
f 1123 1227 1225
f 1124 1226 1125
f 1125 1228 1229
f 1125 1229 1230
f 1125 1230 1231
f 1125 1231 1232
f 1125 1232 1127
f 1125 1226 1233
f 1125 1233 1228
f 1127 1232 1234
f 1127 1234 1235
f 1127 1235 1236
f 1127 1236 1237
f 1127 1237 1128
f 1128 1237 1238
f 1128 1238 1129
f 1129 1238 1239
f 1129 1239 1130
f 1130 1239 1240
f 1130 1240 1132
f 1131 1132 1133
f 1132 1240 1241
f 1132 1241 1242
f 1132 1242 1133
f 1133 1242 1215
f 1134 1220 1243
f 1134 1243 1135
f 1135 1243 1244
f 1135 1244 1245
f 1135 1245 1246
f 1135 1246 1136
f 1139 1247 1248
f 1139 1248 1140
f 1139 1164 1249
f 1139 1249 1250
f 1139 1250 1162
f 1139 1162 1251
f 1139 1251 1247
f 1140 1252 1141
f 1140 1248 1252
f 1141 1143 1142
f 1141 1252 1253
f 1141 1253 1254
f 1141 1254 1255
f 1141 1255 1256
f 1141 1256 1257
f 1141 1257 1258
f 1141 1258 1144
f 1141 1144 1143
f 1144 1258 1259
f 1144 1259 1145
f 1146 1148 1147
f 1160 1167 1260
f 1160 1260 1261
f 1160 1261 1262
f 1160 1262 1263
f 1160 1263 1264
f 1160 1264 1265
f 1160 1265 1266
f 1160 1266 1267
f 1160 1267 1268
f 1160 1268 1161
f 1161 1268 1162
f 1162 1250 1163
f 1162 1268 1269
f 1162 1269 1270
f 1162 1270 1251
f 1163 1250 1249
f 1163 1249 1164
f 1167 1271 1260
f 1168 1169 1272
f 1168 1272 1273
f 1168 1273 1173
f 1170 1173 1274
f 1170 1274 1275
f 1170 1275 1171
f 1171 1275 1276
f 1171 1276 1172
f 1172 1276 1175
f 1173 1273 1274
f 1174 1277 1177
f 1174 1176 1278
f 1174 1278 1277
f 1175 1276 1279
f 1175 1279 1280
f 1175 1280 1176
f 1176 1280 1281
f 1176 1281 1278
f 1177 1282 1179
f 1177 1179 1178
f 1177 1277 1283
f 1177 1283 1282
f 1179 1282 1182
f 1180 1186 1187
f 1180 1187 1284
f 1180 1284 1181
f 1181 1284 1187
f 1182 1282 1285
f 1182 1285 1286
f 1182 1286 1185
f 1183 1287 1288
f 1183 1288 1289
f 1183 1289 1290
f 1183 1290 1291
f 1183 1291 1184
f 1183 1185 1286
f 1183 1286 1292
f 1183 1292 1293
f 1183 1293 1287
f 1184 1291 1294
f 1184 1294 1186
f 1186 1295 1187
f 1186 1294 1296
f 1186 1296 1297
f 1186 1297 1295
f 1187 1295 1298
f 1187 1298 1297
f 1187 1297 1299
f 1187 1299 1188
f 1188 1299 1197
f 1188 1197 1300
f 1188 1300 1189
f 1189 1300 1197
f 1189 1197 1194
f 1189 1194 1301
f 1189 1301 1190
f 1190 1301 1192
f 1190 1192 1191
f 1191 1192 1193
f 1192 1301 1194
f 1195 1201 1302
f 1195 1302 1303
f 1195 1303 1196
f 1196 1304 1202
f 1196 1303 1304
f 1197 1299 1297
f 1197 1297 1305
f 1197 1305 1198
f 1198 1305 1306
f 1198 1306 1199
f 1199 1306 1307
f 1199 1307 1308
f 1199 1308 1309
f 1199 1309 1310
f 1199 1310 1311
f 1199 1311 1312
f 1199 1312 1313
f 1199 1313 1200
f 1200 1313 1201
f 1201 1313 1314
f 1201 1314 1315
f 1201 1315 1302
f 1202 1304 1316
f 1202 1316 1317
f 1202 1317 1203
f 1203 1317 1318
f 1203 1318 1206
f 1205 1210 1325
f 1205 1325 1319
f 1205 1319 1212
f 1206 1318 1207
f 1207 1318 1320
f 1207 1320 1208
f 1208 1320 1321
f 1208 1321 1209
f 1209 1321 1322
f 1209 1322 1210
f 1210 1322 1323
f 1210 1323 1324
f 1210 1324 1325
f 1212 1319 1326
f 1212 1326 1213
f 1213 1326 1327
f 1213 1327 1214
f 1214 1327 1221
f 1215 1242 1328
f 1215 1328 1216
f 1216 1328 1217
f 1217 1329 1330
f 1217 1330 1331
f 1217 1331 1218
f 1217 1328 1329
f 1218 1331 1219
f 1219 1331 1332
f 1219 1332 1333
f 1219 1333 1220
f 1220 1333 1243
f 1221 1327 1334
f 1221 1334 1222
f 1222 1334 1335
f 1222 1335 1223
f 1223 1335 1227
f 1223 1227 1224
f 1225 1336 1337
f 1225 1337 1338
f 1225 1338 1226
f 1225 1227 1339
f 1225 1339 1336
f 1226 1338 1233
f 1227 1335 1340
f 1227 1340 1341
f 1227 1341 1339
f 1228 1342 1343
f 1228 1343 1229
f 1228 1233 1344
f 1228 1344 1342
f 1229 1343 1345
f 1229 1345 1230
f 1230 1345 1346
f 1230 1346 1347
f 1230 1347 1348
f 1230 1348 1234
f 1230 1234 1231
f 1231 1234 1232
f 1233 1338 1344
f 1234 1236 1235
f 1234 1348 1349
f 1234 1349 1350
f 1234 1350 1236
f 1236 1350 1351
f 1236 1351 1352
f 1236 1352 1353
f 1236 1353 1354
f 1236 1354 1238
f 1236 1238 1237
f 1238 1354 1353
f 1238 1353 1355
f 1238 1355 1239
f 1239 1355 1356
f 1239 1356 1240
f 1240 1356 1241
f 1241 1328 1242
f 1241 1356 1357
f 1241 1357 1329
f 1241 1329 1328
f 1243 1333 1358
f 1243 1358 1244
f 1247 1359 1252
f 1247 1252 1248
f 1247 1251 1360
f 1247 1360 1270
f 1247 1270 1361
f 1247 1361 1362
f 1247 1362 1363
f 1247 1363 1359
f 1251 1270 1360
f 1252 1359 1364
f 1252 1364 1253
f 1253 1364 1365
f 1253 1365 1366
f 1253 1366 1254
f 1254 1367 1369
f 1254 1369 1255
f 1254 1366 1368
f 1254 1368 1367
f 1255 1369 1370
f 1255 1370 1371
f 1255 1371 1372
f 1255 1372 1256
f 1256 1372 1373
f 1256 1373 1257
f 1257 1373 1374
f 1257 1374 1258
f 1258 1374 1373
f 1258 1373 1259
f 1260 1271 1375
f 1260 1375 1376
f 1260 1376 1262
f 1260 1262 1261
f 1262 1377 1263
f 1262 1376 1378
f 1262 1378 1377
f 1263 1377 1379
f 1263 1379 1264
f 1264 1379 1265
f 1265 1379 1380
f 1265 1380 1381
f 1265 1381 1266
f 1266 1381 1267
f 1267 1381 1382
f 1267 1382 1268
f 1268 1382 1347
f 1268 1347 1383
f 1268 1383 1384
f 1268 1384 1385
f 1268 1385 1269
f 1269 1385 1361
f 1269 1361 1270
f 1271 1386 1375
f 1273 1387 1274
f 1274 1387 1275
f 1275 1387 1276
f 1276 1387 1388
f 1276 1388 1389
f 1276 1389 1279
f 1277 1278 1390
f 1277 1390 1283
f 1278 1281 1391
f 1278 1391 1390
f 1279 1389 1392
f 1279 1392 1280
f 1280 1393 1394
f 1280 1394 1281
f 1280 1392 1395
f 1280 1395 1393
f 1281 1394 1396
f 1281 1396 1391
f 1282 1397 1285
f 1282 1283 1397
f 1283 1398 1397
f 1283 1390 1399
f 1283 1399 1398
f 1285 1397 1400
f 1285 1400 1401
f 1285 1401 1402
f 1285 1402 1403
f 1285 1403 1286
f 1286 1403 1404
f 1286 1404 1292
f 1287 1293 1288
f 1288 1293 1404
f 1288 1404 1405
f 1288 1405 1406
f 1288 1406 1407
f 1288 1407 1408
f 1288 1408 1409
f 1288 1409 1289
f 1289 1410 1290
f 1289 1409 1410
f 1290 1410 1291
f 1291 1410 1294
f 1292 1404 1293
f 1294 1411 1412
f 1294 1412 1413
f 1294 1413 1414
f 1294 1414 1308
f 1294 1308 1415
f 1294 1415 1416
f 1294 1416 1297
f 1294 1297 1296
f 1294 1410 1417
f 1294 1417 1418
f 1294 1418 1419
f 1294 1419 1411
f 1295 1297 1298
f 1297 1416 1420
f 1297 1420 1305
f 1302 1421 1422
f 1302 1422 1303
f 1302 1315 1423
f 1302 1423 1424
f 1302 1424 1421
f 1303 1422 1304
f 1304 1422 1425
f 1304 1425 1316
f 1305 1420 1307
f 1305 1307 1306
f 1307 1420 1308
f 1308 1420 1416
f 1308 1416 1415
f 1308 1414 1413
f 1308 1413 1412
f 1308 1412 1426
f 1308 1426 1309
f 1309 1426 1310
f 1310 1427 1311
f 1310 1426 1428
f 1310 1428 1429
f 1310 1429 1427
f 1311 1427 1430
f 1311 1430 1431
f 1311 1431 1432
f 1311 1432 1312
f 1312 1432 1431
f 1312 1431 1433
f 1312 1433 1434
f 1312 1434 1313
f 1313 1434 1435
f 1313 1435 1315
f 1313 1315 1314
f 1315 1435 1436
f 1315 1436 1437
f 1315 1437 1423
f 1316 1425 1438
f 1316 1438 1439
f 1316 1439 1317
f 1317 1439 1318
f 1318 1439 1320
f 1319 1325 1440
f 1319 1440 1326
f 1320 1439 1321
f 1321 1439 1441
f 1321 1441 1442
f 1321 1442 1322
f 1322 1442 1443
f 1322 1443 1323
f 1323 1443 1444
f 1323 1444 1324
f 1324 1444 1339
f 1324 1339 1341
f 1324 1341 1325
f 1325 1341 1440
f 1326 1440 1445
f 1326 1445 1327
f 1327 1445 1334
f 1329 1357 1446
f 1329 1446 1330
f 1330 1446 1331
f 1331 1446 1447
f 1331 1447 1448
f 1331 1448 1332
f 1332 1448 1333
f 1333 1448 1449
f 1333 1449 1450
f 1333 1450 1358
f 1334 1445 1335
f 1335 1445 1340
f 1336 1451 1337
f 1336 1339 1451
f 1337 1451 1452
f 1337 1452 1453
f 1337 1453 1344
f 1337 1344 1338
f 1339 1444 1451
f 1340 1445 1341
f 1341 1445 1440
f 1342 1454 1455
f 1342 1455 1343
f 1342 1344 1453
f 1342 1453 1454
f 1343 1455 1345
f 1345 1456 1346
f 1345 1455 1456
f 1346 1456 1457
f 1346 1457 1458
f 1346 1458 1383
f 1346 1383 1347
f 1347 1382 1348
f 1348 1382 1349
f 1349 1382 1380
f 1349 1380 1459
f 1349 1459 1460
f 1349 1460 1461
f 1349 1461 1351
f 1349 1351 1350
f 1351 1461 1352
f 1352 1461 1462
f 1352 1462 1353
f 1353 1463 1464
f 1353 1464 1356
f 1353 1356 1355
f 1353 1462 1465
f 1353 1465 1466
f 1353 1466 1463
f 1356 1464 1463
f 1356 1463 1357
f 1357 1463 1446
f 1358 1450 1467
f 1359 1468 1469
f 1359 1469 1470
f 1359 1470 1471
f 1359 1471 1472
f 1359 1472 1473
f 1359 1473 1364
f 1359 1363 1468
f 1361 1385 1384
f 1361 1384 1362
f 1362 1384 1383
f 1362 1383 1363
f 1363 1383 1474
f 1363 1474 1468
f 1364 1473 1365
f 1365 1475 1476
f 1365 1476 1477
f 1365 1477 1478
f 1365 1478 1479
f 1365 1479 1366
f 1365 1473 1480
f 1365 1480 1475
f 1366 1479 1368
f 1367 1368 1479
f 1367 1479 1481
f 1367 1481 1482
f 1367 1482 1369
f 1369 1482 1483
f 1369 1483 1370
f 1375 1386 1484
f 1375 1484 1485
f 1375 1485 1486
f 1375 1486 1487
f 1375 1487 1376
f 1376 1487 1488
f 1376 1488 1378
f 1377 1378 1379
f 1378 1488 1489
f 1378 1489 1379
f 1379 1489 1488
f 1379 1488 1459
f 1379 1459 1380
f 1380 1382 1381
f 1383 1458 1474
f 1390 1391 1490
f 1390 1490 1491
f 1390 1491 1399
f 1391 1396 1490
f 1393 1395 1394
f 1394 1395 1492
f 1394 1492 1396
f 1396 1492 1493
f 1396 1493 1490
f 1397 1398 1400
f 1398 1399 1494
f 1398 1494 1400
f 1399 1491 1495
f 1399 1495 1496
f 1399 1496 1494
f 1400 1494 1497
f 1400 1497 1401
f 1401 1498 1403
f 1401 1403 1402
f 1401 1497 1499
f 1401 1499 1500
f 1401 1500 1498
f 1403 1405 1404
f 1403 1498 1405
f 1405 1501 1406
f 1405 1498 1501
f 1406 1501 1502
f 1406 1502 1503
f 1406 1503 1504
f 1406 1504 1505
f 1406 1505 1407
f 1407 1505 1408
f 1408 1506 1409
f 1408 1505 1507
f 1408 1507 1506
f 1409 1506 1508
f 1409 1508 1509
f 1409 1509 1510
f 1409 1510 1410
f 1410 1511 1417
f 1410 1510 1511
f 1411 1512 1412
f 1411 1419 1513
f 1411 1513 1512
f 1412 1512 1514
f 1412 1514 1429
f 1412 1429 1515
f 1412 1515 1426
f 1417 1516 1418
f 1417 1511 1506
f 1417 1506 1516
f 1418 1516 1513
f 1418 1513 1419
f 1421 1517 1422
f 1421 1424 1518
f 1421 1518 1517
f 1422 1519 1520
f 1422 1520 1425
f 1422 1517 1519
f 1423 1521 1424
f 1423 1437 1522
f 1423 1522 1521
f 1424 1521 1518
f 1425 1520 1438
f 1426 1515 1428
f 1427 1429 1523
f 1427 1523 1430
f 1428 1515 1429
f 1429 1514 1523
f 1430 1523 1431
f 1431 1523 1524
f 1431 1524 1433
f 1433 1524 1525
f 1433 1525 1526
f 1433 1526 1527
f 1433 1527 1434
f 1434 1527 1435
f 1435 1527 1436
f 1436 1527 1528
f 1436 1528 1437
f 1437 1528 1529
f 1437 1529 1530
f 1437 1530 1522
f 1438 1531 1441
f 1438 1441 1439
f 1438 1520 1531
f 1441 1531 1532
f 1441 1532 1442
f 1442 1532 1443
f 1443 1532 1533
f 1443 1533 1444
f 1444 1533 1534
f 1444 1534 1451
f 1446 1463 1535
f 1446 1535 1447
f 1447 1535 1536
f 1447 1536 1448
f 1448 1536 1537
f 1448 1537 1449
f 1449 1537 1538
f 1449 1538 1450
f 1450 1538 1539
f 1450 1539 1467
f 1451 1534 1540
f 1451 1540 1541
f 1451 1541 1452
f 1452 1541 1542
f 1452 1542 1453
f 1453 1542 1454
f 1454 1542 1543
f 1454 1543 1544
f 1454 1544 1455
f 1455 1544 1456
f 1456 1544 1545
f 1456 1545 1546
f 1456 1546 1547
f 1456 1547 1457
f 1457 1548 1549
f 1457 1549 1458
f 1457 1547 1550
f 1457 1550 1548
f 1458 1549 1469
f 1458 1469 1468
f 1458 1468 1474
f 1459 1488 1460
f 1460 1551 1461
f 1460 1488 1551
f 1461 1465 1462
f 1461 1551 1465
f 1463 1466 1465
f 1463 1465 1552
f 1463 1552 1535
f 1465 1551 1553
f 1465 1553 1554
f 1465 1554 1555
f 1465 1555 1552
f 1469 1549 1556
f 1469 1556 1471
f 1469 1471 1470
f 1471 1556 1557
f 1471 1557 1530
f 1471 1530 1558
f 1471 1558 1559
f 1471 1559 1560
f 1471 1560 1561
f 1471 1561 1562
f 1471 1562 1563
f 1471 1563 1564
f 1471 1564 1565
f 1471 1565 1480
f 1471 1480 1472
f 1472 1480 1473
f 1475 1563 1562
f 1475 1562 1476
f 1475 1480 1565
f 1475 1565 1564
f 1475 1564 1563
f 1476 1562 1566
f 1476 1566 1567
f 1476 1567 1568
f 1476 1568 1477
f 1477 1568 1569
f 1477 1569 1478
f 1478 1569 1479
f 1479 1569 1568
f 1479 1568 1481
f 1481 1568 1570
f 1481 1570 1571
f 1481 1571 1482
f 1482 1571 1572
f 1482 1572 1573
f 1482 1573 1483
f 1484 1574 1485
f 1485 1574 1575
f 1485 1575 1486
f 1486 1576 1488
f 1486 1488 1487
f 1486 1575 1577
f 1486 1577 1576
f 1488 1576 1551
f 1490 1578 1491
f 1490 1493 1579
f 1490 1579 1578
f 1491 1578 1495
f 1494 1496 1580
f 1494 1580 1581
f 1494 1581 1497
f 1495 1578 1582
f 1495 1582 1580
f 1495 1580 1496
f 1497 1581 1499
f 1498 1502 1501
f 1498 1500 1583
f 1498 1583 1584
f 1498 1584 1585
f 1498 1585 1502
f 1499 1581 1586
f 1499 1586 1587
f 1499 1587 1588
f 1499 1588 1583
f 1499 1583 1500
f 1502 1585 1584
f 1502 1584 1589
f 1502 1589 1503
f 1503 1590 1504
f 1503 1589 1591
f 1503 1591 1592
f 1503 1592 1590
f 1504 1507 1505
f 1504 1590 1507
f 1506 1510 1509
f 1506 1509 1508
f 1506 1507 1593
f 1506 1593 1594
f 1506 1594 1595
f 1506 1595 1596
f 1506 1596 1597
f 1506 1597 1516
f 1506 1511 1510
f 1507 1590 1598
f 1507 1598 1599
f 1507 1599 1593
f 1512 1513 1516
f 1512 1516 1514
f 1514 1560 1600
f 1514 1600 1601
f 1514 1601 1523
f 1514 1516 1602
f 1514 1602 1561
f 1514 1561 1560
f 1516 1597 1602
f 1517 1603 1604
f 1517 1604 1519
f 1517 1518 1603
f 1518 1521 1605
f 1518 1605 1606
f 1518 1606 1603
f 1519 1604 1607
f 1519 1607 1520
f 1520 1607 1531
f 1521 1522 1548
f 1521 1548 1550
f 1521 1550 1608
f 1521 1608 1605
f 1522 1530 1609
f 1522 1609 1610
f 1522 1610 1611
f 1522 1611 1548
f 1523 1601 1524
f 1524 1601 1525
f 1525 1601 1527
f 1525 1527 1526
f 1527 1601 1528
f 1528 1612 1613
f 1528 1613 1614
f 1528 1614 1529
f 1528 1601 1612
f 1529 1614 1530
f 1530 1614 1613
f 1530 1613 1615
f 1530 1615 1559
f 1530 1559 1558
f 1530 1557 1609
f 1531 1607 1532
f 1532 1607 1616
f 1532 1616 1533
f 1533 1616 1617
f 1533 1617 1534
f 1534 1617 1540
f 1535 1552 1555
f 1535 1555 1536
f 1536 1555 1618
f 1536 1618 1537
f 1537 1618 1619
f 1537 1619 1538
f 1538 1619 1620
f 1538 1620 1539
f 1540 1617 1621
f 1540 1621 1541
f 1541 1621 1622
f 1541 1622 1542
f 1542 1622 1543
f 1543 1623 1545
f 1543 1545 1544
f 1543 1622 1623
f 1545 1623 1546
f 1546 1623 1624
f 1546 1624 1550
f 1546 1550 1547
f 1548 1611 1610
f 1548 1610 1556
f 1548 1556 1549
f 1550 1624 1605
f 1550 1605 1608
f 1551 1576 1553
f 1553 1576 1625
f 1553 1625 1554
f 1554 1625 1555
f 1555 1625 1618
f 1556 1610 1609
f 1556 1609 1557
f 1559 1601 1600
f 1559 1600 1560
f 1559 1615 1613
f 1559 1613 1612
f 1559 1612 1601
f 1561 1602 1626
f 1561 1626 1627
f 1561 1627 1628
f 1561 1628 1566
f 1561 1566 1562
f 1566 1628 1629
f 1566 1629 1630
f 1566 1630 1570
f 1566 1570 1568
f 1566 1568 1567
f 1570 1630 1631
f 1570 1631 1571
f 1571 1631 1632
f 1571 1632 1633
f 1571 1633 1573
f 1571 1573 1572
f 1574 1634 1575
f 1575 1634 1577
f 1576 1635 1625
f 1576 1577 1636
f 1576 1636 1635
f 1577 1634 1637
f 1577 1637 1638
f 1577 1638 1639
f 1577 1639 1635
f 1577 1635 1636
f 1578 1587 1582
f 1578 1579 1640
f 1578 1640 1641
f 1578 1641 1642
f 1578 1642 1643
f 1578 1643 1587
f 1580 1582 1587
f 1580 1587 1586
f 1580 1586 1581
f 1583 1588 1644
f 1583 1644 1584
f 1584 1644 1591
f 1584 1591 1589
f 1587 1643 1645
f 1587 1645 1646
f 1587 1646 1588
f 1588 1646 1647
f 1588 1647 1648
f 1588 1648 1644
f 1590 1592 1598
f 1591 1644 1592
f 1592 1649 1650
f 1592 1650 1598
f 1592 1644 1651
f 1592 1651 1652
f 1592 1652 1649
f 1593 1599 1594
f 1594 1599 1650
f 1594 1650 1595
f 1595 1650 1649
f 1595 1649 1653
f 1595 1653 1596
f 1596 1654 1597
f 1596 1653 1655
f 1596 1655 1654
f 1597 1654 1626
f 1597 1626 1602
f 1598 1650 1599
f 1603 1606 1605
f 1603 1605 1656
f 1603 1656 1657
f 1603 1657 1604
f 1604 1657 1616
f 1604 1616 1607
f 1605 1624 1658
f 1605 1658 1656
f 1616 1657 1617
f 1617 1657 1621
f 1618 1625 1619
f 1619 1625 1635
f 1619 1635 1639
f 1619 1639 1620
f 1620 1639 1659
f 1621 1657 1656
f 1621 1656 1658
f 1621 1658 1622
f 1622 1658 1623
f 1623 1658 1624
f 1626 1654 1629
f 1626 1629 1627
f 1627 1629 1628
f 1629 1654 1655
f 1629 1655 1660
f 1629 1660 1661
f 1629 1661 1662
f 1629 1662 1630
f 1630 1662 1631
f 1631 1663 1632
f 1631 1662 1663
f 1637 1664 1638
f 1638 1664 1665
f 1638 1665 1659
f 1638 1659 1639
f 1644 1648 1666
f 1644 1666 1651
f 1649 1652 1667
f 1649 1667 1653
f 1653 1667 1668
f 1653 1668 1669
f 1653 1669 1655
f 1655 1669 1660
f 1660 1669 1670
f 1660 1670 1661
f 1661 1670 1668
f 1661 1668 1671
f 1661 1671 1662
f 1662 1671 1663
f 1668 1670 1669

