####
#
# OBJ File Generated by Meshlab
#
####
# Object simplified_zup_1.obj
#
# Vertices: 6233
# Faces: 5000
#
####
mtllib ./simplified_zup_1.obj.mtl

vn -0.1017317 0.4079812 0.9073049
v -0.1706196 0.0650664 0.3164179
vn 0.8055388 -0.2420358 0.5408567
v -0.1706196 0.0650664 0.3164179
vn -0.1327775 0.4454189 0.8854221
v -0.1186305 0.0692806 0.3205527
vn -0.1285971 0.4202286 0.8982599
v -0.1186305 0.0692806 0.3205527
vn 0.1969678 -0.5896580 0.7832670
v -0.1186305 0.0692806 0.3205527
vn 0.9771808 0.0144067 0.2119201
v -0.1707268 0.0001723 0.3377760
vn -0.1533809 0.3015968 0.9410174
v -0.1707268 0.0001723 0.3377760
vn -0.1576883 -0.3035218 0.9396855
v -0.1707268 0.0001723 0.3377760
vn -0.1233865 -0.2690416 0.9551924
v -0.1542781 -0.0557564 0.3085956
vn -0.1191139 0.6160627 0.7786390
v -0.1542781 -0.0557564 0.3085956
vn -0.9896972 -0.0420421 0.1368646
v -0.1542781 -0.0557564 0.3085956
vn -0.1177261 0.0019170 0.9930443
v -0.1688190 -0.0668871 0.3151778
vn -0.0996142 -0.4877505 0.8672811
v -0.1688190 -0.0668871 0.3151778
vn 0.9694547 -0.0531109 0.2394509
v -0.1688190 -0.0668871 0.3151778
vn -0.1245087 -0.4436012 0.8875334
v -0.1527198 -0.0654971 0.3168715
vn -0.1360124 -0.0198691 0.9905079
v -0.1527198 -0.0654971 0.3168715
vn -0.9920918 -0.0401048 0.1189353
v -0.1527198 -0.0654971 0.3168715
vn -0.1005426 -0.5116917 0.8532660
v -0.1552544 -0.0776122 0.3104835
vn -0.1244879 -0.4422803 0.8881954
v -0.1552544 -0.0776122 0.3104835
vn -0.0539607 -0.4568753 0.8878926
v -0.1552544 -0.0776122 0.3104835
vn -0.1001584 -0.5041259 0.8578027
v -0.1552544 -0.0776122 0.3104835
vn 0.0354751 -0.9425190 -0.3322642
v -0.1552544 -0.0776122 0.3104835
vn -0.8640270 0.2616873 0.4300898
v -0.1960117 -0.0630885 0.3130996
vn -0.1291363 -0.3151414 0.9402180
v -0.1960117 -0.0630885 0.3130996
vn -0.1161119 -0.3160408 0.9416137
v -0.1960117 -0.0630885 0.3130996
vn 0.4861940 -0.3330688 0.8078865
v -0.0670342 -0.0125755 0.3448322
vn -0.6540232 0.0450064 0.7551345
v -0.1092529 0.0027877 0.3396317
vn -0.1638461 -0.3870057 0.9074036
v -0.0890054 -0.0234891 0.3433196
vn -0.6801548 -0.2967772 0.6703080
v -0.1075215 -0.0119017 0.3384771
vn 0.1798571 -0.5111464 0.8404646
v -0.0747621 -0.0284277 0.3386038
vn -0.4211341 0.5144379 0.7469939
v -0.0982000 0.0289766 0.3361305
vn -0.5375924 0.1293216 0.8332289
v -0.1143281 0.0047325 0.3290212
vn -0.5977172 -0.2634757 0.7571755
v -0.1113923 -0.0121134 0.3285983
vn -0.4267950 -0.4966591 0.7557617
v -0.0979198 -0.0270630 0.3361432
vn -0.1030369 -0.5890365 0.8015108
v -0.0851758 -0.0426609 0.3262401
vn -0.2998198 0.3498820 0.8875194
v -0.1144360 0.0411727 0.3212758
vn -0.5525810 0.3299122 0.7653837
v -0.1018803 0.0195032 0.3410221
vn -0.1091936 0.5833469 0.8048499
v -0.0855757 0.0439078 0.3268834
vn -0.9892274 -0.0321069 0.1428227
v -0.0469438 -0.0562929 0.3215767
vn -0.1148468 0.6435062 0.7567761
v -0.0469438 -0.0562929 0.3215767
vn 0.0192197 -0.4240009 0.9054579
v -0.0469438 -0.0562929 0.3215767
vn 0.1476949 -0.3538494 0.9235675
v -0.0543935 -0.0389672 0.3289882
vn 0.3046950 -0.0388066 0.9516591
v -0.0568421 -0.0006020 0.3375738
vn -0.0922867 0.0106604 0.9956754
v -0.0462821 0.0010619 0.3390527
vn -0.9940693 0.0023329 0.1087239
v -0.0462821 0.0010619 0.3390527
vn 0.1572221 0.3504578 0.9232879
v -0.0549221 0.0413442 0.3290520
vn -0.0603161 -0.1781512 0.9821528
v -0.0487810 0.0590794 0.3215470
vn -0.9870706 0.0085510 0.1600579
v -0.0487810 0.0590794 0.3215470
vn -0.0445971 -0.1205926 0.9916998
v -0.1165382 0.0589642 0.3123451
vn 0.6357463 -0.1850783 0.7493815
v -0.1165382 0.0589642 0.3123451
vn 0.6501441 0.1860114 0.7366902
v -0.1227638 -0.0456676 0.3152496
vn -0.3036069 -0.3689448 0.8784661
v -0.1227638 -0.0456676 0.3152496
vn 0.9338719 -0.0452275 0.3547364
v -0.1227638 -0.0456676 0.3152496
vn 0.2566967 0.4816101 0.8379490
v -0.0709927 0.0299708 0.3377849
vn -0.0493412 0.4213770 0.9055423
v -0.0835392 0.0265751 0.3434606
vn -0.1104747 -0.6863719 0.7188109
v -0.0471356 0.0687515 0.3310356
vn -0.9868594 0.0096518 0.1612932
v -0.0471356 0.0687515 0.3310356
vn -0.0835242 0.5249165 0.8470457
v -0.0471356 0.0687515 0.3310356
vn 0.4512607 0.2079896 0.8678157
v -0.0660036 0.0105627 0.3461029
vn 0.0529966 -0.3291557 0.9427873
v -0.0434895 -0.0434529 0.3423982
vn -0.8947864 -0.1461254 0.4219062
v -0.0434895 -0.0434529 0.3423982
vn -0.0882918 -0.5164956 0.8517258
v -0.0453196 -0.0665269 0.3305254
vn -0.1150528 0.6428893 0.7572690
v -0.0453196 -0.0665269 0.3305254
vn -0.9849273 -0.0450652 0.1669953
v -0.0453196 -0.0665269 0.3305254
vn 0.1134822 0.2074525 0.9716406
v -0.0446487 0.0278122 0.3487015
vn -0.9888692 0.0076210 0.1485920
v -0.0446487 0.0278122 0.3487015
vn -0.0483030 -0.2476372 0.9676480
v -0.0450895 -0.0068112 0.3516957
vn -0.9947787 -0.0134234 0.1011697
v -0.0450895 -0.0068112 0.3516957
vn -0.0392842 0.0865854 0.9954696
v -0.0450895 -0.0068112 0.3516957
vn -0.9997107 -0.0171894 -0.0168241
v -0.2397900 -0.0002656 0.3130778
vn -0.1386595 -0.0092129 0.9902973
v -0.2397900 -0.0002656 0.3130778
vn -0.1401630 -0.2144172 0.9666331
v -0.2378364 -0.0665386 0.3070805
vn -0.1608882 -0.2978429 0.9409594
v -0.2378364 -0.0665386 0.3070805
vn -0.9963481 -0.0363607 0.0772562
v -0.2378364 -0.0665386 0.3070805
vn -0.9997771 -0.0128698 -0.0167376
v -0.2401344 0.0000841 0.3277756
vn -0.1710609 0.3000296 0.9384671
v -0.2401344 0.0000841 0.3277756
vn -0.1717924 -0.3019397 0.9377206
v -0.2401344 0.0000841 0.3277756
vn -0.1076245 -0.2325605 0.9666089
v -0.2397488 0.0556968 0.2980555
vn -0.9981622 0.0337987 0.0502988
v -0.2397488 0.0556968 0.2980555
vn -0.4078098 -0.8159974 0.4096821
v -0.0210901 -0.0909171 0.3135702
vn 0.0882638 -0.6897388 -0.7186585
v -0.0210901 -0.0909171 0.3135702
vn 0.8380423 -0.4981898 0.2224683
v -0.0210901 -0.0909171 0.3135702
vn -0.1480781 -0.9823501 0.1142859
v -0.2230602 -0.0864697 0.2844964
vn 0.0990950 -0.6147954 -0.7824365
v -0.2230602 -0.0864697 0.2844964
vn -0.0953876 -0.6803808 0.7266246
v -0.2230602 -0.0864697 0.2844964
vn -0.0768302 -0.8551108 0.5127210
v -0.2230602 -0.0864697 0.2844964
vn -0.0913323 0.4533375 0.8866473
v -0.1649475 0.0785169 0.3096008
vn -0.0138873 0.9927880 -0.1190768
v -0.1649475 0.0785169 0.3096008
vn -0.0935680 0.6548498 0.7499446
v -0.1649475 0.0785169 0.3096008
vn -0.1149525 0.5160059 0.8488368
v -0.1649475 0.0785169 0.3096008
vn -0.1156449 0.4950262 0.8611478
v -0.1649475 0.0785169 0.3096008
vn -0.9958892 0.0235173 0.0874729
v -0.1536654 0.0655823 0.3171593
vn -0.1359240 0.3814978 0.9143217
v -0.1536654 0.0655823 0.3171593
vn -0.3218314 -0.5859436 0.7437034
v -0.1536654 0.0655823 0.3171593
vn -0.1190599 0.4474076 0.8863696
v -0.2035057 0.0679369 0.3107658
vn -0.1135598 0.5078889 0.8539047
v -0.2035057 0.0679369 0.3107658
vn 0.3282491 -0.4869875 0.8093799
v -0.2035057 0.0679369 0.3107658
vn -0.5569412 -0.5796970 0.5947840
v -0.2035057 0.0679369 0.3107658
vn 0.4443803 -0.4981918 0.7445341
v -0.2125725 0.0628091 0.3127463
vn -0.1328944 0.4360209 0.8900701
v -0.2125725 0.0628091 0.3127463
vn 0.9578313 0.0620919 0.2805419
v -0.2125725 0.0628091 0.3127463
vn -0.9974779 0.0387085 0.0594951
v -0.2388062 0.0648048 0.3079341
vn -0.1220745 0.5099612 0.8514913
v -0.2388062 0.0648048 0.3079341
vn -0.4704894 -0.6259152 0.6219887
v -0.2388062 0.0648048 0.3079341
vn -0.1472149 0.3208403 0.9356225
v -0.2388062 0.0648048 0.3079341
vn -0.1752205 -0.3032204 0.9366724
v -0.2132950 0.0001859 0.3328294
vn 0.9772781 0.0066346 0.2118573
v -0.2132950 0.0001859 0.3328294
vn -0.1774901 0.3023868 0.9365146
v -0.2132950 0.0001859 0.3328294
vn 0.4684779 -0.5223697 0.7125015
v -0.2458751 0.0673111 0.3051092
vn -0.2734101 -0.6005522 0.7513881
v -0.2458751 0.0673111 0.3051092
vn -0.2673915 0.2534047 0.9296708
v -0.2458751 0.0673111 0.3051092
vn -0.1879587 0.2972454 0.9361179
v -0.1287139 0.0007130 0.3420783
vn 0.9751345 0.0117441 0.2213027
v -0.1287139 0.0007130 0.3420783
vn -0.1911523 -0.3002664 0.9345058
v -0.1287139 0.0007130 0.3420783
vn 0.9728783 0.0035288 0.2312907
v -0.1255648 -0.0011358 0.3283009
vn -0.1605550 -0.0190133 0.9868438
v -0.1255648 -0.0011358 0.3283009
vn 0.9118719 -0.0141302 0.4102317
v -0.1249323 0.0464499 0.3163756
vn -0.2520052 0.3461643 0.9036945
v -0.1249323 0.0464499 0.3163756
vn 0.5799394 0.3511766 0.7350819
v -0.1262878 -0.0618970 0.3224573
vn -0.1669518 -0.2912885 0.9419544
v -0.1262878 -0.0618970 0.3224573
vn -0.1246604 -0.4537674 0.8823575
v -0.1262878 -0.0618970 0.3224573
vn 0.9467450 -0.0419666 0.3192376
v -0.1262878 -0.0618970 0.3224573
vn 0.5072668 -0.4711897 0.7215682
v -0.1274727 0.0628785 0.3225880
vn -0.1500313 0.3918890 0.9076970
v -0.1274727 0.0628785 0.3225880
vn 0.8161044 -0.0924288 0.5704653
v -0.1274727 0.0628785 0.3225880
vn -0.9998062 -0.0102141 0.0168300
v -0.1981187 0.0004003 0.3192078
vn -0.1296120 -0.0118533 0.9914940
v -0.1981187 0.0004003 0.3192078
vn -0.1600241 0.2987614 0.9408156
v -0.1980245 0.0006944 0.3329672
vn -0.1711409 -0.2979253 0.9391227
v -0.1980245 0.0006944 0.3329672
vn -0.9999269 -0.0098218 0.0070588
v -0.1980245 0.0006944 0.3329672
vn -0.2253517 0.0171380 0.9741268
v -0.1972083 -0.0531279 0.3047781
vn -0.9831470 0.0322338 0.1799526
v -0.1972083 -0.0531279 0.3047781
vn -0.1357713 0.3153750 0.9392044
v -0.1972965 0.0641897 0.3129277
vn -0.8250663 -0.3620911 0.4337690
v -0.1972965 0.0641897 0.3129277
vn -0.1476332 0.0512439 0.9877138
v -0.2530052 0.0021056 0.3109965
vn 0.9533070 -0.0228963 0.3011339
v -0.2530052 0.0021056 0.3109965
vn 0.9479879 0.0536799 0.3137473
v -0.2530052 0.0021056 0.3109965
vn 0.9494347 -0.0300404 0.3125243
v -0.2569100 0.0018962 0.3233424
vn -0.3370214 0.0990764 0.9362695
v -0.2569100 0.0018962 0.3233424
vn -0.2431954 -0.2356035 0.9409288
v -0.2569100 0.0018962 0.3233424
vn 0.9518421 0.0530793 0.3019590
v -0.2569100 0.0018962 0.3233424
vn -0.0548853 -0.0099478 0.9984432
v -0.2502791 0.0529128 0.2974490
vn 0.8520690 -0.0985179 0.5140747
v -0.2502791 0.0529128 0.2974490
vn 0.8487972 0.0499757 0.5263515
v -0.2484716 -0.0543315 0.2968198
vn -0.1010036 0.0935144 0.9904814
v -0.2484716 -0.0543315 0.2968198
vn -0.0691436 -0.2650355 0.9617564
v -0.2515541 -0.0321679 0.3037973
vn 0.9287720 -0.0481187 0.3675151
v -0.2515541 -0.0321679 0.3037973
vn 0.6876690 0.3411816 0.6408638
v -0.2499807 -0.0670014 0.3051843
vn -0.1198148 -0.2599971 0.9581472
v -0.2499807 -0.0670014 0.3051843
vn 0.8099653 0.1651825 0.5627353
v -0.2548382 -0.0621847 0.3078322
vn -0.1971780 -0.4015182 0.8943735
v -0.2548382 -0.0621847 0.3078322
vn -0.4427566 -0.5589051 -0.7011360
v -0.2624494 -0.0758141 0.2939380
vn 0.2229040 0.1476261 0.9635976
v -0.2624494 -0.0758141 0.2939380
vn -0.8125921 -0.4184807 0.4056699
v -0.2624494 -0.0758141 0.2939380
vn -0.1085138 0.5180916 0.8484138
v -0.2624494 -0.0758141 0.2939380
vn 0.0141277 -0.9800917 -0.1980423
v -0.2624494 -0.0758141 0.2939380
vn 0.0470145 -0.2792895 0.9590552
v -0.2624494 -0.0758141 0.2939380
vn 0.8020504 -0.5935454 0.0664759
v -0.2624494 -0.0758141 0.2939380
vn -0.3394812 -0.6653209 0.6649065
v -0.0360303 -0.0779534 0.3242038
vn -0.0821309 -0.5298727 0.8440910
v -0.0360303 -0.0779534 0.3242038
vn 0.0357104 -0.9419929 -0.3337277
v -0.0360303 -0.0779534 0.3242038
vn -0.8193737 -0.2542546 0.5137911
v -0.3591938 -0.0378039 0.1887349
vn -0.9966114 -0.0798856 -0.0195962
v -0.3591938 -0.0378039 0.1887349
vn -0.9375260 -0.3441791 -0.0508511
v -0.3591938 -0.0378039 0.1887349
vn -0.5893312 -0.0531928 0.8061385
v -0.3591938 -0.0378039 0.1887349
vn -0.6200097 0.0118129 0.7845052
v -0.3631795 0.0123034 0.1871680
vn -0.9963202 0.0820782 -0.0246827
v -0.3631795 0.0123034 0.1871680
vn -0.1297209 -0.1331671 0.9825676
v -0.0364823 0.0795834 0.3246977
vn -0.0935689 0.6548511 0.7499433
v -0.0364823 0.0795834 0.3246977
vn -0.0611123 0.5481615 0.8341368
v -0.0364823 0.0795834 0.3246977
vn -0.7539744 0.2360675 0.6130210
v -0.0364823 0.0795834 0.3246977
vn 0.6246859 0.0505932 0.7792355
v -0.2930546 -0.0029744 0.3070938
vn -0.9811748 -0.1854900 0.0537532
v -0.2930546 -0.0029744 0.3070938
vn -0.5506214 -0.0165542 0.8345910
v -0.2930546 -0.0029744 0.3070938
vn 0.4421023 0.0094674 0.8969147
v -0.2930546 -0.0029744 0.3070938
vn -0.8133791 -0.2289205 0.5347990
v -0.2837547 -0.0616944 0.2961032
vn 0.5146583 0.0266473 0.8569813
v -0.2837547 -0.0616944 0.2961032
vn -0.6459330 -0.1169597 0.7543812
v -0.2943554 -0.0175801 0.3079011
vn 0.7081924 -0.0240806 0.7056088
v -0.2943554 -0.0175801 0.3079011
vn -0.1059888 -0.5777695 0.8092892
v -0.2115369 -0.0638902 0.3124156
vn -0.1641839 -0.2990848 0.9399958
v -0.2115369 -0.0638902 0.3124156
vn 0.7078518 0.3637347 0.6055105
v -0.2115369 -0.0638902 0.3124156
vn -0.7093879 0.3997480 0.5804915
v -0.2006595 -0.0680742 0.3108531
vn 0.3429472 0.6321121 0.6948537
v -0.2006595 -0.0680742 0.3108531
vn -0.1379405 -0.4033163 0.9046040
v -0.2006595 -0.0680742 0.3108531
vn 0.9742737 0.0101275 0.2251408
v -0.2100160 0.0011050 0.3176751
vn -0.1273527 0.0129091 0.9917735
v -0.2100160 0.0011050 0.3176751
vn 0.9519954 0.0633630 0.2994828
v -0.2090032 0.0523455 0.3036143
vn 0.0654813 -0.0730950 0.9951731
v -0.2090032 0.0523455 0.3036143
vn -0.4851093 -0.5633065 0.6688460
v -0.2666071 -0.0765118 0.2971197
vn -0.4427567 -0.5589051 -0.7011361
v -0.2666071 -0.0765118 0.2971197
vn 0.0139267 -0.9803512 -0.1967680
v -0.2666071 -0.0765118 0.2971197
vn -0.1876276 -0.4825731 0.8555228
v -0.2666071 -0.0765118 0.2971197
vn -0.9566196 -0.0754249 -0.2814074
v -0.2786177 -0.0607652 0.3016703
vn -0.4851093 -0.5633065 0.6688460
v -0.2786177 -0.0607652 0.3016703
vn -0.2555615 -0.3181821 0.9129340
v -0.2786177 -0.0607652 0.3016703
vn -0.2343489 0.0687849 0.9697161
v -0.2071750 -0.0553702 0.3025119
vn 0.8469881 0.1568194 0.5079557
v -0.2071750 -0.0553702 0.3025119
vn -0.9627671 -0.1112845 0.2463643
v -0.1987097 0.0561600 0.3037786
vn 0.0390187 -0.1466926 0.9884123
v -0.1987097 0.0561600 0.3037786
vn -0.9938167 -0.0387124 0.1040667
v -0.2392353 -0.0554035 0.2978629
vn -0.1030285 0.2096532 0.9723326
v -0.2392353 -0.0554035 0.2978629
vn -0.4851092 -0.5633065 0.6688460
v -0.2766011 -0.0682405 0.2968372
vn 0.0601238 -0.2584051 0.9641638
v -0.2766011 -0.0682405 0.2968372
vn -0.4427566 -0.5589051 -0.7011360
v -0.2766011 -0.0682405 0.2968372
vn -0.9562593 -0.0752159 -0.2826850
v -0.2766011 -0.0682405 0.2968372
vn 0.0490814 -0.2369363 0.9702846
v -0.2812924 -0.0680846 0.2971127
vn -0.8722343 -0.2242036 0.4346725
v -0.2812924 -0.0680846 0.2971127
vn 0.2118096 0.2315895 0.9494752
v -0.2812924 -0.0680846 0.2971127
vn 0.1058913 -0.0136540 0.9942840
v -0.2812924 -0.0680846 0.2971127
vn 0.2229041 0.1476262 0.9635976
v -0.2812924 -0.0680846 0.2971127
vn 0.3359813 -0.1206403 0.9341105
v -0.2897119 -0.0223673 0.3082716
vn -0.4880129 -0.0311425 0.8722808
v -0.2897119 -0.0223673 0.3082716
vn -0.9843624 -0.1719825 -0.0381149
v -0.2897119 -0.0223673 0.3082716
vn -0.1178654 -0.4266211 0.8967175
v -0.0046566 -0.0606851 0.3337820
vn 0.0338065 -0.6648855 0.7461799
v -0.0046566 -0.0606851 0.3337820
vn 0.2870729 -0.3248214 0.9011550
v -0.0046566 -0.0606851 0.3337820
vn -0.9218997 -0.1457873 0.3589527
v -0.0046566 -0.0606851 0.3337820
vn 0.0629852 -0.6720086 0.7378600
v -0.0133833 -0.0650345 0.3305657
vn -0.1178654 -0.4266211 0.8967174
v -0.0133833 -0.0650345 0.3305657
vn 0.9346376 -0.2630008 0.2393390
v -0.0133833 -0.0650345 0.3305657
vn -0.1300786 -0.0141219 0.9914031
v -0.1674941 0.0003428 0.3226894
vn 0.9759724 0.0168853 0.2172394
v -0.1674941 0.0003428 0.3226894
vn -0.1326580 0.0222381 0.9909124
v -0.1545383 0.0017572 0.3243810
vn -0.9988894 -0.0056089 0.0467824
v -0.1545383 0.0017572 0.3243810
vn -0.9948939 0.0246793 0.0978628
v -0.1547099 0.0558072 0.3090058
vn -0.2415527 -0.1559701 0.9577712
v -0.1547099 0.0558072 0.3090058
vn -0.9991753 -0.0078613 0.0398389
v -0.1540302 0.0008622 0.3369477
vn -0.1825302 0.2953109 0.9378029
v -0.1540302 0.0008622 0.3369477
vn -0.1835745 -0.2974730 0.9369153
v -0.1540302 0.0008622 0.3369477
vn -0.0670160 -0.0080356 0.9977196
v -0.0152612 -0.0023574 0.3573404
vn 0.8781577 -0.0534336 0.4753775
v -0.0152612 -0.0023574 0.3573404
vn 0.8446681 0.0426573 0.5335881
v -0.0152612 -0.0023574 0.3573404
vn -0.1192282 -0.2306851 0.9656962
v -0.0147168 -0.0313806 0.3530723
vn 0.9015571 -0.0980608 0.4214012
v -0.0147168 -0.0313806 0.3530723
vn -0.1907789 -0.1429441 0.9711696
v -0.0115882 -0.0336339 0.3457408
vn 0.9053739 -0.1349378 0.4026040
v -0.0115882 -0.0336339 0.3457408
vn 0.2870727 -0.3248216 0.9011549
v -0.0115882 -0.0336339 0.3457408
vn -0.1178652 -0.4266212 0.8967174
v -0.0115882 -0.0336339 0.3457408
vn 0.9447345 -0.1906062 0.2667325
v -0.0154627 -0.0581706 0.3438174
vn -0.0355048 -0.4575853 0.8884566
v -0.0154627 -0.0581706 0.3438174
vn -0.0885282 -0.6208127 0.7789445
v -0.0171244 -0.0760569 0.3319085
vn 0.9298555 -0.3202051 0.1812110
v -0.0171244 -0.0760569 0.3319085
vn -0.9787034 0.1357228 0.1540098
v -0.2899552 0.0166144 0.3095272
vn -0.1478365 -0.0327626 0.9884691
v -0.2899552 0.0166144 0.3095272
vn 0.4037093 0.1184976 0.9071809
v -0.2899552 0.0166144 0.3095272
vn -0.2387090 0.0582058 -0.9693452
v -0.3606369 -0.0100164 0.1895135
vn -0.7751788 -0.1031645 -0.6232615
v -0.3606369 -0.0100164 0.1895135
vn -0.8762233 -0.0541719 0.4788511
v -0.3606369 -0.0100164 0.1895135
vn -0.3087907 -0.1642906 -0.9368334
v -0.3607028 -0.0302719 0.1929481
vn -0.9803395 -0.1813637 0.0777287
v -0.3607028 -0.0302719 0.1929481
vn -0.3814991 -0.0897960 0.9199973
v -0.2836038 -0.0253953 0.3096093
vn -0.9700501 -0.0817562 -0.2287332
v -0.2836038 -0.0253953 0.3096093
vn -0.2465284 -0.2381368 0.9394225
v -0.2836038 -0.0253953 0.3096093
vn 0.7274464 -0.2934335 0.6202568
v -0.2551510 0.0619095 0.3072481
vn -0.2212250 0.2586514 0.9402972
v -0.2551510 0.0619095 0.3072481
vn -0.1729392 0.4864107 0.8564442
v -0.2551510 0.0619095 0.3072481
vn -0.7765822 0.1118767 0.6200030
v -0.3575887 0.0298166 0.1911546
vn -0.6091099 0.0139434 0.7929632
v -0.3575887 0.0298166 0.1911546
vn -0.6224053 0.1775986 -0.7622798
v -0.3575887 0.0298166 0.1911546
vn -0.0429160 -0.4389565 0.8974828
v -0.0312477 -0.0594600 0.3357415
vn -0.9270151 -0.1194841 0.3554809
v -0.0312477 -0.0594600 0.3357415
vn -0.9972118 0.0717839 -0.0203909
v -0.2853326 0.0063522 0.3119912
vn -0.3604152 0.0704911 0.9301246
v -0.2853326 0.0063522 0.3119912
vn 0.4238021 0.1116342 0.8988490
v -0.2857422 -0.0000152 0.3096061
vn -0.9244025 0.0439731 -0.3788750
v -0.2857422 -0.0000152 0.3096061
vn -0.9588302 -0.0560532 0.2783931
v -0.2857422 -0.0000152 0.3096061
vn -0.0922139 -0.0430200 0.9948095
v -0.2857422 -0.0000152 0.3096061
vn -0.5370880 -0.3032278 -0.7871401
v -0.3492917 -0.0581173 0.1944741
vn -0.5797519 -0.0528895 0.8130747
v -0.3492917 -0.0581173 0.1944741
vn -0.8048599 -0.2464858 0.5398569
v -0.3492917 -0.0581173 0.1944741
vn -0.9961607 0.0383252 0.0787091
v -0.3638571 0.0061966 0.1912800
vn -0.8059307 -0.0964248 -0.5841045
v -0.3638571 0.0061966 0.1912800
vn -0.2614856 0.0642836 -0.9630644
v -0.3638571 0.0061966 0.1912800
vn -0.6874602 0.4042724 -0.6032929
v -0.3577006 0.0437977 0.1947009
vn -0.3336051 0.2292658 -0.9144096
v -0.3577006 0.0437977 0.1947009
vn -0.9632464 0.2551621 0.0839566
v -0.3577006 0.0437977 0.1947009
vn -0.8758396 0.1889231 0.4440869
v -0.3542485 0.0350732 0.2521588
vn -0.9231836 0.3772652 0.0735054
v -0.3430783 0.0783181 0.2011712
vn -0.8468409 0.5267261 0.0736226
v -0.3430783 0.0783181 0.2011712
vn -0.2971303 0.4654693 -0.8336978
v -0.3430783 0.0783181 0.2011712
vn -0.7998007 0.2933620 0.5236962
v -0.3436897 0.0666987 0.2531298
vn -0.7890372 0.5793957 0.2042575
v -0.3436897 0.0666987 0.2531298
vn -0.2876500 -0.3632116 -0.8861912
v -0.3495082 -0.0658415 0.1977102
vn -0.9169533 -0.3898815 0.0847894
v -0.3495082 -0.0658415 0.1977102
vn -0.4989781 -0.5417894 -0.6763765
v -0.3495082 -0.0658415 0.1977102
vn -0.8632501 -0.2384619 0.4448991
v -0.3529274 -0.0414547 0.2520484
vn 0.3746389 0.1325009 0.9176542
v -0.2861247 -0.0658981 0.2976573
vn -0.4805763 -0.5042004 0.7175155
v -0.2861247 -0.0658981 0.2976573
vn -0.9035394 -0.0034119 0.4284917
v -0.3591717 0.0001904 0.2507313
vn -0.6482818 0.1053718 0.7540740
v -0.2945070 0.0192655 0.3074065
vn 0.4096172 0.0139252 0.9121513
v -0.2945070 0.0192655 0.3074065
vn 0.7167379 0.0370139 0.6963596
v -0.2945070 0.0192655 0.3074065
vn -0.3372237 -0.8604277 0.3820266
v -0.3358876 -0.0790338 0.2539501
vn -0.7636789 -0.4292799 0.4821965
v -0.3358876 -0.0790338 0.2539501
vn -0.2689857 -0.8742748 0.4040919
v -0.2710910 -0.0949306 0.2721230
vn 0.9373425 -0.3379142 -0.0848708
v -0.2710910 -0.0949306 0.2721230
vn -0.3706067 -0.7141694 0.5938122
v -0.2710910 -0.0949306 0.2721230
vn 0.5815778 -0.4845171 0.6534604
v -0.1654534 0.0686893 0.3145061
vn -0.2780581 -0.5639167 0.7776129
v -0.1654534 0.0686893 0.3145061
vn -0.0264660 0.4475359 0.8938743
v -0.1654534 0.0686893 0.3145061
vn 0.9016702 -0.0345397 0.4310430
v -0.1662405 0.0571079 0.3066194
vn -0.2160756 -0.1562127 0.9637993
v -0.1662405 0.0571079 0.3066194
vn -0.0999447 0.5999627 0.7937607
v -0.1661911 -0.0556658 0.3070271
vn 0.9703417 -0.0512695 0.2362380
v -0.1661911 -0.0556658 0.3070271
vn -0.1277124 -0.2698598 0.9543926
v -0.1661911 -0.0556658 0.3070271
vn -0.0981315 0.3778123 0.9206672
v -0.0315612 0.0527753 0.3410738
vn -0.9802231 -0.0179383 0.1970811
v -0.0315612 0.0527753 0.3410738
vn 0.0216772 0.1110591 0.9935774
v -0.0304576 -0.0072572 0.3523119
vn -0.8921230 0.0315005 0.4506931
v -0.0304576 -0.0072572 0.3523119
vn -0.0140886 -0.2594126 0.9656639
v -0.0304576 -0.0072572 0.3523119
vn -0.8800902 -0.1051747 0.4630115
v -0.0304576 -0.0072572 0.3523119
vn -0.8488907 -0.3817219 0.3656133
v -0.2619373 -0.0888926 0.2814722
vn -0.0848273 -0.8061075 0.5856580
v -0.2619373 -0.0888926 0.2814722
vn 0.0991774 -0.6141742 -0.7829137
v -0.2619373 -0.0888926 0.2814722
vn 0.0984429 -0.5224038 -0.8469967
v -0.2619373 -0.0888926 0.2814722
vn -0.7965347 -0.4331877 0.4217594
v -0.2598724 -0.0785846 0.2959595
vn -0.1318714 -0.0832885 0.9877616
v -0.2598724 -0.0785846 0.2959595
vn 0.9050270 -0.4043687 0.1319552
v -0.0213939 -0.0905326 0.3168315
vn -0.5277359 -0.8118577 0.2497638
v -0.0213939 -0.0905326 0.3168315
vn -0.5205401 -0.0576173 0.8518911
v -0.0282422 -0.0069751 0.3564313
vn -0.6365578 -0.4646049 0.6155783
v -0.0313554 -0.0772521 0.3291913
vn -0.0924179 -0.6378433 0.7646012
v -0.0313554 -0.0772521 0.3291913
vn -0.6099851 0.1901634 0.7692568
v -0.0293115 0.0402075 0.3512629
vn -0.4482549 0.4432558 0.7762679
v -0.0296534 0.0680646 0.3395803
vn 0.9285133 0.3203895 0.1876531
v -0.0186014 0.0804535 0.3311056
vn -0.1390480 0.6608822 0.7374960
v -0.0186014 0.0804535 0.3311056
vn -0.1131383 0.1613181 0.9803960
v -0.0152121 0.0302854 0.3546529
vn 0.9063211 0.0924740 0.4123478
v -0.0152121 0.0302854 0.3546529
vn -0.7641491 -0.2897425 0.5763032
v -0.0285833 -0.0546399 0.3451114
vn -0.0437916 -0.3000453 0.9529194
v -0.0285833 -0.0546399 0.3451114
vn -0.0142043 0.9930256 -0.1170408
v -0.1055174 0.0800800 0.3156509
vn -0.1297209 -0.1331671 0.9825676
v -0.1055174 0.0800800 0.3156509
vn -0.0935684 0.6548509 0.7499435
v -0.1055174 0.0800800 0.3156509
vn -0.0982631 0.7147710 0.6924210
v -0.1055174 0.0800800 0.3156509
vn 0.3090749 0.4889433 0.8157250
v -0.1159097 -0.0575854 0.3122098
vn -0.2035559 -0.4146199 0.8869359
v -0.1159097 -0.0575854 0.3122098
vn -0.1003896 -0.5065337 0.8563560
v -0.1179617 -0.0678895 0.3205518
vn -0.1246005 -0.4496329 0.8844802
v -0.1179617 -0.0678895 0.3205518
vn 0.1924824 0.5940253 0.7810791
v -0.1179617 -0.0678895 0.3205518
vn -0.2307516 0.1335834 0.9637994
v -0.2540742 -0.0946620 0.2757907
vn -0.1051627 -0.7535010 0.6489816
v -0.2540742 -0.0946620 0.2757907
vn -0.7874906 -0.1845664 0.5880424
v -0.2540742 -0.0946620 0.2757907
vn -0.4428221 -0.2468816 -0.8619502
v -0.3592601 -0.0314768 0.1663100
vn -0.9415434 -0.3249495 -0.0889040
v -0.3592601 -0.0314768 0.1663100
vn -0.9966848 -0.0776394 -0.0243246
v -0.3592601 -0.0314768 0.1663100
vn -0.6086460 -0.0628693 -0.7909472
v -0.3592601 -0.0314768 0.1663100
vn -0.5677131 -0.1436903 0.8105893
v -0.3398986 -0.0836056 0.1968409
vn -0.8541785 -0.5198092 0.0133223
v -0.3398986 -0.0836056 0.1968409
vn -0.0667934 0.0587741 0.9960343
v 0.0951472 0.0028421 0.3548796
vn -0.1047101 0.3630234 0.9258779
v 0.0951472 0.0028421 0.3548796
vn 0.0263077 0.0808170 0.9963817
v 0.0951472 0.0028421 0.3548796
vn 0.8199625 -0.0953821 0.5644146
v 0.1053525 0.0009176 0.3567882
vn -0.1047101 0.3630234 0.9258779
v 0.1053525 0.0009176 0.3567882
vn -0.1047101 0.3630235 0.9258779
v 0.0864373 -0.0010650 0.3554264
vn -0.2598614 0.0798169 0.9623416
v 0.0864373 -0.0010650 0.3554264
vn -0.2073593 -0.4867891 0.8485509
v 0.0864373 -0.0010650 0.3554264
vn -0.0438327 -0.2467861 0.9680781
v 0.0864373 -0.0010650 0.3554264
vn -0.1139392 0.2881969 0.9507684
v 0.0865014 0.0093089 0.3545833
vn -0.2598613 0.0798169 0.9623417
v 0.0865014 0.0093089 0.3545833
vn 0.0263077 0.0808170 0.9963818
v 0.0865014 0.0093089 0.3545833
vn -0.0283968 0.0078247 0.9995662
v 0.0865014 0.0093089 0.3545833
vn -0.0272011 -0.0108428 0.9995712
v 0.1053058 0.0105137 0.3551081
vn -0.0254095 -0.0127654 0.9995956
v 0.1053058 0.0105137 0.3551081
vn 0.0205516 0.1061288 0.9941400
v 0.1053058 0.0105137 0.3551081
vn -0.0564726 -0.0019439 0.9984023
v 0.1040292 -0.0064135 0.3548594
vn -0.0254093 -0.0127652 0.9995957
v 0.1040292 -0.0064135 0.3548594
vn -0.1367651 -0.1629181 0.9771147
v 0.1040292 -0.0064135 0.3548594
vn 0.1280661 -0.2738999 0.9531936
v 0.1040292 -0.0064135 0.3548594
vn 0.2286974 -0.0075533 0.9734683
v 0.3236291 0.0348502 0.3387905
vn 0.2252845 0.1651113 0.9602007
v 0.4454791 0.0163762 0.3414484
vn 0.0319922 0.4601505 0.8872644
v 0.3821486 0.0133688 0.3469406
vn 0.2186284 0.5235487 0.8234674
v 0.3229761 0.0163864 0.3435672
vn 0.2796856 0.3682561 0.8866586
v 0.4500028 0.0361503 0.3351089
vn 0.0220533 0.2009945 0.9793441
v 0.3157644 0.0130747 0.3491029
vn 0.1622975 0.5919170 0.7894896
v 0.2945189 0.0512316 0.3332978
vn -0.2651148 0.4526581 0.8513606
v 0.2945189 0.0512316 0.3332978
vn 0.2456463 0.6359673 0.7315761
v 0.4491888 0.0521226 0.3255571
vn 0.1879115 -0.1711614 0.9671572
v 0.4456868 -0.0053109 0.3414084
vn 0.0248240 -0.1849991 0.9824252
v 0.3155593 -0.0038381 0.3488230
vn 0.0594286 0.6346991 0.7704708
v 0.3167721 0.0579686 0.3322077
vn 0.0549312 -0.4304373 0.9009475
v 0.3967199 -0.0031428 0.3463349
vn 0.0115589 0.2902779 0.9568726
v 0.3169904 0.0415657 0.3417223
vn -0.2660671 -0.0483544 0.9627410
v 0.2947313 -0.0041758 0.3460692
vn -0.0133850 -0.2743956 0.9615238
v 0.2947313 -0.0041758 0.3460692
vn 0.4603871 0.1357700 0.8772744
v 0.4685769 0.0096651 0.3318978
vn 0.4206794 -0.0968128 0.9020289
v 0.4685769 0.0096651 0.3318978
vn 0.2637497 0.8389278 0.4760635
v 0.3261440 0.0582662 0.3234683
vn 0.2504762 0.5374695 0.8052256
v 0.3294053 0.0753467 0.3059151
vn 0.0151885 0.8143358 0.5801954
v 0.4412601 0.0540613 0.3225628
vn 0.2327165 0.6679047 0.7069275
v 0.3170858 0.0735767 0.3194954
vn 0.3782456 0.4744029 0.7949039
v 0.4694974 0.0393676 0.3214356
vn 0.9530933 0.1227612 0.2766639
v 0.4751238 0.0400552 0.3195336
vn 0.2459966 0.5549204 0.7947006
v 0.4751238 0.0400552 0.3195336
vn 0.3955488 0.2717266 0.8773288
v 0.4741401 0.0107814 0.3290438
vn 0.8213076 -0.0153923 0.5702779
v 0.4741401 0.0107814 0.3290438
vn 0.4730365 0.6495458 0.5952535
v 0.4699232 0.0613336 0.2995034
vn 0.5536046 0.7891270 0.2660840
v 0.4699232 0.0613336 0.2995034
vn 0.4647813 0.8422477 0.2731248
v 0.4699232 0.0613336 0.2995034
vn 0.4456940 0.7942050 0.4130321
v 0.4699232 0.0613336 0.2995034
vn 0.5055832 0.6536615 0.5631274
v 0.4778172 0.0580335 0.2962467
vn 0.9646051 0.1716917 0.2001477
v 0.4778172 0.0580335 0.2962467
vn 0.4800842 0.8362598 0.2649315
v 0.4778172 0.0580335 0.2962467
vn -0.1782897 0.1569658 0.9713777
v 0.2936077 0.0196932 0.3445193
vn -0.7359676 -0.1437428 0.6615812
v 0.2886241 -0.0121919 0.3436966
vn -0.3809382 0.0357009 0.9239110
v 0.2886241 -0.0121919 0.3436966
vn -0.0498481 -0.2843299 0.9574298
v 0.2886241 -0.0121919 0.3436966
vn 0.0152987 0.2811954 0.9595286
v 0.2883098 0.0271202 0.3426993
vn -0.7498146 0.1837142 0.6356314
v 0.2883098 0.0271202 0.3426993
vn -0.7113817 0.6300427 0.3114201
v 0.2923681 0.0851370 0.3002000
vn 0.0447045 0.8462930 0.5308387
v 0.2923681 0.0851370 0.3002000
vn 0.0049307 -0.6967710 0.7172768
v 0.4478008 -0.0404983 0.3263487
vn 0.4626212 -0.5112733 0.7242798
v 0.4478008 -0.0404983 0.3263487
vn -0.0316823 -0.7730985 0.6334943
v 0.4516593 -0.0505966 0.3148007
vn 0.4599951 -0.7521254 0.4719236
v 0.4516593 -0.0505966 0.3148007
vn 0.4922502 -0.7124876 0.5000513
v 0.4516593 -0.0505966 0.3148007
vn 0.4598099 -0.5866495 0.6666464
v 0.4516593 -0.0505966 0.3148007
vn 0.3181044 -0.8616484 0.3954385
v 0.4504257 -0.0631327 0.2960237
vn 0.4491320 -0.4313884 0.7824222
v 0.4689674 -0.0206230 0.3258250
vn 0.4775667 -0.3604594 0.8012485
v 0.4689674 -0.0206230 0.3258250
vn 0.4579454 -0.6879445 0.5630438
v 0.4711501 -0.0400552 0.3106337
vn 0.4798320 -0.5316316 0.6979464
v 0.4711501 -0.0400552 0.3106337
vn 0.4063503 -0.0643851 0.9114462
v 0.4557436 0.0007741 0.3390774
vn -0.2455585 -0.4275444 0.8700040
v 0.2951605 -0.0336916 0.3376520
vn -0.1730401 -0.2724291 0.9464880
v 0.2951605 -0.0336916 0.3376520
vn 0.2976967 -0.3343731 0.8941876
v 0.4468883 -0.0261600 0.3350308
vn 0.0714840 -0.5133122 0.8552197
v 0.4468883 -0.0261600 0.3350308
vn 0.1836746 -0.5006006 0.8459685
v 0.3242489 -0.0074024 0.3435533
vn -0.0372566 -0.5284649 0.8481373
v 0.3167974 -0.0329753 0.3418139
vn 0.0904417 -0.1095229 0.9898612
v 0.3167974 -0.0329753 0.3418139
vn 0.2515062 -0.0132088 0.9677656
v 0.3234979 -0.0258499 0.3389002
vn 0.4365714 -0.0380190 -0.8988659
v 0.3419842 0.0437877 0.1737519
vn 0.4746229 0.3679832 -0.7995758
v 0.4647246 0.0362755 0.1995114
vn 0.4349982 0.4987934 -0.7496545
v 0.3431168 0.0234267 0.1668616
vn 0.4275442 0.1957005 -0.8825573
v 0.4633189 0.0180262 0.1930336
vn 0.2337694 0.1411798 -0.9619877
v 0.4216402 0.0437417 0.1888632
vn 0.2652656 0.3550162 -0.8964362
v 0.3362460 0.0498339 0.1690232
vn 0.2481742 0.2281091 -0.9414753
v 0.3378960 0.0176668 0.1580746
vn 0.2428288 0.4821878 -0.8417418
v 0.4160827 0.0169926 0.1776208
vn 0.1792684 -0.8139554 -0.5525753
v 0.4099265 -0.0048565 0.1753276
vn 0.2623933 0.0198203 -0.9647575
v 0.4099265 -0.0048565 0.1753276
vn 0.5833948 0.1382777 -0.8003311
v 0.4725477 0.0068043 0.1976235
vn 0.6948784 -0.1146076 -0.7099360
v 0.4725477 0.0068043 0.1976235
vn 0.2470184 0.6694115 -0.7006212
v 0.3362202 0.0572309 0.1737858
vn 0.7588816 0.3787954 -0.5297289
v 0.4836192 0.0333342 0.2169923
vn 0.6723799 0.3014734 -0.6760319
v 0.4836192 0.0333342 0.2169923
vn 0.6730390 0.2304874 -0.7027761
v 0.4843709 0.0132723 0.2107821
vn 0.6840040 0.2389781 -0.6892228
v 0.4843709 0.0132723 0.2107821
vn 0.6830342 -0.0471434 -0.7288634
v 0.4843709 0.0132723 0.2107821
vn 0.4087363 0.4939064 -0.7674575
v 0.3397464 0.0744495 0.1993214
vn 0.2740423 0.6227254 -0.7328806
v 0.3322854 0.0839047 0.1997847
vn 0.1059699 0.8975454 -0.4279985
v 0.3322854 0.0839047 0.1997847
vn 0.3511814 0.5988659 -0.7197439
v 0.4630575 0.0503712 0.2079183
vn 0.6605420 0.5525906 -0.5082598
v 0.4630575 0.0503712 0.2079183
vn 0.1120184 0.8501732 -0.5144488
v 0.3084230 0.0868907 0.2030529
vn 0.0280056 0.9103225 -0.4129511
v 0.3084230 0.0868907 0.2030529
vn 0.2032796 0.8102471 -0.5497065
v 0.4346637 0.0510915 0.1978266
vn 0.3714276 0.8515108 -0.3700959
v 0.3419583 0.0565845 0.1826594
vn 0.0690024 0.5078366 -0.8586854
v 0.3127885 0.0493671 0.1666494
vn 0.0822992 0.2340209 -0.9687421
v 0.3133124 0.0288692 0.1583253
vn 0.3273748 0.3671987 -0.8706267
v 0.3081012 0.0401522 0.1603061
vn -0.5292907 0.2911026 -0.7969382
v 0.3081012 0.0401522 0.1603061
vn 0.0815679 0.6802068 -0.7284679
v 0.3113569 0.0697455 0.1807256
vn 0.1680139 -0.0053577 -0.9857701
v 0.3146811 0.0027624 0.1548894
vn -0.5492287 0.5448876 -0.6335971
v 0.3060137 0.0704346 0.1808446
vn 0.0736835 0.6949764 -0.7152473
v 0.3060137 0.0704346 0.1808446
vn 0.2150335 -0.0345360 -0.9759958
v 0.3095594 0.0015129 0.1536138
vn -0.5016072 -0.0222953 -0.8648082
v 0.3095594 0.0015129 0.1536138
vn 0.1220174 0.9196138 -0.3733929
v 0.3060662 0.0963109 0.2254835
vn -0.0521620 0.9565440 -0.2868844
v 0.3060662 0.0963109 0.2254835
vn -0.0584690 -0.2288426 -0.9717060
v 0.3086685 -0.0338898 0.1620050
vn -0.5326523 -0.3054889 -0.7892770
v 0.3086685 -0.0338898 0.1620050
vn 0.5607169 -0.4159335 -0.7159581
v 0.3086685 -0.0338898 0.1620050
vn -0.6193267 0.7141395 -0.3262505
v 0.3036463 0.0869620 0.2016677
vn -0.1463846 0.9257899 -0.3485466
v 0.3036463 0.0869620 0.2016677
vn 0.1515697 0.8516087 -0.5017861
v 0.3036463 0.0869620 0.2016677
vn -0.5557251 0.6192602 -0.5546950
v 0.3036463 0.0869620 0.2016677
vn 0.4882374 0.8544037 -0.1778167
v 0.4539763 0.0785280 0.2486176
vn 0.1787283 0.9812660 0.0719262
v 0.4539763 0.0785280 0.2486176
vn 0.4685459 0.8306993 0.3006718
v 0.4530886 0.0795400 0.2769401
vn 0.2889299 0.9513119 0.1073562
v 0.4530886 0.0795400 0.2769401
vn 0.3242156 0.9319577 0.1622934
v 0.3367709 0.0914118 0.2361299
vn 0.1208522 0.9811835 0.1505781
v 0.3253205 0.0985060 0.2716434
vn 0.3035558 0.9527986 -0.0053746
v 0.3258907 0.1009357 0.2504405
vn 0.1671668 0.9853297 -0.0343626
v 0.4229477 0.0860114 0.2797836
vn 0.1551084 0.9676980 -0.1987511
v 0.3304562 0.0966364 0.2260309
vn 0.0790735 0.6919674 0.7175852
v 0.3218031 0.0874742 0.3021550
vn 0.0511814 0.9377850 0.3434237
v 0.3218031 0.0874742 0.3021550
vn 0.3347525 0.8604605 -0.3841204
v 0.4473206 0.0812299 0.2447145
vn 0.4368207 0.8364715 -0.3309127
v 0.4473206 0.0812299 0.2447145
vn 0.0604790 0.9057090 0.4195637
v 0.4473206 0.0812299 0.2447145
vn 0.1728940 0.9184343 -0.3557897
v 0.3974966 0.0787555 0.2124511
vn 0.1988642 0.2344223 -0.9515772
v 0.3974966 0.0787555 0.2124511
vn 0.2539968 0.8521094 -0.4575973
v 0.3974966 0.0787555 0.2124511
vn 0.1109565 0.9290031 0.3530467
v 0.4009562 0.0794972 0.3038365
vn 0.0093778 0.3137992 0.9494431
v 0.4009562 0.0794972 0.3038365
vn 0.2214831 0.6923168 0.6867625
v 0.4486174 0.0695698 0.3066570
vn 0.2993392 0.8810688 0.3662156
v 0.4486174 0.0695698 0.3066570
vn 0.3291166 0.9244001 -0.1927869
v 0.3353406 0.0921137 0.2643504
vn -0.1430641 0.9897051 0.0040601
v 0.3030816 0.0999338 0.2528034
vn -0.1661639 0.8440035 0.5099487
v 0.3001423 0.0933180 0.2854251
vn -0.1602617 0.9362922 0.3125273
v 0.3001423 0.0933180 0.2854251
vn -0.2229641 0.7411681 0.6332116
v 0.2969058 0.0746701 0.3152342
vn -0.1338787 0.7336843 0.6661711
v 0.2969058 0.0746701 0.3152342
vn 0.0605262 0.9862846 -0.1535559
v 0.3001379 0.0980634 0.2326280
vn -0.6426430 0.7409255 -0.1950367
v 0.3001379 0.0980634 0.2326280
vn -0.6790231 0.7319025 0.0569765
v 0.2966047 0.0983967 0.2671615
vn 0.1343261 0.9698591 0.2032976
v 0.2966047 0.0983967 0.2671615
vn 0.9066356 -0.0062333 0.4218686
v 0.2574572 -0.0005487 0.3608610
vn 0.1816700 -0.0377400 0.9826351
v 0.2574572 -0.0005487 0.3608610
vn 0.0487410 -0.0048503 0.9987997
v 0.2218763 0.0028640 0.3676550
vn -0.2073794 -0.2577640 0.9436904
v 0.1670636 -0.0283727 0.3599241
vn 0.0109028 -0.4008574 0.9160756
v 0.2043707 -0.0477336 0.3548928
vn 0.0119216 0.6986977 0.7153177
v 0.2170438 -0.0435947 0.3522629
vn 0.1419154 0.0496422 0.9886333
v 0.2170438 -0.0435947 0.3522629
vn 0.0864885 -0.5039034 0.8594191
v 0.2077768 -0.0265643 0.3621113
vn 0.1150432 -0.9905820 0.0742449
v 0.2077768 -0.0265643 0.3621113
vn 0.2256497 0.1525359 0.9621928
v 0.2582097 0.0231126 0.3595937
vn 0.9066358 -0.0062335 0.4218682
v 0.2582097 0.0231126 0.3595937
vn 0.2657298 0.2586160 0.9287117
v 0.2755633 0.0343877 0.3527447
vn 0.9884092 0.0081862 0.1515926
v 0.2755633 0.0343877 0.3527447
vn 0.3028398 -0.3148502 0.8995318
v 0.2580788 -0.0470737 0.3494840
vn -0.7849731 -0.4783144 0.3937417
v 0.2580788 -0.0470737 0.3494840
vn 0.2575459 -0.5109198 0.8201410
v 0.2580788 -0.0470737 0.3494840
vn -0.9294337 0.1491442 0.3375043
v 0.2506471 0.0289893 0.3590365
vn 0.1191806 0.9905599 0.0677286
v 0.2506471 0.0289893 0.3590365
vn 0.1896207 0.3280917 0.9254187
v 0.2506471 0.0289893 0.3590365
vn -0.1171751 -0.5119359 0.8509946
v 0.1638980 -0.0518898 0.3493663
vn -0.0963157 -0.4548241 0.8853578
v 0.1638980 -0.0518898 0.3493663
vn -0.0735749 0.3940817 0.9161258
v 0.2031233 0.0546467 0.3550366
vn 0.1025450 0.2039022 0.9736059
v 0.2031233 0.0546467 0.3550366
vn 0.0192909 0.2517000 0.9676131
v 0.2025227 0.0336919 0.3624330
vn 0.0814514 0.9960675 0.0348621
v 0.2025227 0.0336919 0.3624330
vn -0.1236538 0.1516523 0.9806688
v 0.1650088 0.0314684 0.3605002
vn -0.3901358 0.3042365 0.8690422
v 0.1650088 0.0314684 0.3605002
vn -0.0550950 0.5197703 0.8525277
v 0.2222017 0.0546173 0.3565705
vn 0.0370331 -0.7261946 0.6864911
v 0.2222017 0.0546173 0.3565705
vn 0.1110210 0.0780481 0.9907487
v 0.2222017 0.0546173 0.3565705
vn 0.0370331 -0.7261946 0.6864911
v 0.2163895 0.0506725 0.3527111
vn 0.1196228 -0.0648137 0.9907016
v 0.2163895 0.0506725 0.3527111
vn -0.9466977 0.1442854 0.2880020
v 0.2516096 0.0515899 0.3516999
vn 0.1794954 0.1201109 0.9763989
v 0.2516096 0.0515899 0.3516999
vn -0.1633224 0.0134982 0.9864805
v 0.1629860 0.0030152 0.3631434
vn -0.2377997 -0.2131528 0.9476377
v 0.1598298 -0.0261703 0.3575748
vn -0.0140139 -0.3100321 0.9506229
v 0.1598298 -0.0261703 0.3575748
vn -0.2625708 -0.6804431 0.6841446
v 0.1682515 -0.0706874 0.3384689
vn -0.3508823 -0.5946496 0.7233766
v 0.1682515 -0.0706874 0.3384689
vn -0.0468203 -0.5090783 0.8594459
v 0.1682515 -0.0706874 0.3384689
vn 0.9929686 0.0134201 0.1176152
v 0.2754612 -0.0174030 0.3553098
vn 0.2431691 -0.1687712 0.9551885
v 0.2754612 -0.0174030 0.3553098
vn 0.1159809 -0.9814574 0.1526102
v 0.2229959 -0.0244417 0.3641962
vn 0.0513409 -0.1458092 0.9879797
v 0.2229959 -0.0244417 0.3641962
vn 0.1194374 -0.9914968 0.0516610
v 0.2162310 -0.0257238 0.3586991
vn 0.2643973 -0.3113325 0.9127795
v 0.2162310 -0.0257238 0.3586991
vn 0.1480043 -0.2997107 0.9424799
v 0.2496094 -0.0219129 0.3546693
vn -0.9540362 -0.1501412 0.2593696
v 0.2496094 -0.0219129 0.3546693
vn 0.1028944 -0.9937731 -0.0427531
v 0.2496094 -0.0219129 0.3546693
vn 0.1429965 -0.3098039 0.9399860
v 0.2508675 -0.0404109 0.3485894
vn -0.6126310 0.3111447 0.7265482
v 0.2508675 -0.0404109 0.3485894
vn 0.2321487 -0.6286404 0.7422387
v 0.2642193 -0.0794600 0.3223831
vn -0.4161474 -0.0187834 0.9091032
v 0.2642193 -0.0794600 0.3223831
vn 0.2937872 -0.7162575 0.6329805
v 0.2642193 -0.0794600 0.3223831
vn 0.2689194 -0.9075254 -0.3226143
v 0.2642193 -0.0794600 0.3223831
vn -0.7849731 -0.4783139 0.3937422
v 0.2642193 -0.0794600 0.3223831
vn 0.1889443 -0.3309664 0.9245331
v 0.2507638 -0.0219883 0.3588718
vn -0.9445555 -0.1640706 0.2844219
v 0.2507638 -0.0219883 0.3588718
vn 0.1035221 -0.9941546 -0.0306569
v 0.2507638 -0.0219883 0.3588718
vn 0.0444511 -0.3661675 0.9294868
v 0.2240369 -0.0477641 0.3562189
vn 0.0112170 0.6999791 0.7140752
v 0.2240369 -0.0477641 0.3562189
vn -0.5419163 0.3734453 0.7529046
v 0.2532173 -0.0436378 0.3518811
vn 0.2260237 -0.3377509 0.9136945
v 0.2532173 -0.0436378 0.3518811
vn 0.1220698 -0.5833362 0.8030055
v 0.2255250 -0.0719696 0.3408295
vn -0.0292506 -0.7222434 0.6910202
v 0.2255250 -0.0719696 0.3408295
vn -0.0453712 -0.6809241 0.7309473
v 0.2255250 -0.0719696 0.3408295
vn -0.0152238 -0.7283346 0.6850526
v 0.2255250 -0.0719696 0.3408295
vn -0.9499272 0.1432351 0.2777085
v 0.2500979 0.0482003 0.3482774
vn 0.0370332 -0.7261946 0.6864911
v 0.2500979 0.0482003 0.3482774
vn 0.1114582 -0.2321605 0.9662705
v 0.2500979 0.0482003 0.3482774
vn 0.2144686 0.3020683 0.9288477
v 0.2153503 0.0327712 0.3587728
vn 0.0854431 0.9959270 0.0287913
v 0.2153503 0.0327712 0.3587728
vn 0.1165931 0.9913452 0.0603389
v 0.2491581 0.0294631 0.3547266
vn -0.9317364 0.1485585 0.3313575
v 0.2491581 0.0294631 0.3547266
vn 0.1452815 0.3136288 0.9383658
v 0.2491581 0.0294631 0.3547266
vn 0.1146400 0.6295643 0.7684442
v 0.2584908 0.0575872 0.3476663
vn 0.2478723 0.4551651 0.8552100
v 0.2584908 0.0575872 0.3476663
vn -0.1356529 -0.0729103 0.9880701
v 0.1504660 -0.0056739 0.3605785
vn -0.1225132 -0.0018397 0.9924653
v 0.1504660 -0.0056739 0.3605785
vn 0.0182956 0.0497715 0.9985930
v 0.1504660 -0.0056739 0.3605785
vn -0.2314671 -0.2434273 0.9418951
v 0.1512350 -0.0266044 0.3573377
vn -0.0104922 -0.3113001 0.9502538
v 0.1512350 -0.0266044 0.3573377
vn -0.1630344 -0.0247837 0.9863091
v 0.1452002 -0.0029169 0.3596593
vn -0.1843145 -0.0244402 0.9825634
v 0.1452002 -0.0029169 0.3596593
vn -0.1483552 -0.0114515 0.9888679
v 0.1452002 -0.0029169 0.3596593
vn -0.0571328 -0.1007898 0.9932660
v 0.1464727 -0.0132622 0.3596423
vn -0.1013378 -0.2487057 0.9632633
v 0.1464727 -0.0132622 0.3596423
vn -0.1305858 -0.3604342 0.9235988
v 0.1185670 0.0106572 0.3569775
vn -0.1950151 0.0522522 0.9794074
v 0.1185670 0.0106572 0.3569775
vn -0.1069643 0.0540472 0.9927928
v 0.1185670 0.0106572 0.3569775
vn -0.0117862 -0.0069783 0.9999062
v 0.1185670 0.0106572 0.3569775
vn -0.1092848 -0.0095554 0.9939646
v 0.1250225 -0.0032236 0.3569566
vn -0.0033817 0.0321393 0.9994777
v 0.1252478 0.0073169 0.3566184
vn -0.1305857 -0.3604343 0.9235986
v 0.1252478 0.0073169 0.3566184
vn -0.1630345 -0.0247837 0.9863091
v 0.1252478 0.0073169 0.3566184
vn -0.0019333 0.0408771 0.9991624
v 0.1453317 0.0086321 0.3599713
vn -0.1069643 0.0540472 0.9927928
v 0.1453317 0.0086321 0.3599713
vn -0.1630345 -0.0247836 0.9863091
v 0.1453317 0.0086321 0.3599713
vn -0.1305857 -0.3604342 0.9235987
v 0.1453317 0.0086321 0.3599713
vn 0.2499080 -0.9621372 0.1088032
v 0.2208363 -0.0890316 0.3162584
vn 0.2641437 -0.9641710 -0.0245469
v 0.2527489 -0.0809813 0.3171010
vn -0.4161475 -0.0187834 0.9091032
v 0.2527489 -0.0809813 0.3171010
vn -0.9670098 -0.2469500 0.0625129
v 0.2527489 -0.0809813 0.3171010
vn 0.1819595 -0.8279677 0.5304341
v 0.2549779 -0.0954066 0.2945956
vn 0.0341907 0.2428677 0.9694567
v 0.2549779 -0.0954066 0.2945956
vn -0.9106613 -0.3952587 0.1202769
v 0.2549779 -0.0954066 0.2945956
vn -0.0232605 0.0607665 0.9978809
v 0.2226764 -0.1003209 0.2969660
vn 0.2743543 -0.8183365 0.5050299
v 0.2226764 -0.1003209 0.2969660
vn 0.0355567 0.1656226 0.9855481
v 0.2226764 -0.1003209 0.2969660
vn 0.1609598 -0.9867830 -0.0187459
v 0.2294552 -0.0897659 0.3223956
vn 0.2026024 -0.6825815 0.7021643
v 0.2294552 -0.0897659 0.3223956
vn 0.5540602 -0.6985692 -0.4527896
v 0.5245264 0.0092189 0.2907764
vn -0.1167526 -0.1305608 -0.9845419
v 0.5245264 0.0092189 0.2907764
vn 0.9942821 0.0028069 0.1067489
v 0.5245264 0.0092189 0.2907764
vn 0.9940177 0.0035051 0.1091639
v 0.5254556 0.0156767 0.2819505
vn -0.1645890 -0.9406055 0.2969374
v 0.5254556 0.0156767 0.2819505
vn 0.5540603 -0.6985691 -0.4527897
v 0.5254556 0.0156767 0.2819505
vn -0.5520725 0.1102829 0.8264707
v 0.5264944 0.0038978 0.2730649
vn 0.4905326 0.7900630 0.3676660
v 0.5264944 0.0038978 0.2730649
vn 0.9938253 0.0040023 0.1108835
v 0.5264944 0.0038978 0.2730649
vn 0.5955617 -0.4496428 0.6656784
v 0.5264944 0.0038978 0.2730649
vn 0.6959186 0.2682917 -0.6661209
v 0.5249742 -0.0015919 0.2868899
vn -0.2678656 0.9633998 -0.0104378
v 0.5249742 -0.0015919 0.2868899
vn 0.9940133 0.0035163 0.1092025
v 0.5249742 -0.0015919 0.2868899
vn 0.9926109 -0.0213241 0.1194524
v 0.2808959 -0.0680764 0.2081503
vn 0.8336120 0.4687607 0.2921551
v 0.2808959 -0.0680764 0.2081503
vn 0.9956069 -0.0289266 0.0890518
v 0.2812055 -0.0609261 0.2068543
vn -0.5961933 -0.6631249 -0.4525693
v 0.2812055 -0.0609261 0.2068543
vn 0.9770784 -0.1757172 0.1201721
v 0.2725341 -0.0666252 0.2853167
vn 0.8637276 0.4849108 -0.1372451
v 0.2725341 -0.0666252 0.2853167
vn 0.9766832 -0.1217910 0.1767964
v 0.2725341 -0.0666252 0.2853167
vn -0.8995622 -0.3100593 0.3076540
v 0.2725341 -0.0666252 0.2853167
vn -0.8995626 -0.3100589 0.3076537
v 0.2686043 -0.0136588 0.3272072
vn 0.9757151 0.0895807 -0.1998883
v 0.2686043 -0.0136588 0.3272072
vn 0.9980706 0.0319357 0.0532481
v 0.2686043 -0.0136588 0.3272072
vn 0.8977720 0.2077944 0.3883647
v 0.2841150 -0.0392208 0.1748475
vn 0.9961826 -0.0791062 0.0369116
v 0.2841150 -0.0392208 0.1748475
vn 0.7882365 -0.5898955 0.1752330
v 0.2757935 -0.0723488 0.2443969
vn 0.8611087 0.4922651 0.1271496
v 0.2757935 -0.0723488 0.2443969
vn -0.5317718 -0.8460768 0.0370524
v 0.2757935 -0.0723488 0.2443969
vn 0.9980706 0.0319360 0.0532479
v 0.2706524 -0.0476489 0.3092045
vn 0.9122666 0.3049309 -0.2734719
v 0.2706524 -0.0476489 0.3092045
vn 0.4444498 -0.2810993 -0.8505573
v 0.4625891 -0.0043806 0.1917154
vn 0.3618708 0.0376516 -0.9314677
v 0.4625891 -0.0043806 0.1917154
vn 0.6619551 -0.3170571 -0.6791837
v 0.4745915 -0.0196061 0.2051082
vn 0.4360647 -0.5906854 -0.6789244
v 0.4637665 -0.0385814 0.2081218
vn 0.4388222 -0.6823480 -0.5846676
v 0.4600860 -0.0530252 0.2218450
vn 0.3144069 -0.8499835 -0.4227014
v 0.4600860 -0.0530252 0.2218450
vn 0.2710963 -0.6426929 -0.7165561
v 0.3370905 -0.0469891 0.1734612
vn 0.4214141 -0.4615697 -0.7806175
v 0.3411880 -0.0646441 0.1997194
vn 0.3944978 -0.8278025 -0.3988918
v 0.3427467 -0.0469016 0.1826767
vn 0.2812431 -0.3537051 -0.8920735
v 0.3370454 -0.0406061 0.1693684
vn 0.0924831 -0.6754414 -0.7315913
v 0.3123138 -0.0580456 0.1788931
vn 0.4311877 -0.6432295 -0.6327187
v 0.3348849 -0.0593918 0.1828080
vn 0.0797666 -0.8489740 -0.5223796
v 0.3107409 -0.0759520 0.1996736
vn 0.0401372 -0.9066446 -0.4199818
v 0.3107409 -0.0759520 0.1996736
vn -0.4529431 -0.4052451 -0.7941152
v 0.3143810 -0.0406609 0.1663090
vn -0.0312236 -0.2240557 -0.9740761
v 0.3138602 -0.0205234 0.1585447
vn 0.0868650 -0.1574762 -0.9836950
v 0.3138602 -0.0205234 0.1585447
vn 0.1654971 -0.3575470 -0.9191142
v 0.3138602 -0.0205234 0.1585447
vn 0.3794095 -0.4814098 -0.7901222
v 0.3382073 -0.0094718 0.1589254
vn 0.1678222 -0.0620971 -0.9838596
v 0.3382073 -0.0094718 0.1589254
vn 0.4336995 -0.5144277 -0.7397763
v 0.3439385 -0.0140759 0.1675001
vn 0.3927620 -0.4001571 -0.8280172
v 0.4627458 -0.0254106 0.1992468
vn 0.4224499 0.0196527 -0.9061733
v 0.3434275 -0.0335290 0.1742434
vn 0.6689421 -0.5549185 -0.4945523
v 0.4809522 -0.0366195 0.2253122
vn 0.7471000 -0.1858433 -0.6382037
v 0.4842487 -0.0085869 0.2120815
vn 0.9993715 0.0114851 0.0335394
v 0.4899150 0.0097992 0.2150799
vn 0.7322987 0.2474452 -0.6344364
v 0.4899150 0.0097992 0.2150799
vn 0.6465354 -0.0754466 -0.7591442
v 0.4899150 0.0097992 0.2150799
vn 0.2553220 -0.5659088 -0.7839375
v 0.3072771 -0.0537820 0.1741748
vn -0.5558713 -0.5054514 -0.6599439
v 0.3072771 -0.0537820 0.1741748
vn -0.5818117 -0.6455118 -0.4947825
v 0.3057179 -0.0739822 0.1949041
vn 0.1959422 -0.8009331 -0.5657852
v 0.3057179 -0.0739822 0.1949041
vn 0.2126393 -0.8844154 -0.4154443
v 0.4101612 -0.0650665 0.2138207
vn 0.1964324 -0.1688883 -0.9658629
v 0.4101612 -0.0650665 0.2138207
vn 0.3064912 -0.6166254 -0.7251458
v 0.3334800 -0.0739073 0.1993423
vn 0.1291219 -0.8894292 -0.4384556
v 0.3334800 -0.0739073 0.1993423
vn 0.9957896 -0.0857681 0.0323581
v 0.2840531 -0.0375155 0.1812778
vn 0.9996054 -0.0232240 0.0158079
v 0.2840531 -0.0375155 0.1812778
vn -0.5702919 -0.4307846 -0.6994225
v 0.2840531 -0.0375155 0.1812778
vn -0.5240940 -0.0601939 -0.8495306
v 0.2851241 -0.0005598 0.1678402
vn 0.9989428 0.0007339 0.0459654
v 0.2851241 -0.0005598 0.1678402
vn -0.7089560 -0.6964297 0.1112077
v 0.2765981 -0.0708031 0.2511781
vn -0.5419874 -0.8356271 0.0893145
v 0.2765981 -0.0708031 0.2511781
vn 0.4324993 -0.8873112 0.1600726
v 0.2765981 -0.0708031 0.2511781
vn 0.0426888 -0.9985826 -0.0317895
v 0.3015287 -0.0890969 0.2313081
vn -0.0374353 -0.9213789 -0.3868587
v 0.3015287 -0.0890969 0.2313081
vn -0.6043049 -0.7690206 -0.2083817
v 0.3015287 -0.0890969 0.2313081
vn -0.5133944 0.1328570 -0.8478061
v 0.2845003 0.0296787 0.1729565
vn 0.9935725 0.0996182 -0.0537597
v 0.2845003 0.0296787 0.1729565
vn -0.5606062 0.3661660 -0.7427268
v 0.2845003 0.0296787 0.1729565
vn -0.5545766 0.4733482 -0.6843875
v 0.2829733 0.0498413 0.1840492
vn 0.9961782 0.0190192 0.0852494
v 0.2829733 0.0498413 0.1840492
vn -0.5703877 0.5860485 -0.5755041
v 0.2805319 0.0676422 0.2032564
vn 0.9939789 0.0223809 0.1072628
v 0.2805319 0.0676422 0.2032564
vn -0.6094390 0.7178093 -0.3366513
v 0.2805319 0.0676422 0.2032564
vn 0.2373307 0.9230539 0.3027305
v 0.5291051 0.0195142 0.2860655
vn 0.9838185 0.0396855 0.1747178
v 0.5291051 0.0195142 0.2860655
vn 0.3054948 0.9442992 -0.1223607
v 0.5306832 0.0186118 0.2771806
vn 0.9905339 0.0017039 0.1372581
v 0.5306832 0.0186118 0.2771806
vn 0.4394044 0.6053972 -0.6636400
v 0.5306832 0.0186118 0.2771806
vn 0.3690382 0.8214111 -0.4348501
v 0.4867827 0.0285098 0.2586210
vn 0.3536988 -0.6327310 0.6888750
v 0.4867827 0.0285098 0.2586210
vn 0.4293693 -0.8483152 0.3098442
v 0.4867827 0.0285098 0.2586210
vn 0.7751753 0.3809256 0.5039833
v 0.4848913 0.0272973 0.2889360
vn 0.4343535 0.8086505 0.3967637
v 0.4848913 0.0272973 0.2889360
vn 0.9881815 0.0219337 0.1517114
v 0.5293148 -0.0068282 0.2854666
vn 0.9917174 0.0021149 0.1284218
v 0.5293148 -0.0068282 0.2854666
vn 0.2877458 -0.9254799 0.2463523
v 0.5293148 -0.0068282 0.2854666
vn 0.2279693 0.8086371 -0.5423431
v 0.4832005 -0.0133431 0.2934882
vn 0.1387815 -0.5207982 0.8423236
v 0.4832005 -0.0133431 0.2934882
vn 0.2632970 -0.9099596 0.3203878
v 0.4832005 -0.0133431 0.2934882
vn 0.6541951 0.4163199 -0.6314322
v 0.4832005 -0.0133431 0.2934882
vn 0.1841113 0.9816164 -0.0503216
v 0.4853621 -0.0210825 0.2724029
vn 0.6928682 -0.7091173 0.1307155
v 0.4853621 -0.0210825 0.2724029
vn 0.3856394 0.8038133 0.4529531
v 0.4853621 -0.0210825 0.2724029
vn 0.4084937 -0.8996467 -0.1541714
v 0.4891282 -0.0179630 0.2693629
vn 0.2063761 0.6200227 0.7569550
v 0.4875216 -0.0116215 0.2537751
vn 0.4375570 -0.3551647 -0.8260763
v 0.4875216 -0.0116215 0.2537751
vn 0.3448705 -0.8565107 -0.3839972
v 0.4875216 -0.0116215 0.2537751
vn -0.7893186 -0.6133931 0.0269292
v 0.2720545 -0.1059572 0.2703536
vn 0.3987348 -0.8858711 0.2371565
v 0.2720545 -0.1059572 0.2703536
vn -0.4161475 -0.0187834 0.9091032
v 0.2542457 -0.0866985 0.3176681
vn -0.9621028 -0.2638051 0.0690302
v 0.2542457 -0.0866985 0.3176681
vn 0.2406535 -0.7863280 0.5690117
v 0.2542457 -0.0866985 0.3176681
vn 0.9974916 0.0056180 0.0705619
v 0.2791891 -0.0666546 0.3288667
vn 0.3023480 -0.6410399 0.7054457
v 0.2791891 -0.0666546 0.3288667
vn 0.2785516 -0.5791425 0.7661612
v 0.2624825 -0.0642444 0.3374043
vn -0.7849731 -0.4783143 0.3937421
v 0.2624825 -0.0642444 0.3374043
vn 0.9922525 0.0096699 0.1238608
v 0.2777194 -0.0505453 0.3411536
vn 0.2942415 -0.3421634 0.8923823
v 0.2777194 -0.0505453 0.3411536
vn 0.2838438 -0.5337263 0.7965984
v 0.2777194 -0.0505453 0.3411536
vn 0.9902633 -0.0038145 0.1391546
v 0.5311088 -0.0032475 0.2732623
vn 0.3408822 -0.9057223 -0.2519257
v 0.5311088 -0.0032475 0.2732623
vn 0.4832198 -0.1996290 -0.8524359
v 0.5311088 -0.0032475 0.2732623
vn 0.9881815 0.0219337 0.1517115
v 0.5311088 -0.0032475 0.2732623
vn 0.4983121 0.2555335 -0.8284852
v 0.5311058 0.0111263 0.2706317
vn 0.9993217 0.0128320 0.0345195
v 0.5311058 0.0111263 0.2706317
vn 0.4079688 0.6913823 -0.5962818
v 0.4880076 0.0224222 0.2524006
vn 0.4381686 0.3099877 -0.8437511
v 0.4880076 0.0224222 0.2524006
vn 0.0600514 -0.4838723 0.8730759
v 0.4880076 0.0224222 0.2524006
vn 0.2821078 0.0401056 -0.9585441
v 0.4827065 0.0011131 0.3025075
vn 0.1473461 -0.2123673 0.9660172
v 0.4827065 0.0011131 0.3025075
vn 0.1471039 0.0798762 0.9858906
v 0.5277145 0.0127959 0.2948454
vn 0.1693114 0.7571084 0.6309678
v 0.5277145 0.0127959 0.2948454
vn 0.9792626 0.0528740 0.1955737
v 0.5277145 0.0127959 0.2948454
vn 0.1515663 -0.0413848 0.9875804
v 0.5281525 0.0020031 0.2955701
vn 0.9936818 0.0141518 0.1113378
v 0.5281525 0.0020031 0.2955701
vn 0.2162917 -0.7226336 0.6565201
v 0.5281525 0.0020031 0.2955701
vn 0.3251569 -0.9092121 0.2600125
v 0.4779385 0.0486089 0.2595613
vn 0.3679767 0.9084220 -0.1984005
v 0.4779385 0.0486089 0.2595613
vn 0.3297949 0.7514634 0.5714352
v 0.4886445 0.0453266 0.2839706
vn 0.9655449 0.2024171 0.1635555
v 0.4886445 0.0453266 0.2839706
vn 0.2710931 0.9531397 0.1342880
v 0.4886445 0.0453266 0.2839706
vn 0.3852494 0.8867119 -0.2555875
v 0.4919342 0.0433063 0.2604094
vn 0.9781995 0.1837081 0.0968347
v 0.4919342 0.0433063 0.2604094
vn 0.9955159 0.0744872 0.0583072
v 0.4948142 0.0327737 0.2454019
vn 0.4947706 0.6120771 -0.6168985
v 0.4948142 0.0327737 0.2454019
vn 0.1494297 -0.6999419 0.6983926
v 0.4806589 0.0392024 0.2419468
vn 0.5179462 -0.7187514 0.4638192
v 0.4806589 0.0392024 0.2419468
vn 0.4265663 0.7164040 -0.5520929
v 0.4806589 0.0392024 0.2419468
vn 0.5613819 -0.8047886 -0.1927840
v 0.4750887 0.0507222 0.2740361
vn 0.3281329 0.9424530 0.0641182
v 0.4750887 0.0507222 0.2740361
vn 0.1842031 -0.9703112 0.1567338
v 0.4750887 0.0507222 0.2740361
vn 0.3058155 -0.8425584 -0.4433647
v 0.4734664 0.0450139 0.2931415
vn 0.1588345 0.9422047 0.2949951
v 0.4734664 0.0450139 0.2931415
vn 0.3276194 0.7512729 0.5729351
v 0.4734664 0.0450139 0.2931415
vn 0.2175601 -0.3584180 0.9078569
v 0.4820143 0.0265251 0.2321799
vn 0.5017796 0.4099223 -0.7616962
v 0.4820143 0.0265251 0.2321799
vn 0.1238098 -0.2537571 0.9593115
v 0.4827356 0.0102119 0.2277212
vn 0.4698915 0.2520059 -0.8459877
v 0.4827356 0.0102119 0.2277212
vn 0.5208827 -0.1429917 -0.8415668
v 0.4827356 0.0102119 0.2277212
vn 0.2970266 0.1583434 0.9416488
v 0.4827356 0.0102119 0.2277212
vn 0.5203612 0.3209281 -0.7913466
v 0.4964120 0.0128674 0.2361086
vn 0.9571972 -0.0419217 -0.2863848
v 0.4964120 0.0128674 0.2361086
vn 0.2109465 -0.8341691 0.5095720
v 0.2572252 -0.0999815 0.2956624
vn 0.0344834 0.2274070 0.9731891
v 0.2572252 -0.0999815 0.2956624
vn 0.2321578 -0.8402424 0.4899954
v 0.2572252 -0.0999815 0.2956624
vn -0.9016795 -0.4132284 0.1273442
v 0.2572252 -0.0999815 0.2956624
vn 0.1885941 -0.1479596 0.9708452
v 0.4713718 -0.0030621 0.3159949
vn 0.3822956 0.1578528 -0.9104574
v 0.4713718 -0.0030621 0.3159949
vn 0.2657572 0.7321174 -0.6271979
v 0.4811402 -0.0386650 0.2895633
vn 0.9821560 -0.0668572 0.1757831
v 0.4811402 -0.0386650 0.2895633
vn 0.4450556 0.8911780 -0.0879053
v 0.4811402 -0.0386650 0.2895633
vn 0.0467276 0.1342062 0.9898511
v 0.2233243 0.0319348 0.3640351
vn 0.0966711 0.9951737 0.0168529
v 0.2233243 0.0319348 0.3640351
vn 0.4969120 -0.8284927 -0.2582216
v 0.4814434 0.0531686 0.2823285
vn 0.9661428 0.2012039 0.1615093
v 0.4814434 0.0531686 0.2823285
vn 0.1751959 -0.9726244 0.1526703
v 0.4814434 0.0531686 0.2823285
vn 0.2402446 0.6640207 0.7080671
v 0.4724073 0.0354738 0.3061517
vn 0.4736409 -0.5899732 -0.6539082
v 0.4724073 0.0354738 0.3061517
vn 0.4622661 -0.0525825 -0.8851809
v 0.4887030 0.0048085 0.2473369
vn 0.3341528 -0.2482022 0.9092512
v 0.4887030 0.0048085 0.2473369
vn 0.0691044 0.3596542 0.9305232
v 0.4887030 0.0048085 0.2473369
vn 0.4098254 0.8741369 -0.2606298
v 0.4910599 -0.0215264 0.2845903
vn 0.9567105 -0.1915617 0.2191100
v 0.4910599 -0.0215264 0.2845903
vn 0.9839403 -0.1333044 0.1187078
v 0.4910599 -0.0215264 0.2845903
vn 0.3122257 0.6555207 -0.6876103
v 0.4725367 -0.0186698 0.3092577
vn 0.2169155 -0.5814447 0.7841364
v 0.4725367 -0.0186698 0.3092577
vn 0.9552751 -0.1571319 0.2505178
v 0.4861414 -0.0082359 0.3123373
vn 0.2166087 -0.3949310 0.8928103
v 0.4861414 -0.0082359 0.3123373
vn 0.3639165 0.0811508 0.9278898
v 0.4861414 -0.0082359 0.3123373
vn 0.9543289 0.0263942 0.2975897
v 0.4861414 -0.0082359 0.3123373
vn 0.8518126 -0.4544604 0.2605401
v 0.4874119 -0.0270433 0.2956959
vn 0.2326775 -0.6925583 0.6828061
v 0.4874119 -0.0270433 0.2956959
vn 0.2841942 0.7320803 -0.6191060
v 0.4741932 -0.0350937 0.2905974
vn 0.4450555 0.8911780 -0.0879053
v 0.4741932 -0.0350937 0.2905974
vn 0.4536143 -0.8692691 0.1964825
v 0.4741932 -0.0350937 0.2905974
vn 0.1898837 -0.7285832 0.6581115
v 0.4741932 -0.0350937 0.2905974
vn 0.8939717 0.2207485 0.3899805
v 0.4885213 -0.0230101 0.2341916
vn 0.9121243 0.3362627 0.2344286
v 0.4850420 -0.0391138 0.2592593
vn 0.6754112 -0.4327806 0.5970935
v 0.4763077 -0.0345486 0.3129879
vn 0.6153805 -0.2021949 0.7618557
v 0.4744306 -0.0133531 0.3266973
vn 0.5258251 -0.7772642 0.3454972
v 0.4678161 -0.0515220 0.2975774
vn 0.6439370 -0.6488345 0.4054121
v 0.4678161 -0.0515220 0.2975774
vn 0.7640918 -0.6198331 0.1788036
v 0.4678161 -0.0515220 0.2975774
vn -0.4001963 -0.9164223 -0.0036188
v 0.4678161 -0.0515220 0.2975774
vn 0.0436359 -0.9966768 0.0687849
v 0.4726510 -0.0535814 0.2844155
vn 0.4486642 -0.7835073 0.4299032
v 0.4726510 -0.0535814 0.2844155
vn 0.5905323 -0.7891337 0.1689367
v 0.4788773 -0.0467752 0.2944441
vn 0.7233802 -0.5765937 0.3798168
v 0.4788773 -0.0467752 0.2944441
vn 0.9381617 -0.0976700 0.3321345
v 0.4782665 -0.0135403 0.3166630
vn 0.4660104 0.4107562 -0.7836541
v 0.4782665 -0.0135403 0.3166630
vn 0.9354405 0.0519279 0.3496492
v 0.4774995 0.0140934 0.3199268
vn 0.4733264 0.0326921 -0.8802803
v 0.4774995 0.0140934 0.3199268
vn 0.3996627 -0.4074701 -0.8211199
v 0.4774995 0.0140934 0.3199268
vn 0.6082988 -0.4061367 -0.6819278
v 0.4887162 -0.0226319 0.2226945
vn 0.9982716 -0.0560426 0.0176938
v 0.4887162 -0.0226319 0.2226945
vn 0.1222267 -0.2534043 0.9596077
v 0.4894478 0.0072915 0.2260950
vn 0.9048606 0.0687652 0.4201174
v 0.4894478 0.0072915 0.2260950
vn 0.9957060 0.0925045 -0.0035393
v 0.4884142 0.0315698 0.2326379
vn 0.2569070 -0.4916293 0.8320454
v 0.4884142 0.0315698 0.2326379
vn 0.0946561 -0.7297133 0.6771697
v 0.4854537 0.0491255 0.2519696
vn 0.9775354 0.2030287 0.0566040
v 0.4854537 0.0491255 0.2519696
vn 0.4467381 -0.8034937 0.3934756
v 0.4854537 0.0491255 0.2519696
vn 0.4377459 -0.6089631 -0.6614699
v 0.4784195 0.0373004 0.3088585
vn 0.9574973 0.1426999 0.2506705
v 0.4784195 0.0373004 0.3088585
vn 0.9767965 -0.1825117 0.1120630
v 0.4824580 -0.0508520 0.2628837
vn 0.1524098 -0.9824441 -0.1075864
v 0.4824580 -0.0508520 0.2628837
vn 0.4830816 0.8753348 0.0205262
v 0.4810486 0.0637841 0.2695445
vn 0.9757114 0.1884125 0.1117499
v 0.4810486 0.0637841 0.2695445
vn 0.4044475 0.6591660 -0.6339735
v 0.4867464 0.0479066 0.2308242
vn 0.9916883 0.1240552 0.0341291
v 0.4867464 0.0479066 0.2308242
vn 0.9902377 -0.1251962 0.0612804
v 0.4862157 -0.0408339 0.2397915
vn 0.6837370 -0.7034864 -0.1939346
v 0.4862157 -0.0408339 0.2397915
vn 0.6104452 -0.6729228 -0.4177700
v 0.4862157 -0.0408339 0.2397915
vn 0.2517219 0.4800261 0.8403637
v 0.4861257 0.0272141 0.3092431
vn 0.9637534 0.0904917 0.2509795
v 0.4861257 0.0272141 0.3092431
vn 0.2392742 -0.0033550 0.9709463
v 0.4712316 0.0156693 0.3160941
vn 0.5232095 0.0084306 -0.8521624
v 0.4712316 0.0156693 0.3160941
vn 0.2734220 0.2049676 0.9398025
v 0.4712316 0.0156693 0.3160941
vn 0.4110627 -0.4090968 -0.8146578
v 0.4712316 0.0156693 0.3160941
vn 0.7640919 -0.6198329 0.1788035
v 0.4708225 -0.0590820 0.2585232
vn 0.5738446 -0.8183258 -0.0323337
v 0.4708225 -0.0590820 0.2585232
vn 0.8435751 0.5184940 0.1398041
v 0.4828519 0.0304025 0.2897259
vn 0.7751753 0.3809255 0.5039833
v 0.4828519 0.0304025 0.2897259
vn 0.2452898 -0.8383203 -0.4868801
v 0.4828519 0.0304025 0.2897259
vn 0.2576215 -0.9582623 0.1239545
v 0.4851205 0.0319429 0.2703243
vn 0.3037274 0.9526780 -0.0124266
v 0.4851205 0.0319429 0.2703243
vn 0.3376939 -0.9098817 0.2409943
v 0.4942268 0.0320790 0.2580772
vn 0.9872372 0.1426719 0.0707628
v 0.4942268 0.0320790 0.2580772
vn 0.1684620 -0.5778964 0.7985340
v 0.4942268 0.0320790 0.2580772
vn 0.4515858 -0.5959939 -0.6639741
v 0.4883776 0.0203751 0.3024845
vn 0.9987575 0.0460901 0.0189522
v 0.4883776 0.0203751 0.3024845
vn 0.9956010 -0.0746847 0.0565763
v 0.4950269 -0.0121851 0.2524664
vn 0.1824886 0.5697485 0.8013018
v 0.4950269 -0.0121851 0.2524664
vn 0.5540602 -0.6985692 -0.4527896
v 0.5289728 0.0146146 0.2878925
vn -0.4168158 -0.9050136 0.0849409
v 0.5289728 0.0146146 0.2878925
vn -0.3265395 -0.2219738 -0.9187489
v 0.5289728 0.0146146 0.2878925
vn 0.9873991 0.0254748 0.1561865
v 0.5289728 0.0146146 0.2878925
vn 0.9766833 -0.1217909 0.1767962
v 0.2717847 -0.0467792 0.3031273
vn 0.9864057 -0.0235215 0.1626363
v 0.2717847 -0.0467792 0.3031273
vn -0.8995621 -0.3100598 0.3076539
v 0.2717847 -0.0467792 0.3031273
vn -0.7390050 -0.5049933 0.4459298
v 0.2717847 -0.0467792 0.3031273
vn -0.7488810 0.2536975 0.6122213
v 0.2694847 0.0277243 0.3194219
vn 0.9526159 0.1093132 0.2838551
v 0.2694847 0.0277243 0.3194219
vn 0.9649351 0.1148729 0.2360178
v 0.2703545 0.0550662 0.3035803
vn -0.7377111 0.4774325 0.4773266
v 0.2703545 0.0550662 0.3035803
vn -0.6789073 0.7339072 0.0215677
v 0.2747545 0.0784557 0.2579178
vn 0.9728571 0.1919853 0.1291927
v 0.2747545 0.0784557 0.2579178
vn 0.9232880 0.0176652 0.3837020
v 0.2853604 -0.0025848 0.1629436
vn -0.7139367 0.6600733 0.2336617
v 0.2729221 0.0723412 0.2789541
vn 0.9140556 0.2899981 0.2835549
v 0.2729221 0.0723412 0.2789541
vn 0.9779914 -0.2075300 0.0215439
v 0.2724964 0.0796350 0.2728671
vn 0.9926507 -0.0450221 -0.1123290
v 0.2681353 0.0252167 0.3249071
vn -0.9907979 -0.0567789 0.1228647
v 0.2681353 0.0252167 0.3249071
vn 0.9829399 -0.1629433 -0.0853153
v 0.2700411 0.0633644 0.3009471
vn 0.9161474 -0.0380046 0.3990359
v 0.2851637 0.0180645 0.1636180
vn 0.9556611 -0.2559758 0.1455626
v 0.2771067 0.0841239 0.2315487
vn 0.9168044 -0.2156785 0.3360842
v 0.2828485 0.0606345 0.1833716
vn 0.9985229 -0.0473098 -0.0267177
v 0.2775944 0.0467123 0.3392030
vn 0.4105075 -0.9108154 0.0435777
v 0.2861183 -0.1014851 0.2618504
vn 0.3975326 -0.8987892 0.1847860
v 0.2861183 -0.1014851 0.2618504
vn 0.9825386 0.1785743 0.0522413
v 0.2861183 -0.1014851 0.2618504
vn 0.9711398 -0.1552250 0.1810875
v 0.2806169 -0.0914364 0.2999673
vn 0.2939458 -0.8248756 0.4828833
v 0.2806169 -0.0914364 0.2999673
vn 0.1794612 0.6595933 0.7298838
v 0.2767124 0.0714834 0.3335631
vn 0.3278853 0.4258883 0.8432736
v 0.2767124 0.0714834 0.3335631
vn 0.9895110 0.0609864 0.1309536
v 0.2767124 0.0714834 0.3335631
vn 0.9726313 -0.2254489 -0.0562242
v 0.2793462 0.0834058 0.3057191
vn 0.9477258 0.3153459 0.0487137
v 0.2838949 -0.0903616 0.2591065
vn 0.9620683 0.2581334 -0.0882707
v 0.2801667 -0.0712404 0.3102083
vn 0.9856191 -0.1665801 0.0283945
v 0.2928479 -0.0838661 0.1993817
vn 0.9420683 0.2564914 0.2161470
v 0.2928479 -0.0838661 0.1993817
vn 0.9901848 0.1176320 -0.0754769
v 0.2789839 -0.0515386 0.3311174
vn 0.9381201 0.1974388 0.2845146
v 0.2941401 -0.0588627 0.1723791
vn 0.9925513 0.0184529 -0.1204227
v 0.2762991 -0.0026928 0.3465585
vn 0.9248732 0.0761493 0.3725734
v 0.2965973 -0.0197654 0.1497386
vn 0.9888905 0.0104084 0.1482811
v 0.2965973 -0.0197654 0.1497386
vn 0.9159784 -0.3990997 0.0412681
v 0.2838550 0.1008269 0.2560780
vn 0.9676471 -0.2167002 0.1292293
v 0.2838550 0.1008269 0.2560780
vn -0.7466177 -0.2971795 0.5951860
v 0.2700336 -0.0253458 0.3168486
vn 0.9877442 -0.0167494 0.1551802
v 0.2700336 -0.0253458 0.3168486
vn -0.9907979 -0.0567790 0.1228643
v 0.2700336 -0.0253458 0.3168486
vn 0.9977593 0.0129786 0.0656358
v 0.5309410 0.0124876 0.2748889
vn 0.4251451 -0.6540902 0.6256339
v 0.5309410 0.0124876 0.2748889
vn -0.5520724 0.1102830 0.8264707
v 0.5309410 0.0124876 0.2748889
vn 0.9909578 -0.0026250 0.1341487
v 0.5305697 -0.0001505 0.2763273
vn 0.3576128 0.8810335 0.3096662
v 0.5305697 -0.0001505 0.2763273
vn 0.9881815 0.0219336 0.1517114
v 0.5305697 -0.0001505 0.2763273
vn 0.9833809 -0.0082518 0.1813668
v 0.5305697 -0.0001505 0.2763273
vn -0.5520725 0.1102830 0.8264707
v 0.5305697 -0.0001505 0.2763273
vn 0.5232263 0.1757248 -0.8338796
v 0.5285237 0.0005332 0.2914543
vn 0.9957510 0.0223694 0.0893291
v 0.5285237 0.0005332 0.2914543
vn -0.4162858 0.9040273 -0.0971643
v 0.5285237 0.0005332 0.2914543
vn 0.1881337 -0.1777377 0.9659271
v 0.2582886 -0.0178400 0.3588190
vn 0.9066355 -0.0062336 0.4218687
v 0.2582886 -0.0178400 0.3588190
vn 0.1587691 0.9798309 0.1213420
v 0.4717586 0.0672243 0.2782146
vn 0.4804907 0.8559252 0.1911046
v 0.4717586 0.0672243 0.2782146
vn 0.6406227 0.7609009 -0.1031134
v 0.4749700 0.0661898 0.2566876
vn 0.9973384 0.0056800 0.0726914
v 0.4956746 0.0079084 0.2456210
vn 0.1064204 0.3449325 0.9325751
v 0.4956746 0.0079084 0.2456210
vn 0.2467244 -0.3000863 0.9214528
v 0.4956746 0.0079084 0.2456210
vn 0.2442039 0.9677621 -0.0616534
v 0.2515114 0.0886982 0.3172244
vn -0.9508265 0.2922422 0.1025835
v 0.2515114 0.0886982 0.3172244
vn -0.4229983 -0.0289773 0.9056671
v 0.2515114 0.0886982 0.3172244
vn 0.2053014 0.6799499 0.7039315
v 0.2624409 0.0878284 0.3223012
vn 0.2438474 0.6043404 0.7584928
v 0.2624409 0.0878284 0.3223012
vn 0.2539780 0.9201176 0.2981254
v 0.2624409 0.0878284 0.3223012
vn 0.2093750 0.8214432 0.5304651
v 0.2532582 0.0940988 0.3182130
vn -0.1228229 0.4095269 0.9039924
v 0.2532582 0.0940988 0.3182130
vn -0.9519176 0.2895782 0.0999870
v 0.2532582 0.0940988 0.3182130
vn -0.7558757 -0.0462231 0.6530815
v 0.2694567 -0.0005492 0.3236559
vn -0.9907979 -0.0567793 0.1228644
v 0.2694567 -0.0005492 0.3236559
vn 0.9662961 0.0371876 0.2547329
v 0.2694567 -0.0005492 0.3236559
vn -0.0938320 -0.8121085 0.5759127
v 0.2930838 -0.0723023 0.3055538
vn -0.7094839 -0.6054169 0.3606980
v 0.2930838 -0.0723023 0.3055538
vn 0.9766832 -0.1217910 0.1767964
v 0.2740270 -0.0637335 0.2790608
vn 0.9700869 -0.1984827 0.1397721
v 0.2740270 -0.0637335 0.2790608
vn -0.7146710 -0.6588813 0.2347784
v 0.2740270 -0.0637335 0.2790608
vn -0.6050362 -0.7957569 -0.0264998
v 0.2963613 -0.0867083 0.2775646
vn 0.0697376 -0.9520851 0.2977761
v 0.2963613 -0.0867083 0.2775646
vn -0.6956909 -0.6894298 0.2017446
v 0.2963613 -0.0867083 0.2775646
vn -0.7329752 0.4405045 0.5183658
v 0.2905677 0.0643295 0.3242899
vn -0.4262142 0.4217965 0.8002681
v 0.2905677 0.0643295 0.3242899
vn 0.0960871 0.6217932 0.7772648
v 0.2905677 0.0643295 0.3242899
vn -0.6306338 0.7419427 -0.2276445
v 0.2777796 0.0780236 0.2294676
vn 0.9932721 0.0815001 0.0822703
v 0.2777796 0.0780236 0.2294676
vn 0.2808972 -0.8272145 0.4866343
v 0.3275757 -0.0495741 0.3227935
vn 0.0130926 -0.8353285 0.5495954
v 0.4408438 -0.0425910 0.3225853
vn 0.2530416 -0.5014304 0.8273678
v 0.3301336 -0.0665585 0.3054327
vn 0.1370378 -0.7933503 0.5931408
v 0.4475601 -0.0567680 0.3070643
vn 0.0708032 -0.6411514 0.7641413
v 0.3184246 -0.0491543 0.3317972
vn 0.1043895 -0.7601048 0.6413607
v 0.3958468 -0.0700412 0.3027220
vn 0.1035395 -0.7946185 0.5982149
v 0.3230867 -0.0762214 0.3034088
vn 0.2507145 -0.6786819 0.6903139
v 0.3188194 -0.0642096 0.3192079
vn -0.1102702 -0.6607409 0.7424703
v 0.2966279 -0.0553028 0.3243120
vn -0.0945592 -0.7933760 0.6013428
v 0.2983529 -0.0714343 0.3074480
vn -0.1133424 -0.9032025 0.4139794
v 0.3002432 -0.0817126 0.2900583
vn 0.1718004 -0.9792326 -0.1076485
v 0.3923883 -0.0796583 0.2774200
vn 0.1179779 -0.9782934 0.1703625
v 0.3257349 -0.0892950 0.2734938
vn 0.0886407 -0.5438091 0.8345146
v 0.2910154 -0.0493779 0.3292825
vn -0.7278990 -0.4184387 0.5432056
v 0.2910154 -0.0493779 0.3292825
vn 0.2025058 -0.9779562 -0.0509228
v 0.4363146 -0.0717134 0.2417427
vn 0.0175339 -0.9843052 -0.1756017
v 0.3074037 -0.0884933 0.2293020
vn -0.0340795 -0.9214309 -0.3870450
v 0.3074037 -0.0884933 0.2293020
vn 0.3397139 -0.9405244 -0.0028984
v 0.3282939 -0.0907878 0.2482473
vn -0.1926872 -0.9782090 0.0773223
v 0.3035700 -0.0900236 0.2631563
vn 0.1054816 -0.9823377 0.1545527
v 0.4421735 -0.0680204 0.2496679
vn 0.3325561 -0.9296001 0.1589030
v 0.3395446 -0.0808353 0.2372942
vn 0.3433402 -0.9273254 -0.1489472
v 0.4567713 -0.0667896 0.2486055
vn 0.3572514 -0.9221476 0.1483758
v 0.4535588 -0.0678211 0.2786365
vn 0.1750988 -0.9617385 -0.2107121
v 0.3323788 -0.0868896 0.2253531
vn 0.5968788 -0.7884995 -0.1483386
v 0.4662241 -0.0591370 0.2404723
vn 0.6203365 -0.6748481 -0.3997033
v 0.4662241 -0.0591370 0.2404723
vn 0.3415480 -0.8522972 -0.3961497
v 0.4662241 -0.0591370 0.2404723
vn 0.6163887 -0.6873760 -0.3841604
v 0.4797379 -0.0484239 0.2444850
vn 0.6545690 -0.7405105 -0.1522622
v 0.4797379 -0.0484239 0.2444850
vn 0.7647662 -0.6432825 -0.0363380
v 0.4752057 -0.0545825 0.2553899
vn 0.7640920 -0.6198329 0.1788035
v 0.4752057 -0.0545825 0.2553899
vn 0.3677074 -0.9170688 -0.1541952
v 0.3358644 -0.0822379 0.2636732
vn 0.4241647 -0.7978506 -0.4283910
v 0.4800961 -0.0315885 0.2492020
vn 0.2664362 0.8061470 0.5283359
v 0.4800961 -0.0315885 0.2492020
vn 0.4450555 0.8911780 -0.0879053
v 0.4766034 -0.0382032 0.2712756
vn 0.3675677 -0.9297579 0.0210782
v 0.4766034 -0.0382032 0.2712756
vn 0.1975224 0.9781684 0.0645873
v 0.4766034 -0.0382032 0.2712756
vn 0.4540821 -0.8876444 0.0767918
v 0.4907994 -0.0330581 0.2737992
vn 0.9841902 -0.1413081 0.1067789
v 0.4907994 -0.0330581 0.2737992
vn 0.3095316 -0.9343245 -0.1767146
v 0.4907060 0.0344598 0.2852491
vn 0.9627663 0.1919325 0.1903759
v 0.4907060 0.0344598 0.2852491
vn 0.1458796 0.7110786 0.6878127
v 0.4825820 0.0162817 0.3008139
vn 0.1387147 0.1110146 0.9840904
v 0.4825820 0.0162817 0.3008139
vn 0.5547042 -0.5203985 -0.6492216
v 0.4825820 0.0162817 0.3008139
vn 0.3671803 -0.0213545 -0.9299047
v 0.4825820 0.0162817 0.3008139
vn 0.8404033 -0.2843785 -0.4613581
v 0.4958192 -0.0114693 0.2395029
vn 0.3396947 0.8092694 0.4792605
v 0.4933438 -0.0212727 0.2659451
vn 0.9842433 -0.1479552 0.0968222
v 0.4933438 -0.0212727 0.2659451
vn 0.0386381 0.9990852 0.0183254
v 0.4933438 -0.0212727 0.2659451
vn 0.9931574 -0.1033824 0.0543169
v 0.4933438 -0.0212727 0.2659451
vn 0.4905540 -0.6585048 -0.5707261
v 0.4819499 -0.0155609 0.2323028
vn 0.1842559 0.3630047 0.9133879
v 0.4819499 -0.0155609 0.2323028
vn 0.4926210 -0.1668559 -0.8540982
v 0.4819499 -0.0155609 0.2323028
vn 0.9545809 0.0265439 0.2967672
v 0.4886913 -0.0060761 0.3039683
vn 0.9429794 0.0748506 -0.3243261
v 0.4886913 -0.0060761 0.3039683
vn 0.1259340 0.7831123 -0.6089958
v 0.4886913 -0.0060761 0.3039683
vn 0.4079251 -0.8090439 -0.4231374
v 0.4933029 -0.0276896 0.2544794
vn 0.9841051 -0.1564411 0.0840442
v 0.4933029 -0.0276896 0.2544794
vn 0.9931481 -0.1033513 0.0545476
v 0.4933029 -0.0276896 0.2544794
vn 0.4322403 0.8157987 0.3842406
v 0.4653305 0.0657443 0.2959783
vn 0.5453315 0.7957726 0.2633625
v 0.4653305 0.0657443 0.2959783
vn 0.8310114 0.5222752 0.1914390
v 0.4675570 0.0719863 0.2752630
vn 0.4611685 0.8871450 -0.0172435
v 0.4675570 0.0719863 0.2752630
vn 0.5855531 0.8081822 -0.0630028
v 0.4709406 0.0696481 0.2561131
vn 0.6248825 0.6616169 -0.4144696
v 0.4801882 0.0560424 0.2363474
vn 0.6632241 0.6727682 -0.3278976
v 0.4801882 0.0560424 0.2363474
vn 0.1879539 0.6705272 -0.7176814
v 0.4614000 0.0650492 0.2223987
vn 0.5033581 0.7047927 -0.4998981
v 0.4614000 0.0650492 0.2223987
vn 0.6248826 0.6616169 -0.4144694
v 0.4614000 0.0650492 0.2223987
vn 0.4368208 0.8364715 -0.3309126
v 0.4614000 0.0650492 0.2223987
vn 0.6098675 0.7718156 -0.1798955
v 0.4694444 0.0666695 0.2371136
vn 0.4368207 0.8364715 -0.3309126
v 0.4694444 0.0666695 0.2371136
vn 0.6248826 0.6616169 -0.4144695
v 0.4694444 0.0666695 0.2371136
vn 0.4391738 0.8887688 0.1312115
v -0.0236867 0.1237546 0.2663077
vn -0.0301729 0.9054528 0.4233733
v -0.0236867 0.1237546 0.2663077
vn 0.2419359 0.9533659 0.1804452
v -0.0236867 0.1237546 0.2663077
vn -0.3652471 0.8832825 0.2939501
v -0.0112955 0.1237014 0.2688846
vn -0.0207813 0.9335173 0.3579296
v -0.0112955 0.1237014 0.2688846
vn -0.0892562 0.9157259 0.3917645
v -0.0112955 0.1237014 0.2688846
vn 0.1094186 0.9565122 -0.2703924
v -0.0151357 0.1197562 0.2759681
vn -0.0892025 0.8899240 0.4473010
v -0.0151357 0.1197562 0.2759681
vn 0.2419359 0.9533660 0.1804453
v -0.0151357 0.1197562 0.2759681
vn -0.1994380 0.9081069 0.3681935
v -0.0094493 0.1279202 0.2592632
vn -0.0728973 0.9335366 0.3509923
v -0.0094493 0.1279202 0.2592632
vn 0.2029552 0.8582678 -0.4713656
v -0.0094493 0.1279202 0.2592632
vn -0.0636458 0.8474426 0.5270583
v -0.0094493 0.1279202 0.2592632
vn -0.0636458 0.8474426 0.5270582
v -0.0150218 0.1259693 0.2617270
vn -0.0969235 0.9257210 0.3655770
v -0.0150218 0.1259693 0.2617270
vn 0.0105305 0.8933478 0.4492426
v -0.0150218 0.1259693 0.2617270
vn 0.0143696 -0.3149741 0.9489915
v 0.0272101 -0.0396152 0.3553604
vn 0.9453008 -0.2903842 -0.1486052
v -0.2386673 -0.0854141 0.2579178
vn -0.1808747 -0.9437257 0.2768866
v -0.2386673 -0.0854141 0.2579178
vn 0.0744919 -0.3730375 -0.9248211
v -0.2386673 -0.0854141 0.2579178
vn 0.0731757 -0.3737195 -0.9246507
v -0.2309488 -0.0988057 0.2639412
vn -0.9837276 0.0372710 0.1757583
v -0.2309488 -0.0988057 0.2639412
vn 0.1432303 -0.8039445 -0.5771987
v -0.2309488 -0.0988057 0.2639412
vn -0.2393817 -0.9183730 0.3150994
v -0.2309488 -0.0988057 0.2639412
vn -0.0508593 -0.9346300 0.3519663
v -0.0023740 -0.1242955 0.2601874
vn 0.0087687 -0.9259626 0.3775133
v -0.0023740 -0.1242955 0.2601874
vn -0.0714995 -0.9228792 0.3783938
v -0.0072066 -0.1220375 0.2658171
vn 0.1012641 -0.8958619 0.4326397
v -0.0072066 -0.1220375 0.2658171
vn -0.0117153 -0.9405314 0.3395050
v -0.0235060 -0.1211829 0.2640692
vn -0.0926822 -0.9010236 0.4237531
v -0.0235060 -0.1211829 0.2640692
vn 0.5818581 -0.6489997 0.4901436
v -0.0235060 -0.1211829 0.2640692
vn 0.1295077 -0.9759021 0.1756213
v -0.0235060 -0.1211829 0.2640692
vn -0.7308249 -0.6398615 0.2376389
v -0.0235060 -0.1211829 0.2640692
vn -0.8729135 -0.4342730 0.2223264
v 0.0076217 -0.1227494 0.2612755
vn 0.1343855 -0.9785933 0.1558712
v 0.0076217 -0.1227494 0.2612755
vn 0.0652107 -0.8209349 0.5672861
v 0.0076217 -0.1227494 0.2612755
vn -0.0696510 -0.9290612 0.3633100
v -0.0091514 -0.1280691 0.2487216
vn 0.1454819 -0.5115475 0.8468496
v -0.0091514 -0.1280691 0.2487216
vn -0.1186701 -0.9423953 0.3127436
v -0.0077980 -0.1238125 0.2598660
vn 0.0038522 -0.8186424 0.5742907
v -0.0197964 -0.1249011 0.2547422
vn 0.4728558 -0.7184179 0.5101795
v -0.0197964 -0.1249011 0.2547422
vn -0.0827588 -0.7910030 0.6061891
v -0.0182342 -0.1217149 0.2572255
vn -0.0619778 -0.9969221 0.0480122
v -0.0135619 -0.1138509 0.2829532
vn -0.5266109 -0.6336533 0.5667138
v -0.0135619 -0.1138509 0.2829532
vn 0.5003418 -0.8587022 -0.1108543
v -0.0135619 -0.1138509 0.2829532
vn 0.6447593 -0.6244199 -0.4408914
v -0.0135619 -0.1138509 0.2829532
vn -0.1735835 -0.7709472 -0.6127881
v 0.0061207 -0.1181826 0.2828274
vn -0.4815267 -0.8346259 -0.2674540
v 0.0061207 -0.1181826 0.2828274
vn -0.8674914 -0.0879551 -0.4896148
v 0.0061207 -0.1181826 0.2828274
vn -0.1872699 -0.9795198 -0.0739659
v 0.0061207 -0.1181826 0.2828274
vn -0.1041577 -0.7078637 -0.6986274
v -0.0007806 -0.1135248 0.2807173
vn 0.0688374 -0.4447011 0.8930299
v -0.0007806 -0.1135248 0.2807173
vn -0.4815267 -0.8346259 -0.2674540
v -0.0007806 -0.1135248 0.2807173
vn 0.3923064 -0.5114076 0.7645640
v -0.0007806 -0.1135248 0.2807173
vn 0.8774910 -0.4651805 -0.1166909
v -0.0258797 -0.1164421 0.2686095
vn -0.5676493 -0.6924847 0.4452405
v -0.0258797 -0.1164421 0.2686095
vn 0.3341429 -0.8651627 0.3739545
v 0.0138626 -0.1234521 0.2577310
vn 0.5325816 -0.7790032 -0.3309245
v 0.0138626 -0.1234521 0.2577310
vn -0.7361484 -0.2924845 0.6103594
v 0.0138626 -0.1234521 0.2577310
vn -0.9739403 -0.0780855 0.2129390
v 0.0138626 -0.1234521 0.2577310
vn 0.2081146 -0.9528954 0.2206326
v 0.0138626 -0.1234521 0.2577310
vn -0.9192448 -0.1810409 -0.3495902
v 0.0131317 -0.1182508 0.2704175
vn 0.5259688 -0.6629558 0.5327725
v 0.0131317 -0.1182508 0.2704175
vn -0.4815267 -0.8346260 -0.2674540
v 0.0131317 -0.1182508 0.2704175
vn -0.0135905 -0.9428492 0.3329427
v -0.0175317 -0.1170728 0.2756616
vn -0.5189133 -0.6491140 0.5562195
v -0.0175317 -0.1170728 0.2756616
vn 0.0870962 -0.9278721 0.3625848
v -0.0175317 -0.1170728 0.2756616
vn 0.1549268 0.5658034 -0.8098544
v -0.0175317 -0.1170728 0.2756616
vn -0.1589849 -0.4792863 0.8631387
v -0.0175317 -0.1170728 0.2756616
vn 0.8728348 -0.4247843 0.2402449
v -0.0245649 -0.1223696 0.2533523
vn -0.6739711 -0.5292448 -0.5154250
v -0.0245649 -0.1223696 0.2533523
vn -0.6434954 -0.7512467 0.1467726
v -0.0245649 -0.1223696 0.2533523
vn 0.6626160 -0.0446575 0.7476268
v -0.0245649 -0.1223696 0.2533523
vn -0.6085716 -0.7798598 0.1464900
v -0.0190942 -0.1270749 0.2510303
vn -0.5886226 -0.6688794 -0.4540085
v -0.0190942 -0.1270749 0.2510303
vn 0.0787014 -0.8492292 0.5221263
v -0.0190942 -0.1270749 0.2510303
vn 0.0652108 -0.8209349 0.5672861
v 0.0080970 -0.1265438 0.2557300
vn -0.8729134 -0.4342733 0.2223264
v 0.0080970 -0.1265438 0.2557300
vn 0.4298667 -0.8413306 0.3276851
v 0.0080970 -0.1265438 0.2557300
vn 0.5325815 -0.7790032 -0.3309245
v 0.0080970 -0.1265438 0.2557300
vn -0.1238695 -0.9257423 0.3572920
v 0.0080970 -0.1265438 0.2557300
vn -0.0779402 -0.9318292 0.3544287
v -0.0017369 -0.1294194 0.2466729
vn -0.0501938 -0.8299701 -0.5555452
v -0.0017369 -0.1294194 0.2466729
vn 0.5325814 -0.7790034 -0.3309243
v -0.0017369 -0.1294194 0.2466729
vn -0.1679087 -0.9752079 -0.1441399
v -0.0017369 -0.1294194 0.2466729
vn -0.0400690 -0.9216977 0.3858340
v -0.0017369 -0.1294194 0.2466729
vn 0.2081146 -0.9528954 0.2206327
v -0.0017369 -0.1294194 0.2466729
vn -0.0757831 -0.8853740 -0.4586610
v 0.0001905 -0.1179515 0.2784380
vn 0.1549271 0.5658028 -0.8098549
v 0.0001905 -0.1179515 0.2784380
vn -0.5734228 -0.7491653 -0.3315687
v 0.0001905 -0.1179515 0.2784380
vn 0.3217908 -0.3766662 0.8686618
v 0.0001905 -0.1179515 0.2784380
vn -0.6806743 -0.6572373 0.3236074
v 0.0100205 -0.1216314 0.2697527
vn -0.3758139 -0.9142041 0.1516408
v 0.0100205 -0.1216314 0.2697527
vn 0.6159230 -0.6534010 0.4401204
v 0.0100205 -0.1216314 0.2697527
vn 0.5791435 -0.2691617 0.7695095
v 0.0100205 -0.1216314 0.2697527
vn 0.0162670 -0.8757382 0.4825122
v 0.0082901 -0.1220094 0.2653455
vn -0.3411437 -0.9156848 0.2124674
v 0.0082901 -0.1220094 0.2653455
vn -0.6806744 -0.6572372 0.3236074
v 0.0082901 -0.1220094 0.2653455
vn -0.8729135 -0.4342730 0.2223264
v 0.0082901 -0.1220094 0.2653455
vn 0.0923164 -0.9669462 0.2376823
v 0.0082901 -0.1220094 0.2653455
vn -0.0757831 -0.8853741 -0.4586608
v -0.0094451 -0.1166447 0.2775077
vn 0.1549268 0.5658032 -0.8098546
v -0.0094451 -0.1166447 0.2775077
vn 0.1012641 -0.8958619 0.4326397
v -0.0094451 -0.1166447 0.2775077
vn -0.1777274 -0.9060932 0.3839377
v -0.0094451 -0.1166447 0.2775077
vn -0.0202909 -0.9507380 0.3093311
v -0.0094451 -0.1166447 0.2775077
vn 0.0162671 -0.8757382 0.4825122
v -0.0001183 -0.1164843 0.2756568
vn -0.5501035 -0.7967974 -0.2500003
v -0.0001183 -0.1164843 0.2756568
vn -0.0757830 -0.8853740 -0.4586610
v -0.0001183 -0.1164843 0.2756568
vn 0.1012641 -0.8958619 0.4326397
v -0.0001183 -0.1164843 0.2756568
vn -0.0172672 -0.9472542 0.3200178
v -0.0113517 -0.1177063 0.2741195
vn -0.1777274 -0.9060932 0.3839377
v -0.0113517 -0.1177063 0.2741195
vn -0.0926822 -0.9010235 0.4237531
v -0.0113517 -0.1177063 0.2741195
vn -0.3040331 -0.9451711 0.1192289
v -0.0784590 -0.1155612 0.2544938
vn 0.0538066 -0.8545083 0.5166435
v -0.0784590 -0.1155612 0.2544938
vn -0.0432612 -0.9371300 0.3462887
v -0.0784590 -0.1155612 0.2544938
vn 0.0538066 -0.8545083 0.5166436
v -0.0752101 -0.1109669 0.2617543
vn -0.0599475 -0.9882975 0.1402659
v -0.0752101 -0.1109669 0.2617543
vn -0.0797766 0.8118885 0.5783363
v -0.0752101 -0.1109669 0.2617543
vn -0.4675422 -0.6373566 0.6125202
v -0.0752101 -0.1109669 0.2617543
vn -0.0045365 -0.9773527 0.2115685
v -0.1794981 -0.1116058 0.2363457
vn -0.6555820 -0.6795332 0.3293131
v -0.1794981 -0.1116058 0.2363457
vn -0.2754598 0.1705079 0.9460703
v -0.1794981 -0.1116058 0.2363457
vn 0.0636947 -0.9669526 0.2468719
v -0.1794981 -0.1116058 0.2363457
vn -0.6555819 -0.6795331 0.3293131
v -0.1759029 -0.1088359 0.2492183
vn -0.3041402 -0.9514709 -0.0469256
v -0.1759029 -0.1088359 0.2492183
vn 0.0357862 -0.9887996 0.1448957
v -0.1759029 -0.1088359 0.2492183
vn -0.0873471 -0.9844366 -0.1524960
v -0.1822908 -0.1158598 0.2362992
vn 0.0026261 -0.2865506 0.9580616
v -0.1822908 -0.1158598 0.2362992
vn 0.9113652 -0.3887276 0.1352934
v -0.1699591 -0.1109222 0.2529966
vn -0.0867171 -0.6600450 0.7462043
v -0.1699591 -0.1109222 0.2529966
vn 0.1069123 -0.7148415 0.6910655
v -0.1683401 -0.1069424 0.2529922
vn -0.1895010 -0.9704764 0.1492147
v -0.1683401 -0.1069424 0.2529922
vn 0.9180042 -0.3732807 0.1339025
v -0.1683401 -0.1069424 0.2529922
vn -0.2159672 -0.9244381 0.3142805
v -0.1683401 -0.1069424 0.2529922
vn 0.1918750 -0.0769777 0.9783959
v -0.1683401 -0.1069424 0.2529922
vn -0.3624977 -0.9037867 0.2275193
v -0.1830501 -0.1091550 0.2515804
vn 0.0720665 -0.9938718 0.0838169
v -0.1830501 -0.1091550 0.2515804
vn -0.6555820 -0.6795331 0.3293131
v -0.1739527 -0.1140191 0.2424050
vn -0.1902920 -0.8914106 0.4113103
v -0.1739527 -0.1140191 0.2424050
vn -0.2213060 -0.9437557 0.2456602
v -0.1839880 -0.1098203 0.2444975
vn 0.0230525 -0.9858416 0.1660876
v -0.1839880 -0.1098203 0.2444975
vn 0.0241081 -0.9488451 0.3148205
v -0.1839880 -0.1098203 0.2444975
vn 0.1002487 -0.9949624 -0.0004084
v -0.1219876 -0.1171849 0.2439220
vn -0.2845919 -0.8694984 0.4037080
v -0.1219876 -0.1171849 0.2439220
vn 0.0044110 -0.8948413 0.4463627
v -0.1219876 -0.1171849 0.2439220
vn -0.4241348 -0.9031612 -0.0664051
v -0.1219876 -0.1171849 0.2439220
vn 0.1002486 -0.9949624 -0.0004083
v -0.1304204 -0.1180311 0.2353072
vn 0.0826205 -0.8997765 0.4284579
v -0.1304204 -0.1180311 0.2353072
vn 0.0374969 -0.9712867 0.2349390
v -0.1304204 -0.1180311 0.2353072
vn -0.3243790 -0.9359546 -0.1369940
v -0.1304204 -0.1180311 0.2353072
vn -0.3376592 -0.8455434 0.4135732
v -0.1304204 -0.1180311 0.2353072
vn -0.1004607 -0.9335829 0.3439922
v -0.1302991 -0.1158248 0.2399168
vn -0.3327485 -0.8536888 0.4006171
v -0.1302991 -0.1158248 0.2399168
vn 0.1443396 -0.9352227 0.3233026
v -0.1302991 -0.1158248 0.2399168
vn 0.0826205 -0.8997765 0.4284579
v -0.1302991 -0.1158248 0.2399168
vn -0.1825776 -0.9044509 0.3855310
v -0.1179821 -0.1118274 0.2557380
vn 0.0489626 -0.9158013 0.3986360
v -0.1179821 -0.1118274 0.2557380
vn -0.0905467 -0.9785095 0.1852580
v -0.1070492 -0.1127845 0.2602175
vn 0.1502541 -0.0165529 0.9885089
v -0.1070492 -0.1127845 0.2602175
vn -0.5109589 -0.8336918 0.2094733
v -0.1070492 -0.1127845 0.2602175
vn 0.6596380 -0.6001327 0.4524582
v -0.1070492 -0.1127845 0.2602175
vn -0.0238780 -0.9879668 -0.1528125
v -0.1107902 -0.1118548 0.2547917
vn 0.0172232 -0.9046283 0.4258534
v -0.1107902 -0.1118548 0.2547917
vn -0.5109590 -0.8336918 0.2094733
v -0.1107902 -0.1118548 0.2547917
vn -0.0096672 -0.9997574 0.0197910
v -0.1056286 -0.1181318 0.2424003
vn -0.0145287 -0.9863574 0.1639756
v -0.1056286 -0.1181318 0.2424003
vn 0.1009431 -0.9506568 0.2933635
v -0.1056286 -0.1181318 0.2424003
vn -0.0090670 -0.8898247 0.4562125
v -0.1056286 -0.1181318 0.2424003
vn -0.2073950 -0.8759325 0.4355797
v -0.1269161 -0.1109922 0.2540205
vn -0.0916029 -0.9252257 0.3681934
v -0.1269161 -0.1109922 0.2540205
vn -0.0452084 -0.8897607 0.4541830
v -0.1005364 -0.1165741 0.2456962
vn 0.1009432 -0.9506568 0.2933634
v -0.1005364 -0.1165741 0.2456962
vn -0.0559671 -0.8665055 0.4960201
v -0.1005364 -0.1165741 0.2456962
vn 0.6596381 -0.6001327 0.4524583
v -0.1005364 -0.1165741 0.2456962
vn -0.2424428 -0.9150204 0.3224270
v -0.1593899 -0.1084066 0.2548358
vn -0.0628289 -0.9198812 0.3871320
v -0.1593899 -0.1084066 0.2548358
vn -0.2482295 -0.8967826 0.3662830
v -0.1593899 -0.1084066 0.2548358
vn -0.1209155 -0.9269268 0.3552270
v -0.1593899 -0.1084066 0.2548358
vn -0.1895011 -0.9704764 0.1492147
v -0.1593899 -0.1084066 0.2548358
vn -0.1604919 0.4529205 0.8769866
v -0.1035095 -0.1092549 0.2597384
vn 0.1502541 -0.0165529 0.9885089
v -0.1035095 -0.1092549 0.2597384
vn -0.4610258 -0.8821598 0.0961737
v -0.1035095 -0.1092549 0.2597384
vn 0.6596381 -0.6001327 0.4524582
v -0.1035095 -0.1092549 0.2597384
vn -0.0850419 -0.9866658 -0.1387750
v -0.1035095 -0.1092549 0.2597384
vn -0.3094164 -0.9348692 0.1740150
v -0.1420801 -0.1103522 0.2533608
vn -0.1619398 -0.9250735 0.3435324
v -0.1523162 -0.1106854 0.2540816
vn -0.2071319 -0.9026654 0.3772157
v -0.1392258 -0.1164873 0.2402471
vn 0.0826206 -0.8997765 0.4284579
v -0.1392258 -0.1164873 0.2402471
vn 0.0815669 -0.9518260 0.2955912
v -0.1392258 -0.1164873 0.2402471
vn 0.0085546 -0.9999616 -0.0019388
v -0.1392258 -0.1164873 0.2402471
vn -0.1006244 -0.9326237 0.3465368
v -0.1495122 -0.1153937 0.2393123
vn -0.0424729 -0.9181967 0.3938413
v -0.1495122 -0.1153937 0.2393123
vn -0.0791892 -0.8891114 0.4507882
v -0.1193853 -0.1082285 0.2621688
vn 0.0043652 -0.6874362 0.7262317
v -0.1193853 -0.1082285 0.2621688
vn -0.0501333 -0.9144817 0.4015096
v -0.1193853 -0.1082285 0.2621688
vn -0.2141466 -0.8715639 0.4410418
v -0.1193853 -0.1082285 0.2621688
vn 0.2189167 0.7230825 0.6551544
v -0.1519319 -0.1074276 0.2599289
vn -0.0727616 -0.8345702 0.5460755
v -0.1519319 -0.1074276 0.2599289
vn -0.2163210 -0.8500892 0.4801600
v -0.1519319 -0.1074276 0.2599289
vn -0.2430031 -0.9545227 0.1727310
v -0.1403505 -0.1105895 0.2595487
vn 0.3655557 0.3525153 0.8614535
v -0.1403505 -0.1105895 0.2595487
vn -0.0936396 -0.9272017 0.3626690
v -0.1345246 -0.1093556 0.2562401
vn 0.4653414 -0.6809904 0.5654285
v -0.1345246 -0.1093556 0.2562401
vn -0.0436711 -0.9550861 0.2930929
v -0.1345246 -0.1093556 0.2562401
vn 0.1380106 -0.9903045 -0.0158181
v -0.1162423 -0.1195665 0.2396171
vn -0.0064419 -0.8786272 0.4774649
v -0.1162423 -0.1195665 0.2396171
vn -0.2391498 -0.8497742 -0.4697779
v -0.1162423 -0.1195665 0.2396171
vn -0.0586137 -0.9456429 0.3198812
v -0.0893150 -0.1109683 0.2632210
vn 0.0543696 0.8171253 0.5738904
v -0.0893150 -0.1109683 0.2632210
vn 0.0577042 -0.9536017 0.2954896
v -0.0893150 -0.1109683 0.2632210
vn 0.0538066 -0.8545083 0.5166435
v -0.0893150 -0.1109683 0.2632210
vn -0.1604918 0.4529204 0.8769866
v -0.0893150 -0.1109683 0.2632210
vn -0.1231987 -0.9527780 0.2775539
v -0.0893150 -0.1109683 0.2632210
vn -0.0312732 -0.9371271 0.3475844
v -0.0929892 -0.1161011 0.2473740
vn -0.0919074 -0.9329134 0.3481749
v -0.0929892 -0.1161011 0.2473740
vn -0.0711928 -0.9450450 0.3190950
v -0.0883188 -0.1183132 0.2416901
vn -0.0209988 -0.9374132 0.3475854
v -0.0883188 -0.1183132 0.2416901
vn -0.0868964 -0.9514010 0.2954407
v -0.0883188 -0.1183132 0.2416901
vn -0.3223376 -0.9399117 0.1125371
v -0.0998103 -0.1120287 0.2618480
vn -0.1604919 0.4529206 0.8769865
v -0.0998103 -0.1120287 0.2618480
vn 0.0032073 -0.9879161 -0.1549567
v -0.0662233 -0.1150582 0.2614661
vn -0.1556800 -0.9197077 0.3604186
v -0.0662233 -0.1150582 0.2614661
vn 0.0512109 0.8336167 -0.5499643
v 0.1060316 0.1021921 0.1489209
vn 0.9825239 -0.0675587 0.1734438
v 0.1060316 0.1021921 0.1489209
vn -0.5712648 -0.1449182 -0.8078707
v -0.1081899 0.1547986 -0.5358549
vn -0.0075309 0.9998784 0.0136566
v -0.1081899 0.1547986 -0.5358549
vn -0.9262081 0.0754876 0.3693781
v -0.1081899 0.1547986 -0.5358549
vn -0.9968476 -0.0084164 -0.0788919
v 0.1886070 -0.0905942 -0.6072204
vn 0.9977356 0.0198206 0.0642715
v 0.1886070 -0.0905942 -0.6072204
vn 0.0127356 0.0125347 -0.9998404
v 0.1886070 -0.0905942 -0.6072204
vn 0.0063567 -0.9997299 -0.0223543
v 0.0165976 -0.1437217 -0.5900850
vn 0.0063999 -0.9997438 -0.0217112
v 0.0165976 -0.1437217 -0.5900850
vn -0.7718822 -0.0659379 0.6323371
v -0.3567774 -0.0283945 0.1641545
vn -0.5928463 -0.0602149 -0.8030614
v -0.3567774 -0.0283945 0.1641545
vn -0.4423328 -0.2466948 -0.8622549
v -0.3567774 -0.0283945 0.1641545
vn 0.1319479 0.0231326 0.9909868
v 0.0476572 0.0504753 -0.3746717
vn 0.1959299 0.0754583 0.9777104
v 0.0085757 0.0364176 -0.3691644
vn 0.1602141 -0.1225756 0.9794421
v 0.0030479 -0.0431057 -0.3688466
vn 0.1489390 0.0206386 0.9886311
v 0.0811447 0.0473433 -0.3791084
vn 0.1697887 0.0050233 0.9854677
v 0.1365953 0.0268530 -0.3883387
vn 0.7726213 0.0219381 0.6344881
v 0.1365953 0.0268530 -0.3883387
vn 0.4194973 -0.1264106 0.8989118
v -0.0054392 -0.0260273 -0.3644358
vn 0.1556661 0.0071115 0.9877841
v 0.0498534 -0.0416221 -0.3748775
vn 0.0481743 -0.3066477 0.9506032
v 0.0570317 -0.0918364 -0.3804094
vn 0.1011950 -0.1489573 0.9836521
v 0.0570317 -0.0918364 -0.3804094
vn 0.1237815 0.0693210 0.9898853
v 0.0508753 0.0747731 -0.3760574
vn 0.0760356 0.1576053 0.9845706
v 0.0508753 0.0747731 -0.3760574
vn 0.4387047 0.2692935 0.8573326
v -0.0128430 0.0329990 -0.3616003
vn 0.5954883 0.2076103 0.7760745
v -0.0128430 0.0329990 -0.3616003
vn 0.3070267 0.1542859 0.9391115
v -0.0128430 0.0329990 -0.3616003
vn 0.3597260 -0.3288274 0.8731952
v -0.0182113 -0.0503190 -0.3653144
vn 0.1309834 -0.3481079 0.9282588
v -0.0287618 -0.0704258 -0.3704056
vn 0.1740142 -0.5168592 0.8381978
v -0.0287618 -0.0704258 -0.3704056
vn 0.2896289 -0.0134564 0.9570445
v 0.0052908 0.0028175 -0.3673756
vn 0.4916313 0.1306380 0.8609485
v 0.0052908 0.0028175 -0.3673756
vn -0.0222923 -0.6557866 0.7546171
v -0.0500894 -0.0975845 -0.3793353
vn -0.0206105 -0.5262308 0.8500920
v -0.0500894 -0.0975845 -0.3793353
vn 0.0585779 -0.3530281 0.9337772
v -0.0500894 -0.0975845 -0.3793353
vn 0.0339250 -0.5960679 0.8022171
v -0.0843313 -0.0796737 -0.3695441
vn 0.0925119 -0.4743420 0.8754663
v -0.0843313 -0.0796737 -0.3695441
vn 0.6588125 -0.2154587 0.7207939
v -0.0215488 -0.0215944 -0.3534338
vn 0.1556179 -0.0126383 0.9877365
v 0.0817135 -0.0353726 -0.3792534
vn 0.4274831 -0.4261774 0.7972647
v -0.0341512 -0.0488518 -0.3559835
vn 0.5818655 -0.3315677 0.7426273
v -0.0341512 -0.0488518 -0.3559835
vn 0.4054833 -0.6084677 0.6821660
v -0.0341512 -0.0488518 -0.3559835
vn -0.0412094 -0.8552344 0.5166003
v -0.1253479 -0.0986729 -0.3827266
vn -0.0236473 -0.6717607 0.7403907
v -0.1253479 -0.0986729 -0.3827266
vn -0.0387172 -0.5776072 0.8153962
v -0.1253479 -0.0986729 -0.3827266
vn -0.0939271 -0.7640533 0.6382793
v -0.1253479 -0.0986729 -0.3827266
vn 0.7583709 -0.2587894 0.5982488
v 0.1345008 -0.0901248 -0.3893590
vn 0.7724429 -0.0313659 0.6343092
v 0.1345008 -0.0901248 -0.3893590
vn 0.1431061 -0.1464961 0.9788052
v 0.1345008 -0.0901248 -0.3893590
vn 0.0496107 -0.3148378 0.9478481
v 0.0740748 -0.0992258 -0.3837561
vn 0.1175600 -0.1792061 0.9767625
v 0.0740748 -0.0992258 -0.3837561
vn 0.0401640 -0.9230685 0.3825330
v 0.0740748 -0.0992258 -0.3837561
vn 0.1286630 -0.2661303 0.9553118
v 0.1329674 -0.1000449 -0.3919158
vn 0.1251222 -0.9913489 0.0396465
v 0.1329674 -0.1000449 -0.3919158
vn 0.7554190 -0.2705941 0.5967587
v 0.1329674 -0.1000449 -0.3919158
vn 0.1268911 -0.0613995 0.9900146
v 0.0467914 -0.0512262 -0.3742860
vn 0.7853186 -0.2317027 0.5740981
v -0.0337758 -0.0153636 -0.3341937
vn 0.9300023 -0.1967292 0.3104729
v -0.0337758 -0.0153636 -0.3341937
vn -0.0274599 0.9905227 0.1345759
v 0.0109210 0.1442573 -0.4341967
vn 0.0725724 0.4855588 0.8711866
v 0.0109210 0.1442573 -0.4341967
vn 0.7114515 0.2906722 0.6398019
v 0.1065344 0.1457361 -0.4260304
vn 0.0004194 0.9929800 0.1182819
v 0.1065344 0.1457361 -0.4260304
vn 0.0953136 0.4444495 0.8907189
v 0.1065344 0.1457361 -0.4260304
vn -0.0028872 -0.0636778 0.9979663
v -0.1530466 0.1371466 -0.4292040
vn -0.6134189 0.4893666 0.6198691
v -0.1530466 0.1371466 -0.4292040
vn -0.0444304 0.9974826 0.0552680
v -0.1530466 0.1371466 -0.4292040
vn 0.2880226 0.9576098 -0.0051599
v -0.1530466 0.1371466 -0.4292040
vn 0.3957263 0.4882626 -0.7778177
v 0.1189994 0.1487231 -0.4873521
vn -0.0120526 0.9998515 0.0123268
v 0.1189994 0.1487231 -0.4873521
vn -0.0378417 0.9989747 0.0248526
v 0.1500326 0.1493446 -0.4891942
vn 0.7506409 0.6245924 -0.2154590
v 0.1500326 0.1493446 -0.4891942
vn -0.0211802 0.9995908 0.0192298
v 0.1500326 0.1493446 -0.4891942
vn -0.6525775 0.3400455 0.6771349
v 0.1500326 0.1493446 -0.4891942
vn -0.2338118 0.0433564 0.9713148
v -0.1488068 0.1450776 -0.5173790
vn -0.3232147 0.7234008 0.6101012
v -0.1488068 0.1450776 -0.5173790
vn -0.7129347 0.7011701 -0.0092047
v -0.1839962 0.1152739 -0.5237737
vn -0.7437920 0.2570425 0.6170111
v -0.1839962 0.1152739 -0.5237737
vn -0.4130546 0.1080855 0.9042696
v -0.1839962 0.1152739 -0.5237737
vn -0.1803372 0.5622080 -0.8070940
v -0.1622409 0.1375027 -0.5155144
vn -0.2053273 0.5817396 -0.7870322
v -0.1622409 0.1375027 -0.5155144
vn -0.3654173 0.4157862 -0.8328217
v -0.1622409 0.1375027 -0.5155144
vn -0.4959815 0.7168685 -0.4900021
v -0.1622409 0.1375027 -0.5155144
vn -0.1541946 0.9381413 -0.3100240
v -0.0276483 0.0720888 0.0513433
vn 0.0830184 0.9829875 -0.1638397
v -0.0276483 0.0720888 0.0513433
vn -0.5397092 0.2612508 -0.8002887
v -0.0276483 0.0720888 0.0513433
vn -0.8819087 0.4235106 0.2070649
v -0.0276483 0.0720888 0.0513433
vn 0.0861674 0.9947187 -0.0557671
v -0.0781875 0.0654486 -0.0946450
vn 0.2719796 0.9455971 -0.1785308
v -0.0305874 0.0556003 -0.0962315
vn 0.1782613 0.9760377 -0.1247935
v -0.0404368 0.0643422 -0.0599623
vn 0.1259937 0.9712453 -0.2020105
v -0.0126524 0.0719093 0.0560722
vn 0.0307500 0.9254271 -0.3776760
v -0.0126524 0.0719093 0.0560722
vn 0.3583476 0.9322277 -0.0503848
v 0.0221697 0.0552692 -0.0023916
vn 0.0104954 0.7864130 -0.6176119
v -0.0341551 0.0759420 0.0662392
vn -0.0298792 0.9449191 -0.3259374
v -0.0341551 0.0759420 0.0662392
vn 0.0499917 0.8063049 -0.5893838
v -0.0341551 0.0759420 0.0662392
vn -0.0826612 0.5659775 0.8202662
v -0.0341551 0.0759420 0.0662392
vn 0.0424903 0.2622887 -0.9640536
v -0.0341551 0.0759420 0.0662392
vn 0.0799931 0.9729488 -0.2167298
v -0.0341551 0.0759420 0.0662392
vn 0.4663489 0.8558342 -0.2237555
v 0.0308458 0.0561546 0.0263983
vn 0.4166694 0.8365075 -0.3558679
v 0.0308458 0.0561546 0.0263983
vn 0.2233281 0.9558304 -0.1910836
v 0.0308458 0.0561546 0.0263983
vn 0.2221920 -0.0972494 -0.9701409
v -0.0723468 0.0637620 -0.1430285
vn 0.1199902 0.9926372 -0.0165472
v -0.0723468 0.0637620 -0.1430285
vn 0.9406925 0.2860845 -0.1823551
v -0.0723468 0.0637620 -0.1430285
vn 0.2391466 0.9707165 0.0227707
v -0.0974621 0.0662784 -0.2733649
vn 0.4678561 0.8669619 0.1717199
v -0.0974621 0.0662784 -0.2733649
vn 0.6594794 0.7471029 -0.0832114
v -0.0974621 0.0662784 -0.2733649
vn 0.2613763 0.9561729 0.1319692
v -0.0804328 0.0647782 -0.3317402
vn -0.8640563 0.4700662 0.1801240
v -0.1489851 0.0671937 -0.3087286
vn -0.6200190 0.0751747 0.7809772
v -0.1489851 0.0671937 -0.3087286
vn -0.0897664 0.9938415 0.0649699
v -0.1489851 0.0671937 -0.3087286
vn 0.0064039 0.9872183 0.1592454
v -0.1316878 0.0695251 -0.3297075
vn 0.3555040 0.9321715 0.0683611
v -0.0660246 0.0576169 -0.3090169
vn 0.6646683 0.6592684 0.3515414
v -0.0660246 0.0576169 -0.3090169
vn 0.9439394 0.3167395 0.0930297
v 0.0315441 0.0491644 -0.0603673
vn 0.8837572 0.4567849 0.1015921
v 0.0315441 0.0491644 -0.0603673
vn 0.2378454 0.9403383 -0.2432973
v 0.0315441 0.0491644 -0.0603673
vn 0.1982079 0.9746180 -0.1040838
v 0.0298715 0.0521820 -0.0460057
vn 0.9736795 0.1923113 0.1223296
v 0.0298715 0.0521820 -0.0460057
vn 0.0822408 0.9783433 0.1899496
v -0.1041455 0.0689893 -0.3370640
vn 0.4050340 0.5789196 -0.7076719
v 0.0364746 0.0426572 -0.0740006
vn 0.7030089 0.6906769 -0.1695406
v 0.0364746 0.0426572 -0.0740006
vn 0.4087057 0.9007739 -0.1468541
v -0.0403128 0.0545873 -0.1347720
vn 0.2469188 0.0280221 -0.9686310
v -0.0403128 0.0545873 -0.1347720
vn -0.2630225 0.9345998 0.2394630
v -0.1633844 0.0684321 -0.3488925
vn -0.1647303 0.9142665 0.3701092
v -0.1633844 0.0684321 -0.3488925
vn -0.5739275 0.7508394 0.3268754
v -0.1794103 0.0629412 -0.3495616
vn -0.3515337 0.8880702 0.2962355
v -0.1794103 0.0629412 -0.3495616
vn -0.6178144 0.7472296 0.2448535
v -0.1794103 0.0629412 -0.3495616
vn -0.7919828 0.3950072 0.4655456
v -0.0558183 0.0668436 -0.0574675
vn 0.1331453 0.9861637 -0.0987596
v -0.0558183 0.0668436 -0.0574675
vn 0.1959447 0.9740286 -0.1134635
v -0.0194519 0.0679395 0.0234061
vn 0.4572463 0.8357597 -0.3040258
v -0.0225792 0.0494678 -0.1062403
vn 0.6021317 0.7102882 -0.3645934
v -0.0145093 0.0412127 -0.1109617
vn 0.5813271 0.3999409 -0.7085945
v -0.0145093 0.0412127 -0.1109617
vn 0.5383920 0.3700162 -0.7571142
v 0.0222723 0.0366734 -0.0870244
vn 0.4211372 0.5762642 -0.7004021
v 0.0222723 0.0366734 -0.0870244
vn 0.8743038 0.4726599 -0.1103884
v 0.0439842 0.0284393 -0.0754003
vn 0.9964023 0.0767623 -0.0359187
v 0.0439842 0.0284393 -0.0754003
vn 0.1928185 0.4142693 -0.8894954
v 0.0439842 0.0284393 -0.0754003
vn 0.7277620 -0.1886877 -0.6593630
v 0.0491756 -0.0375671 0.0376667
vn 0.6310849 0.1182908 -0.7666415
v 0.0491756 -0.0375671 0.0376667
vn 0.1560568 -0.1186863 -0.9805917
v 0.0491756 -0.0375671 0.0376667
vn 0.0206203 -0.9997854 0.0019771
v 0.0491756 -0.0375671 0.0376667
vn 0.9494364 -0.2197109 0.2242715
v 0.0346025 -0.0371003 -0.0635271
vn 0.0032757 -0.9999694 -0.0071009
v 0.0346025 -0.0371003 -0.0635271
vn 0.1005712 -0.6935111 -0.7133917
v 0.0346025 -0.0371003 -0.0635271
vn 0.9535167 -0.0117676 -0.3011105
v 0.0271391 -0.0376709 0.0133738
vn 0.0045171 -0.9999831 -0.0036586
v 0.0271391 -0.0376709 0.0133738
vn 0.7621853 -0.6086547 0.2204836
v 0.0590614 -0.0374547 -0.0085855
vn 0.2823659 -0.9583782 -0.0421998
v 0.0590614 -0.0374547 -0.0085855
vn 0.1636049 -0.6301244 -0.7590631
v 0.0696142 -0.0370201 -0.0586692
vn 0.4395298 -0.8980705 0.0168237
v 0.0696142 -0.0370201 -0.0586692
vn 0.4667398 -0.8667311 -0.1758728
v 0.0731185 -0.0368393 0.0413889
vn 0.0248680 0.0803389 -0.9964574
v 0.0731185 -0.0368393 0.0413889
vn 0.8444091 0.0095975 -0.5356129
v 0.0877797 -0.0234053 0.0409279
vn 0.6422498 -0.7107698 -0.2869175
v 0.0877797 -0.0234053 0.0409279
vn 0.0526900 -0.0249560 -0.9982991
v 0.0877797 -0.0234053 0.0409279
vn 0.9865419 0.0040261 0.1634591
v 0.0826515 -0.0243315 -0.0532310
vn 0.6987709 -0.7153187 -0.0061845
v 0.0826515 -0.0243315 -0.0532310
vn 0.7659786 -0.6016995 -0.2263507
v 0.0732335 -0.0272641 0.0179263
vn 0.9289711 0.0172784 -0.3697487
v 0.0732335 -0.0272641 0.0179263
vn 0.2495414 -0.2745107 -0.9286404
v 0.0798144 -0.0239019 -0.0663999
vn 0.7234192 -0.6671723 -0.1776111
v 0.0798144 -0.0239019 -0.0663999
vn 0.9775639 -0.0011488 -0.2106363
v 0.0798144 -0.0239019 -0.0663999
vn -0.0032899 0.9999925 -0.0020427
v 0.0359011 0.0424658 0.0286938
vn 0.9149940 0.0339512 -0.4020366
v 0.0359011 0.0424658 0.0286938
vn 0.5113590 0.0829830 -0.8553513
v 0.0359011 0.0424658 0.0286938
vn 0.2578012 0.0559030 -0.9645795
v 0.0562937 0.0425623 0.0399613
vn 0.0140601 0.9998905 0.0046233
v 0.0562937 0.0425623 0.0399613
vn -0.0150416 0.9998527 -0.0082746
v 0.0344011 0.0416770 -0.0638645
vn 0.0922719 0.6913078 -0.7166446
v 0.0344011 0.0416770 -0.0638645
vn 0.8562611 0.0713898 0.5115861
v 0.0344011 0.0416770 -0.0638645
vn 0.4383630 0.8809767 -0.1780954
v 0.0721478 0.0420207 0.0413616
vn 0.0758666 0.0705076 -0.9946221
v 0.0721478 0.0420207 0.0413616
vn 0.2771499 0.9564280 -0.0918341
v 0.0621146 0.0426322 0.0161802
vn 0.7947521 0.6069186 -0.0043651
v 0.0621146 0.0426322 0.0161802
vn -0.0046594 0.9999731 -0.0056836
v 0.0253659 0.0423840 -0.0001458
vn 0.9931719 0.0944758 -0.0684392
v 0.0253659 0.0423840 -0.0001458
vn 0.4222150 0.9062257 0.0221263
v 0.0696366 0.0424115 -0.0586193
vn 0.1649581 0.6191952 -0.7677149
v 0.0696366 0.0424115 -0.0586193
vn 0.9833093 0.0056273 0.1818554
v 0.0815334 0.0309664 -0.0516355
vn 0.6968369 0.7162718 0.0370564
v 0.0815334 0.0309664 -0.0516355
vn 0.1569135 0.9865585 0.0456142
v 0.0597973 0.0424525 -0.0163277
vn 0.6777623 0.7334138 -0.0523697
v 0.0597973 0.0424525 -0.0163277
vn 0.9683992 0.1897281 0.1618836
v 0.0685419 0.0339385 -0.0223917
vn 0.7622311 0.5839613 0.2792722
v 0.0685419 0.0339385 -0.0223917
vn 0.9031758 0.0016872 -0.4292676
v 0.0749585 0.0322394 0.0217895
vn 0.6544003 0.7167924 -0.2407673
v 0.0749585 0.0322394 0.0217895
vn 0.8437414 0.0101975 -0.5366531
v 0.0875189 0.0294407 0.0414635
vn 0.6085715 0.7412900 -0.2830725
v 0.0875189 0.0294407 0.0414635
vn 0.0577209 0.0063331 -0.9983127
v 0.0875189 0.0294407 0.0414635
vn 0.0363592 0.0234636 -0.9990634
v 0.0875189 0.0294407 0.0414635
vn 0.9518083 0.2730459 -0.1396669
v -0.2609103 0.1018527 0.1541948
vn -0.0850214 0.9916392 0.0970732
v -0.2609103 0.1018527 0.1541948
vn -0.1535281 0.1184017 0.9810251
v -0.2609103 0.1018527 0.1541948
vn -0.2809331 0.9552540 0.0925548
v -0.2626672 0.1177506 0.1839009
vn 0.8233938 0.5612388 -0.0838682
v -0.2626672 0.1177506 0.1839009
vn 0.9399062 0.3111152 -0.1406550
v -0.2441039 0.1007502 0.2641367
vn 0.0786553 0.3806290 -0.9213767
v -0.2441039 0.1007502 0.2641367
vn -0.1540148 0.9374270 0.3122662
v -0.2441039 0.1007502 0.2641367
vn 0.2529587 0.2785532 -0.9265096
v 0.0800325 0.0296215 -0.0656796
vn 0.9921560 0.0196763 -0.1234483
v 0.0800325 0.0296215 -0.0656796
vn 0.7283002 0.6703783 -0.1420276
v 0.0800325 0.0296215 -0.0656796
vn 0.9284577 -0.2029373 0.3110996
v 0.0436323 -0.0233777 -0.0755943
vn 0.1898884 -0.4165421 -0.8890642
v 0.0436323 -0.0233777 -0.0755943
vn -0.4013668 0.8435854 -0.3567471
v -0.0422812 0.1244075 0.1065598
vn -0.0938903 0.7500980 0.6546279
v -0.0422812 0.1244075 0.1065598
vn 0.0142933 0.8900242 -0.4556892
v 0.0366909 0.1140831 0.0892045
vn 0.9214616 0.2458068 -0.3008116
v 0.0366909 0.1140831 0.0892045
vn 0.0592227 0.4999302 -0.8640385
v 0.0366909 0.1140831 0.0892045
vn 0.0053989 0.9555342 -0.2948309
v 0.0353374 0.1252461 0.1109649
vn 0.6790785 0.4290290 0.5956395
v 0.0353374 0.1252461 0.1109649
vn 0.9546442 0.2848347 -0.0867394
v 0.0353374 0.1252461 0.1109649
vn -0.2691924 0.8651687 -0.4231060
v -0.0444366 0.1118890 0.0823743
vn -0.2501315 -0.2437122 -0.9370372
v -0.0444366 0.1118890 0.0823743
vn 0.0429668 0.3183719 -0.9469917
v 0.1746093 0.1566998 -0.5592914
vn -0.3394305 0.8916490 -0.2995817
v 0.1746093 0.1566998 -0.5592914
vn -0.4270335 0.4821203 0.7649853
v 0.1724469 0.1502646 -0.5615717
vn 0.0432136 0.3207296 -0.9461845
v 0.1724469 0.1502646 -0.5615717
vn -0.3748850 0.8747285 -0.3071015
v 0.1724469 0.1502646 -0.5615717
vn -0.0013284 0.9999446 -0.0104458
v 0.0144307 0.1494740 -0.5880718
vn -0.0348445 0.9991931 -0.0199770
v -0.1317244 0.1483341 -0.5892117
vn -0.0200242 0.9996117 0.0193799
v -0.1338115 0.1479745 -0.5717489
vn -0.0061258 0.9995204 -0.0303568
v 0.1072316 0.1502717 -0.5882965
vn 0.2179538 0.8346804 -0.5057715
v 0.1502700 0.1510414 -0.5706280
vn 0.7427853 0.3771407 -0.5532043
v -0.1483920 0.1473650 -0.5567618
vn 0.0050082 0.8688028 -0.4951329
v -0.1483920 0.1473650 -0.5567618
vn -0.2554234 0.7636423 -0.5929667
v 0.1557659 0.1493146 -0.5425699
vn -0.0119751 0.9996163 0.0249803
v -0.0166659 0.1493035 -0.5701757
vn 0.0011763 0.9997424 -0.0226673
v -0.0957748 0.1485933 -0.5927042
vn -0.0069293 0.9996800 0.0243301
v -0.0781134 0.1486114 -0.5697057
vn 0.0005903 0.9996154 -0.0277284
v 0.1205835 0.1502171 -0.5914096
vn -0.0071127 0.9995276 -0.0298987
v 0.0154502 0.1494075 -0.5978253
vn -0.0054035 0.9999165 -0.0117432
v -0.0732149 0.1485370 -0.5871739
vn -0.0043766 0.9999619 -0.0075522
v 0.1094539 0.1503626 -0.5793195
vn -0.0142602 0.9816719 -0.1900449
v -0.0444906 0.1488366 -0.5703371
vn -0.0050366 0.0538696 -0.9985353
v -0.0427902 0.1489374 -0.5863810
vn -0.0045387 0.9892160 -0.1463939
v -0.0187999 0.1493992 -0.5845479
vn -0.0095453 0.9991894 0.0391077
v 0.0045430 0.1495068 -0.5693851
vn -0.0080253 0.9999329 -0.0083596
v 0.0118313 0.1495221 -0.5836892
vn -0.0111432 0.9968462 0.0785721
v 0.0399603 0.1498110 -0.5676208
vn -0.0076236 0.9999297 -0.0090816
v 0.0701302 0.1500881 -0.5798675
vn -0.0077789 0.9997911 -0.0189046
v 0.0423107 0.1498457 -0.5826740
vn -0.0085574 0.9999583 -0.0032072
v 0.0721698 0.1500810 -0.5672953
vn -0.0323740 0.0621094 0.9975442
v 0.1031563 0.1503589 -0.5648940
vn -0.0095146 0.9825494 0.1857588
v 0.1305388 0.1505534 -0.5640619
vn 0.0004694 0.9998555 -0.0169961
v 0.1288509 0.1504113 -0.5798661
vn -0.0231341 0.9360266 0.3511681
v 0.1445873 0.1504189 -0.5628998
vn 0.6379455 0.3872665 0.6656202
v -0.1618235 0.1470731 -0.5766081
vn 0.0599542 0.3866420 -0.9202791
v -0.1618235 0.1470731 -0.5766081
vn -0.0574657 0.4188045 0.9062564
v -0.1618235 0.1470731 -0.5766081
vn 0.7260740 0.4737599 -0.4983656
v -0.1618235 0.1470731 -0.5766081
vn -0.0410964 0.9991485 -0.0036683
v -0.1618235 0.1470731 -0.5766081
vn 0.4271685 0.2992196 -0.8532261
v 0.1074428 0.1563959 -0.5172426
vn 0.0269305 -0.2488929 -0.9681566
v 0.1074428 0.1563959 -0.5172426
vn -0.0080642 0.9999313 0.0085130
v 0.1074428 0.1563959 -0.5172426
vn 0.9962990 -0.0196512 0.0836800
v 0.1074428 0.1563959 -0.5172426
vn -0.0620683 0.4278471 0.9017175
v -0.1219069 0.1545933 -0.5170740
vn -0.0011705 0.9999352 0.0113312
v -0.1219069 0.1545933 -0.5170740
vn -0.0438642 0.9988830 0.0175714
v -0.1219069 0.1545933 -0.5170740
vn 0.4539110 0.0970889 0.8857418
v 0.1140550 0.1571032 -0.5380052
vn -0.0032845 0.9960826 -0.0883670
v 0.1140550 0.1571032 -0.5380052
vn -0.0044432 0.9998264 0.0180966
v 0.1403501 0.1566785 -0.5012921
vn -0.5273259 0.4706859 0.7073770
v 0.1403501 0.1566785 -0.5012921
vn -0.1219403 0.1811166 0.9758727
v 0.1403501 0.1566785 -0.5012921
vn -0.1739202 0.8946124 -0.4116072
v 0.1567942 0.1568436 -0.5399894
vn 0.0254482 0.9987826 0.0422574
v 0.1573705 0.1564521 -0.4849955
vn -0.8159717 0.3367500 0.4698828
v 0.1573705 0.1564521 -0.4849955
vn 0.0069313 0.9999340 -0.0091669
v 0.1911659 0.1570753 -0.5441648
vn 0.0072717 0.9968268 0.0792686
v 0.1911659 0.1570753 -0.5441648
vn -0.0056528 0.9999608 -0.0068159
v 0.1269446 0.1563860 -0.5166975
vn -0.3717631 0.0836450 -0.9245517
v 0.1269446 0.1563860 -0.5166975
vn -0.9592977 -0.2214924 0.1751828
v 0.1269446 0.1563860 -0.5166975
vn -0.8724419 -0.0190717 0.4883456
v 0.1231554 0.1566958 -0.5366590
vn 0.0090113 0.9908031 0.1350117
v 0.1231554 0.1566958 -0.5366590
vn -0.1422585 0.0821096 0.9864180
v 0.1231554 0.1566958 -0.5366590
vn 0.0392829 0.2832434 -0.9582433
v 0.2243242 0.1570928 -0.5571374
vn 0.3930326 0.9194147 0.0142140
v 0.2243242 0.1570928 -0.5571374
vn 0.6026120 0.6063771 -0.5188119
v 0.2249451 0.1565516 -0.5406772
vn 0.5038564 0.8294941 0.2409739
v 0.2249451 0.1565516 -0.5406772
vn 0.6121083 0.7894434 0.0458550
v 0.2293880 0.1523585 -0.5432283
vn 0.0689762 0.0601564 0.9958029
v 0.2293880 0.1523585 -0.5432283
vn 0.9876752 0.1486059 0.0491331
v 0.2293880 0.1523585 -0.5432283
vn 0.8114250 0.1803832 0.5559239
v 0.2116704 0.1561987 -0.5117057
vn 0.3624137 0.9041911 0.2260419
v 0.2116704 0.1561987 -0.5117057
vn 0.5746265 0.1708462 -0.8003849
v 0.2293908 0.1496121 -0.5397623
vn 0.8462697 0.3227486 0.4238646
v 0.2293908 0.1496121 -0.5397623
vn 0.8135554 0.1828639 0.5519860
v 0.2305994 0.0768519 -0.5135885
vn 0.4375339 -0.7237989 0.5335534
v 0.2305994 0.0768519 -0.5135885
vn 0.9121590 0.1583193 0.3780227
v 0.2305994 0.0768519 -0.5135885
vn 0.0375058 -0.8107097 -0.5842458
v 0.0384455 -0.1091573 0.0884717
vn 0.9505373 -0.2733046 -0.1475923
v 0.0384455 -0.1091573 0.0884717
vn 0.5369669 -0.0039733 -0.8435940
v 0.0384455 -0.1091573 0.0884717
vn -0.7475198 -0.6452733 -0.1575965
v -0.0407815 -0.1209072 0.1046636
vn -0.2312083 -0.9728792 -0.0069921
v -0.0407815 -0.1209072 0.1046636
vn -0.8086232 0.2716128 -0.5218765
v -0.0428731 -0.1053916 0.0815616
vn 0.0399843 -0.5463989 -0.8365700
v -0.0428731 -0.1053916 0.0815616
vn 0.0463350 0.2645503 -0.9632581
v -0.0428731 -0.1053916 0.0815616
vn 0.0907070 -0.2574235 0.9620319
v 0.0535577 -0.1023801 -0.3897297
vn 0.0361956 -0.9404926 0.3378811
v 0.0535577 -0.1023801 -0.3897297
vn 0.0668641 -0.2539467 0.9649043
v 0.0324306 -0.1340704 -0.3962175
vn 0.0031953 -0.9831842 0.1825888
v 0.0324306 -0.1340704 -0.3962175
vn 0.0083561 -0.2544659 0.9670457
v -0.0332583 -0.1028958 -0.3855588
vn -0.0211698 -0.8651378 0.5010872
v -0.0332583 -0.1028958 -0.3855588
vn -0.1120843 -0.2128787 0.9706286
v -0.1734737 -0.1170869 -0.3974677
vn -0.3072371 -0.2593220 0.9156187
v -0.1734737 -0.1170869 -0.3974677
vn -0.5670152 -0.8109416 0.1444560
v -0.1734737 -0.1170869 -0.3974677
vn -0.1027392 -0.1776625 0.9787138
v -0.1524062 -0.1274008 -0.3961179
vn -0.3187521 -0.9127278 0.2555879
v -0.1524062 -0.1274008 -0.3961179
vn -0.0637955 -0.2185071 0.9737478
v -0.1321396 -0.1024217 -0.3894782
vn -0.0757487 -0.8476234 0.5251635
v -0.1321396 -0.1024217 -0.3894782
vn -0.0186776 -0.9795858 0.2001570
v -0.0515268 -0.1329237 -0.3935860
vn -0.0156407 -0.2493317 0.9682919
v -0.0515268 -0.1329237 -0.3935860
vn 0.0651044 -0.9900299 0.1249087
v 0.1207412 -0.1015220 -0.3972507
vn 0.1208952 -0.2979570 0.9468929
v 0.1207412 -0.1015220 -0.3972507
vn 0.6871774 -0.2432005 0.6845735
v 0.1207412 -0.1015220 -0.3972507
vn 0.9899384 0.0589917 -0.1286162
v 0.2450573 0.0522895 -0.5905112
vn 0.1723273 0.0106004 -0.9849827
v 0.2450573 0.0522895 -0.5905112
vn 0.9914030 -0.1121157 -0.0674543
v 0.2401325 -0.1094963 -0.5904624
vn 0.6054855 -0.0070326 -0.7958253
v 0.2401325 -0.1094963 -0.5904624
vn 0.3460737 -0.9369683 -0.0482015
v 0.2401325 -0.1094963 -0.5904624
vn 0.4697178 0.0555963 -0.8810642
v 0.2385815 0.1187098 -0.5897724
vn 0.9896045 0.1321630 -0.0567089
v 0.2385815 0.1187098 -0.5897724
vn 0.1533339 0.9870112 -0.0479349
v 0.2385815 0.1187098 -0.5897724
vn 0.7741351 0.0203007 0.6326950
v 0.2511317 -0.0301285 -0.5607206
vn 0.9881344 -0.0363053 -0.1492388
v 0.2511317 -0.0301285 -0.5607206
vn 0.2259149 -0.0413566 0.9732688
v 0.2511317 -0.0301285 -0.5607206
vn 0.3168105 0.9480387 -0.0292202
v 0.2392879 0.1193319 -0.5619313
vn 0.8463826 0.1380054 0.5143843
v 0.2392879 0.1193319 -0.5619313
vn 0.9928637 0.0742602 -0.0933129
v 0.2485630 0.0565916 -0.5603601
vn 0.1957692 0.0274701 0.9802652
v 0.2485630 0.0565916 -0.5603601
vn -0.9968476 -0.0084151 -0.0788922
v 0.1869024 0.0975935 -0.6057586
vn 0.0153406 -0.0736718 -0.9971645
v 0.1869024 0.0975935 -0.6057586
vn 0.7222501 0.0021612 -0.6916286
v 0.1869024 0.0975935 -0.6057586
vn -0.9968476 -0.0084164 -0.0788919
v 0.1883878 -0.0874559 -0.6047858
vn 0.9980241 0.0197497 0.0596478
v 0.1883878 -0.0874559 -0.6047858
vn 0.6014050 -0.7927509 -0.0992882
v -0.0329122 -0.0446415 -0.1947348
vn 0.5557267 -0.8295802 -0.0544473
v -0.0587318 -0.0484236 -0.2844435
vn 0.6547786 -0.5535299 0.5146550
v -0.0710735 -0.0547026 -0.3023427
vn 0.4383973 -0.8984566 -0.0241586
v -0.0710735 -0.0547026 -0.3023427
vn -0.2195520 -0.8763847 -0.4286569
v -0.0710735 -0.0547026 -0.3023427
vn 0.3610306 -0.9323987 -0.0170170
v -0.0493467 -0.0543374 -0.1571489
vn 0.3710727 -0.9271418 -0.0520873
v -0.0701650 -0.0552879 -0.2683923
vn -0.2195522 -0.8763848 -0.4286567
v -0.0940798 -0.0629678 -0.2736612
vn 0.3126014 -0.9492297 -0.0352618
v -0.0940798 -0.0629678 -0.2736612
vn -0.2670472 -0.9384372 -0.2191382
v -0.0940798 -0.0629678 -0.2736612
vn 0.7781878 -0.6005704 -0.1836815
v -0.0091707 -0.0253888 -0.1272279
vn 0.9535636 -0.1327235 -0.2703721
v -0.0091707 -0.0253888 -0.1272279
vn 0.9769754 -0.2078819 -0.0480036
v -0.0091707 -0.0253888 -0.1272279
vn 0.7188099 -0.6930156 -0.0551524
v -0.0091707 -0.0253888 -0.1272279
vn 0.6362332 -0.7624531 0.1177827
v -0.0527169 -0.0443752 -0.3151031
vn 0.7017528 -0.7123361 -0.0109718
v -0.0527169 -0.0443752 -0.3151031
vn 0.6814777 -0.4544330 0.5736541
v -0.0527169 -0.0443752 -0.3151031
vn 0.7726901 -0.6290385 -0.0852105
v -0.0472400 -0.0378568 -0.2870935
vn 0.9516385 -0.2337550 -0.1993560
v -0.0191947 -0.0237049 -0.2131257
vn 0.7670289 -0.6211830 -0.1606188
v -0.0191947 -0.0237049 -0.2131257
vn 0.7331367 -0.6759317 -0.0750129
v -0.0133767 -0.0264724 -0.1675244
vn 0.9350452 -0.3368332 -0.1106069
v -0.0133767 -0.0264724 -0.1675244
vn 0.0478141 0.9922761 0.1144643
v -0.2244078 0.1030039 0.1894030
vn 0.9471285 0.2938617 -0.1288141
v -0.2244078 0.1030039 0.1894030
vn 0.7316110 0.6811123 -0.0288354
v -0.2286028 0.1062384 0.1593674
vn -0.2078479 0.0915761 0.9738650
v -0.2286028 0.1062384 0.1593674
vn 0.0396176 0.4247252 -0.9044551
v -0.2120970 0.0990677 0.2659057
vn 0.0005663 0.9530826 -0.3027101
v -0.2120970 0.0990677 0.2659057
vn 0.9456205 0.2983524 -0.1295678
v -0.2120970 0.0990677 0.2659057
vn 0.8653520 0.4958988 -0.0724595
v -0.2120970 0.0990677 0.2659057
vn -0.0711087 0.9606975 0.2683355
v -0.2095575 0.0869057 0.2600673
vn 0.0680181 0.4432705 -0.8938037
v -0.2095575 0.0869057 0.2600673
vn 0.9537194 0.2662380 -0.1397735
v -0.2095575 0.0869057 0.2600673
vn 0.8522275 0.5199950 -0.0575638
v -0.2224917 0.1126565 0.2347654
vn -0.2980197 0.8976008 0.3248032
v -0.2224917 0.1126565 0.2347654
vn 0.8728029 0.4825767 -0.0730413
v -0.2302199 0.1203948 0.1902540
vn -0.3114375 0.9412727 0.1304317
v -0.2302199 0.1203948 0.1902540
vn -0.3062469 0.9197551 0.2454863
v -0.2780249 0.0960590 0.2337216
vn 0.9378661 0.3174872 -0.1400326
v -0.2780249 0.0960590 0.2337216
vn -0.1242142 0.9545035 0.2710975
v -0.2780249 0.0960590 0.2337216
vn -0.1720264 -0.1598042 0.9720441
v -0.1939780 -0.1088634 0.1620006
vn 0.9542391 -0.2759263 -0.1152932
v -0.1939780 -0.1088634 0.1620006
vn -0.1343705 -0.9780079 0.1595155
v -0.1939780 -0.1088634 0.1620006
vn -0.2112379 0.9645221 0.1583531
v 0.1684771 0.1255608 0.2496510
vn -0.4649597 0.8814037 -0.0833072
v 0.1684771 0.1255608 0.2496510
vn 0.3746600 0.9174282 0.1339980
v 0.1684771 0.1255608 0.2496510
vn 0.3583405 0.9238579 0.1344573
v 0.1684771 0.1255608 0.2496510
vn 0.5911066 0.7667928 0.2502436
v 0.1684771 0.1255608 0.2496510
vn -0.2993234 0.9036425 0.3063262
v 0.1654054 0.1191281 0.2766176
vn 0.4133866 0.8440480 0.3416061
v 0.1654054 0.1191281 0.2766176
vn 0.1641338 0.8877382 0.4300942
v 0.1654054 0.1191281 0.2766176
vn 0.5824953 0.6812812 0.4433455
v 0.1654054 0.1191281 0.2766176
vn -0.1293767 0.7556639 0.6420544
v 0.1686952 0.0985678 0.3177998
vn 0.1641338 0.8877383 0.4300941
v 0.1686952 0.0985678 0.3177998
vn 0.0435352 -0.6198925 -0.7834782
v 0.0334367 -0.1054793 0.0852661
vn 0.2771485 0.1492941 -0.9491575
v 0.0334367 -0.1054793 0.0852661
vn 0.7053079 -0.0556505 -0.7067134
v 0.0436452 -0.0837688 0.0916618
vn 0.1490774 0.2147293 -0.9652292
v 0.0436452 -0.0837688 0.0916618
vn 0.2445358 -0.7787959 -0.5776498
v 0.0436452 -0.0837688 0.0916618
vn -0.0771093 -0.8381532 -0.5399569
v -0.0386107 -0.0880400 0.0865437
vn 0.0461548 0.2651927 -0.9630901
v -0.0386107 -0.0880400 0.0865437
vn -0.6712411 0.3521636 -0.6522394
v -0.0386107 -0.0880400 0.0865437
vn 0.0270222 -0.9942436 -0.1036805
v 0.1860712 -0.1210000 0.2283521
vn -0.2177295 -0.9504500 -0.2218981
v 0.1832081 -0.1199791 0.2155064
vn 0.0729959 -0.9529758 -0.2941238
v 0.1924371 -0.1157682 0.2034586
vn -0.0210441 -0.9785506 -0.2049290
v 0.1924371 -0.1157682 0.2034586
vn 0.0362468 -0.9872623 0.1549176
v 0.2004709 -0.1201636 0.2554103
vn 0.1501779 -0.9864230 0.0664555
v 0.2383380 -0.1190370 0.2382554
vn 0.3468207 -0.3800614 -0.8574782
v 0.2383380 -0.1190370 0.2382554
vn 0.0629410 -0.6109893 0.7891328
v 0.2421382 -0.1143123 0.2086749
vn 0.2062045 -0.9134722 -0.3507823
v 0.2421382 -0.1143123 0.2086749
vn 0.0635283 -0.9777558 -0.1998948
v 0.2006582 -0.1198142 0.2185917
vn -0.0920949 -0.9783235 0.1854771
v 0.1830661 -0.1203779 0.2584501
vn 0.1371240 -0.9600645 0.2438713
v 0.2334054 -0.1159294 0.2711602
vn 0.2525869 -0.9408627 0.2257818
v 0.2696529 -0.1064729 0.2710945
vn 0.9810720 -0.1260150 0.1470310
v 0.2696529 -0.1064729 0.2710945
vn -0.2780461 -0.9285033 0.2461140
v 0.1729967 -0.1166468 0.2664352
vn 0.2333704 -0.9079140 0.3481818
v 0.2674006 -0.0989947 0.2925335
vn 0.2264218 -0.8549370 0.4667077
v 0.2674006 -0.0989947 0.2925335
vn 0.3130692 -0.8853878 0.3436223
v 0.2674006 -0.0989947 0.2925335
vn -0.7893187 -0.6133929 0.0269288
v 0.2674006 -0.0989947 0.2925335
vn 0.2321580 -0.8402424 0.4899954
v 0.2674006 -0.0989947 0.2925335
vn 0.9810720 -0.1260150 0.1470307
v 0.2674006 -0.0989947 0.2925335
vn -0.1360555 -0.9286751 0.3450384
v 0.1785940 -0.1134587 0.2803548
vn 0.0646104 -0.9484835 -0.3101687
v 0.1943794 -0.1175472 0.2122391
vn -0.0034288 -0.9971621 0.0752065
v 0.1876203 -0.1225174 0.2436519
vn 0.0489351 -0.9715233 0.2318359
v 0.1944171 -0.1209317 0.2464514
vn 0.0630482 -0.9967930 0.0492819
v 0.2005064 -0.1212570 0.2449608
vn 0.0334723 -0.9586542 0.2825984
v 0.1915243 -0.1184861 0.2629077
vn 0.1950344 -0.9788546 -0.0616872
v 0.2224768 -0.1156602 0.2092507
vn 0.0575932 -0.9531508 -0.2969624
v 0.2224768 -0.1156602 0.2092507
vn 0.3455686 -0.3777653 -0.8589969
v 0.2199177 -0.1184195 0.2305735
vn 0.1411383 -0.9838846 -0.1097783
v 0.2199177 -0.1184195 0.2305735
vn 0.1485679 -0.8134977 0.5622715
v 0.2582574 -0.1049582 0.2146316
vn 0.0234711 -0.1182008 -0.9927123
v 0.2582574 -0.1049582 0.2146316
vn -0.9203823 -0.3492236 -0.1758962
v 0.2582574 -0.1049582 0.2146316
vn -0.0232605 0.0607665 0.9978809
v 0.2097066 -0.1064819 0.2970388
vn 0.3445036 -0.7856711 0.5138466
v 0.2097066 -0.1064819 0.2970388
vn -0.0041053 -0.9048303 0.4257526
v 0.2097066 -0.1064819 0.2970388
vn -0.1340748 -0.8645433 0.4843438
v 0.1723509 -0.1041469 0.2996468
vn -0.2148347 -0.9764249 -0.0209891
v 0.1805561 -0.1218648 0.2366081
vn 0.0910086 -0.9935949 -0.0669824
v 0.1996376 -0.1208745 0.2329828
vn 0.1916748 -0.8416844 0.5048051
v 0.2070163 -0.0926488 0.3184327
vn -0.0299401 -0.7865896 0.6167499
v 0.2070163 -0.0926488 0.3184327
vn 0.0299966 -0.9992436 0.0247481
v 0.1681744 -0.1219064 0.2402486
vn 0.1956879 -0.9757976 0.0975980
v 0.1681744 -0.1219064 0.2402486
vn 0.7492959 -0.6212226 0.2294303
v 0.1681744 -0.1219064 0.2402486
vn -0.0728269 -0.9962062 -0.0476411
v 0.1764471 -0.1202598 0.2334534
vn 0.3419722 -0.9276239 -0.1502295
v 0.1725620 -0.1186120 0.2034319
vn 0.0127082 -0.9494364 -0.3137023
v 0.1725620 -0.1186120 0.2034319
vn 0.7501851 -0.6338019 -0.1884613
v 0.1725620 -0.1186120 0.2034319
vn 0.0532944 -0.9951488 -0.0826959
v 0.1725620 -0.1186120 0.2034319
vn 0.3236664 -0.8196920 -0.4725941
v 0.1822072 -0.1127616 0.1912153
vn 0.0861280 -0.9475302 -0.3078452
v 0.1822072 -0.1127616 0.1912153
vn -0.0105172 -0.8946338 -0.4466763
v 0.1822072 -0.1127616 0.1912153
vn 0.4077109 -0.7555874 0.5126984
v 0.1629022 -0.1022348 0.2988899
vn -0.2255984 -0.8494312 0.4770451
v 0.1629022 -0.1022348 0.2988899
vn -0.1964793 -0.7765724 0.5986078
v 0.1716954 -0.0882673 0.3223058
vn -0.0453712 -0.6809241 0.7309473
v 0.1716954 -0.0882673 0.3223058
vn 0.0451683 -0.9943936 -0.0956102
v 0.1900459 -0.1220645 0.2359232
vn -0.0512122 -0.7619406 0.6456190
v 0.0122246 -0.1066924 0.3016639
vn -0.3393273 -0.8204065 0.4602068
v 0.0122246 -0.1066924 0.3016639
vn 0.0117498 -0.9599666 -0.2798682
v 0.0122246 -0.1066924 0.3016639
vn -0.0387869 -0.7025536 0.7105730
v 0.0561600 -0.0988571 0.3143961
vn -0.0289808 -0.8035607 0.5945169
v 0.0561600 -0.0988571 0.3143961
vn 0.9623157 -0.2525366 0.1008646
v 0.0561600 -0.0988571 0.3143961
vn -0.9182950 -0.1597290 0.3622445
v -0.0003133 -0.0672736 0.3418870
vn -0.0102002 -0.5772567 0.8164991
v -0.0003133 -0.0672736 0.3418870
vn 0.0288067 -0.6068743 0.7942757
v 0.0566174 -0.0800940 0.3317793
vn 0.8840683 -0.3290423 0.3318953
v 0.0566174 -0.0800940 0.3317793
vn 0.2670577 -0.4168321 0.8688678
v 0.0570571 -0.0538695 0.3472528
vn -0.0328935 -0.3673390 0.9295053
v 0.0002295 -0.0502135 0.3502542
vn -0.9388009 -0.0831748 0.3342678
v 0.0002295 -0.0502135 0.3502542
vn -0.0546570 -0.7261338 0.6853775
v -0.0072114 -0.0990799 0.3091063
vn -0.8666198 -0.2276827 0.4439942
v -0.0072114 -0.0990799 0.3091063
vn -0.1183404 -0.5769921 0.8081310
v -0.0072114 -0.0990799 0.3091063
vn 0.2576817 0.2546269 0.9320759
v 0.0571061 0.0351059 0.3549559
vn 0.3694451 0.1223833 0.9211583
v 0.0571061 0.0351059 0.3549559
vn 0.5875680 0.0618772 0.8068056
v 0.0574151 0.0031101 0.3590829
vn 0.1261034 -0.0095272 0.9919714
v 0.0574151 0.0031101 0.3590829
vn 0.0052673 0.2468185 0.9690474
v 0.0226975 0.0378287 0.3577842
vn -0.0108400 -0.1002579 0.9949025
v 0.0212307 -0.0149033 0.3608133
vn -0.9323129 -0.0237418 0.3608727
v 0.0010007 -0.0123108 0.3593141
vn -0.0855532 -0.0940132 0.9918882
v 0.0010007 -0.0123108 0.3593141
vn 0.3935947 0.3917862 0.8316171
v 0.0571410 0.0604512 0.3461679
vn 0.1514329 -0.2201214 0.9636466
v 0.0591632 -0.0315153 0.3543681
vn 0.8123326 -0.1468162 0.5644119
v 0.0591632 -0.0315153 0.3543681
vn -0.0133241 0.4752180 0.8797672
v -0.0011906 0.0625914 0.3467324
vn -0.9361946 0.0825284 0.3416559
v -0.0011906 0.0625914 0.3467324
vn -0.9206867 0.1574382 0.3571404
v -0.0024056 0.0764256 0.3371612
vn -0.0714894 0.7180167 0.6923448
v -0.0024056 0.0764256 0.3371612
vn 0.0081952 0.5843192 0.8114826
v -0.0024056 0.0764256 0.3371612
vn -0.0983775 -0.8803875 0.4639395
v -0.1991939 -0.0989056 0.2660788
vn 0.1393219 -0.3722902 -0.9175998
v -0.1991939 -0.0989056 0.2660788
vn -0.1895013 -0.9704763 0.1492147
v -0.1991939 -0.0989056 0.2660788
vn -0.9812695 -0.0476196 0.1866620
v -0.1991939 -0.0989056 0.2660788
vn -0.1178278 -0.9673692 0.2243067
v -0.1991939 -0.0989056 0.2660788
vn 0.0149560 -0.9545335 -0.2977280
v -0.1991939 -0.0989056 0.2660788
vn -0.9800240 -0.0678265 0.1869562
v -0.2010755 -0.0864432 0.2607369
vn 0.1283466 -0.3646524 -0.9222558
v -0.2010755 -0.0864432 0.2607369
vn -0.0856214 -0.9592945 0.2691154
v -0.2010755 -0.0864432 0.2607369
vn -0.0110976 0.9999251 0.0051661
v 0.0308192 0.1251691 0.1161715
vn 0.3069123 0.4206240 0.8537449
v 0.0308192 0.1251691 0.1161715
vn 0.2819960 0.3673507 0.8863024
v 0.0326732 0.1107713 0.1215492
vn 0.0836417 0.8075603 -0.5838241
v 0.0326732 0.1107713 0.1215492
vn 0.9348068 0.3379937 -0.1090714
v -0.1905499 0.1169654 0.2225321
vn 0.1098648 0.3048406 -0.9460454
v -0.1905499 0.1169654 0.2225321
vn -0.1293100 0.9606848 0.2456904
v -0.1905499 0.1169654 0.2225321
vn -0.1722936 0.1172105 0.9780474
v -0.1954252 0.1090323 0.1626793
vn 0.9489115 0.2929461 -0.1172584
v -0.1954252 0.1090323 0.1626793
vn -0.1735559 0.9734515 0.1492336
v -0.1954252 0.1090323 0.1626793
vn 0.9480651 0.2962353 -0.1158331
v -0.1864274 0.1021208 0.2182275
vn 0.1098662 0.3048396 -0.9460456
v -0.1864274 0.1021208 0.2182275
vn -0.0990901 0.9827982 0.1558495
v -0.1864274 0.1021208 0.2182275
vn 0.2697607 -0.4005609 -0.8756599
v 0.2451616 0.0578678 0.1255553
vn 0.2350808 0.5500089 -0.8013909
v 0.2451616 0.0578678 0.1255553
vn -0.4279262 0.3988540 -0.8110454
v 0.1903135 0.0604580 0.1200999
vn 0.2722458 0.6149830 -0.7400528
v 0.2437730 0.0938046 0.1549080
vn 0.1077801 0.9597094 0.2595023
v 0.2437730 0.0938046 0.1549080
vn 0.2021464 0.2595897 -0.9443252
v 0.2280542 0.0516156 0.1231451
vn 0.2611761 -0.4700792 -0.8430970
v 0.2280542 0.0516156 0.1231451
vn 0.2367071 0.7265560 -0.6450475
v 0.2462558 0.0319554 0.1170396
vn 0.1839155 0.2966464 -0.9371105
v 0.2230890 0.0340725 0.1142515
vn 0.2205553 -0.6837388 -0.6955981
v 0.2679572 0.0489657 0.1384020
vn 0.3545216 0.3527421 -0.8659605
v 0.2679572 0.0489657 0.1384020
vn -0.7735623 0.1835513 -0.6065561
v 0.2679572 0.0489657 0.1384020
vn -0.8828534 0.1793151 -0.4340691
v 0.1897504 0.0319562 0.1094710
vn -0.2374602 0.1519613 -0.9594376
v 0.1897504 0.0319562 0.1094710
vn 0.1153841 0.1092175 -0.9872984
v 0.1897504 0.0319562 0.1094710
vn 0.1172751 0.2947553 -0.9483491
v 0.1897504 0.0319562 0.1094710
vn 0.4287705 0.4193028 -0.8002132
v 0.1897504 0.0319562 0.1094710
vn 0.3733957 0.6757640 -0.6355459
v 0.2692243 0.0295765 0.1310227
vn -0.7813972 0.1767153 -0.5984899
v 0.2692243 0.0295765 0.1310227
vn -0.3352778 -0.4553567 -0.8247660
v 0.2692243 0.0295765 0.1310227
vn 0.4362515 0.3855160 -0.8130572
v 0.2820230 0.0549192 0.1423327
vn 0.4653834 0.3212332 -0.8247591
v 0.2719564 0.0324754 0.1283115
vn -0.7803273 0.1776578 -0.5996058
v 0.2719564 0.0324754 0.1283115
vn -0.3352778 -0.4553567 -0.8247660
v 0.2719564 0.0324754 0.1283115
vn 0.3287877 0.6166062 -0.7153289
v 0.2816299 0.0685059 0.1514872
vn 0.4675361 0.5488123 -0.6929756
v 0.2816299 0.0685059 0.1514872
vn 0.9821881 -0.0671512 0.1754914
v 0.2941830 0.0794321 0.1691321
vn 0.4293224 0.6674275 -0.6084594
v 0.2941830 0.0794321 0.1691321
vn 0.4293763 0.3067068 -0.8494509
v 0.2706953 0.0523464 0.1359471
vn -0.7725253 0.1844452 -0.6076058
v 0.2706953 0.0523464 0.1359471
vn 0.2306377 -0.6415473 -0.7315896
v 0.2706953 0.0523464 0.1359471
vn 0.4116416 0.4571103 -0.7884171
v 0.2797224 0.0239410 0.1298663
vn 0.4462691 -0.0044885 -0.8948876
v 0.2797224 0.0239410 0.1298663
vn 0.4969974 0.0295530 -0.8672487
v 0.2797224 0.0239410 0.1298663
vn 0.4648449 0.2693235 -0.8434358
v 0.2797224 0.0239410 0.1298663
vn -0.3352779 -0.4553568 -0.8247660
v 0.2797224 0.0239410 0.1298663
vn 0.0161842 0.6046193 -0.7963502
v 0.1876757 0.0800358 0.1335525
vn 0.1005478 0.7242422 -0.6821756
v 0.1876757 0.0800358 0.1335525
vn 0.0445519 0.5930300 -0.8039469
v 0.1876757 0.0800358 0.1335525
vn -0.0484466 0.7519203 -0.6574717
v 0.1846315 0.0933005 0.1466954
vn -0.1832027 -0.1543430 0.9708837
v -0.2166163 -0.1051516 0.1611765
vn -0.9903608 -0.0140479 0.1377977
v -0.2166163 -0.1051516 0.1611765
vn -0.1031467 -0.9881224 0.1139078
v -0.2166163 -0.1051516 0.1611765
vn -0.9827422 0.0240710 0.1834076
v -0.2034144 -0.1060449 0.2449251
vn -0.3365014 -0.8722925 0.3547856
v -0.2034144 -0.1060449 0.2449251
vn -0.1706945 -0.1469709 0.9743013
v -0.2167388 -0.1201930 0.1587623
vn -0.1704357 -0.7194970 0.6732575
v -0.2167388 -0.1201930 0.1587623
vn -0.9899867 -0.0192609 0.1398407
v -0.2167388 -0.1201930 0.1587623
vn -0.0357224 0.9920614 0.1205747
v -0.0404922 0.1417834 -0.4303249
vn 0.0191988 0.4662031 0.8844694
v -0.0404922 0.1417834 -0.4303249
vn -0.1317239 -0.9783317 0.1597369
v -0.1810016 -0.1101665 0.1649419
vn -0.9756310 -0.1280888 0.1781500
v -0.1810016 -0.1101665 0.1649419
vn -0.2366384 -0.2207188 0.9461953
v -0.1810016 -0.1101665 0.1649419
vn -0.1780151 -0.1654494 0.9700192
v -0.1797082 -0.1240141 0.1620352
vn -0.9756020 -0.1285015 0.1780116
v -0.1797082 -0.1240141 0.1620352
vn -0.0709081 -0.9923034 0.1015190
v -0.1797082 -0.1240141 0.1620352
vn -0.0537429 -0.9935814 -0.0995381
v -0.1797082 -0.1240141 0.1620352
vn 0.6683721 -0.7311641 0.1366670
v 0.0735865 -0.0291039 -0.0357445
vn 0.9374649 -0.0683438 0.3413045
v 0.0735865 -0.0291039 -0.0357445
vn 0.6656389 0.7231686 -0.1842605
v 0.0677489 0.0333754 0.0002035
vn 0.9744959 0.2164262 -0.0593079
v 0.0677489 0.0333754 0.0002035
vn 0.7383270 -0.6595009 -0.1411799
v 0.0675592 -0.0275223 -0.0105425
vn 0.9700887 -0.2202742 0.1020163
v 0.0675592 -0.0275223 -0.0105425
vn -0.9854876 0.0238660 0.1680617
v -0.2425442 -0.1145607 0.2023824
vn -0.2463070 -0.9486738 0.1983707
v -0.2425442 -0.1145607 0.2023824
vn -0.3145300 -0.9452745 0.0867587
v -0.2425442 -0.1145607 0.2023824
vn -0.1962870 -0.2471501 0.9488879
v -0.2496677 -0.1166171 0.1541515
vn -0.9892527 -0.0021348 0.1462004
v -0.2496677 -0.1166171 0.1541515
vn -0.2531846 -0.9664993 0.0421526
v -0.2496677 -0.1166171 0.1541515
vn -0.9869595 0.0187045 0.1598788
v -0.2438461 -0.1004840 0.1926985
vn -0.2023887 -0.9676874 0.1503991
v -0.2438461 -0.1004840 0.1926985
vn 0.0537798 0.0463312 0.9974775
v -0.0115714 0.0027126 0.3510938
vn 0.8567512 0.0468329 0.5135992
v -0.0115714 0.0027126 0.3510938
vn 0.8853617 -0.0548949 0.4616507
v -0.0115714 0.0027126 0.3510938
vn -0.9779171 -0.1802325 -0.1058040
v -0.3548886 -0.0319404 0.1278187
vn -0.3826906 -0.1589117 -0.9101071
v -0.3548886 -0.0319404 0.1278187
vn -0.5827064 -0.1630956 0.7961490
v -0.3414958 -0.0806944 0.1681388
vn -0.8645131 -0.4988877 -0.0610590
v -0.3414958 -0.0806944 0.1681388
vn -0.9922801 0.0410726 -0.1170186
v -0.3582445 0.0077234 0.1263901
vn -0.4203655 0.0737754 -0.9043507
v -0.3582445 0.0077234 0.1263901
vn -0.3363482 -0.3854728 -0.8592327
v -0.3257082 -0.0994489 0.1396869
vn -0.2787267 -0.9592962 -0.0454125
v -0.3257082 -0.0994489 0.1396869
vn 0.1849684 -0.8547980 -0.4848785
v -0.3257082 -0.0994489 0.1396869
vn -0.8198812 -0.5667206 -0.0813799
v -0.3257082 -0.0994489 0.1396869
vn -0.6280794 -0.0045527 0.7781360
v -0.3622337 0.0086906 0.1605568
vn -0.9935269 0.0526686 -0.1006500
v -0.3622337 0.0086906 0.1605568
vn -0.9379256 0.3415063 -0.0605718
v -0.3516279 0.0581787 0.1648942
vn -0.6045806 0.1001508 0.7902229
v -0.3516279 0.0581787 0.1648942
vn -0.6445928 -0.1076790 0.7569053
v -0.3574237 -0.0372655 0.1623746
vn -0.9704154 -0.2261932 -0.0844439
v -0.3574237 -0.0372655 0.1623746
vn -0.0082268 0.5115644 -0.8592056
v -0.3270778 0.0981013 0.1398626
vn -0.7871521 0.6110271 -0.0838905
v -0.3270778 0.0981013 0.1398626
vn -0.3035291 0.9519803 -0.0400468
v -0.3270778 0.0981013 0.1398626
vn -0.2699386 -0.3195477 0.9083074
v -0.0420660 -0.1056092 0.1144470
vn -0.9618950 0.1958151 0.1908259
v -0.0420660 -0.1056092 0.1144470
vn -0.0099495 -0.9308248 -0.3653303
v -0.0420660 -0.1056092 0.1144470
vn 0.0402603 -0.8635121 -0.5027187
v -0.0420660 -0.1056092 0.1144470
vn -0.2889457 -0.3167359 0.9034317
v -0.0382930 -0.1194504 0.1108011
vn -0.2220598 -0.9246089 0.3094961
v -0.0382930 -0.1194504 0.1108011
vn -0.0054956 -0.9990233 0.0438455
v 0.0337347 -0.1208419 0.1154886
vn 0.7472137 -0.3799089 0.5452898
v 0.0337347 -0.1208419 0.1154886
vn 0.0773387 -0.3499931 0.9335543
v 0.0337347 -0.1208419 0.1154886
vn 0.9520099 -0.3056433 -0.0161071
v 0.0437468 -0.1004265 0.1159926
vn 0.1417361 -0.7890069 -0.5978119
v 0.0437468 -0.1004265 0.1159926
vn 0.6861752 -0.3522255 0.6364754
v 0.0437468 -0.1004265 0.1159926
vn 0.0910440 0.3738613 -0.9230053
v -0.2326091 0.0865080 0.2593293
vn -0.1397817 0.9586645 0.2478379
v -0.2326091 0.0865080 0.2593293
vn -0.9821009 -0.0476719 0.1822234
v -0.2326091 0.0865080 0.2593293
vn -0.9857628 -0.0265040 0.1660400
v -0.2433171 0.0988912 0.2053903
vn -0.1616719 0.9681620 0.1911142
v -0.2433171 0.0988912 0.2053903
vn -0.9875545 -0.0205030 0.1559352
v -0.2518478 0.1171547 0.1537662
vn -0.2252647 0.4444714 0.8670070
v -0.2518478 0.1171547 0.1537662
vn -0.1526278 0.1178743 0.9812291
v -0.2518478 0.1171547 0.1537662
vn -0.7354817 -0.4136304 -0.5366344
v 0.2815814 -0.0758653 0.1665698
vn 0.4434914 -0.7064801 -0.5515444
v 0.2815814 -0.0758653 0.1665698
vn 0.3919379 -0.6706092 -0.6298159
v 0.2815814 -0.0758653 0.1665698
vn 0.4398822 -0.5657792 -0.6974220
v 0.2834491 -0.0623817 0.1536170
vn -0.7354817 -0.4136309 -0.5366341
v 0.2834491 -0.0623817 0.1536170
vn 0.7398641 -0.2729178 -0.6149122
v 0.2952729 -0.0349720 0.1440501
vn 0.3964752 -0.3200202 -0.8604618
v 0.2711037 -0.0432384 0.1359882
vn -0.7748520 -0.1825084 -0.6052232
v 0.2711037 -0.0432384 0.1359882
vn 0.3780318 0.1028929 -0.9200571
v 0.2711037 -0.0432384 0.1359882
vn 0.9919095 0.0288354 0.1236289
v 0.2956578 -0.0638725 0.1625268
vn 0.4796048 -0.6058353 -0.6347777
v 0.2956578 -0.0638725 0.1625268
vn 0.4508859 0.3102494 -0.8369273
v 0.2974336 0.0277070 0.1408300
vn 0.9784005 0.0226111 -0.2054780
v 0.2974336 0.0277070 0.1408300
vn 0.4619616 0.4001672 -0.7914908
v 0.2958955 0.0506992 0.1482671
vn 0.9972024 0.0725380 -0.0180444
v 0.2958955 0.0506992 0.1482671
vn 0.8098310 -0.1668699 0.5624306
v 0.2952436 0.0375976 0.1538323
vn 0.9806775 -0.0351858 0.1924414
v 0.2952436 0.0375976 0.1538323
vn 0.7853210 -0.3991880 0.4732018
v 0.2919986 0.0713084 0.1771906
vn 0.9792565 -0.0776813 0.1871429
v 0.2919986 0.0713084 0.1771906
vn 0.9830703 -0.1342151 0.1247364
v 0.2885728 0.0966638 0.2137704
vn 0.8631989 -0.3985863 0.3098654
v 0.2885728 0.0966638 0.2137704
vn 0.8242986 -0.5470719 0.1457538
v 0.2885728 0.0966638 0.2137704
vn 0.8510577 -0.0557326 -0.5221061
v 0.2980349 -0.0096044 0.1392176
vn 0.9869401 0.0251136 0.1591183
v 0.2980349 -0.0096044 0.1392176
vn 0.3709863 0.8699216 -0.3249702
v 0.2907985 0.1003930 0.1998809
vn 0.4916670 0.7437477 -0.4528830
v 0.2907985 0.1003930 0.1998809
vn 0.9893022 -0.0517109 0.1364088
v 0.2907985 0.1003930 0.1998809
vn 0.0577858 -0.2533260 -0.9656536
v 0.0428739 0.0886532 0.0919856
vn 0.2962608 0.7695831 -0.5656602
v 0.0428739 0.0886532 0.0919856
vn 0.8259043 0.1411094 -0.5458665
v 0.0428739 0.0886532 0.0919856
vn 0.7452144 0.1092473 -0.6578150
v 0.0347353 0.1090375 0.0861510
vn 0.0617323 0.1279736 -0.9898545
v 0.0347353 0.1090375 0.0861510
vn -0.2013475 -0.4758391 0.8561754
v -0.1577301 -0.1367825 -0.4294106
vn -0.3549017 -0.8659137 0.3524746
v -0.1577301 -0.1367825 -0.4294106
vn 0.6453668 -0.4923836 -0.5840035
v -0.1577301 -0.1367825 -0.4294106
vn -0.0061857 0.1583906 0.9873572
v -0.1577301 -0.1367825 -0.4294106
vn 0.0064154 -0.4228050 0.9061981
v -0.1577301 -0.1367825 -0.4294106
vn 0.0329232 -0.8527560 0.5212709
v -0.0169355 -0.1518480 -0.4384512
vn -0.0751393 -0.9539191 -0.2905039
v -0.0169355 -0.1518480 -0.4384512
vn -0.1427973 -0.9102005 0.3887725
v -0.1501961 -0.1503197 -0.4357800
vn -0.1880236 -0.5018733 0.8442572
v -0.1501961 -0.1503197 -0.4357800
vn 0.0554759 -0.6682708 -0.7418467
v -0.1322621 -0.1473625 -0.5108064
vn -0.0826493 -0.9948326 -0.0589689
v -0.1322621 -0.1473625 -0.5108064
vn -0.1624533 -0.4139091 -0.8957055
v -0.1495267 -0.1439886 -0.5123851
vn -0.1007970 -0.7954389 -0.5975927
v -0.1495267 -0.1439886 -0.5123851
vn -0.3461876 -0.9255264 -0.1534764
v -0.1495267 -0.1439886 -0.5123851
vn -0.0454722 -0.9796554 -0.1954675
v 0.1206375 -0.1497768 -0.4808359
vn 0.6705416 -0.6943091 0.2613595
v 0.1206375 -0.1497768 -0.4808359
vn 0.0629220 -0.7797277 -0.6229491
v 0.1206375 -0.1497768 -0.4808359
vn 0.5478790 -0.7256710 0.4162095
v 0.0908922 -0.1560351 -0.4525920
vn -0.0751392 -0.9539192 -0.2905037
v 0.0908922 -0.1560351 -0.4525920
vn 0.0928264 -0.5058490 0.8576130
v 0.0908922 -0.1560351 -0.4525920
vn -0.5159552 -0.8375553 -0.1796984
v -0.1602632 -0.1404531 -0.5025833
vn -0.8069653 -0.5319818 -0.2565199
v -0.2044212 -0.1086189 -0.4808488
vn -0.9432848 -0.1262658 -0.3070356
v -0.2042229 -0.0629782 -0.5158946
vn -0.8855829 -0.2804573 -0.3702523
v -0.2042229 -0.0629782 -0.5158946
vn -0.9267976 -0.2261873 -0.2998093
v -0.2042229 -0.0629782 -0.5158946
vn -0.5181311 -0.1300636 -0.8453541
v -0.2042229 -0.0629782 -0.5158946
vn 0.1098680 0.3048378 -0.9460459
v -0.1735004 0.1029998 0.2200120
vn -0.9802264 0.0882352 0.1771182
v -0.1735004 0.1029998 0.2200120
vn -0.0885259 0.9836688 0.1567128
v -0.1735004 0.1029998 0.2200120
vn -0.0858444 0.9900622 0.1113895
v -0.1713794 0.1170078 0.2247721
vn 0.1098663 0.3048395 -0.9460456
v -0.1713794 0.1170078 0.2247721
vn -0.9801987 0.0886323 0.1770732
v -0.1713794 0.1170078 0.2247721
vn -0.7516593 0.6283363 0.2005043
v -0.1713794 0.1170078 0.2247721
vn -0.0456118 -0.9670574 0.2504387
v -0.2754782 -0.0958399 0.2382753
vn -0.2556215 -0.8978027 0.3586195
v -0.2754782 -0.0958399 0.2382753
vn 0.9380839 -0.3246092 -0.1209444
v -0.2754782 -0.0958399 0.2382753
vn 0.9223548 -0.3862937 -0.0062406
v -0.2662977 -0.0828823 0.2772584
vn -0.0071385 -0.9122720 -0.4095227
v -0.2662977 -0.0828823 0.2772584
vn -0.2556217 -0.8978027 0.3586196
v -0.2662977 -0.0828823 0.2772584
vn -0.8571795 -0.3725251 0.3556240
v -0.2662977 -0.0828823 0.2772584
vn 0.9350342 -0.2941618 -0.1979393
v -0.2843501 -0.1020487 0.1991247
vn -0.2058174 -0.9749968 0.0837889
v -0.2843501 -0.1020487 0.1991247
vn 0.8282295 -0.4924358 -0.2674748
v -0.2991495 -0.1026288 0.1332794
vn 0.0339915 -0.8184627 -0.5735533
v -0.2991495 -0.1026288 0.1332794
vn -0.1490743 -0.9880491 0.0391894
v -0.2991495 -0.1026288 0.1332794
vn -0.3819460 -0.9019180 0.2016465
v -0.2841557 -0.1123222 0.2153548
vn 0.7274732 -0.6848260 0.0423818
v -0.2841557 -0.1123222 0.2153548
vn 0.9448774 -0.2772207 -0.1742278
v -0.2841557 -0.1123222 0.2153548
vn 0.7793332 -0.5572409 -0.2865701
v -0.3031116 -0.1094252 0.1357201
vn -0.6341218 -0.7732332 -0.0000514
v -0.3031116 -0.1094252 0.1357201
vn 0.0086769 -0.6551586 -0.7554416
v -0.3031116 -0.1094252 0.1357201
vn -0.9200746 0.2385995 -0.3106977
v 0.2629272 0.0976610 0.1822533
vn 0.2748129 0.3665049 -0.8889050
v 0.2629272 0.0976610 0.1822533
vn -0.8847876 0.2929063 -0.3624318
v 0.2657828 0.0865087 0.1652326
vn 0.0582765 -0.1640551 -0.9847283
v 0.2657828 0.0865087 0.1652326
vn 0.0755406 0.8831225 0.4630209
v 0.2657828 0.0865087 0.1652326
vn 0.2860586 0.8227876 -0.4911120
v 0.2657828 0.0865087 0.1652326
vn 0.3270482 0.6639171 -0.6724982
v 0.2207495 0.1083026 0.1722473
vn 0.0871433 0.8118069 -0.5773870
v 0.2207495 0.1083026 0.1722473
vn 0.3143125 0.7883130 -0.5289332
v 0.2257362 0.0952951 0.1566270
vn 0.0766955 0.8672922 -0.4918557
v 0.2257362 0.0952951 0.1566270
vn 0.1965411 0.9009099 -0.3869535
v 0.2415285 0.1093434 0.1761523
vn 0.1867003 -0.1638943 -0.9686494
v 0.2415285 0.1093434 0.1761523
vn 0.3270943 0.8476380 -0.4177550
v 0.2645376 0.1026090 0.1812842
vn -0.9147421 0.2475835 -0.3192953
v 0.2645376 0.1026090 0.1812842
vn 0.1453894 -0.2355316 -0.9609302
v 0.2645376 0.1026090 0.1812842
vn 0.0035692 -0.9998907 0.0143492
v -0.1116770 -0.1512228 -0.5158752
vn -0.0614807 -0.1451959 0.9874910
v -0.1116770 -0.1512228 -0.5158752
vn -0.0031782 -0.9991293 0.0416005
v -0.1116770 -0.1512228 -0.5158752
vn -0.1110524 -0.8689004 0.4823688
v -0.1638731 -0.1477443 -0.5216260
vn -0.2557970 -0.1045291 0.9610627
v -0.1638731 -0.1477443 -0.5216260
vn -0.1093973 -0.9939329 0.0113842
v -0.1360213 -0.1441288 -0.5163643
vn -0.1302172 -0.2992229 0.9452562
v -0.1360213 -0.1441288 -0.5163643
vn -0.3751727 -0.1246226 0.9185395
v -0.1825108 -0.1497086 -0.5294549
vn -0.1466241 -0.9590418 0.2423637
v -0.1825108 -0.1497086 -0.5294549
vn -0.5719543 -0.1453076 0.8073128
v -0.1825108 -0.1497086 -0.5294549
vn -0.6253549 -0.7717705 -0.1153328
v -0.1717887 -0.1255745 -0.5218012
vn -0.3369439 -0.1097916 0.9351014
v -0.1717887 -0.1255745 -0.5218012
vn -0.7633343 -0.5667707 -0.3099864
v -0.1717887 -0.1255745 -0.5218012
vn 0.2112212 0.9526658 -0.2186631
v 0.2134624 0.0781362 -0.4975245
vn 0.4962605 -0.6345530 0.5925100
v 0.2134624 0.0781362 -0.4975245
vn 0.2160714 0.9513883 -0.2194847
v 0.2227151 0.0760985 -0.4974642
vn 0.8212655 -0.0170781 0.5702907
v 0.2227151 0.0760985 -0.4974642
vn 0.0755905 -0.8803016 0.4683538
v 0.2434538 0.0594184 -0.5484303
vn 0.4795720 0.0248654 0.8771501
v 0.2434538 0.0594184 -0.5484303
vn 0.5024577 0.7205519 -0.4778507
v 0.2434538 0.0594184 -0.5484303
vn 0.9138788 -0.0105795 0.4058492
v 0.2469307 0.0585416 -0.5460203
vn 0.5935882 0.2736448 -0.7568168
v 0.2469307 0.0585416 -0.5460203
vn 0.3453946 0.9243727 -0.1619810
v 0.2469307 0.0585416 -0.5460203
vn -0.2239675 0.8065497 0.5470980
v 0.0566803 0.0948798 0.3100093
vn 0.3154202 0.5878749 0.7449250
v 0.0566803 0.0948798 0.3100093
vn 0.9280510 0.3383762 0.1556375
v 0.0566803 0.0948798 0.3100093
vn 0.9843665 0.1724442 0.0358565
v 0.0590238 0.0754278 0.3372593
vn 0.0765051 0.5608943 0.8243451
v 0.0590238 0.0754278 0.3372593
vn 0.8430637 0.2353482 0.4835853
v 0.0590238 0.0754278 0.3372593
vn -0.0792031 0.8743457 0.4787969
v 0.0493399 0.1267009 0.2828206
vn 0.9688374 0.2471600 -0.0163143
v 0.0493399 0.1267009 0.2828206
vn 0.9466257 0.3107148 -0.0857686
v 0.0416242 0.1388520 0.2206895
vn -0.7165594 0.6282634 0.3030311
v 0.0416242 0.1388520 0.2206895
vn -0.3963692 0.8431181 0.3633777
v 0.0416242 0.1388520 0.2206895
vn -0.1056354 0.9679338 0.2279154
v 0.0402925 0.1455127 0.2301213
vn 0.9516823 0.2983356 -0.0727796
v 0.0402925 0.1455127 0.2301213
vn 0.9620428 0.2696611 -0.0419121
v 0.0505591 0.1207666 0.2723979
vn 0.1772089 0.8407086 0.5116700
v 0.0505591 0.1207666 0.2723979
vn -0.6354045 0.0248060 -0.7717810
v -0.3204578 0.0030645 0.0595465
vn -0.7569187 -0.1719902 -0.6304709
v -0.3335232 -0.0277809 0.0760444
vn -0.8920463 -0.1144577 0.4372103
v -0.3490106 -0.0263085 0.1006449
vn -0.8455405 -0.1541418 -0.5111767
v -0.3490106 -0.0263085 0.1006449
vn -0.7924842 0.0127553 -0.6097590
v -0.3377472 0.0001764 0.0772437
vn -0.6479709 -0.3211673 -0.6906412
v -0.3196866 -0.0552181 0.0711509
vn -0.6819244 -0.4681734 -0.5619546
v -0.3199235 -0.0813086 0.0883201
vn -0.5720193 -0.1708321 -0.8022533
v -0.3073234 -0.0311583 0.0538048
vn -0.3456877 -0.2690764 -0.8989426
v -0.3073234 -0.0311583 0.0538048
vn -0.4503618 0.0148689 -0.8927224
v -0.2996540 -0.0012417 0.0462928
vn -0.5545661 0.2312467 -0.7993631
v -0.3118362 0.0388746 0.0584669
vn -0.7540634 0.2522996 -0.6064103
v -0.3326328 0.0449038 0.0804564
vn -0.8630743 0.1498637 0.4823315
v -0.3441316 0.0528993 0.1036829
vn -0.8200677 0.3030017 -0.4854678
v -0.3441316 0.0528993 0.1036829
vn -0.6896803 0.4430327 -0.5727680
v -0.3213203 0.0792713 0.0876497
vn -0.8921788 0.2659652 0.3650748
v -0.3270561 0.0956970 0.1142331
vn -0.8411634 0.3608201 0.4028066
v -0.3270561 0.0956970 0.1142331
vn -0.7105367 0.5356507 -0.4563068
v -0.3270561 0.0956970 0.1142331
vn -0.3273405 -0.2767130 -0.9034811
v -0.2817397 -0.0156019 0.0393102
vn -0.5550855 0.0786851 -0.8280632
v -0.2817397 -0.0156019 0.0393102
vn -0.3213064 -0.0813390 -0.9434756
v -0.2817397 -0.0156019 0.0393102
vn -0.1703663 0.8151065 0.5536938
v -0.3166800 0.1094545 0.1176314
vn -0.0394248 0.8889468 -0.4563105
v -0.3166800 0.1094545 0.1176314
vn -0.6543340 0.6054351 -0.4530953
v -0.3166800 0.1094545 0.1176314
vn -0.7852357 0.5030687 0.3610080
v -0.3166800 0.1094545 0.1176314
vn -0.7848011 0.5033371 0.3615786
v -0.3166800 0.1094545 0.1176314
vn -0.3688168 -0.0233110 -0.9292098
v -0.2756775 -0.0081828 0.0367179
vn -0.8651340 -0.3594701 0.3497494
v -0.2756775 -0.0081828 0.0367179
vn -0.3817558 0.0367519 -0.9235322
v -0.2756775 -0.0081828 0.0367179
vn -0.6943443 -0.5572934 -0.4553133
v -0.3262165 -0.0950638 0.1129287
vn -0.8243717 -0.4571249 0.3338387
v -0.3262165 -0.0950638 0.1129287
vn -0.8710330 -0.2849907 0.4001023
v -0.3262165 -0.0950638 0.1129287
vn -0.0127877 -0.9705264 -0.2406556
v -0.0673319 -0.0668297 0.0459963
vn -0.4148481 -0.2337316 -0.8793581
v -0.0673319 -0.0668297 0.0459963
vn 0.0567665 0.0280027 -0.9979947
v -0.1514678 -0.0580693 0.0416814
vn -0.0799931 -0.6304394 0.7721058
v -0.1514678 -0.0580693 0.0416814
vn -0.3347514 -0.2348002 -0.9125844
v -0.0684998 -0.0628551 0.0454782
vn -0.0721345 -0.6511368 0.7555246
v -0.0684998 -0.0628551 0.0454782
vn 0.7875627 -0.3127713 0.5309606
v -0.0684998 -0.0628551 0.0454782
vn -0.0491868 -0.9342685 0.3531617
v -0.0684998 -0.0628551 0.0454782
vn -0.1794470 -0.6530846 0.7357168
v -0.2267920 -0.0452459 0.0367552
vn 0.1324328 0.3745266 -0.9177099
v -0.2267920 -0.0452459 0.0367552
vn -0.4176086 -0.8356735 0.3567254
v -0.2267920 -0.0452459 0.0367552
vn 0.2837486 0.8462385 0.4509625
v 0.2793918 0.0990247 0.3002701
vn 0.9748725 0.1266714 0.1832428
v 0.2793918 0.0990247 0.3002701
vn 0.3030452 0.7349334 0.6066602
v 0.2793918 0.0990247 0.3002701
vn 0.2422557 0.7124186 0.6586137
v 0.2551602 0.1080927 0.2957922
vn -0.0083466 -0.2636629 0.9645787
v 0.2551602 0.1080927 0.2957922
vn 0.2081678 0.8197449 0.5335583
v 0.2551602 0.1080927 0.2957922
vn -0.9447221 0.3064757 0.1165029
v 0.2551602 0.1080927 0.2957922
vn 0.9948536 -0.0742390 0.0689573
v 0.2838424 0.1089237 0.2697492
vn 0.9893595 -0.0914954 0.1131215
v 0.2838424 0.1089237 0.2697492
vn 0.3839775 0.8990120 0.2105677
v 0.2838424 0.1089237 0.2697492
vn -0.8408694 0.5411713 0.0085024
v 0.2698715 0.1139251 0.2731068
vn 0.3737482 0.8924474 0.2526858
v 0.2698715 0.1139251 0.2731068
vn 0.3655119 0.9276745 -0.0762970
v 0.2863459 0.1116303 0.2337594
vn 0.9854824 0.1498450 0.0798185
v 0.2863459 0.1116303 0.2337594
vn 0.2927132 0.9217596 -0.2543194
v 0.2714733 0.1168121 0.2477746
vn -0.8408694 0.5411713 0.0085025
v 0.2714733 0.1168121 0.2477746
vn 0.3592443 0.9319745 0.0486549
v 0.2714733 0.1168121 0.2477746
vn -0.3195941 0.4055179 0.8563964
v 0.2714733 0.1168121 0.2477746
vn 0.2983273 0.9275170 0.2251954
v 0.2714733 0.1168121 0.2477746
vn -0.3195942 0.4055177 0.8563965
v 0.2549667 0.1220999 0.2391108
vn 0.3017997 0.9493356 -0.0876301
v 0.2549667 0.1220999 0.2391108
vn -0.9333870 0.3175566 -0.1671723
v 0.2549667 0.1220999 0.2391108
vn 0.2969875 0.9465542 -0.1258317
v 0.2582517 0.1180147 0.2154770
vn -0.0193176 0.1118297 -0.9935396
v 0.2582517 0.1180147 0.2154770
vn -0.8974926 0.3964244 -0.1932733
v 0.2582517 0.1180147 0.2154770
vn 0.3369870 0.8697128 -0.3606100
v 0.2787323 0.0980231 0.1828892
vn 0.4659124 0.7428958 -0.4806575
v 0.2787323 0.0980231 0.1828892
vn 0.3336222 0.8191963 -0.4664908
v 0.2787323 0.0980231 0.1828892
vn 0.0315713 -0.9329136 0.3587138
v -0.2574809 -0.0967880 0.2705612
vn -0.2940597 -0.9201550 0.2585416
v -0.2574809 -0.0967880 0.2705612
vn -0.9230952 -0.1127743 0.3676645
v -0.2574809 -0.0967880 0.2705612
vn -0.1440659 -0.9890543 0.0318854
v -0.2876829 -0.1042457 0.1354031
vn -0.9743587 -0.1200049 0.1903259
v -0.2876829 -0.1042457 0.1354031
vn 0.1148577 -0.2803137 -0.9530120
v -0.2876829 -0.1042457 0.1354031
vn -0.0345941 -0.8941206 -0.4464881
v -0.2876829 -0.1042457 0.1354031
vn -0.2556217 -0.8978027 0.3586196
v -0.2573204 -0.0867718 0.2739199
vn -0.9102618 -0.1184462 0.3967294
v -0.2573204 -0.0867718 0.2739199
vn -0.1680139 -0.7959524 0.5815765
v -0.2573204 -0.0867718 0.2739199
vn -0.2307516 0.1335834 0.9637994
v -0.2573204 -0.0867718 0.2739199
vn -0.9638160 0.2266704 -0.1402832
v -0.2041612 0.1467908 -0.5801625
vn -0.0809723 0.3381151 0.9376149
v -0.2041612 0.1467908 -0.5801625
vn -0.6307797 0.5878757 -0.5064771
v -0.2041612 0.1467908 -0.5801625
vn -0.6647929 0.7419978 -0.0865429
v -0.2041612 0.1467908 -0.5801625
vn -0.7329725 -0.5853896 0.3465119
v 0.0614565 -0.1247271 0.2726398
vn -0.7824525 -0.5038126 0.3659797
v 0.0614565 -0.1247271 0.2726398
vn 0.1042400 -0.9086314 0.4043800
v 0.0614565 -0.1247271 0.2726398
vn 0.2173443 -0.8884986 0.4041432
v 0.0777649 -0.1231809 0.2715931
vn -0.5753263 -0.5257126 0.6265987
v 0.0663993 -0.0939185 0.3142115
vn 0.1242330 -0.7094548 0.6937147
v 0.0663993 -0.0939185 0.3142115
vn 0.3256611 -0.9129241 0.2459970
v 0.0825139 -0.1313039 0.2400853
vn 0.2682187 -0.9604536 0.0747510
v 0.0825139 -0.1313039 0.2400853
vn -0.7611819 -0.6050811 0.2334078
v 0.0490244 -0.1399956 0.2205478
vn 0.1001454 -0.9604071 0.2599792
v 0.0490244 -0.1399956 0.2205478
vn 0.1719243 -0.9825321 -0.0712237
v 0.0490244 -0.1399956 0.2205478
vn 0.9338176 -0.1826367 0.3076176
v 0.0845998 -0.0987225 0.3060388
vn 0.1309820 -0.7560006 0.6413320
v 0.0845998 -0.0987225 0.3060388
vn 0.9779674 -0.1039660 0.1810276
v 0.0913276 -0.1178538 0.2710929
vn 0.3736375 -0.8454931 0.3814927
v 0.0913276 -0.1178538 0.2710929
vn -0.1047208 -0.5072839 0.8553927
v 0.0817503 -0.0735367 0.3270006
vn 0.1316514 -0.5452782 0.8278524
v 0.0817503 -0.0735367 0.3270006
vn 0.1810578 -0.6169536 0.7658893
v 0.0817503 -0.0735367 0.3270006
vn 0.9849836 -0.0300605 0.1700110
v 0.0817503 -0.0735367 0.3270006
vn -0.0775409 -0.7507358 0.6560360
v 0.0817503 -0.0735367 0.3270006
vn 0.0529339 -0.2452334 -0.9680179
v -0.0142434 -0.1412747 0.1759607
vn -0.0792386 -0.9922929 0.0952683
v -0.0142434 -0.1412747 0.1759607
vn -0.9751326 -0.1926046 0.1096357
v -0.0142434 -0.1412747 0.1759607
vn -0.9779315 -0.1799354 0.1061757
v -0.0168645 -0.1288070 0.1729471
vn 0.7044713 -0.7097038 -0.0063862
v -0.0168645 -0.1288070 0.1729471
vn 0.0024911 -0.8285044 -0.5599770
v -0.0168645 -0.1288070 0.1729471
vn 0.0676595 -0.2621655 -0.9626482
v -0.0168645 -0.1288070 0.1729471
vn -0.1276666 0.9897956 0.0632927
v -0.2865969 0.1014665 0.1956443
vn 0.9255084 0.3288835 -0.1878031
v -0.2865969 0.1014665 0.1956443
vn 0.9252991 0.3293632 -0.1879935
v -0.2904241 0.1134531 0.1977753
vn -0.4803004 0.8705974 0.1066393
v -0.2904241 0.1134531 0.1977753
vn 0.8974943 0.3836389 -0.2175433
v -0.3039388 0.1106226 0.1370267
vn 0.1214125 0.3715895 -0.9204239
v -0.3039388 0.1106226 0.1370267
vn -0.6719360 0.7403369 0.0200821
v -0.3039388 0.1106226 0.1370267
vn 0.9375708 0.3104658 -0.1567549
v -0.2826027 0.1086487 0.2312775
vn -0.3360510 0.8907472 0.3060053
v -0.2826027 0.1086487 0.2312775
vn -0.2066936 0.9772611 0.0473142
v -0.3008178 0.1014560 0.1337377
vn -0.1770663 0.4681464 0.8657290
v -0.3008178 0.1014560 0.1337377
vn 0.9009164 0.3760346 -0.2166741
v -0.3008178 0.1014560 0.1337377
vn 0.9300574 0.3568908 -0.0873056
v -0.2725907 0.0947746 0.2721851
vn -0.3410041 0.7919623 0.5064702
v -0.2725907 0.0947746 0.2721851
vn 0.9861582 0.1547014 0.0596626
v 0.2304136 0.1506844 -0.5587819
vn 0.7211913 0.6922114 -0.0269534
v 0.2304136 0.1506844 -0.5587819
vn 0.0398486 0.2886289 -0.9566115
v 0.2304136 0.1506844 -0.5587819
vn 0.6922430 0.4735514 0.5445629
v 0.2304136 0.1506844 -0.5587819
vn -0.9679570 -0.1395575 -0.2087655
v -0.3460064 -0.0177824 0.1090060
vn -0.9030047 -0.0670015 0.4243741
v -0.3460064 -0.0177824 0.1090060
vn -0.8874455 0.2469331 0.3891844
v -0.3327764 0.0726499 0.1170445
vn -0.9286865 0.3704537 -0.0174820
v -0.3327764 0.0726499 0.1170445
vn -0.2733605 0.4456656 -0.8524414
v -0.3270966 0.0884212 0.1340993
vn -0.7326653 0.6698782 0.1202698
v -0.3270966 0.0884212 0.1340993
vn -0.8749198 0.4642165 -0.1379070
v -0.3270966 0.0884212 0.1340993
vn -0.9667398 -0.0210187 -0.2548968
v -0.3500798 -0.0059111 0.1216962
vn -0.5228048 -0.0522685 -0.8508486
v -0.3500798 -0.0059111 0.1216962
vn -0.8569913 0.0576305 -0.5120983
v -0.3510678 0.0071707 0.0996575
vn -0.8767233 0.0221380 0.4804852
v -0.3510678 0.0071707 0.0996575
vn -0.8737288 -0.2850213 0.3941583
v -0.3420448 -0.0590900 0.1038554
vn -0.8603160 -0.1435024 0.4891457
v -0.3420448 -0.0590900 0.1038554
vn -0.7837809 -0.3350823 -0.5228837
v -0.3420448 -0.0590900 0.1038554
vn -0.8703169 -0.4861166 -0.0789886
v -0.3334483 -0.0685476 0.1160725
vn -0.8731828 -0.2850161 0.3953704
v -0.3334483 -0.0685476 0.1160725
vn -0.9050291 -0.2696746 -0.3289348
v -0.3334483 -0.0685476 0.1160725
vn -0.8582739 -0.1437435 0.4926498
v -0.3334483 -0.0685476 0.1160725
vn -0.1108713 0.4267682 0.8975392
v -0.1368831 0.1470534 -0.5145273
vn -0.2430124 0.7535475 0.6108283
v -0.1368831 0.1470534 -0.5145273
vn -0.0607693 0.7529479 -0.6552684
v -0.1368831 0.1470534 -0.5145273
vn -0.0162458 0.9998620 -0.0034983
v 0.1326980 0.1488987 -0.5008043
vn -0.0844128 0.1940924 0.9773447
v 0.1326980 0.1488987 -0.5008043
vn -0.4843644 0.5204970 0.7031886
v 0.1326980 0.1488987 -0.5008043
vn -0.0800726 0.1976606 0.9769948
v 0.1303203 0.1559573 -0.5024115
vn -0.0418748 -0.6261383 0.7785867
v 0.1303203 0.1559573 -0.5024115
vn -0.9798429 -0.1409293 0.1415870
v -0.2101324 -0.0227561 -0.3873109
vn -0.9631681 -0.1164798 0.2423629
v -0.2101324 -0.0227561 -0.3873109
vn -0.8902905 0.1262484 0.4375434
v -0.2049777 0.0299298 -0.3527080
vn -0.9096459 -0.2378712 0.3405316
v -0.2033298 -0.0557087 -0.3867164
vn -0.8643707 -0.4072098 0.2950314
v -0.2033298 -0.0557087 -0.3867164
vn -0.6817605 -0.3983768 0.6135948
v -0.2033298 -0.0557087 -0.3867164
vn -0.9337571 -0.2814344 0.2211165
v -0.2029127 -0.0311293 -0.3508983
vn -0.9700247 -0.2427598 -0.0109461
v -0.2029127 -0.0311293 -0.3508983
vn -0.8765172 0.2963340 0.3793467
v -0.1974261 0.0709852 -0.3847968
vn -0.3730840 0.2289260 -0.8991114
v -0.1974261 0.0709852 -0.3847968
vn -0.6429577 0.5744210 0.5066023
v -0.1974261 0.0709852 -0.3847968
vn -0.7748715 0.3627213 0.5176945
v -0.1969816 0.0473047 -0.3461789
vn -0.8373445 -0.4932268 0.2357576
v -0.1930347 -0.0519430 -0.3544002
vn -0.5537978 -0.7913781 0.2588989
v -0.1930347 -0.0519430 -0.3544002
vn -0.7664016 -0.5319405 0.3600945
v -0.1981168 -0.0555564 -0.3751873
vn -0.4855666 -0.8595058 0.1596087
v -0.1910647 -0.0519131 -0.3421821
vn -0.7926547 -0.2480945 0.5569092
v -0.1910647 -0.0519131 -0.3421821
vn -0.6200190 0.0751747 0.7809772
v -0.1508093 0.0642949 -0.3098978
vn -0.8636446 0.4708460 0.1800610
v -0.1508093 0.0642949 -0.3098978
vn 0.4328225 0.5520475 -0.7126769
v -0.1508093 0.0642949 -0.3098978
vn 0.9242992 0.3337362 -0.1851791
v -0.1508093 0.0642949 -0.3098978
vn 0.5111929 -0.3354720 -0.7912903
v -0.1492338 -0.0616360 -0.3097878
vn 0.9048721 -0.3848726 -0.1818787
v -0.1492338 -0.0616360 -0.3097878
vn -0.8200451 -0.2126928 0.5313078
v -0.1492338 -0.0616360 -0.3097878
vn -0.8030830 -0.4102464 0.4321523
v -0.1057466 -0.0603000 -0.0972413
vn 0.8851325 -0.4297848 -0.1783973
v -0.1057466 -0.0603000 -0.0972413
vn 0.6154917 -0.2123475 -0.7589985
v -0.1057466 -0.0603000 -0.0972413
vn -0.9854254 -0.0098576 0.1698227
v -0.2083346 0.0017506 -0.3565993
vn 0.3942136 0.1542623 -0.9059795
v -0.2083346 0.0017506 -0.3565993
vn -0.9924952 0.1213232 -0.0152977
v -0.2083346 0.0017506 -0.3565993
vn -0.7684270 -0.2302421 -0.5970833
v -0.2083346 0.0017506 -0.3565993
vn 0.3967104 0.2586198 -0.8807592
v -0.1954619 0.0479418 -0.3431331
vn -0.8731113 0.4625998 0.1538767
v -0.1954619 0.0479418 -0.3431331
vn 0.3942142 0.1542624 -0.9059793
v -0.1954619 0.0479418 -0.3431331
vn -0.6079592 0.7896121 0.0830584
v -0.1954619 0.0479418 -0.3431331
vn 0.9842819 0.1615048 0.0714519
v 0.2338724 0.1220518 -0.5417084
vn 0.0897334 0.9935234 -0.0697086
v 0.2338724 0.1220518 -0.5417084
vn 0.0689761 0.0601562 0.9958030
v 0.2338724 0.1220518 -0.5417084
vn 0.5583847 0.1484262 -0.8161961
v 0.2338724 0.1220518 -0.5417084
vn 0.9398549 0.1429816 0.3102082
v 0.2338724 0.1220518 -0.5417084
vn 0.1198401 -0.6114930 -0.7821220
v 0.0393891 -0.1305748 0.1758129
vn -0.1184173 -0.9529153 0.2791594
v 0.0393891 -0.1305748 0.1758129
vn -0.9770874 -0.1827118 -0.1091632
v 0.0393891 -0.1305748 0.1758129
vn -0.0700100 -0.9917991 0.1069263
v -0.0218438 -0.1340567 0.1741368
vn -0.0564022 -0.9943937 -0.0894430
v -0.0218438 -0.1340567 0.1741368
vn 0.1027246 -0.3114186 -0.9447043
v -0.0218438 -0.1340567 0.1741368
vn 0.7248864 -0.6888450 -0.0056886
v -0.0218438 -0.1340567 0.1741368
vn -0.1042363 -0.9846699 -0.1398578
v -0.2859448 -0.1137201 0.1383271
vn -0.9740943 -0.1218013 0.1905383
v -0.2859448 -0.1137201 0.1383271
vn -0.2366870 -0.9705714 0.0443907
v -0.2859448 -0.1137201 0.1383271
vn 0.1179042 -0.2730287 -0.9547533
v -0.2859448 -0.1137201 0.1383271
vn 0.9758707 -0.1115553 -0.1877018
v 0.0355031 -0.1132306 0.1317530
vn 0.1402094 -0.0051369 -0.9901086
v 0.0355031 -0.1132306 0.1317530
vn 0.0431860 -0.8284426 -0.5584065
v 0.0355031 -0.1132306 0.1317530
vn 0.1401743 -0.8413698 -0.5219656
v 0.0355031 -0.1132306 0.1317530
vn -0.9336410 -0.0248738 0.3573456
v -0.0022928 -0.0111869 0.3508706
vn 0.2870728 -0.3248215 0.9011550
v -0.0022928 -0.0111869 0.3508706
vn -0.1211970 -0.0967638 0.9879009
v -0.0022928 -0.0111869 0.3508706
vn -0.0577857 0.1470109 0.9874455
v 0.0013948 0.0277288 0.3582856
vn -0.9641314 0.0162940 0.2649253
v 0.0013948 0.0277288 0.3582856
vn -0.0967221 0.1532619 0.9834408
v -0.0028680 0.0311223 0.3475223
vn -0.8790168 0.0562795 0.4734577
v -0.0028680 0.0311223 0.3475223
vn 0.0975309 0.3910667 0.9151801
v -0.0028680 0.0311223 0.3475223
vn -0.1630221 0.9751184 0.1502265
v -0.1827813 0.1109809 0.1646731
vn -0.1620662 0.1312180 0.9780166
v -0.1827813 0.1109809 0.1646731
vn -0.9800732 0.0904045 0.1768717
v -0.1827813 0.1109809 0.1646731
vn -0.8762380 -0.4440711 0.1871039
v -0.0690202 -0.0607966 -0.1439953
vn 0.3123725 -0.9499512 -0.0040178
v -0.0690202 -0.0607966 -0.1439953
vn -0.1081884 -0.3542000 0.9288905
v -0.0690202 -0.0607966 -0.1439953
vn 0.0320677 -0.8979439 0.4389403
v -0.1096669 -0.0761658 -0.3635499
vn 0.0602945 -0.9808840 0.1850171
v -0.1150629 -0.0671724 -0.3372327
vn -0.0803766 -0.9055610 0.4165320
v -0.1510264 -0.0713617 -0.3565581
vn -0.1925455 -0.7337593 0.6515548
v -0.1600637 -0.0796515 -0.3709007
vn 0.1304266 -0.7202506 0.6813428
v -0.0562470 -0.0694163 -0.3640770
vn 0.2506727 -0.6827424 0.6863135
v -0.0562470 -0.0694163 -0.3640770
vn 0.2585507 -0.8706359 0.4185030
v -0.0710868 -0.0646348 -0.3511969
vn -0.2663037 -0.9117010 0.3128637
v -0.1626749 -0.0661727 -0.3495560
vn -0.4382379 -0.8489171 0.2954445
v -0.1794115 -0.0598319 -0.3493737
vn -0.3764122 -0.7511148 0.5423473
v -0.1842949 -0.0685892 -0.3708029
vn -0.6785972 -0.5596615 0.4756942
v -0.1842949 -0.0685892 -0.3708029
vn -0.1658203 -0.6902121 0.7043515
v -0.1603392 -0.0953846 -0.3839395
vn -0.3926848 -0.7380452 -0.5487149
v -0.1603392 -0.0953846 -0.3839395
vn -0.1883430 -0.6247225 0.7577921
v -0.1603392 -0.0953846 -0.3839395
vn -0.4652940 -0.7619426 -0.4504942
v -0.1854804 -0.0819981 -0.3839526
vn -0.7092323 -0.5027597 0.4941885
v -0.1854804 -0.0819981 -0.3839526
vn -0.3060184 -0.6342729 0.7099653
v -0.1854804 -0.0819981 -0.3839526
vn 0.5310706 -0.7870575 0.3138542
v -0.0547526 -0.0514713 -0.3395067
vn 0.7371042 -0.3728991 0.5635810
v -0.0357903 -0.0314837 -0.3413509
vn 0.7558378 -0.3422794 0.5581703
v -0.0357903 -0.0314837 -0.3413509
vn 0.6480870 -0.5680446 0.5072560
v -0.0357903 -0.0314837 -0.3413509
vn 0.0508152 -0.9985104 -0.0198754
v -0.1036518 -0.0638314 -0.0967542
vn -0.7403258 -0.3609456 0.5671296
v -0.1036518 -0.0638314 -0.0967542
vn 0.0504776 -0.9968804 -0.0606767
v -0.1036518 -0.0638314 -0.0967542
vn -0.9796104 0.0035310 0.2008759
v -0.1176434 -0.0633805 -0.1551753
vn 0.0542109 -0.9985295 -0.0002357
v -0.1176434 -0.0633805 -0.1551753
vn -0.1105255 -0.9933947 0.0308401
v -0.1176434 -0.0633805 -0.1551753
vn 0.2790568 -0.9586295 -0.0561853
v -0.0716784 -0.0608387 -0.1429919
vn 0.2327490 -0.0440377 -0.9715393
v -0.0716784 -0.0608387 -0.1429919
vn 0.9338118 -0.3156557 -0.1683955
v -0.0716784 -0.0608387 -0.1429919
vn 0.0614003 -0.9980435 -0.0118019
v -0.0716784 -0.0608387 -0.1429919
vn -0.0298695 -0.9944679 0.1007054
v -0.1364810 -0.0667336 -0.3306904
vn 0.1342620 -0.9908963 0.0099087
v -0.0957753 -0.0625394 -0.2734298
vn -0.2697383 -0.9513233 -0.1490813
v -0.0957753 -0.0625394 -0.2734298
vn 0.4175888 0.7665136 0.4879309
v -0.0957753 -0.0625394 -0.2734298
vn 0.9338115 -0.3156564 -0.1683956
v -0.0957753 -0.0625394 -0.2734298
vn -0.8601765 -0.2174204 0.4613293
v -0.1485217 -0.0647493 -0.3099273
vn -0.1468081 -0.9870937 0.0639797
v -0.1485217 -0.0647493 -0.3099273
vn 0.2562732 -0.9577108 0.1308209
v -0.0813052 -0.0613276 -0.3301581
vn 0.8244421 -0.4349037 0.3621518
v -0.0424258 -0.0324454 -0.3189209
vn 0.7726496 -0.6065794 0.1872805
v -0.0424258 -0.0324454 -0.3189209
vn -0.7563524 -0.0212476 -0.6538194
v -0.1882087 -0.0023707 0.0026239
vn -0.8716729 0.1056212 -0.4785713
v -0.1821223 0.0097933 -0.0051507
vn -0.9694065 0.1100254 -0.2194210
v -0.1733344 0.0077057 -0.0307719
vn -0.9302559 -0.1207288 -0.3464801
v -0.1769104 -0.0066730 -0.0172042
vn -0.8345851 0.3607197 -0.4163520
v -0.1773605 0.0228033 -0.0085377
vn -0.6115424 0.3381613 -0.7153062
v -0.1889498 0.0254376 0.0071805
vn -0.6752542 -0.2975152 -0.6749197
v -0.1873167 -0.0224400 0.0062767
vn -0.5344430 -0.5836164 -0.6113614
v -0.1822665 -0.0346824 0.0098456
vn -0.3756492 -0.6861160 -0.6230028
v -0.1822665 -0.0346824 0.0098456
vn -0.9643849 0.1113069 -0.2399427
v -0.2041446 0.0171028 0.0153887
vn -0.9834159 -0.1807398 -0.0150479
v -0.2039335 -0.0185896 0.0168818
vn -0.6882983 -0.1770372 -0.7034937
v -0.2039335 -0.0185896 0.0168818
vn -0.8759423 -0.4788388 -0.0586392
v -0.1989623 -0.0350345 0.0186695
vn -0.6970407 0.2405925 0.6754625
v -0.2015828 0.0322116 0.0191011
vn -0.8738020 0.3140398 -0.3712804
v -0.2015828 0.0322116 0.0191011
vn -0.5979975 0.3523985 -0.7198710
v -0.2015828 0.0322116 0.0191011
vn -0.2842425 0.7781155 -0.5601274
v -0.1801094 0.0444054 0.0158880
vn -0.5048926 0.5292211 -0.6819155
v -0.1801094 0.0444054 0.0158880
vn -0.6970407 0.2405927 0.6754624
v -0.1961543 0.0426671 0.0209791
vn -0.2809101 0.7137154 -0.6416385
v -0.1961543 0.0426671 0.0209791
vn -0.3993395 0.4655439 -0.7898082
v -0.1961543 0.0426671 0.0209791
vn -0.9481695 -0.2789005 0.1522800
v -0.1714542 -0.0188600 -0.0851744
vn -0.7624839 -0.3225199 -0.5608915
v -0.2025074 -0.0220198 -0.2967335
vn -0.9493766 -0.3030384 0.0827761
v -0.2025074 -0.0220198 -0.2967335
vn -0.9623058 -0.2087313 0.1743526
v -0.1874088 -0.0156052 -0.1602541
vn -0.9295455 -0.3512486 0.1121140
v -0.1962806 -0.0246098 -0.2365061
vn -0.8259405 -0.5443762 0.1465502
v -0.1817592 -0.0352676 -0.1735514
vn -0.7997077 -0.5976687 0.0570953
v -0.1582569 -0.0383990 -0.0633740
vn -0.5803821 -0.8134189 0.0388119
v -0.1582569 -0.0383990 -0.0633740
vn -0.9549389 -0.2942422 -0.0389011
v -0.1688870 -0.0199041 -0.0536532
vn -0.8528111 -0.5164425 0.0774629
v -0.1892380 -0.0447974 -0.2897780
vn -0.6439636 -0.7606772 0.0817389
v -0.1892380 -0.0447974 -0.2897780
vn 0.2460915 -0.3287808 -0.9117797
v -0.1892380 -0.0447974 -0.2897780
vn -0.8057387 -0.5126131 -0.2966700
v -0.1700185 -0.0288510 -0.0162509
vn -0.9959106 -0.0430914 0.0794057
v -0.2059866 -0.0026034 -0.2991835
vn -0.2490044 0.0540276 -0.9669942
v -0.2059866 -0.0026034 -0.2991835
vn -0.7203933 -0.6757240 -0.1563026
v -0.1616368 -0.0395246 -0.0146159
vn -0.5199598 -0.7979230 -0.3048948
v -0.1616368 -0.0395246 -0.0146159
vn -0.9922737 -0.0002846 0.1240679
v -0.1721068 0.0010044 -0.0756757
vn -0.9879377 -0.0095575 0.1545562
v -0.1907344 0.0010230 -0.1757949
vn -0.9946053 -0.0306803 0.0990911
v -0.2031124 0.0005001 -0.2614508
vn -0.9682809 0.1839216 0.1691302
v -0.1886510 0.0164264 -0.1659962
vn -0.9898325 0.1381592 0.0338221
v -0.1705784 0.0149288 -0.0599564
vn -0.9398249 0.3115539 0.1402262
v -0.1704948 0.0245235 -0.0848959
vn -0.9635925 0.2410914 0.1156059
v -0.1998530 0.0183422 -0.2457050
vn -0.7649283 0.6406424 0.0667996
v -0.1595394 0.0404342 -0.0718417
vn -0.8319536 0.5384360 0.1339402
v -0.1840605 0.0367439 -0.1824049
vn -0.0692083 0.4412118 -0.8947304
v -0.1961315 0.0378653 -0.2930295
vn -0.8748968 0.4758270 0.0902465
v -0.1961315 0.0378653 -0.2930295
vn -0.5974863 0.7916126 0.1279051
v -0.1632172 0.0350468 -0.0400667
vn -0.8367463 0.5384867 -0.0994370
v -0.1632172 0.0350468 -0.0400667
vn -0.5980222 0.7954180 0.0983852
v -0.1835171 0.0532455 -0.2858079
vn 0.2313474 0.6081427 -0.7593688
v -0.1835171 0.0532455 -0.2858079
vn -0.2459784 0.5234572 -0.8157740
v -0.1835171 0.0532455 -0.2858079
vn -0.7791220 0.6196635 0.0947951
v -0.1835171 0.0532455 -0.2858079
vn -0.3249522 0.9452285 -0.0308082
v -0.1458613 0.0512948 -0.0357684
vn -0.6657882 0.7388004 -0.1044043
v -0.1458613 0.0512948 -0.0357684
vn -0.9711087 0.2256029 0.0777896
v -0.2038481 0.0199959 -0.2974568
vn -0.4258673 0.1456148 -0.8929913
v -0.2038481 0.0199959 -0.2974568
vn 0.6803471 0.4196155 0.6008750
v -0.0635888 0.0645839 0.0396151
vn -0.9274846 0.3206288 0.1922747
v -0.0635888 0.0645839 0.0396151
vn 0.8979102 0.3911936 -0.2018041
v -0.0635888 0.0645839 0.0396151
vn -0.5810378 0.4781459 -0.6586135
v -0.0635888 0.0645839 0.0396151
vn -0.0801958 0.5064929 0.8585066
v -0.0706185 0.0646049 0.0458319
vn 0.6423926 0.2468209 0.7255421
v -0.0706185 0.0646049 0.0458319
vn -0.3224229 0.1692365 -0.9313445
v -0.0706185 0.0646049 0.0458319
vn 0.9241483 0.3690181 -0.0988719
v 0.0336053 0.1492126 0.1814257
vn -0.0722885 0.9937186 0.0854275
v 0.0336053 0.1492126 0.1814257
vn 0.0693960 0.1937643 -0.9785907
v 0.0336053 0.1492126 0.1814257
vn -0.1009774 0.9881101 0.1159397
v -0.0160127 0.1459609 0.1772632
vn 0.0782410 0.2678488 -0.9602788
v -0.0160127 0.1459609 0.1772632
vn -0.9765915 0.1826591 0.1135988
v -0.0160127 0.1459609 0.1772632
vn -0.9150351 0.3776172 -0.1418318
v 0.0375060 0.1389750 0.1796752
vn 0.1520186 0.9635037 -0.2203430
v 0.0375060 0.1389750 0.1796752
vn 0.9260055 0.3644648 -0.0983843
v 0.0375060 0.1389750 0.1796752
vn 0.0233303 0.5471407 -0.8367155
v 0.0375060 0.1389750 0.1796752
vn -0.8624546 0.4984092 0.0880937
v 0.0375060 0.1389750 0.1796752
vn 0.1918651 0.3977714 -0.8971989
v -0.0272481 0.1372364 0.1734914
vn -0.1155658 0.9902366 -0.0779490
v -0.0272481 0.1372364 0.1734914
vn 0.0551907 0.7237705 -0.6878302
v -0.0189696 0.1322996 0.1730731
vn -0.9777670 0.1772946 0.1119752
v -0.0189696 0.1322996 0.1730731
vn 0.7828676 0.6189213 -0.0636785
v -0.0189696 0.1322996 0.1730731
vn -0.1975341 0.9791710 0.0469523
v -0.2894592 0.1037780 0.1353984
vn -0.0797990 0.9428962 -0.3233866
v -0.2894592 0.1037780 0.1353984
vn 0.0961864 0.3287895 -0.9394922
v -0.2894592 0.1037780 0.1353984
vn -0.9746703 0.1374656 0.1764120
v -0.2894592 0.1037780 0.1353984
vn -0.0782713 0.9882072 -0.1316064
v -0.2894592 0.1037780 0.1353984
vn -0.9150351 0.3776172 -0.1418317
v 0.0366821 0.1346982 0.1736036
vn -0.0301783 0.8250122 -0.5643086
v 0.0366821 0.1346982 0.1736036
vn -0.1094238 0.5441186 0.8318422
v 0.0366821 0.1346982 0.1736036
vn 0.1207350 -0.2815599 -0.9519176
v -0.1843363 -0.1010282 0.2181611
vn -0.1143136 -0.9802851 0.1611632
v -0.1843363 -0.1010282 0.2181611
vn 0.9433421 -0.3098555 -0.1187236
v -0.1843363 -0.1010282 0.2181611
vn 0.6108655 -0.1039046 0.7848868
v 0.2388380 -0.1115003 -0.5608008
vn 0.9858598 -0.1674244 -0.0070483
v 0.2388380 -0.1115003 -0.5608008
vn 0.4291600 -0.0535384 0.9016403
v 0.2388380 -0.1115003 -0.5608008
vn 0.5289260 -0.8479782 -0.0342093
v 0.2388380 -0.1115003 -0.5608008
vn 0.9736467 -0.1797749 0.1403324
v 0.2388380 -0.1115003 -0.5608008
vn 0.4146425 -0.0208523 -0.9097455
v 0.2388380 -0.1115003 -0.5608008
vn 0.1569265 -0.9869236 -0.0368227
v 0.2388380 -0.1115003 -0.5608008
vn 0.9479758 0.1602152 0.2750874
v 0.2390679 0.1203940 -0.5586472
vn 0.0897333 0.9935234 -0.0697087
v 0.2390679 0.1203940 -0.5586472
vn 0.2865154 0.0206222 -0.9578537
v 0.2390679 0.1203940 -0.5586472
vn 0.9646985 0.1807576 0.1915298
v 0.2508603 0.0472667 -0.5566941
vn 0.9166749 0.0220710 0.3990240
v 0.2508603 0.0472667 -0.5566941
vn 0.3342458 0.0287464 -0.9420475
v 0.2508603 0.0472667 -0.5566941
vn 0.9162625 -0.0518085 0.3972140
v 0.2511491 -0.0416928 -0.5567898
vn 0.4217547 -0.0203017 -0.9064826
v 0.2511491 -0.0416928 -0.5567898
vn 0.8759912 -0.1803400 -0.4473445
v 0.0467809 -0.0844842 0.0948477
vn -0.2844062 0.7846837 0.5508037
v 0.0467809 -0.0844842 0.0948477
vn 0.3637987 -0.7659286 -0.5300981
v 0.0467809 -0.0844842 0.0948477
vn 0.0193924 -0.9600454 -0.2791716
v 0.0372591 -0.1210350 0.1105245
vn 0.8992102 -0.3520140 0.2598216
v 0.0372591 -0.1210350 0.1105245
vn -0.9836891 0.0364926 0.1761367
v -0.2313728 -0.0865064 0.2589604
vn 0.0224547 -0.9790653 0.2023041
v -0.2313728 -0.0865064 0.2589604
vn 0.0765046 -0.3719927 -0.9250776
v -0.2313728 -0.0865064 0.2589604
vn -0.1808747 -0.9437257 0.2768866
v -0.2313728 -0.0865064 0.2589604
vn -0.1628273 -0.1299607 0.9780581
v -0.2495226 -0.1023600 0.1553422
vn -0.9891644 0.0002735 0.1468120
v -0.2495226 -0.1023600 0.1553422
vn 0.0086453 -0.9987692 0.0488418
v -0.2495226 -0.1023600 0.1553422
vn -0.9641777 -0.2312061 -0.1300204
v -0.0718301 -0.0708576 0.0777929
vn 0.0214056 -0.9167166 -0.3989644
v -0.0718301 -0.0708576 0.0777929
vn -0.0675849 -0.4239119 0.9031783
v -0.0718301 -0.0708576 0.0777929
vn -0.7295982 0.4476001 0.5170500
v 0.1396099 0.1496317 -0.6073591
vn -0.6160703 0.6901633 0.3796474
v 0.1396099 0.1496317 -0.6073591
vn 0.0064559 0.9993061 -0.0366845
v 0.1396099 0.1496317 -0.6073591
vn 0.0481139 0.2481700 -0.9675210
v 0.1396099 0.1496317 -0.6073591
vn 0.1140932 0.9933996 0.0118318
v 0.1309593 0.1069582 -0.3913060
vn 0.7488818 0.2665375 0.6067405
v 0.1309593 0.1069582 -0.3913060
vn 0.1082342 0.2429004 0.9639941
v 0.1309593 0.1069582 -0.3913060
vn 0.7749295 0.1313265 0.6182538
v 0.1633809 0.1002663 -0.4283833
vn 0.4954766 0.8026795 -0.3319770
v 0.1633809 0.1002663 -0.4283833
vn 0.0208921 0.7485824 0.6627126
v 0.0480324 0.1064981 -0.3818793
vn 0.1140330 0.3166867 0.9416507
v 0.0480324 0.1064981 -0.3818793
vn 0.0355050 0.3169228 0.9477866
v -0.0260138 0.1012048 -0.3787719
vn -0.0159610 0.6627582 0.7486634
v -0.0260138 0.1012048 -0.3787719
vn -0.0789910 0.0507927 0.9955806
v -0.1086862 0.1020905 -0.3815369
vn -0.0491766 0.7745469 -0.6306019
v -0.1086862 0.1020905 -0.3815369
vn -0.0475350 0.9271374 0.3716945
v -0.1086862 0.1020905 -0.3815369
vn -0.0109712 0.4961611 0.8681612
v -0.1086862 0.1020905 -0.3815369
vn -0.0869895 0.2179082 0.9720849
v -0.1505251 0.1042186 -0.3901162
vn -0.2592785 0.9163290 0.3051491
v -0.1505251 0.1042186 -0.3901162
vn -0.0441463 0.8592351 0.5096728
v -0.1505251 0.1042186 -0.3901162
vn 0.0174834 0.2744294 -0.9614483
v -0.1815442 -0.0780156 0.0879342
vn 0.0136251 -0.9148144 -0.4036447
v -0.1815442 -0.0780156 0.0879342
vn -0.9666558 -0.2247100 -0.1228091
v -0.1815442 -0.0780156 0.0879342
vn -0.9632474 -0.2398821 -0.1208758
v -0.1813081 -0.0713152 0.0727564
vn -0.0827670 -0.4170864 0.9050903
v -0.1813081 -0.0713152 0.0727564
vn 0.0240571 -0.9170753 -0.3979877
v -0.1813081 -0.0713152 0.0727564
vn -0.0600524 -0.3898792 0.9189059
v -0.1787381 -0.0797866 0.0690877
vn -0.9652658 -0.2310330 -0.1220080
v -0.1787381 -0.0797866 0.0690877
vn 0.0040135 -0.7906826 -0.6122132
v -0.1787381 -0.0797866 0.0690877
vn 0.7897645 -0.1660517 0.5905074
v 0.2123224 -0.0773681 -0.4862792
vn 0.3634205 0.7088453 0.6045361
v 0.2123224 -0.0773681 -0.4862792
vn 0.3769860 -0.8679416 -0.3233560
v 0.2429627 -0.0515725 -0.5464083
vn 0.3105101 0.8218469 0.4776518
v 0.2429627 -0.0515725 -0.5464083
vn 0.4547499 0.2526723 0.8540254
v 0.2429627 -0.0515725 -0.5464083
vn -0.0050815 -0.9929410 0.1185008
v 0.1046845 -0.1108350 0.1731023
vn 0.0473388 -0.8940651 -0.4454286
v 0.1046845 -0.1108350 0.1731023
vn 0.0781683 -0.8556738 -0.5115781
v 0.1046845 -0.1108350 0.1731023
vn 0.9793996 0.1200237 0.1623907
v 0.1046845 -0.1108350 0.1731023
vn 0.9080004 -0.0066268 -0.4189170
v 0.1854052 -0.0586064 -0.4548866
vn -0.3095375 -0.0050974 0.9508736
v 0.1854052 -0.0586064 -0.4548866
vn -0.0919458 0.0513288 0.9944402
v 0.1854052 -0.0586064 -0.4548866
vn 0.2193094 0.8798350 0.4216561
v 0.1854052 -0.0586064 -0.4548866
vn 0.4536669 -0.8855357 0.1000650
v 0.1854052 -0.0586064 -0.4548866
vn -0.3085155 -0.0050407 0.9512060
v 0.1908232 -0.0555111 -0.4531063
vn 0.7556100 -0.0696612 0.6513070
v 0.1908232 -0.0555111 -0.4531063
vn 0.4642207 -0.8783171 0.1142726
v 0.1908232 -0.0555111 -0.4531063
vn 0.4216770 0.6677681 -0.6134121
v 0.2284925 0.1309607 -0.6011547
vn 0.3581539 0.7326702 -0.5787230
v 0.2284925 0.1309607 -0.6011547
vn -0.9902971 0.1331503 -0.0397826
v 0.2284925 0.1309607 -0.6011547
vn 0.8490607 0.2537944 0.4633406
v 0.2284925 0.1309607 -0.6011547
vn 0.0151378 0.9986373 0.0499439
v 0.2284925 0.1309607 -0.6011547
vn 0.4039170 0.1174420 -0.9072257
v 0.2072266 0.1297680 -0.6004090
vn -0.3305150 -0.0404001 0.9429357
v 0.2072266 0.1297680 -0.6004090
vn -0.0126056 0.9995837 0.0259568
v 0.2072266 0.1297680 -0.6004090
vn -0.0548787 0.9924955 0.1092749
v 0.2172226 0.1312308 -0.6077874
vn -0.0803493 0.6363831 -0.7671769
v 0.2172226 0.1312308 -0.6077874
vn 0.3581539 0.7326700 -0.5787231
v 0.2172226 0.1312308 -0.6077874
vn -0.0525091 0.9984343 -0.0192819
v 0.2278834 0.1301032 -0.5888630
vn -0.9902971 0.1331503 -0.0397825
v 0.2278834 0.1301032 -0.5888630
vn 0.4596157 0.3124012 -0.8313597
v 0.2278834 0.1301032 -0.5888630
vn -0.3756533 0.0638364 0.9245591
v 0.2268434 0.1211968 -0.5927848
vn -0.9902971 0.1331502 -0.0397826
v 0.2268434 0.1211968 -0.5927848
vn 0.8490607 0.2537944 0.4633406
v 0.2268434 0.1211968 -0.5927848
vn 0.4464300 0.2601591 -0.8561645
v 0.2268434 0.1211968 -0.5927848
vn 0.4641025 0.6710936 0.5781369
v 0.2136952 -0.0698758 -0.4958895
vn 0.1959314 -0.9508035 -0.2399659
v 0.2136952 -0.0698758 -0.4958895
vn 0.9086320 0.0241490 0.4168991
v 0.2476547 -0.0497755 -0.5457617
vn 0.4572933 -0.7394569 -0.4940511
v 0.2476547 -0.0497755 -0.5457617
vn -0.2462727 0.9136780 0.3233302
v -0.2576750 0.0871735 0.2743309
vn -0.9178963 0.2390569 0.3167307
v -0.2576750 0.0871735 0.2743309
vn -0.1666148 0.5878068 0.7916582
v -0.2576750 0.0871735 0.2743309
vn -0.9793589 0.0389297 0.1983449
v -0.2788850 0.1125483 0.1869865
vn -0.2708016 0.9573536 0.1007008
v -0.2788850 0.1125483 0.1869865
vn -0.3007013 0.9359912 0.1830280
v -0.2733798 0.1018107 0.2155990
vn -0.9377515 0.2243041 0.2651602
v -0.2733798 0.1018107 0.2155990
vn -0.9722338 0.1582648 0.1723765
v -0.2871800 0.1138525 0.1390040
vn -0.1618681 0.9867392 -0.0120281
v -0.2871800 0.1138525 0.1390040
vn 0.0982550 0.3149033 -0.9440244
v -0.2871800 0.1138525 0.1390040
vn 0.6689208 -0.4395757 -0.5994316
v -0.1318323 -0.1291171 -0.4067580
vn -0.0436989 -0.3625505 -0.9309391
v -0.1318323 -0.1291171 -0.4067580
vn -0.3383662 -0.4494730 0.8267300
v -0.1318323 -0.1291171 -0.4067580
vn -0.2215594 -0.7689479 0.5996921
v -0.1305218 -0.1343680 -0.4090765
vn -0.4198035 -0.9018318 -0.1022964
v -0.1482978 -0.1356139 -0.4275203
vn 0.6472942 -0.4883128 -0.5852870
v -0.1543910 -0.1314081 -0.4302519
vn -0.0061857 0.1583906 0.9873572
v -0.1543910 -0.1314081 -0.4302519
vn -0.5661289 -0.8240255 -0.0219098
v -0.1543910 -0.1314081 -0.4302519
vn 0.0074376 -0.4250304 0.9051486
v -0.1119296 -0.1358077 -0.4292800
vn -0.0061859 0.1583904 0.9873573
v -0.1119296 -0.1358077 -0.4292800
vn -0.0281363 -0.8739125 -0.4852684
v -0.1119296 -0.1358077 -0.4292800
vn 0.0378077 -0.4521843 0.8911229
v -0.0248333 -0.1376661 -0.4308827
vn -0.0077096 -0.9919652 0.1262757
v -0.0248333 -0.1376661 -0.4308827
vn 0.0922926 -0.4958709 0.8634779
v 0.1050178 -0.1412431 -0.4453961
vn 0.5583791 -0.7162495 0.4185685
v 0.1050178 -0.1412431 -0.4453961
vn 0.0269070 -0.9939215 0.1067527
v 0.1050178 -0.1412431 -0.4453961
vn 0.1172230 -0.1434627 0.9826888
v -0.0058268 -0.1351872 -0.4111337
vn -0.1069535 -0.1372316 -0.9847479
v -0.0058268 -0.1351872 -0.4111337
vn -0.0110758 -0.9889536 0.1478112
v -0.0058268 -0.1351872 -0.4111337
vn -0.7871041 -0.5885047 0.1847417
v 0.1612512 -0.1417319 -0.4591637
vn 0.1897338 -0.9421193 0.2764279
v 0.1612512 -0.1417319 -0.4591637
vn 0.0656035 -0.5073888 0.8592164
v 0.1612512 -0.1417319 -0.4591637
vn 0.7451269 -0.0370149 0.6658948
v 0.1441094 -0.1412740 -0.4671540
vn -0.7830444 0.0124446 -0.6218413
v 0.1441094 -0.1412740 -0.4671540
vn -0.0136231 -0.9997326 0.0186896
v 0.1441094 -0.1412740 -0.4671540
vn 0.1589609 -0.9585855 0.2363161
v 0.1350697 -0.1385204 -0.4314091
vn 0.5916461 -0.7396306 0.3207828
v 0.1350697 -0.1385204 -0.4314091
vn -0.1057373 -0.9090781 0.4029847
v -0.1331457 -0.1335078 -0.4050040
vn -0.0435124 -0.3593841 -0.9321748
v -0.1331457 -0.1335078 -0.4050040
vn 0.6663606 -0.4456657 -0.5977839
v -0.1331457 -0.1335078 -0.4050040
vn -0.0024574 -0.9999936 0.0026073
v 0.1555791 -0.1411936 -0.4856699
vn -0.7561017 -0.3969497 0.5203279
v 0.1555791 -0.1411936 -0.4856699
vn 0.5838061 -0.2899175 0.7583656
v 0.1178559 -0.1336228 -0.4073015
vn 0.1240528 -0.3066256 0.9437117
v 0.1178559 -0.1336228 -0.4073015
vn 0.0397938 -0.9626464 0.2678217
v 0.1178559 -0.1336228 -0.4073015
vn -0.0619985 -0.7681924 -0.6372101
v -0.1385091 -0.1438276 -0.5144579
vn -0.1624534 -0.4139092 -0.8957054
v -0.1385091 -0.1438276 -0.5144579
vn -0.3077931 -0.9208871 -0.2392287
v -0.1385091 -0.1438276 -0.5144579
vn -0.3661605 -0.8770922 0.3108629
v -0.1542306 -0.1305010 -0.4104555
vn 0.0126869 -0.9922507 0.1236030
v 0.1066199 -0.1387084 -0.4250613
vn 0.1172227 -0.1434623 0.9826888
v 0.1066199 -0.1387084 -0.4250613
vn 0.6993869 -0.3543793 0.6207039
v 0.1066199 -0.1387084 -0.4250613
vn 0.6724610 -0.2023679 0.7119294
v 0.1694513 -0.1369556 -0.4583305
vn 0.0701491 -0.2870760 0.9553359
v 0.1694513 -0.1369556 -0.4583305
vn 0.6827589 -0.1913213 0.7051501
v 0.1694513 -0.1369556 -0.4583305
vn 0.3986563 -0.7710380 0.4965618
v 0.1694513 -0.1369556 -0.4583305
vn 0.8698090 -0.2382741 0.4320391
v 0.1694513 -0.1369556 -0.4583305
vn -0.6419742 -0.7586087 -0.1112745
v -0.1725535 -0.1256800 -0.5166693
vn -0.6538998 -0.7023115 -0.2813782
v -0.1725535 -0.1256800 -0.5166693
vn -0.1624532 -0.4139092 -0.8957054
v -0.1725535 -0.1256800 -0.5166693
vn -0.5356905 -0.7541644 0.3798313
v -0.1689355 -0.1315446 -0.4297880
vn -0.2704708 -0.4054759 0.8731752
v -0.1689355 -0.1315446 -0.4297880
vn -0.6765561 -0.7056101 0.2106806
v -0.1782076 -0.1176423 -0.4191673
vn 0.3980132 -0.4346725 -0.8078647
v 0.1217386 -0.1416842 -0.4876304
vn 0.0103878 -0.9998081 0.0166129
v 0.1217386 -0.1416842 -0.4876304
vn 0.0206882 0.9234088 -0.3832600
v -0.0734033 0.0802365 0.0937448
vn 0.0168878 -0.2556753 -0.9666153
v -0.0734033 0.0802365 0.0937448
vn -0.9661821 0.2067289 -0.1541281
v -0.0734033 0.0802365 0.0937448
vn -0.0475781 0.4024371 0.9142104
v -0.0726481 0.0736285 0.0777539
vn 0.0162435 0.9243500 -0.3811998
v -0.0726481 0.0736285 0.0777539
vn -0.9578743 0.2466246 -0.1471502
v -0.0726481 0.0736285 0.0777539
vn 0.0227942 0.9229548 -0.3842329
v -0.0825080 0.0803794 0.0935480
vn 0.9738982 0.2069485 -0.0932455
v -0.0825080 0.0803794 0.0935480
vn 0.0457124 -0.2806907 -0.9587092
v -0.0825080 0.0803794 0.0935480
vn -0.7834898 -0.2085325 -0.5853700
v -0.2029976 -0.0090027 -0.3003108
vn -0.6521907 -0.1668157 -0.7394726
v -0.2029976 -0.0090027 -0.3003108
vn -0.8477328 0.0731162 0.5253601
v -0.2029976 -0.0090027 -0.3003108
vn -0.0164326 0.9296573 -0.3680589
v -0.1544005 0.0730184 0.0741947
vn -0.0499966 0.4287342 0.9020463
v -0.1544005 0.0730184 0.0741947
vn -0.9571216 0.2421147 -0.1590559
v -0.1544005 0.0730184 0.0741947
vn 0.0967026 -0.2587240 -0.9610987
v -0.1552831 0.0792965 0.0900914
vn 0.0203694 0.9225197 -0.3854121
v -0.1552831 0.0792965 0.0900914
vn -0.9611368 0.2343599 -0.1459162
v -0.1552831 0.0792965 0.0900914
vn 0.9857939 0.0601210 -0.1568311
v 0.0460130 0.0026867 -0.0763757
vn 0.2676399 0.0059987 -0.9635003
v 0.0460130 0.0026867 -0.0763757
vn 0.9936513 -0.0149326 -0.1115081
v 0.0460130 0.0026867 -0.0763757
vn 0.9522777 -0.2238393 0.2075166
v 0.0447335 -0.0243142 -0.0794915
vn 0.5966948 -0.4414313 -0.6701447
v 0.0447335 -0.0243142 -0.0794915
vn 0.9233788 -0.0840030 -0.3745868
v 0.0447335 -0.0243142 -0.0794915
vn 0.9354798 -0.3027195 0.1823141
v 0.0341261 -0.0423774 -0.0665329
vn 0.2990592 -0.8959530 -0.3283777
v 0.0341261 -0.0423774 -0.0665329
vn 0.5982705 -0.8010657 0.0191380
v 0.0259737 -0.0486802 -0.0032495
vn 0.9009454 -0.4324912 -0.0353388
v 0.0259737 -0.0486802 -0.0032495
vn 0.6848648 -0.2221265 -0.6939886
v 0.0433512 -0.0193041 -0.0840226
vn 0.6688284 0.0280939 -0.7428858
v 0.0444253 0.0027670 -0.0863242
vn 0.9870657 -0.0285702 -0.1577496
v 0.0444253 0.0027670 -0.0863242
vn 0.8559062 -0.0977012 -0.5078180
v 0.0308850 -0.0492173 0.0208125
vn 0.6008663 -0.3745041 -0.7061915
v 0.0308850 -0.0492173 0.0208125
vn 0.2705403 -0.9436955 -0.1903859
v 0.0308850 -0.0492173 0.0208125
vn 0.9701172 0.1452699 -0.1943431
v 0.0247490 0.0536889 0.0042604
vn 0.8812340 0.4037601 -0.2457733
v 0.0247490 0.0536889 0.0042604
vn 0.4397925 0.8117691 -0.3842052
v 0.0365728 0.0539210 0.0297914
vn 0.5288610 0.0501691 -0.8472244
v 0.0365728 0.0539210 0.0297914
vn 0.8652695 0.2975826 -0.4034270
v 0.0365728 0.0539210 0.0297914
vn -0.0508392 -0.4137758 0.9089582
v -0.1629990 -0.0711876 0.0734437
vn 0.0247163 -0.9159600 -0.4005078
v -0.1629990 -0.0711876 0.0734437
vn 0.9711032 -0.2189540 -0.0949622
v -0.1629990 -0.0711876 0.0734437
vn 0.9758042 -0.1956214 -0.0976660
v -0.1653912 -0.0799993 0.0692985
vn 0.0122720 -0.7728531 -0.6344664
v -0.1653912 -0.0799993 0.0692985
vn -0.0676520 -0.3945151 0.9163958
v -0.1653912 -0.0799993 0.0692985
vn 0.0751750 0.2742536 -0.9587147
v -0.1630563 -0.0781871 0.0889973
vn 0.0444162 -0.9110744 -0.4098424
v -0.1630563 -0.0781871 0.0889973
vn 0.9788741 -0.1785650 -0.0995990
v -0.1630563 -0.0781871 0.0889973
vn 0.2518470 -0.0429819 0.9668121
v 0.2487831 0.0010927 -0.5588485
vn 0.7598678 0.0207079 0.6497478
v 0.2487831 0.0010927 -0.5588485
vn 0.6604159 0.0032022 -0.7508932
v 0.2487831 0.0010927 -0.5588485
vn -0.9559746 -0.2636713 -0.1288022
v -0.1533045 -0.0712483 0.0739582
vn 0.0152713 -0.9181392 -0.3959638
v -0.1533045 -0.0712483 0.0739582
vn -0.0717157 -0.3898094 0.9180989
v -0.1533045 -0.0712483 0.0739582
vn -0.9642527 -0.2282387 -0.1346250
v -0.1535531 -0.0780736 0.0897748
vn 0.0603358 0.2874280 -0.9559000
v -0.1535531 -0.0780736 0.0897748
vn 0.0347231 -0.9135358 -0.4052736
v -0.1535531 -0.0780736 0.0897748
vn 0.9511629 -0.2763664 -0.1375162
v -0.2078642 -0.0861181 0.2597358
vn 0.1193793 -0.3583711 -0.9259151
v -0.2078642 -0.0861181 0.2597358
vn -0.0892458 -0.9589459 0.2691804
v -0.2078642 -0.0861181 0.2597358
vn -0.9862192 -0.0326423 0.1621922
v -0.2101692 -0.1004277 0.2079943
vn -0.1205841 -0.9713591 0.2047464
v -0.2101692 -0.1004277 0.2079943
vn -0.1050728 -0.9878480 0.1145253
v -0.2262800 -0.1043382 0.1594824
vn -0.1744884 -0.1492080 0.9732887
v -0.2262800 -0.1043382 0.1594824
vn 0.9621213 -0.2473083 -0.1147229
v -0.2262800 -0.1043382 0.1594824
vn 0.0223176 -0.8439179 -0.5360079
v -0.2011021 -0.0708878 0.0582542
vn -0.0183359 -0.7553025 -0.6551199
v -0.2011021 -0.0708878 0.0582542
vn 0.0025236 -0.5780981 -0.8159634
v -0.2011021 -0.0708878 0.0582542
vn -0.0377643 -0.7226983 -0.6901312
v -0.2558635 -0.0700556 0.0603794
vn -0.0157957 -0.6957414 -0.7181188
v -0.2558635 -0.0700556 0.0603794
vn 0.5771346 -0.8059474 0.1317746
v -0.2558635 -0.0700556 0.0603794
vn 0.8658203 0.1134439 0.4873250
v -0.2647602 -0.0792319 0.0692367
vn -0.0154153 -0.7463799 -0.6653417
v -0.2647602 -0.0792319 0.0692367
vn -0.7943311 -0.4139352 -0.4446300
v -0.2647602 -0.0792319 0.0692367
vn 0.0207581 -0.8727441 -0.4877366
v -0.0818517 -0.0795968 0.0718121
vn -0.9611932 -0.2420368 -0.1323853
v -0.1502870 -0.0804834 0.0704673
vn 0.0200008 -0.8133955 -0.5813672
v -0.1502870 -0.0804834 0.0704673
vn -0.0834615 -0.3760971 0.9228137
v -0.1502870 -0.0804834 0.0704673
vn 0.0481557 0.2981396 -0.9533069
v -0.1501756 -0.0910426 0.0858895
vn 0.0175773 -0.8431540 -0.5373848
v -0.1501756 -0.0910426 0.0858895
vn -0.9678075 -0.2108843 -0.1373924
v -0.1501756 -0.0910426 0.0858895
vn -0.0679581 -0.3879329 0.9191788
v -0.1224500 -0.0803405 0.0713945
vn -0.9576812 -0.2449668 -0.1511223
v -0.1224500 -0.0803405 0.0713945
vn 0.0240168 -0.8323845 -0.5536779
v -0.1224500 -0.0803405 0.0713945
vn -0.9595913 -0.2413638 -0.1446660
v -0.1222123 -0.0911253 0.0873705
vn 0.0771668 0.3180501 -0.9449283
v -0.1222123 -0.0911253 0.0873705
vn 0.0243043 -0.8350119 -0.5496950
v -0.1222123 -0.0911253 0.0873705
vn -0.9637361 -0.2321158 -0.1316625
v -0.0690271 -0.0801427 0.0736447
vn -0.0429525 -0.3971413 0.9167519
v -0.0690271 -0.0801427 0.0736447
vn 0.0361150 -0.8555089 -0.5165272
v -0.0690271 -0.0801427 0.0736447
vn 0.0492028 -0.8327501 -0.5514584
v -0.0571471 -0.0901854 0.0897300
vn 0.9760717 -0.1998984 -0.0855844
v -0.0571471 -0.0901854 0.0897300
vn 0.0548564 0.3301010 -0.9423504
v -0.0571471 -0.0901854 0.0897300
vn 0.0013039 -0.8025327 -0.5966067
v -0.2269392 -0.0834090 0.0734132
vn 0.1305917 -0.9130849 -0.3862925
v -0.2269392 -0.0834090 0.0734132
vn 0.0279078 -0.8449287 -0.5341504
v -0.1035686 -0.1029610 0.1065315
vn -0.0711539 -0.9974484 -0.0058200
v -0.1035686 -0.1029610 0.1065315
vn -0.2548274 -0.5813452 0.7727229
v -0.2038124 -0.0865106 0.0787065
vn 0.0035590 -0.8227429 -0.5684026
v -0.2038124 -0.0865106 0.0787065
vn 0.1116505 0.4501438 -0.8859485
v -0.2038124 -0.0865106 0.0787065
vn 0.0288965 0.2778960 -0.9601765
v -0.0833907 -0.0911108 0.0895043
vn 0.9853770 -0.1542804 -0.0723176
v -0.0833907 -0.0911108 0.0895043
vn 0.0345712 -0.8349181 -0.5492874
v -0.0833907 -0.0911108 0.0895043
vn -0.9644378 -0.2306661 -0.1290463
v -0.0686839 -0.0906056 0.0895789
vn -0.0056231 0.3042868 -0.9525639
v -0.0686839 -0.0906056 0.0895789
vn 0.0346919 -0.8380691 -0.5444600
v -0.0686839 -0.0906056 0.0895789
vn -0.0585838 -0.3854894 0.9208507
v -0.0958142 -0.0805364 0.0726749
vn 0.0314553 -0.8263339 -0.5623015
v -0.0958142 -0.0805364 0.0726749
vn -0.9602788 -0.2305534 -0.1571938
v -0.0958142 -0.0805364 0.0726749
vn 0.0532435 0.3107533 -0.9489982
v -0.0959778 -0.0905630 0.0883800
vn -0.9641641 -0.2229410 -0.1438223
v -0.0959778 -0.0905630 0.0883800
vn 0.0489371 -0.5654477 -0.8233311
v -0.0959778 -0.0905630 0.0883800
vn 0.0127152 -0.6702568 -0.7420203
v -0.1654542 -0.0905185 0.0852816
vn 0.0587245 0.2888505 -0.9555715
v -0.1654542 -0.0905185 0.0852816
vn 0.9818226 -0.1603001 -0.1016289
v -0.1654542 -0.0905185 0.0852816
vn 0.1594189 -0.8007670 -0.5773716
v 0.0478847 -0.0752283 0.0822313
vn 0.1590300 -0.7893195 -0.5930297
v 0.0478847 -0.0752283 0.0822313
vn 0.1486990 -0.7941912 -0.5891934
v 0.0478847 -0.0752283 0.0822313
vn 0.1588239 -0.8003919 -0.5780552
v 0.0478847 -0.0752283 0.0822313
vn 0.9780627 -0.1914115 -0.0821889
v -0.1107611 -0.0908716 0.0874495
vn 0.0257471 -0.8337694 -0.5515124
v -0.1107611 -0.0908716 0.0874495
vn 0.0642718 0.3019692 -0.9511487
v -0.1107611 -0.0908716 0.0874495
vn 0.9714457 -0.2158683 -0.0984583
v -0.1939468 -0.0896440 0.0830756
vn 0.0989648 0.3500662 -0.9314825
v -0.1939468 -0.0896440 0.0830756
vn 0.0037406 -0.8415232 -0.5402081
v -0.1939468 -0.0896440 0.0830756
vn -0.9599215 0.2306093 -0.1592802
v -0.0968452 0.0826779 0.0725947
vn 0.0183892 0.7704601 -0.6372230
v -0.0968452 0.0826779 0.0725947
vn -0.0519780 0.4086669 0.9112024
v -0.0968452 0.0826779 0.0725947
vn -0.9492902 0.2757232 -0.1510794
v -0.1001819 0.0733722 0.0765778
vn -0.0425371 0.4187330 0.9071126
v -0.1001819 0.0733722 0.0765778
vn 0.0258150 0.9217595 -0.3869017
v -0.1001819 0.0733722 0.0765778
vn 0.0982614 -0.2831063 -0.9540417
v -0.0979372 0.0934293 0.0893302
vn -0.9712719 0.1663062 -0.1702150
v -0.0979372 0.0934293 0.0893302
vn 0.0117985 0.8438768 -0.5364074
v -0.0979372 0.0934293 0.0893302
vn 0.0226705 -0.2241936 -0.9742809
v -0.1007646 0.0800099 0.0923523
vn 0.0015539 0.9264981 -0.3762963
v -0.1007646 0.0800099 0.0923523
vn -0.9656392 0.2013029 -0.1643719
v -0.1007646 0.0800099 0.0923523
vn -0.6236689 -0.2010980 -0.7553785
v -0.1737070 -0.1404752 -0.6204911
vn 0.0375639 -0.6474421 -0.7611884
v -0.1737070 -0.1404752 -0.6204911
vn -0.1328762 -0.9880357 -0.0782904
v -0.1905165 -0.1413065 -0.6027804
vn -0.5181266 -0.2007389 -0.8314137
v -0.1905165 -0.1413065 -0.6027804
vn -0.6101676 -0.0768451 -0.7885368
v -0.1907870 -0.1397512 -0.6219500
vn -0.0483854 -0.9641009 -0.2610907
v -0.1907870 -0.1397512 -0.6219500
vn 0.0280561 0.9952393 0.0933368
v -0.1723187 -0.1328871 -0.6228654
vn -0.3476446 -0.1526973 -0.9251090
v -0.1723187 -0.1328871 -0.6228654
vn 0.0679048 -0.3092092 -0.9485666
v -0.1723187 -0.1328871 -0.6228654
vn -0.5636082 -0.1106141 -0.8186027
v -0.1723187 -0.1328871 -0.6228654
vn -0.7499313 0.4421602 0.4920339
v 0.0590400 0.0982591 0.3063433
vn 0.3154204 0.5878750 0.7449248
v 0.0590400 0.0982591 0.3063433
vn -0.2908269 0.7894606 0.5405291
v 0.0590400 0.0982591 0.3063433
vn -0.4626719 0.7397928 0.4885095
v 0.0614788 0.1212531 0.2865638
vn 0.0418349 0.7808649 0.6232975
v 0.0614788 0.1212531 0.2865638
vn -0.3364393 0.8571467 0.3900106
v 0.0533038 0.1265917 0.2618763
vn -0.7516657 0.5481361 0.3668047
v 0.0533038 0.1265917 0.2618763
vn -0.8059961 0.3133644 0.5021685
v 0.0629675 0.0500199 0.3427493
vn -0.1329504 0.3601407 0.9233758
v 0.0629675 0.0500199 0.3427493
vn 0.8561677 0.2245954 0.4653319
v 0.0629675 0.0500199 0.3427493
vn 0.9867871 0.1594171 0.0289361
v 0.0629675 0.0500199 0.3427493
vn -0.3124142 0.8965726 0.3139348
v 0.0553151 0.1398015 0.2456662
vn 0.0723153 0.7574744 0.6488476
v 0.0836581 0.1090920 0.3003103
vn 0.9158053 0.2471708 0.3165552
v 0.0836581 0.1090920 0.3003103
vn 0.2785695 0.8456490 0.4552766
v 0.0836581 0.1090920 0.3003103
vn 0.2407202 0.9139485 0.3267293
v 0.0777159 0.1334743 0.2586576
vn 0.9745027 0.1121570 0.1943329
v 0.0920553 0.1292306 0.2522716
vn 0.9801416 0.1231475 0.1554259
v 0.0920553 0.1292306 0.2522716
vn 0.9919578 0.0080423 0.1263134
v 0.0920553 0.1292306 0.2522716
vn 0.3993276 0.8859468 0.2358724
v 0.0920553 0.1292306 0.2522716
vn 0.9915223 0.0137212 0.1292106
v 0.0920553 0.1292306 0.2522716
vn 0.4418633 0.8967184 -0.0255558
v 0.1003176 0.1291510 0.1960498
vn 0.4624112 0.8606007 -0.2134064
v 0.1003176 0.1291510 0.1960498
vn 0.9910627 0.0273949 0.1305542
v 0.1003176 0.1291510 0.1960498
vn 0.9222088 0.3443950 -0.1758498
v 0.1102817 0.0642757 0.0865077
vn 0.4180901 0.7362990 -0.5320381
v 0.1102817 0.0642757 0.0865077
vn 0.2406016 -0.1198800 -0.9631925
v 0.2210812 -0.1212448 -0.6102396
vn -0.0174186 -0.9989900 -0.0414203
v 0.2210812 -0.1212448 -0.6102396
vn -0.3776505 -0.1174871 0.9184644
v 0.2270007 -0.1212423 -0.5946860
vn -0.0472119 -0.9949676 0.0883777
v 0.2270007 -0.1212423 -0.5946860
vn 0.8434621 -0.2345420 0.4832823
v 0.2270007 -0.1212423 -0.5946860
vn 0.4247801 -0.1110610 -0.8984583
v 0.2094204 -0.1208990 -0.6002129
vn -0.2980500 0.0665996 0.9522241
v 0.2094204 -0.1208990 -0.6002129
vn 0.0079711 -0.9998367 -0.0162190
v 0.2094204 -0.1208990 -0.6002129
vn -0.9789410 -0.1982684 -0.0486233
v 0.2298071 -0.1209182 -0.5891930
vn 0.0262398 -0.9990152 -0.0357821
v 0.2298071 -0.1209182 -0.5891930
vn 0.4625091 -0.2308075 -0.8560452
v 0.2298071 -0.1209182 -0.5891930
vn 0.8434622 -0.2345420 0.4832822
v 0.2306348 -0.1220112 -0.6014020
vn -0.9789410 -0.1982684 -0.0486232
v 0.2306348 -0.1220112 -0.6014020
vn 0.2039829 -0.9569955 -0.2062779
v 0.2306348 -0.1220112 -0.6014020
vn 0.9800524 -0.1979095 0.0181428
v 0.2374243 -0.1207180 -0.5982301
vn 0.1229052 -0.9924085 -0.0044381
v 0.2374243 -0.1207180 -0.5982301
vn 0.5922142 -0.0671505 -0.8029776
v 0.2374243 -0.1207180 -0.5982301
vn 0.9889095 -0.1484052 -0.0058255
v 0.2370285 -0.1212402 -0.5825450
vn 0.1424326 -0.0810520 -0.9864805
v 0.2370285 -0.1212402 -0.5825450
vn 0.0009652 -0.9987782 -0.0494085
v 0.2370285 -0.1212402 -0.5825450
vn -0.9675770 0.2196270 0.1247347
v -0.0131955 0.1304799 0.2263746
vn 0.1329076 0.9425673 0.3064349
v -0.0131955 0.1304799 0.2263746
vn 0.1942521 -0.3048526 0.9323792
v -0.2647239 0.0753111 0.2945094
vn -0.2914078 0.9199502 -0.2622466
v -0.2647239 0.0753111 0.2945094
vn 0.8368860 0.5231130 0.1611670
v -0.2647239 0.0753111 0.2945094
vn -0.6177116 0.6610621 0.4259453
v -0.2647239 0.0753111 0.2945094
vn 0.6285715 0.7740922 -0.0753619
v -0.0963813 0.0655065 -0.2722800
vn 0.4586555 0.8732659 0.1644443
v -0.0963813 0.0655065 -0.2722800
vn -0.8598055 0.4766820 0.1830543
v -0.0963813 0.0655065 -0.2722800
vn 0.2469566 0.9690262 0.0008720
v -0.0963813 0.0655065 -0.2722800
vn 0.6336102 -0.1375250 -0.7613311
v 0.0032314 -0.0119762 -0.1060302
vn 0.5355822 -0.0825148 -0.8404422
v 0.0135857 0.0024856 -0.0999321
vn 0.4516520 -0.2796762 -0.8472259
v 0.0213000 -0.0314026 -0.0884947
vn 0.5584411 -0.4171447 -0.7170312
v -0.0033189 -0.0298892 -0.1059662
vn 0.8786166 -0.4613503 -0.1232428
v -0.0046749 -0.0204095 -0.1138162
vn 0.8488271 -0.2345306 -0.4738015
v -0.0046749 -0.0204095 -0.1138162
vn 0.7710062 0.0050748 -0.6368075
v 0.0012654 0.0026801 -0.1093894
vn 0.5294851 0.3196038 -0.7858110
v 0.0434874 0.0266902 -0.0830489
vn 0.9932094 0.0813910 -0.0831308
v 0.0434874 0.0266902 -0.0830489
vn 0.8654196 0.4732901 -0.1644552
v 0.0434874 0.0266902 -0.0830489
vn 0.5738168 0.2884308 -0.7665129
v 0.0002386 0.0330994 -0.1034419
vn 0.8410107 0.5274752 -0.1202953
v -0.0051529 0.0257307 -0.1134361
vn 0.8347197 0.2367722 -0.4971741
v -0.0051529 0.0257307 -0.1134361
vn 0.9867773 -0.1562303 -0.0431601
v -0.0039592 0.0028611 -0.1227152
vn 0.9375094 0.0202679 -0.3473694
v -0.0039592 0.0028611 -0.1227152
vn 0.9936405 0.0891915 -0.0687269
v -0.0039592 0.0028611 -0.1227152
vn 0.2676059 0.2402019 0.9331078
v -0.0039592 0.0028611 -0.1227152
vn -0.1081887 -0.3541998 0.9288906
v -0.0289934 -0.0454079 -0.1334653
vn 0.5976616 -0.8011451 -0.0311022
v -0.0289934 -0.0454079 -0.1334653
vn 0.5263322 -0.8387707 -0.1394209
v -0.0289934 -0.0454079 -0.1334653
vn 0.2327482 -0.0440370 -0.9715395
v -0.0289934 -0.0454079 -0.1334653
vn 0.9396454 0.2895839 -0.1822301
v -0.0713323 0.0608032 -0.1424996
vn 0.2248547 -0.0846659 -0.9707070
v -0.0713323 0.0608032 -0.1424996
vn -0.8629349 0.4706749 0.1838711
v -0.0713323 0.0608032 -0.1424996
vn -0.0683604 0.4042147 0.9121060
v -0.0713323 0.0608032 -0.1424996
vn -0.8786963 -0.4389990 0.1875437
v -0.0704858 -0.0573794 -0.1428629
vn 0.9338117 -0.3156557 -0.1683954
v -0.0704858 -0.0573794 -0.1428629
vn 0.2327490 -0.0440377 -0.9715393
v -0.0704858 -0.0573794 -0.1428629
vn -0.1081883 -0.3542000 0.9288905
v -0.0704858 -0.0573794 -0.1428629
vn -0.0239657 0.6771514 -0.7354534
v -0.2552463 0.0700871 0.0600030
vn 0.0630414 0.7875047 -0.6130761
v -0.2552463 0.0700871 0.0600030
vn 0.6594191 0.7045403 0.2622774
v -0.2552463 0.0700871 0.0600030
vn 0.4009053 0.8976323 -0.1831156
v -0.2436175 0.0635972 0.0536486
vn -0.0868184 0.9818285 -0.1687465
v -0.2436175 0.0635972 0.0536486
vn -0.0223497 0.6685563 -0.7433257
v -0.2436175 0.0635972 0.0536486
vn 0.9571388 0.1928616 -0.2160785
v -0.1265488 0.0605435 -0.0851855
vn -0.8178126 0.2801074 0.5027152
v -0.1265488 0.0605435 -0.0851855
vn 0.5549261 0.4189702 -0.7186939
v -0.1265488 0.0605435 -0.0851855
vn -0.5882618 0.8027272 0.0978632
v -0.1692069 0.0623609 -0.2725210
vn 0.7146457 0.6061385 -0.3491099
v -0.1692069 0.0623609 -0.2725210
vn -0.7008713 -0.3692301 -0.6102857
v -0.0612753 -0.0659684 0.0390648
vn -0.9445301 -0.2627605 0.1970274
v -0.0612753 -0.0659684 0.0390648
vn -0.0765229 -0.9967849 -0.0237556
v -0.0612753 -0.0659684 0.0390648
vn -0.0297924 -0.9884102 -0.1488544
v -0.0612753 -0.0659684 0.0390648
vn 0.0756574 -0.9947419 -0.0690257
v 0.2266797 -0.1484785 -0.5626338
vn -0.0407889 -0.3002085 0.9530012
v 0.2266797 -0.1484785 -0.5626338
vn 0.7366424 -0.6742506 0.0523849
v 0.2266797 -0.1484785 -0.5626338
vn -0.0063255 -0.9968272 -0.0793450
v 0.1768892 -0.1490528 -0.5649456
vn -0.4099393 -0.4249931 0.8070506
v 0.1768892 -0.1490528 -0.5649456
vn 0.2445320 -0.5875896 -0.7713252
v 0.2329164 -0.1414725 -0.5601597
vn 0.9889528 -0.1179480 -0.0897809
v 0.2329164 -0.1414725 -0.5601597
vn 0.9109991 -0.4123921 0.0036856
v 0.2329164 -0.1414725 -0.5601597
vn 0.0254209 -0.2995958 0.9537275
v 0.2329164 -0.1414725 -0.5601597
vn -0.6833425 -0.4127100 -0.6022572
v 0.1750457 -0.1417008 -0.5619749
vn -0.4279222 -0.4316337 0.7940875
v 0.1750457 -0.1417008 -0.5619749
vn 0.0310084 -0.3128622 -0.9492922
v 0.1750457 -0.1417008 -0.5619749
vn 0.0057324 -0.9999834 0.0006516
v 0.1750457 -0.1417008 -0.5619749
vn -0.0261294 -0.9264294 -0.3755609
v 0.1488105 -0.1456350 -0.6015361
vn -0.7092631 -0.4782430 0.5179088
v 0.1488105 -0.1456350 -0.6015361
vn -0.1123599 0.3855647 -0.9158139
v -0.0111622 0.1404673 -0.4108070
vn -0.0268115 0.9926030 0.1184084
v -0.0111622 0.1404673 -0.4108070
vn -0.0340964 0.9918401 0.1228443
v -0.0111622 0.1404673 -0.4108070
vn 0.0524183 0.3007128 0.9522732
v -0.0111622 0.1404673 -0.4108070
vn -0.0624328 0.4379933 -0.8968078
v -0.0111622 0.1404673 -0.4108070
vn 0.0205131 0.1917571 0.9812280
v -0.1314000 0.1369138 -0.4075989
vn -0.6134187 0.4893667 0.6198691
v -0.1314000 0.1369138 -0.4075989
vn -0.0404311 0.9972882 0.0614949
v -0.1314000 0.1369138 -0.4075989
vn -0.6134188 0.4893667 0.6198691
v -0.1344749 0.1316832 -0.4065124
vn -0.0624331 0.4379939 -0.8968075
v -0.1344749 0.1316832 -0.4065124
vn 0.0205130 0.1917571 0.9812280
v -0.1344749 0.1316832 -0.4065124
vn 0.6496790 0.4566808 -0.6077499
v -0.1344749 0.1316832 -0.4065124
vn -0.0689651 -0.7827967 0.6184441
v 0.0846756 -0.0883338 0.3116797
vn -0.0860688 -0.7002627 0.7086778
v 0.0846756 -0.0883338 0.3116797
vn 0.8577563 -0.2501119 0.4491083
v 0.0846756 -0.0883338 0.3116797
vn 0.0089681 0.5637836 0.8258739
v 0.0379849 0.1372067 0.1718770
vn -0.9150349 0.3776172 -0.1418317
v 0.0379849 0.1372067 0.1718770
vn 0.9084983 0.3408782 -0.2417291
v 0.0379849 0.1372067 0.1718770
vn 0.1552826 0.9402554 -0.3029969
v 0.0379849 0.1372067 0.1718770
vn -0.4552955 0.3916819 -0.7995570
v 0.1063892 0.1424708 -0.4243857
vn 0.7114515 0.2906722 0.6398019
v 0.1063892 0.1424708 -0.4243857
vn 0.0953136 0.4444494 0.8907188
v 0.1063892 0.1424708 -0.4243857
vn 0.1977926 -0.7026415 -0.6835005
v 0.1799169 -0.0850840 0.1435346
vn 0.1594523 -0.7051843 -0.6908619
v 0.1799169 -0.0850840 0.1435346
vn 0.9745379 0.0858405 0.2071411
v 0.1092923 -0.0864012 0.1338813
vn 0.1099330 -0.6963141 -0.7092683
v 0.1092923 -0.0864012 0.1338813
vn 0.5429006 -0.4497158 -0.7092353
v 0.1777550 -0.0659128 0.1259027
vn 0.1239658 -0.6641088 -0.7372870
v 0.1777550 -0.0659128 0.1259027
vn 0.9400920 0.1191555 0.3194199
v 0.1117373 -0.0675500 0.1162773
vn 0.1280181 -0.5756290 -0.8076277
v 0.1117373 -0.0675500 0.1162773
vn 0.1407293 -0.4518947 -0.8809010
v 0.1162020 -0.0365066 0.1010656
vn 0.1483949 -0.2003577 -0.9684192
v 0.1162020 -0.0365066 0.1010656
vn 0.3342910 0.1351316 0.9327320
v 0.1162020 -0.0365066 0.1010656
vn 0.1201412 -0.7728682 -0.6230898
v 0.1791837 -0.0890997 0.1481039
vn 0.1619295 -0.7854426 -0.5973766
v 0.1791837 -0.0890997 0.1481039
vn 0.9835147 0.0816703 0.1613352
v 0.1090825 -0.0895930 0.1370750
vn 0.0908608 -0.7792474 -0.6200951
v 0.1090825 -0.0895930 0.1370750
vn 0.3655283 -0.1988677 -0.9093078
v 0.1833074 -0.0394887 0.1134798
vn 0.1696358 -0.3168614 -0.9331788
v 0.1833074 -0.0394887 0.1134798
vn -0.1923135 -0.5367804 -0.8215123
v 0.1833074 -0.0394887 0.1134798
vn 0.2281201 -0.4530888 -0.8617841
v 0.1833074 -0.0394887 0.1134798
vn 0.1730450 -0.8109240 -0.5589793
v 0.1743889 -0.0967310 0.1570997
vn 0.0416794 -0.9519830 -0.3033006
v 0.1073078 -0.1046542 0.1573686
vn 0.9253029 0.2380266 0.2952254
v 0.1073078 -0.1046542 0.1573686
vn 0.9934285 -0.0029253 0.1144170
v 0.1073078 -0.1046542 0.1573686
vn 0.0762035 -0.8018398 -0.5926602
v 0.1076396 -0.0966860 0.1484564
vn 0.9723957 0.1492248 0.1793841
v 0.1076396 -0.0966860 0.1484564
vn 0.9165667 0.2461447 0.3151480
v 0.1060841 -0.1044507 0.1604365
vn 0.0244265 -0.9745108 -0.2230068
v 0.1060841 -0.1044507 0.1604365
vn -0.0050809 -0.9929410 0.1185004
v 0.1710509 -0.1101093 0.1820290
vn -0.2475135 -0.8797457 -0.4059367
v 0.1710509 -0.1101093 0.1820290
vn 0.0388626 -0.9736748 -0.2246046
v 0.1041000 -0.1163404 0.1822214
vn 0.9917971 0.0422119 0.1206516
v 0.1041000 -0.1163404 0.1822214
vn 0.0360097 -0.9426959 -0.3317044
v 0.1706373 -0.1157368 0.1946520
vn 0.9841868 0.0693202 0.1630062
v 0.1033720 -0.1160020 0.1860042
vn 0.0137478 -0.9969848 -0.0763695
v 0.1033720 -0.1160020 0.1860042
vn 0.7501849 -0.6338021 -0.1884609
v 0.1760726 -0.1043568 0.1694647
vn 0.0952945 -0.8546823 -0.5103305
v 0.1760726 -0.1043568 0.1694647
vn 0.5488127 -0.7159898 -0.4314666
v 0.1760726 -0.1043568 0.1694647
vn 0.0795609 -0.9220728 -0.3787505
v 0.1760726 -0.1043568 0.1694647
vn 0.8976702 0.3917790 -0.2017360
v -0.0658278 0.0689904 0.0382100
vn 0.6878526 0.5131811 0.5133264
v -0.0658278 0.0689904 0.0382100
vn -0.1233754 0.9915081 -0.0411118
v -0.0658278 0.0689904 0.0382100
vn -0.9681937 0.1422278 -0.2058455
v -0.3446963 0.0275266 0.1095865
vn -0.9052293 0.0984755 0.4133553
v -0.3446963 0.0275266 0.1095865
vn 0.2262487 -0.9729983 0.0456705
v 0.2301483 -0.1466613 -0.5437543
vn 0.9723759 -0.1731239 0.1565667
v 0.2301483 -0.1466613 -0.5437543
vn 0.0571173 -0.1469721 0.9874902
v 0.2301483 -0.1466613 -0.5437543
vn 0.2229045 0.6839558 -0.6946352
v 0.1182224 0.1547589 -0.4839585
vn 0.6762999 0.7118490 -0.1894454
v 0.1182224 0.1547589 -0.4839585
vn -0.1460221 0.8718202 -0.4675545
v 0.1169012 0.1572009 -0.4794990
vn 0.6380175 0.7370405 0.2229463
v 0.1169012 0.1572009 -0.4794990
vn 0.0453236 0.4539960 0.8898503
v -0.0180899 0.1565039 -0.4386395
vn -0.0336425 0.9899008 -0.1377119
v -0.0180899 0.1565039 -0.4386395
vn -0.0722446 0.9317711 -0.3557857
v -0.1366576 0.1502892 -0.5105029
vn -0.0361867 0.4237842 0.9050401
v -0.1490689 0.1531896 -0.4348374
vn -0.1699119 0.9836305 -0.0600085
v -0.1490689 0.1531896 -0.4348374
vn -0.2904907 0.8427655 -0.4531683
v -0.1512955 0.1471303 -0.5112535
vn -0.2425903 0.4118890 0.8783493
v -0.1716606 0.1459804 -0.4349833
vn -0.4888037 0.8669731 -0.0971013
v -0.1716606 0.1459804 -0.4349833
vn -0.6306599 0.7678466 -0.1126041
v -0.2204231 0.1060708 -0.4340231
vn -0.8326288 0.5194447 -0.1921107
v -0.2204231 0.1060708 -0.4340231
vn -0.3713543 0.2825594 0.8844525
v -0.2204231 0.1060708 -0.4340231
vn 0.0834034 0.2865599 -0.9544252
v -0.1079877 -0.0777029 0.0916457
vn 0.0175304 -0.9239926 -0.3820084
v -0.1079877 -0.0777029 0.0916457
vn 0.9804038 -0.1843091 -0.0695599
v -0.1079877 -0.0777029 0.0916457
vn 0.0678211 0.2991269 -0.9518002
v -0.0994195 -0.0778336 0.0923551
vn 0.0249397 -0.9224969 -0.3851982
v -0.0994195 -0.0778336 0.0923551
vn -0.9662271 -0.2186681 -0.1363436
v -0.0994195 -0.0778336 0.0923551
vn 0.9763693 -0.1961663 -0.0906749
v -0.1078802 -0.0711626 0.0758313
vn 0.0340073 -0.9205812 -0.3890679
v -0.1078802 -0.0711626 0.0758313
vn -0.0587623 -0.3856874 0.9207564
v -0.1078802 -0.0711626 0.0758313
vn 0.1473527 -0.9820954 -0.1173714
v 0.2306230 -0.1456345 -0.5814800
vn 0.9295765 -0.3675461 -0.0282397
v 0.2306230 -0.1456345 -0.5814800
vn 0.1415658 -0.0802430 -0.9866713
v 0.2306230 -0.1456345 -0.5814800
vn -0.9887520 -0.1177217 -0.0922555
v 0.0416056 0.1062323 0.1175140
vn 0.9494576 0.3033429 -0.0807063
v 0.0416056 0.1062323 0.1175140
vn 0.1286865 0.7947571 -0.5931282
v 0.0416056 0.1062323 0.1175140
vn 0.5786806 0.3807454 0.7212225
v 0.0416056 0.1062323 0.1175140
vn -0.9710164 0.0731148 -0.2275552
v 0.0455233 0.0898133 0.0964770
vn 0.9142790 0.2335465 -0.3309835
v 0.0455233 0.0898133 0.0964770
vn -0.9853190 -0.0028431 0.1706998
v -0.2101880 0.0993089 0.2154939
vn -0.2014862 0.9472772 0.2491372
v -0.2101880 0.0993089 0.2154939
vn 0.0498321 0.4314531 -0.9007580
v -0.2023417 0.0871084 0.2607170
vn -0.9813225 0.0283766 0.1902655
v -0.2023417 0.0871084 0.2607170
vn -0.0511909 0.9619461 0.2684012
v -0.2023417 0.0871084 0.2607170
vn 0.0822494 -0.4480950 -0.8901943
v 0.2243176 -0.1486548 -0.5573391
vn 0.2145144 -0.9762276 0.0310371
v 0.2243176 -0.1486548 -0.5573391
vn -0.1343265 0.2947107 0.9460983
v 0.0735739 0.0411984 0.3477510
vn 0.7031292 0.2219946 0.6755204
v 0.0735739 0.0411984 0.3477510
vn 0.8254579 0.0530280 0.5619673
v 0.0735739 0.0411984 0.3477510
vn -0.8022865 0.3178017 0.5053104
v 0.0660690 0.0734202 0.3331251
vn 0.1135016 0.5023074 0.8572075
v 0.0660690 0.0734202 0.3331251
vn -0.4189006 -0.0946799 0.9030825
v 0.0638468 0.0172940 0.3518986
vn 0.8949993 0.0499209 0.4432654
v 0.0638468 0.0172940 0.3518986
vn 0.0138083 0.1654844 0.9861158
v 0.0638468 0.0172940 0.3518986
vn -0.3764267 -0.1099447 0.9198995
v 0.0719818 0.0005938 0.3539212
vn 0.8082888 -0.0006211 0.5887860
v 0.0719818 0.0005938 0.3539212
vn 0.0578718 0.1477644 0.9873280
v 0.0719818 0.0005938 0.3539212
vn -0.7477098 0.4083689 0.5236078
v 0.0648498 0.0993261 0.3138075
vn 0.0815700 0.6946030 0.7147539
v 0.0648498 0.0993261 0.3138075
vn 0.1116899 0.9394014 0.3241149
v 0.2308417 0.1148492 0.2974285
vn 0.0509240 -0.0890065 0.9947284
v 0.2308417 0.1148492 0.2974285
vn 0.9355708 -0.1915656 0.2966650
v 0.0866120 -0.0971948 0.3006797
vn -0.0671794 -0.8143980 0.5764052
v 0.0866120 -0.0971948 0.3006797
vn -0.0746167 -0.8017742 0.5929507
v 0.1563453 -0.0962689 0.3105669
vn 0.5526327 -0.5744635 0.6038119
v 0.1563453 -0.0962689 0.3105669
vn -0.0794759 -0.7393734 0.6685884
v 0.1543961 -0.0876613 0.3203057
vn 0.2846093 -0.7208096 0.6320056
v 0.1543961 -0.0876613 0.3203057
vn -0.0755933 -0.6938987 0.7160937
v 0.1514651 -0.0722723 0.3355852
vn -0.0945073 -0.5263300 0.8450119
v 0.1514651 -0.0722723 0.3355852
vn 0.5138343 -0.4412371 0.7357202
v 0.1514651 -0.0722723 0.3355852
vn 0.9780439 -0.0666871 0.1974416
v 0.0906612 -0.1112580 0.2766224
vn -0.0648215 -0.8338202 0.5482171
v 0.0906612 -0.1112580 0.2766224
vn 0.4443609 -0.8182691 0.3646631
v 0.1591148 -0.1104988 0.2855393
vn -0.1241135 -0.8691106 0.4787930
v 0.1599072 -0.1154864 0.2719781
vn 0.9155785 -0.2099391 0.3429894
v 0.0913283 -0.1139058 0.2735078
vn -0.0467714 -0.8978833 0.4377421
v 0.0913283 -0.1139058 0.2735078
vn 0.9852769 -0.0252091 0.1690973
v 0.0927033 -0.1160401 0.2633475
vn -0.0303194 -0.9692472 0.2442146
v 0.0927033 -0.1160401 0.2633475
vn 0.8476150 -0.4767468 0.2329407
v 0.1629361 -0.1170430 0.2705252
vn -0.1110701 -0.9269440 0.3583829
v 0.1629361 -0.1170430 0.2705252
vn 0.0159380 -0.9749307 0.2219375
v 0.1630446 -0.1188671 0.2610787
vn 0.1935493 -0.9628782 0.1881604
v 0.1630446 -0.1188671 0.2610787
vn -0.0601527 -0.8665966 0.4953705
v 0.0888263 -0.1050769 0.2882813
vn 0.9315126 -0.2131695 0.2946917
v 0.0888263 -0.1050769 0.2882813
vn 0.1162948 -0.9730948 0.1989025
v 0.1623887 -0.1201004 0.2565238
vn 0.0029231 -0.9979700 0.0636193
v 0.0995568 -0.1236993 0.2176031
vn 0.0309235 -0.9700857 -0.2407855
v 0.0995568 -0.1236993 0.2176031
vn 0.9826714 -0.1378583 0.1239035
v 0.0995568 -0.1236993 0.2176031
vn -0.0287988 -0.9796408 0.1986819
v 0.0947232 -0.1195543 0.2514751
vn 0.7724981 -0.6070664 0.1863254
v 0.0947232 -0.1195543 0.2514751
vn -0.0487010 -0.8723879 0.4863822
v 0.1592642 -0.1042539 0.2984380
vn 0.3750026 -0.7857757 0.4918636
v 0.1592642 -0.1042539 0.2984380
vn -0.9396856 -0.3291531 0.0930014
v 0.1121323 -0.1470488 -0.5307013
vn 0.0318250 -0.9993169 -0.0187891
v 0.1121323 -0.1470488 -0.5307013
vn -0.3604811 -0.2214424 -0.9060997
v 0.1121323 -0.1470488 -0.5307013
vn 0.0340977 -0.9990961 -0.0253861
v 0.1293966 -0.1466111 -0.5247391
vn 0.9706084 -0.1476753 -0.1900300
v 0.1293966 -0.1466111 -0.5247391
vn 0.5567567 -0.4266752 0.7127203
v 0.1293966 -0.1466111 -0.5247391
vn -0.8056980 -0.3466732 0.4802795
v 0.1172657 -0.1467895 -0.5166249
vn 0.0217221 -0.9997090 0.0104936
v 0.1172657 -0.1467895 -0.5166249
vn 0.2505669 -0.3039781 0.9191374
v 0.1172657 -0.1467895 -0.5166249
vn -0.2397843 0.1543625 0.9584758
v -0.1447780 0.1146511 0.2405409
vn 0.0001694 0.9753068 0.2208544
v -0.1447780 0.1146511 0.2405409
vn 0.9476486 0.2779653 0.1571542
v -0.1447780 0.1146511 0.2405409
vn -0.7869381 0.6035388 0.1283326
v -0.1359507 0.1114210 0.2547983
vn 0.0194886 0.9776316 0.2094198
v -0.1359507 0.1114210 0.2547983
vn -0.1307078 0.9649273 0.2276636
v -0.1359507 0.1114210 0.2547983
vn 0.2253265 0.9430735 0.2446228
v -0.1464393 0.1118540 0.2555062
vn 0.0532350 0.9804992 0.1891759
v -0.1464393 0.1118540 0.2555062
vn 0.9476486 0.2779653 0.1571541
v -0.1464393 0.1118540 0.2555062
vn -0.4390872 -0.5097582 0.7398304
v -0.1355515 0.1144765 0.2428773
vn -0.7869381 0.6035389 0.1283326
v -0.1355515 0.1144765 0.2428773
vn -0.0441291 0.9680998 0.2466485
v -0.1355515 0.1144765 0.2428773
vn 0.0283100 -0.9178529 -0.3959100
v -0.0541401 -0.0707711 0.0786786
vn 0.9760068 -0.2000747 -0.0859117
v -0.0541401 -0.0707711 0.0786786
vn -0.0174044 -0.4087485 0.9124811
v -0.0541401 -0.0707711 0.0786786
vn 0.0180177 -0.9308907 -0.3648534
v -0.0564340 -0.0801962 0.0746370
vn 0.9758847 -0.2004055 -0.0865260
v -0.0564340 -0.0801962 0.0746370
vn -0.0038235 -0.3933153 0.9193957
v -0.0564340 -0.0801962 0.0746370
vn 0.9387858 0.2076637 0.2748767
v -0.0355424 0.0204072 -0.3298691
vn 0.9269937 0.0189833 0.3745963
v -0.0324975 0.0021699 -0.3333014
vn 0.7321765 0.2993595 0.6118019
v -0.0297686 0.0299256 -0.3462125
vn 0.6358230 -0.0869246 0.7669246
v -0.0187735 0.0025474 -0.3535931
vn 0.6956016 0.0991719 0.7115500
v -0.0187735 0.0025474 -0.3535931
vn 0.9922083 -0.1236578 -0.0152169
v -0.0386050 -0.0247301 -0.3181782
vn 0.8525482 -0.5223966 0.0162266
v -0.0386050 -0.0247301 -0.3181782
vn 0.9293144 -0.3485665 0.1219683
v -0.0386050 -0.0247301 -0.3181782
vn 0.7084131 -0.6934431 0.1314828
v -0.0462454 -0.0418219 -0.3335328
vn 0.8811474 -0.4093670 0.2366388
v -0.0462454 -0.0418219 -0.3335328
vn 0.6516898 0.6477958 0.3945391
v -0.0651666 0.0558287 -0.3074981
vn 0.5097489 0.8601683 -0.0163305
v -0.0651666 0.0558287 -0.3074981
vn -0.3324201 -0.9409027 -0.0648008
v -0.0897671 0.0643792 -0.2847413
vn 0.3003914 0.9532300 -0.0334321
v -0.0897671 0.0643792 -0.2847413
vn 0.2412707 0.9696190 0.0403442
v -0.0897671 0.0643792 -0.2847413
vn 0.7892420 0.5630252 0.2451526
v -0.0432741 0.0407765 -0.3332221
vn 0.4326898 0.7309176 0.5277679
v -0.0510154 0.0535232 -0.3425668
vn 0.6460447 0.6186630 0.4470822
v -0.0510154 0.0535232 -0.3425668
vn 0.4152210 0.8857630 0.2074016
v -0.0510154 0.0535232 -0.3425668
vn 0.1478205 0.8649285 0.4796330
v -0.0688285 0.0666598 -0.3494334
vn 0.3224849 0.8789935 0.3512465
v -0.0688285 0.0666598 -0.3494334
vn 0.3236401 0.7442507 0.5842500
v -0.0688285 0.0666598 -0.3494334
vn 0.9929460 0.1184083 -0.0061593
v -0.0350530 0.0024597 -0.3190237
vn 0.9915136 -0.1297709 -0.0077774
v -0.0350530 0.0024597 -0.3190237
vn 0.9875191 0.1541167 -0.0324677
v -0.0350530 0.0024597 -0.3190237
vn 0.9836465 0.0085563 0.1799070
v -0.0350530 0.0024597 -0.3190237
vn 0.9875191 0.1541166 -0.0324676
v -0.0389430 0.0275868 -0.3180662
vn 0.8784266 0.4778650 0.0034320
v -0.0389430 0.0275868 -0.3180662
vn 0.9304659 0.3404117 0.1354737
v -0.0389430 0.0275868 -0.3180662
vn 0.3839077 -0.9204703 0.0731399
v -0.0720571 -0.0565725 -0.3031022
vn 0.6625506 -0.5228566 0.5363281
v -0.0720571 -0.0565725 -0.3031022
vn 0.0223172 -0.8439179 -0.5360081
v -0.1663805 -0.0693424 0.0572667
vn -0.0219629 -0.7725646 -0.6345562
v -0.1663805 -0.0693424 0.0572667
vn 0.0025238 -0.5780980 -0.8159635
v -0.1663805 -0.0693424 0.0572667
vn -0.0549627 -0.7674673 0.6387278
v -0.1663805 -0.0693424 0.0572667
vn -0.0406215 -0.9024271 -0.4289234
v -0.1663805 -0.0693424 0.0572667
vn 0.0025237 -0.5780982 -0.8159633
v -0.2437177 -0.0636138 0.0529689
vn 0.1108625 -0.7781022 -0.6182771
v -0.2437177 -0.0636138 0.0529689
vn -0.0377642 -0.7226984 -0.6901311
v -0.2437177 -0.0636138 0.0529689
vn 0.5600406 -0.7973988 0.2247435
v -0.2437177 -0.0636138 0.0529689
vn 0.0780226 -0.9533412 -0.2916388
v -0.0359489 -0.0731129 0.0639601
vn -0.0161938 -0.9165683 -0.3995501
v -0.0359489 -0.0731129 0.0639601
vn -0.0549635 -0.7674679 0.6387269
v -0.0359489 -0.0731129 0.0639601
vn 0.0823445 -0.8708658 -0.4845743
v 0.0192548 -0.0723125 0.0696722
vn 0.1304066 -0.8394338 -0.5275841
v 0.0192548 -0.0723125 0.0696722
vn -0.0549641 -0.7674680 0.6387268
v 0.0192548 -0.0723125 0.0696722
vn 0.6646534 0.3323658 0.6691555
v -0.0695624 0.0687012 0.0435034
vn -0.0744510 0.9972228 0.0019233
v -0.0695624 0.0687012 0.0435034
vn -0.0801793 0.5081390 0.8575349
v -0.0695624 0.0687012 0.0435034
vn 0.0835522 -0.1190736 -0.9893637
v -0.1886656 0.0557666 0.0395487
vn -0.2072264 0.8266900 0.5231069
v -0.1886656 0.0557666 0.0395487
vn -0.9800497 0.0907322 0.1768343
v -0.1818788 0.1241927 0.1628960
vn -0.1159153 0.8910553 0.4388441
v -0.1818788 0.1241927 0.1628960
vn -0.1541046 0.1420488 0.9777904
v -0.1818788 0.1241927 0.1628960
vn 0.6959420 -0.3666204 0.6174579
v 0.1082177 -0.1351122 -0.4247269
vn 0.1172227 -0.1434623 0.9826888
v 0.1082177 -0.1351122 -0.4247269
vn -0.1095180 -0.3740824 -0.9209062
v 0.1082177 -0.1351122 -0.4247269
vn -0.7020732 -0.4351300 -0.5636978
v 0.1082177 -0.1351122 -0.4247269
vn -0.0578541 -0.5785915 -0.8135630
v -0.0239793 -0.1363453 -0.4090057
vn -0.0079082 -0.9801086 0.1983046
v -0.0239793 -0.1363453 -0.4090057
vn -0.9633154 -0.1598853 0.2155460
v -0.2729689 -0.1119319 0.2046725
vn -0.2426239 -0.9487957 0.2022880
v -0.2729689 -0.1119319 0.2046725
vn 0.8119884 -0.5780962 -0.0804973
v -0.2593538 -0.1176501 0.1941827
vn -0.2805572 -0.9491789 0.1426430
v -0.2593538 -0.1176501 0.1941827
vn 0.9454156 -0.3087262 -0.1042948
v -0.2308867 -0.1207817 0.1562952
vn -0.1642359 -0.1431603 0.9759774
v -0.2308867 -0.1207817 0.1562952
vn -0.1814530 -0.3440974 0.9212338
v -0.2308867 -0.1207817 0.1562952
vn -0.1258219 -0.9917930 -0.0227043
v -0.2308867 -0.1207817 0.1562952
vn 0.0280562 0.9952393 0.0933367
v -0.1846437 -0.1325305 -0.6229622
vn -0.0514143 -0.0494757 -0.9974511
v -0.1846437 -0.1325305 -0.6229622
vn 0.9363151 -0.0201342 0.3505833
v -0.1846437 -0.1325305 -0.6229622
vn 0.0255196 0.1546070 -0.9876465
v -0.1850658 -0.1247311 -0.6217521
vn -0.0789213 -0.9737266 -0.2136072
v -0.1850658 -0.1247311 -0.6217521
vn 0.9487805 0.0023237 0.3159275
v -0.1850658 -0.1247311 -0.6217521
vn -0.7957631 0.4613560 -0.3923160
v -0.2056205 0.1463383 -0.5777348
vn -0.6227611 0.7793947 -0.0686482
v -0.2056205 0.1463383 -0.5777348
vn -0.9582837 0.2857902 0.0040613
v -0.2056205 0.1463383 -0.5777348
vn -0.9879966 0.0191897 0.1532795
v -0.2190106 0.1177968 0.1603278
vn -0.8238157 0.5487566 0.1421055
v -0.2190106 0.1177968 0.1603278
vn -0.9634070 0.1853723 0.1936084
v -0.2190106 0.1177968 0.1603278
vn -0.1791063 0.3199790 0.9303410
v -0.2190106 0.1177968 0.1603278
vn -0.9653941 0.1723049 0.1957687
v -0.2213062 0.1055259 0.1606538
vn 0.0800141 0.9921918 0.0956726
v -0.2213062 0.1055259 0.1606538
vn 0.0818844 0.9920211 0.0958595
v -0.2213062 0.1055259 0.1606538
vn -0.1678843 0.0575581 0.9841250
v -0.2213062 0.1055259 0.1606538
vn -0.9261091 0.2206852 0.3059738
v -0.1290732 0.1523874 -0.5361980
vn -0.6539616 0.4523699 -0.6063792
v -0.1290732 0.1523874 -0.5361980
vn 0.0054638 0.9992345 -0.0387382
v -0.1290732 0.1523874 -0.5361980
vn -0.6075023 0.3471638 0.7144357
v -0.1200041 0.1522225 -0.5284063
vn 0.4630353 0.1523289 0.8731520
v -0.1200041 0.1522225 -0.5284063
vn 0.0057069 0.9998785 0.0145135
v -0.1200041 0.1522225 -0.5284063
vn -0.0199014 -0.9995270 -0.0234467
v 0.0176147 -0.1474142 -0.4940490
vn -0.0098043 -0.9967432 -0.0800433
v 0.0176147 -0.1474142 -0.4940490
vn 0.7622662 -0.6412749 -0.0878449
v 0.1227659 -0.1467594 -0.4843936
vn 0.3975085 -0.5306903 -0.7485685
v 0.1227659 -0.1467594 -0.4843936
vn -0.5164667 -0.3219010 -0.7934999
v -0.0486695 0.1101946 0.0856420
vn -0.5875039 0.7413868 -0.3243219
v -0.0486695 0.1101946 0.0856420
vn -0.9911430 -0.0836371 0.1031525
v -0.0486695 0.1101946 0.0856420
vn -0.9873819 -0.1406363 0.0727906
v -0.0463908 0.0969068 0.0967632
vn 0.0425194 0.8231210 -0.5662720
v -0.0463908 0.0969068 0.0967632
vn 0.0918789 -0.3180668 -0.9436058
v -0.0450891 0.0927119 0.0912519
vn 0.0812224 0.8022439 -0.5914454
v -0.0450891 0.0927119 0.0912519
vn -0.5793470 -0.3542053 -0.7340952
v -0.0450891 0.0927119 0.0912519
vn -0.9798769 0.0901276 -0.1780963
v -0.0450891 0.0927119 0.0912519
vn -0.9735758 -0.2195487 -0.0628373
v -0.0450891 0.0927119 0.0912519
vn -0.1675272 0.8386151 -0.5183237
v -0.0450891 0.0927119 0.0912519
vn -0.7651747 0.6165908 -0.1852661
v -0.0454721 0.1213595 0.1095946
vn -0.0988468 0.5632528 0.8203509
v -0.0454721 0.1213595 0.1095946
vn -0.9675941 -0.0878696 0.2367294
v -0.0454721 0.1213595 0.1095946
vn 0.0922632 0.3052910 -0.9477790
v -0.1379140 -0.0907399 0.0862180
vn 0.9793336 -0.1848830 -0.0820000
v -0.1379140 -0.0907399 0.0862180
vn 0.0362587 -0.7399193 -0.6717178
v -0.1379140 -0.0907399 0.0862180
vn -0.0530586 -0.4042325 0.9131161
v -0.1374241 -0.0801086 0.0703853
vn 0.9754332 -0.1956714 -0.1012073
v -0.1374241 -0.0801086 0.0703853
vn 0.0306820 -0.7485715 -0.6623439
v -0.1374241 -0.0801086 0.0703853
vn 0.0386356 -0.9190198 -0.3923135
v -0.1351818 -0.0711382 0.0746531
vn 0.9778962 -0.1890302 -0.0893691
v -0.1351818 -0.0711382 0.0746531
vn -0.0367203 -0.4218284 0.9059319
v -0.1351818 -0.0711382 0.0746531
vn 0.0371102 -0.9193726 -0.3916337
v -0.1352576 -0.0778450 0.0903904
vn 0.9812455 -0.1789887 -0.0715581
v -0.1352576 -0.0778450 0.0903904
vn 0.1173170 0.2837769 -0.9516866
v -0.1352576 -0.0778450 0.0903904
vn -0.0564637 -0.4005288 0.9145429
v -0.1254483 -0.0709314 0.0751438
vn 0.0393040 -0.9188644 -0.3926113
v -0.1254483 -0.0709314 0.0751438
vn -0.9588991 -0.2426832 -0.1470285
v -0.1254483 -0.0709314 0.0751438
vn 0.0791525 -0.3108469 -0.9471584
v -0.1793302 0.0915812 0.0847339
vn -0.9592152 0.2403505 -0.1487888
v -0.1793302 0.0915812 0.0847339
vn 0.0026501 0.8418801 -0.5396581
v -0.1793302 0.0915812 0.0847339
vn -0.0014183 0.9281804 -0.3721280
v -0.1823127 0.0724471 0.0730522
vn -0.0540960 0.4242011 0.9039509
v -0.1823127 0.0724471 0.0730522
vn -0.9601834 0.2384918 -0.1454972
v -0.1823127 0.0724471 0.0730522
vn -0.9616878 0.2355394 -0.1402772
v -0.1797116 0.0808166 0.0692731
vn -0.0536696 0.4247520 0.9037175
v -0.1797116 0.0808166 0.0692731
vn -0.0139764 0.7818644 -0.6232919
v -0.1797116 0.0808166 0.0692731
vn 0.0507463 -0.2850218 -0.9571768
v -0.0702875 0.0934367 0.0903077
vn -0.9695106 0.1878893 -0.1573112
v -0.0702875 0.0934367 0.0903077
vn 0.0173193 0.8435953 -0.5367001
v -0.0702875 0.0934367 0.0903077
vn 0.0278246 0.8129655 -0.5816468
v -0.0697044 0.0828976 0.0741265
vn -0.9630930 0.2225538 -0.1513992
v -0.0697044 0.0828976 0.0741265
vn -0.0653862 0.3815895 0.9220164
v -0.0697044 0.0828976 0.0741265
vn 0.0089525 0.8380519 -0.5455172
v -0.0697044 0.0828976 0.0741265
vn 0.0397772 0.8270047 -0.5607861
v -0.0697044 0.0828976 0.0741265
vn -0.1511225 0.9767176 0.1522657
v -0.2525595 0.0977777 0.2031372
vn 0.9533692 0.2649236 -0.1445779
v -0.2525595 0.0977777 0.2031372
vn 0.0855029 0.3768988 -0.9222996
v -0.2402638 0.0856743 0.2582366
vn 0.9436826 0.2972426 -0.1452932
v -0.2402638 0.0856743 0.2582366
vn -0.1428080 0.9582030 0.2478974
v -0.2402638 0.0856743 0.2582366
vn -0.0907159 0.9911547 0.0968664
v -0.2512394 0.1025396 0.1556475
vn -0.9875733 -0.0210588 0.1557417
v -0.2512394 0.1025396 0.1556475
vn -0.1557910 0.1197274 0.9805073
v -0.2512394 0.1025396 0.1556475
vn -0.8397084 0.5275370 0.1288200
v 0.1624507 0.1543218 -0.4614771
vn 0.2398358 0.4998667 0.8322333
v 0.1624507 0.1543218 -0.4614771
vn 0.0838856 0.9893243 0.1191665
v 0.1624507 0.1543218 -0.4614771
vn -0.8366567 0.3824116 0.3921313
v 0.1542718 0.1464876 -0.4827074
vn 0.7506410 0.6245924 -0.2154590
v 0.1542718 0.1464876 -0.4827074
vn -0.6126727 -0.6763110 0.4089445
v -0.0457341 -0.1155296 0.1061371
vn -0.6234187 -0.3536274 0.6973499
v -0.0457341 -0.1155296 0.1061371
vn -0.9769152 -0.2135613 0.0053109
v -0.0457341 -0.1155296 0.1061371
vn 0.0364466 -0.7518152 -0.6583659
v -0.0459669 -0.1099486 0.0843901
vn -0.9821795 0.0742380 -0.1726620
v -0.0459669 -0.1099486 0.0843901
vn -0.0616799 0.4228625 0.9040924
v -0.0700283 0.0636861 -0.1437590
vn 0.2856989 0.9583160 0.0025926
v -0.0700283 0.0636861 -0.1437590
vn -0.8628728 0.4707950 0.1838548
v -0.0700283 0.0636861 -0.1437590
vn 0.9740476 0.1302681 -0.1850989
v -0.0852538 0.0623575 -0.2118137
vn -0.8598529 0.4765921 0.1830660
v -0.0852538 0.0623575 -0.2118137
vn 0.0409653 -0.9916133 0.1225766
v -0.1940405 0.1368317 -0.6052345
vn 0.9130872 -0.0557938 0.4039291
v -0.1940405 0.1368317 -0.6052345
vn -0.6674109 0.0236748 -0.7443133
v -0.1940405 0.1368317 -0.6052345
vn -0.1293091 -0.0536806 -0.9901503
v -0.1867639 0.1350690 -0.6219265
vn 0.9155754 0.0019401 0.4021417
v -0.1867639 0.1350690 -0.6219265
vn 0.0536091 -0.9963502 -0.0664259
v -0.1867639 0.1350690 -0.6219265
vn 0.0956210 0.3024322 -0.9483625
v -0.1261034 -0.0779437 0.0914894
vn -0.9605892 -0.2394320 -0.1412113
v -0.1261034 -0.0779437 0.0914894
vn 0.0378458 -0.9192028 -0.3919618
v -0.1261034 -0.0779437 0.0914894
vn -0.0623225 -0.8952707 -0.4411421
v -0.0453436 -0.0780251 0.0941054
vn -0.9713588 -0.1601578 -0.1755320
v -0.0453436 -0.0780251 0.0941054
vn -0.0097004 0.2776705 -0.9606274
v -0.0453436 -0.0780251 0.0941054
vn 0.1401548 -0.3148921 -0.9387224
v -0.1123749 0.0925835 0.0874582
vn 0.0044546 0.8784185 -0.4778715
v -0.1123749 0.0925835 0.0874582
vn 0.9748479 0.2041728 -0.0893586
v -0.1123749 0.0925835 0.0874582
vn 0.0160060 0.9235932 -0.3830400
v -0.0459991 0.0740177 0.0791049
vn -0.9577746 0.2420664 -0.1551505
v -0.0459991 0.0740177 0.0791049
vn -0.0307860 0.4017891 0.9152147
v -0.0459991 0.0740177 0.0791049
vn -0.0304228 0.4021992 0.9150466
v -0.0578986 0.0828152 0.0748425
vn 0.9688338 0.2315760 -0.0879415
v -0.0578986 0.0828152 0.0748425
vn 0.0328436 0.8231029 -0.5669418
v -0.0578986 0.0828152 0.0748425
vn 0.0397773 0.8270047 -0.5607861
v -0.0578986 0.0828152 0.0748425
vn 0.9783373 -0.1145359 -0.1724465
v -0.1335444 -0.0487163 0.0085206
vn -0.1844024 -0.1039184 0.9773417
v -0.1335444 -0.0487163 0.0085206
vn -0.1155662 -0.9931338 -0.0181615
v -0.1335444 -0.0487163 0.0085206
vn -0.1155662 -0.9931338 -0.0181615
v -0.1233236 -0.0499385 0.0103190
vn -0.8828205 -0.2085103 -0.4208936
v -0.1233236 -0.0499385 0.0103190
vn -0.1695995 -0.1379015 0.9758173
v -0.1233236 -0.0499385 0.0103190
vn 0.3319509 0.2323975 -0.9142210
v -0.1316181 -0.0491455 0.0197340
vn -0.6795090 -0.4756626 -0.5585811
v -0.1316181 -0.0491455 0.0197340
vn 0.9415062 -0.3306521 -0.0650798
v -0.1316181 -0.0491455 0.0197340
vn -0.1155662 -0.9931338 -0.0181615
v -0.1316181 -0.0491455 0.0197340
vn -0.1355790 -0.9374689 0.3205783
v -0.1635234 -0.0966789 -0.3859576
vn -0.3229095 -0.5533903 0.7677817
v -0.1635234 -0.0966789 -0.3859576
vn -0.5924954 -0.6018647 0.5354513
v -0.1899814 -0.0778753 -0.3862768
vn -0.7070855 -0.4783504 0.5207793
v -0.1899814 -0.0778753 -0.3862768
vn -0.1395489 -0.9446537 0.2969098
v -0.1722777 -0.0973088 -0.3920759
vn -0.3779832 -0.4413697 0.8138313
v -0.1722777 -0.0973088 -0.3920759
vn -0.0949231 -0.2564803 0.9618771
v -0.1722777 -0.0973088 -0.3920759
vn -0.8194938 -0.3300175 0.4685279
v -0.2020151 -0.0724711 -0.3944087
vn -0.5914895 -0.3534551 0.7247135
v -0.1937543 -0.0963859 -0.3993301
vn -0.7433063 -0.6576933 0.1222097
v -0.1937543 -0.0963859 -0.3993301
vn -0.6362834 -0.0918103 0.7659729
v -0.2168267 -0.0349435 -0.4198234
vn -0.9577033 -0.1513080 0.2447658
v -0.2168267 -0.0349435 -0.4198234
vn -0.0446521 0.8677048 0.4950704
v -0.1560056 0.1010432 -0.3852378
vn -0.2061553 0.5273438 0.8242625
v -0.1560056 0.1010432 -0.3852378
vn -0.2491751 0.2476039 0.9362714
v -0.1963140 0.0834317 -0.3937148
vn -0.5087945 0.4434911 0.7378644
v -0.1963140 0.0834317 -0.3937148
vn -0.7675193 0.6404588 0.0269578
v -0.1974109 0.0952503 -0.3998828
vn -0.6916935 0.3497915 0.6318276
v -0.1974109 0.0952503 -0.3998828
vn -0.6807728 0.1971543 0.7054633
v -0.2045939 0.0615824 -0.3876774
vn -0.9426988 0.1512810 0.2973771
v -0.2082903 0.0417741 -0.3870808
vn -0.3336230 0.1961785 -0.9220682
v -0.2082903 0.0417741 -0.3870808
vn -0.9432778 0.2633487 0.2021746
v -0.2082903 0.0417741 -0.3870808
vn -0.9717715 0.0455969 0.2314762
v -0.2200619 0.0127044 -0.4196562
vn -0.6539419 0.0295881 0.7559661
v -0.2200619 0.0127044 -0.4196562
vn -0.7568495 -0.6439040 0.1121005
v -0.2055633 -0.0859553 -0.4218502
vn -0.4637728 -0.2419340 0.8522809
v -0.2055633 -0.0859553 -0.4218502
vn -0.9230025 -0.2794319 0.2645454
v -0.2055633 -0.0859553 -0.4218502
vn -0.9700038 0.0022110 0.2430794
v -0.2119898 0.0045322 -0.3873705
vn -0.9925115 0.0201491 0.1204778
v -0.2119898 0.0045322 -0.3873705
vn -0.6432363 0.5909273 0.4868800
v -0.1878893 0.0830904 -0.3856719
vn -0.5075874 0.5724684 0.6439216
v -0.1878893 0.0830904 -0.3856719
vn -0.3332522 0.9254814 -0.1800761
v -0.1650425 0.0951598 -0.3856547
vn -0.3855350 0.7306020 -0.5635455
v -0.1650425 0.0951598 -0.3856547
vn 0.1477323 -0.2938235 0.9443744
v -0.1650425 0.0951598 -0.3856547
vn 0.9724360 0.2160532 -0.0876890
v -0.1092768 0.0798613 0.0921884
vn 0.0832274 -0.2715479 -0.9588196
v -0.1092768 0.0798613 0.0921884
vn -0.0090428 0.9283574 -0.3715788
v -0.1092768 0.0798613 0.0921884
vn 0.5877111 0.6691499 0.4547903
v 0.1795907 0.0974524 -0.4559947
vn 0.6464332 0.4951176 -0.5805021
v 0.1795907 0.0974524 -0.4559947
vn 0.9626895 0.2586615 0.0795189
v 0.1795907 0.0974524 -0.4559947
vn 0.7379341 -0.5970948 -0.3145331
v -0.1661962 -0.0573894 -0.2748053
vn -0.8764018 -0.1830935 0.4454173
v -0.1661962 -0.0573894 -0.2748053
vn -0.8150306 -0.4598050 0.3525686
v -0.1780565 -0.0519497 -0.2868702
vn -0.6291824 -0.7194498 0.2941457
v -0.1780565 -0.0519497 -0.2868702
vn -0.7937430 -0.3895807 0.4671179
v -0.1780565 -0.0519497 -0.2868702
vn -0.7150324 -0.6900545 0.1120426
v -0.1780565 -0.0519497 -0.2868702
vn 0.7072421 -0.0250096 -0.7065290
v -0.1780565 -0.0519497 -0.2868702
vn 0.8903662 0.0157773 -0.4549716
v 0.1845202 0.0663251 -0.4545050
vn -0.2646519 -0.0026207 0.9643405
v 0.1845202 0.0663251 -0.4545050
vn 0.4469432 0.8894764 0.0952559
v 0.1845202 0.0663251 -0.4545050
vn 0.0530531 -0.0509590 0.9972907
v 0.1845202 0.0663251 -0.4545050
vn 0.1910407 -0.8954263 0.4021386
v 0.1845202 0.0663251 -0.4545050
vn 0.7374650 -0.2680341 0.6199219
v 0.2278032 0.0510453 -0.5090395
vn 0.8466974 0.0805365 0.5259444
v 0.2278032 0.0510453 -0.5090395
vn 0.7381772 0.6452811 0.1967404
v 0.2278032 0.0510453 -0.5090395
vn 0.7381771 0.6452813 0.1967405
v 0.2449121 0.0434181 -0.5482161
vn 0.9888282 0.0102652 -0.1487057
v 0.2449121 0.0434181 -0.5482161
vn 0.5769916 -0.0004735 0.8167500
v 0.2449121 0.0434181 -0.5482161
vn 0.0854982 -0.9468296 0.3101676
v 0.2449121 0.0434181 -0.5482161
vn 0.0819073 -0.6020845 -0.7942200
v -0.1758699 0.1356075 -0.6212112
vn -0.6424928 0.0685860 -0.7632163
v -0.1758699 0.1356075 -0.6212112
vn -0.1794343 0.3297809 0.9268484
v 0.1586520 0.1489524 -0.4603020
vn 0.0937128 0.9801233 0.1748606
v 0.1586520 0.1489524 -0.4603020
vn -0.8032476 0.5884512 0.0922960
v 0.1586520 0.1489524 -0.4603020
vn 0.7506412 0.6245922 -0.2154590
v 0.1586520 0.1489524 -0.4603020
vn 0.6544539 0.2445537 0.7154604
v 0.1946197 0.1522706 -0.4855441
vn 0.8124298 0.1815508 0.5540733
v 0.1946197 0.1522706 -0.4855441
vn 0.3063993 0.8915488 0.3335571
v 0.1946197 0.1522706 -0.4855441
vn 0.6464331 0.4951177 -0.5805021
v 0.1805084 0.0944974 -0.4574932
vn 0.6672966 0.1870456 0.7209225
v 0.1805084 0.0944974 -0.4574932
vn 0.9626895 0.2586615 0.0795188
v 0.1805084 0.0944974 -0.4574932
vn 0.2512935 0.9523229 -0.1730110
v 0.1805084 0.0944974 -0.4574932
vn 0.3394038 -0.7393145 0.5815662
v 0.1805084 0.0944974 -0.4574932
vn 0.3551207 -0.7297009 0.5843165
v 0.2027835 0.0896312 -0.4766791
vn 0.7536193 0.1873874 0.6300350
v 0.2027835 0.0896312 -0.4766791
vn 0.3782382 -0.2824534 -0.8815645
v -0.1145769 -0.1483464 -0.5449236
vn 0.0270935 -0.9995733 -0.0109153
v -0.1145769 -0.1483464 -0.5449236
vn 0.0101274 -0.9999132 0.0084355
v -0.1254013 -0.1487458 -0.5420889
vn -0.2222010 -0.3725663 -0.9010112
v -0.1254013 -0.1487458 -0.5420889
vn -0.8993438 -0.2123565 -0.3822114
v -0.1254013 -0.1487458 -0.5420889
vn 0.0002429 -0.9999326 0.0116102
v -0.1149164 -0.1485293 -0.5290132
vn -0.1733796 -0.1998366 0.9643677
v -0.1149164 -0.1485293 -0.5290132
vn 0.7292100 -0.2286264 0.6449673
v -0.1149164 -0.1485293 -0.5290132
vn 0.9469740 -0.2264145 0.2279844
v -0.1098105 -0.1483692 -0.5377118
vn 0.7934855 -0.3071078 -0.5254196
v -0.1098105 -0.1483692 -0.5377118
vn 0.0122089 -0.9998624 -0.0112361
v -0.1098105 -0.1483692 -0.5377118
vn -0.0209857 0.9233599 -0.3833616
v -0.1831661 0.0788758 0.0885831
vn 0.0929135 -0.2983555 -0.9499217
v -0.1831661 0.0788758 0.0885831
vn -0.9579112 0.2428045 -0.1531414
v -0.1831661 0.0788758 0.0885831
vn 0.9764308 0.1939065 -0.0947803
v -0.1921764 0.0783113 0.0877167
vn -0.0114501 0.9257708 -0.3779119
v -0.1921764 0.0783113 0.0877167
vn 0.1093711 -0.2832384 -0.9527928
v -0.1921764 0.0783113 0.0877167
vn -0.3656829 0.0398672 0.9298853
v 0.2249171 0.1302057 -0.5941895
vn -0.0444069 0.9939901 0.1000591
v 0.2249171 0.1302057 -0.5941895
vn 0.8490607 0.2537944 0.4633406
v 0.2249171 0.1302057 -0.5941895
vn -0.3298500 -0.0032342 0.9440279
v 0.2096876 -0.1126520 -0.6007059
vn 0.4094450 -0.0676729 -0.9098215
v 0.2096876 -0.1126520 -0.6007059
vn 0.9494787 0.2167976 0.2269119
v -0.0163860 0.0585207 0.3455302
vn -0.0706488 0.4124594 0.9082324
v -0.0163860 0.0585207 0.3455302
vn 0.9267811 0.2859087 0.2435838
v -0.0152445 0.0728234 0.3272891
vn -0.0158297 0.6307077 0.7758591
v -0.0152445 0.0728234 0.3272891
vn -0.1329678 0.1636217 0.9775212
v -0.0119001 0.0395521 0.3448828
vn 0.0975309 0.3910666 0.9151801
v -0.0119001 0.0395521 0.3448828
vn -0.2056518 0.4412341 0.8735101
v -0.0119001 0.0395521 0.3448828
vn 0.8926725 0.1723465 0.4164523
v -0.0119001 0.0395521 0.3448828
vn -0.0978058 -0.9801270 0.1725839
v -0.2668729 -0.0911809 0.0841349
vn -0.7943311 -0.4139350 -0.4446300
v -0.2668729 -0.0911809 0.0841349
vn -0.0078351 -0.7961542 -0.6050432
v -0.2668729 -0.0911809 0.0841349
vn -0.0017066 -0.9522474 -0.3053228
v -0.0548144 -0.1065018 0.1173020
vn -0.0783996 -0.9960729 0.0411386
v -0.0548144 -0.1065018 0.1173020
vn -0.0843638 -0.9943607 0.0642615
v -0.0548144 -0.1065018 0.1173020
vn -0.0133623 -0.9358174 -0.3522319
v -0.0548144 -0.1065018 0.1173020
vn -0.0860264 -0.0493959 -0.9950676
v -0.1889802 -0.1228976 -0.6273994
vn -0.0180793 -0.9536306 -0.3004363
v -0.1889802 -0.1228976 -0.6273994
vn -0.3038938 -0.0588802 -0.9508848
v -0.1965435 -0.1235280 -0.6249432
vn -0.9368263 -0.2241624 -0.2685291
v -0.1965435 -0.1235280 -0.6249432
vn -0.1161748 -0.9654179 -0.2333921
v -0.1965435 -0.1235280 -0.6249432
vn -0.0301866 0.4529576 0.8910209
v -0.1641405 0.0727664 0.0739929
vn 0.9668793 0.2319939 -0.1064109
v -0.1641405 0.0727664 0.0739929
vn 0.0011326 0.9264479 -0.3764214
v -0.1641405 0.0727664 0.0739929
vn 0.4530765 0.8854353 0.1035669
v 0.1898648 0.0634211 -0.4530579
vn -0.2626035 -0.0025083 0.9649006
v 0.1898648 0.0634211 -0.4530579
vn 0.7653297 0.0642175 0.6404270
v 0.1898648 0.0634211 -0.4530579
vn 0.9775727 0.0040855 0.2105586
v 0.2100459 0.0560512 -0.4783374
vn 0.4160237 0.9077330 0.0542690
v 0.2100459 0.0560512 -0.4783374
vn 0.0689762 0.0601564 0.9958029
v 0.2227133 0.1567551 -0.5430316
vn 0.2675311 0.9623784 0.0474862
v 0.2227133 0.1567551 -0.5430316
vn 0.2867806 0.9261836 -0.2448286
v 0.2227133 0.1567551 -0.5430316
vn 0.4280844 0.0736897 0.9007295
v -0.2902518 0.0512086 0.3013290
vn -0.4931771 0.4412674 0.7497063
v -0.2902518 0.0512086 0.3013290
vn -0.6135372 0.2320585 0.7547987
v -0.2902518 0.0512086 0.3013290
vn -0.3764625 0.6657697 0.6442257
v -0.2670096 0.0782305 0.2959376
vn 0.8159308 0.5464268 0.1888774
v -0.2670096 0.0782305 0.2959376
vn 0.2921922 -0.1905263 0.9371892
v -0.2670096 0.0782305 0.2959376
vn -0.5951692 0.2848800 0.7514100
v -0.3325506 0.0783178 0.2575476
vn -0.5268027 0.7498311 0.4002903
v -0.3325506 0.0783178 0.2575476
vn -0.3478584 0.9226068 0.1667073
v -0.2969870 0.1081643 0.2113947
vn -0.6324444 0.7468827 0.2053783
v -0.3330343 0.0911419 0.2249555
vn -0.3599938 0.2868723 0.8877550
v -0.3075271 0.1049329 0.2079741
vn -0.9696592 0.0146895 -0.2440189
v -0.3075271 0.1049329 0.2079741
vn -0.3296254 0.9419382 0.0640284
v -0.3075271 0.1049329 0.2079741
vn -0.2816416 0.9594575 -0.0109231
v -0.3149903 0.1035819 0.1785309
vn -0.3407833 0.1125013 0.9333864
v -0.3149903 0.1035819 0.1785309
vn 0.0478124 0.0066749 -0.9988340
v -0.3149903 0.1035819 0.1785309
vn -0.4946261 0.2170750 0.8415602
v -0.3321321 0.0960214 0.1721390
vn -0.8591579 0.5101796 -0.0395528
v -0.3321321 0.0960214 0.1721390
vn -0.4022924 0.9155025 -0.0040039
v -0.3321321 0.0960214 0.1721390
vn -0.5287939 0.8487486 -0.0017152
v -0.3129981 0.1020161 0.1442640
vn 0.1254492 0.5073487 -0.8525608
v -0.3129981 0.1020161 0.1442640
vn -0.8654370 0.4468918 0.2265097
v -0.3206530 0.0968145 0.1266038
vn -0.0576003 0.8473499 -0.5279020
v -0.3206530 0.0968145 0.1266038
vn -0.2820176 0.4908485 0.8243384
v -0.3206530 0.0968145 0.1266038
vn -0.6519372 0.7559001 0.0599413
v -0.3206530 0.0968145 0.1266038
vn -0.1687212 -0.2869824 0.9429603
v -0.0114275 -0.1269302 0.2262056
vn 0.3429585 -0.9373310 0.0615648
v -0.0114275 -0.1269302 0.2262056
vn -0.9543662 -0.2687564 0.1302126
v -0.0114275 -0.1269302 0.2262056
vn -0.0591367 -0.9971337 0.0471934
v -0.0114275 -0.1269302 0.2262056
vn 0.9726369 0.2139887 -0.0904781
v -0.0555760 0.0805044 0.0943456
vn 0.0031885 0.9208419 -0.3899231
v -0.0555760 0.0805044 0.0943456
vn 0.0867227 -0.3140976 -0.9454216
v -0.0555760 0.0805044 0.0943456
vn 0.1637381 0.8176264 0.5519755
v 0.2535848 0.1037508 0.2945916
vn 0.0066567 -0.2348192 0.9720163
v 0.2535848 0.1037508 0.2945916
vn -0.9434468 0.3093179 0.1192921
v 0.2535848 0.1037508 0.2945916
vn 0.1767590 0.1876162 -0.9662072
v 0.2661842 -0.0943385 0.1813922
vn -0.9052933 -0.2763212 -0.3226309
v 0.2661842 -0.0943385 0.1813922
vn 0.3618779 -0.7750586 -0.5180045
v 0.2661842 -0.0943385 0.1813922
vn 0.1826290 0.1784362 -0.9668543
v 0.2249578 -0.0993057 0.1727505
vn 0.1774997 -0.6696360 -0.7211668
v 0.2249578 -0.0993057 0.1727505
vn 0.1778362 0.1859360 -0.9663344
v 0.2645343 -0.0888802 0.1821502
vn -0.9273431 -0.2404962 -0.2866991
v 0.2645343 -0.0888802 0.1821502
vn 0.3161224 -0.8057318 -0.5008623
v 0.2645343 -0.0888802 0.1821502
vn 0.0288179 -0.9180629 -0.3953862
v -0.1906873 -0.0712526 0.0719276
vn -0.0537621 -0.3822637 0.9224880
v -0.1906873 -0.0712526 0.0719276
vn 0.9637797 -0.2494170 -0.0944445
v -0.1906873 -0.0712526 0.0719276
vn 0.0186046 -0.9159102 -0.4009520
v -0.1909020 -0.0780727 0.0877477
vn 0.9691003 -0.2267189 -0.0971765
v -0.1909020 -0.0780727 0.0877477
vn 0.0633640 0.3174416 -0.9461585
v -0.1909020 -0.0780727 0.0877477
vn -0.0391160 -0.3929242 0.9187386
v -0.0811167 -0.0707866 0.0771314
vn 0.9820117 -0.1653654 -0.0911447
v -0.0811167 -0.0707866 0.0771314
vn 0.0183194 -0.9173771 -0.3975974
v -0.0811167 -0.0707866 0.0771314
vn -0.9648226 -0.2298620 -0.1275964
v -0.0722818 -0.0777886 0.0936944
vn 0.0146231 -0.9181539 -0.3959541
v -0.0722818 -0.0777886 0.0936944
vn 0.0390529 0.2700199 -0.9620625
v -0.0722818 -0.0777886 0.0936944
vn 0.0155438 0.9238476 -0.3824451
v -0.1090728 0.0734880 0.0762603
vn 0.9668384 0.2411430 -0.0841046
v -0.1090728 0.0734880 0.0762603
vn -0.0264581 0.4356562 0.8997242
v -0.1090728 0.0734880 0.0762603
vn -0.9553798 0.0080104 -0.2952717
v 0.1778409 -0.0004974 -0.4434992
vn 0.8136446 0.0135733 -0.5812041
v 0.1778409 -0.0004974 -0.4434992
vn 0.6431655 -0.0228273 0.7653869
v 0.1767660 -0.0619820 -0.4416892
vn 0.7294444 -0.2262008 -0.6455572
v 0.1767660 -0.0619820 -0.4416892
vn 0.9692026 -0.0623487 0.2382414
v 0.1767660 -0.0619820 -0.4416892
vn 0.7597030 -0.0770378 0.6456907
v 0.1731025 -0.0808665 -0.4392116
vn 0.7769973 -0.6073145 -0.1656632
v 0.1731025 -0.0808665 -0.4392116
vn 0.2331763 0.1202574 -0.9649700
v 0.1777361 0.0524582 -0.4417232
vn 0.8589871 0.0403995 0.5104010
v 0.1777361 0.0524582 -0.4417232
vn 0.6637614 0.0349260 0.7471285
v 0.1777361 0.0524582 -0.4417232
vn 0.7556671 -0.1525961 0.6369314
v 0.1716460 0.0893947 -0.4385917
vn 0.2331758 0.1202580 -0.9649701
v 0.1716460 0.0893947 -0.4385917
vn 0.7974024 0.5216541 0.3033583
v 0.1716460 0.0893947 -0.4385917
vn 0.6648502 0.0177756 0.7467653
v 0.1872837 0.0433962 -0.4498974
vn 0.8712362 0.0063773 -0.4908228
v 0.1872837 0.0433962 -0.4498974
vn 0.7320179 -0.0652707 0.6781516
v 0.1858179 -0.0860239 -0.4534334
vn 0.4457616 -0.8690327 0.2146598
v 0.1858179 -0.0860239 -0.4534334
vn 0.7657246 -0.5890584 -0.2582172
v 0.1858179 -0.0860239 -0.4534334
vn 0.6867784 -0.0918531 0.7210399
v 0.1858179 -0.0860239 -0.4534334
vn 0.4698977 -0.8823066 -0.0270416
v 0.1858179 -0.0860239 -0.4534334
vn 0.7855431 -0.1022786 0.6102960
v 0.1689510 -0.0841572 -0.4320409
vn 0.8559414 -0.2074131 0.4736499
v 0.1689510 -0.0841572 -0.4320409
vn 0.6371471 -0.5329357 -0.5567973
v 0.1689510 -0.0841572 -0.4320409
vn -0.0555151 -0.1025181 0.9931809
v 0.1689510 -0.0841572 -0.4320409
vn 0.3218568 -0.9425677 0.0893000
v 0.1646880 -0.0927022 -0.4287406
vn 0.6371471 -0.5329357 -0.5567971
v 0.1646880 -0.0927022 -0.4287406
vn 0.7775339 -0.1650245 0.6068015
v 0.1646880 -0.0927022 -0.4287406
vn -0.1121277 0.0388407 0.9929345
v 0.1645278 0.1012026 -0.4325538
vn 0.7310926 0.2750581 0.6243771
v 0.1645278 0.1012026 -0.4325538
vn 0.1895807 0.9708503 -0.1466592
v 0.1645278 0.1012026 -0.4325538
vn -0.0555151 -0.1025181 0.9931809
v 0.1670433 -0.0933252 -0.4330939
vn 0.8183162 -0.1221980 0.5616283
v 0.1670433 -0.0933252 -0.4330939
vn 0.2393274 -0.9628929 -0.1247387
v 0.1670433 -0.0933252 -0.4330939
vn -0.0698241 0.8730038 -0.4826894
v -0.1615448 0.0713558 0.0565659
vn -0.0341581 0.7928485 -0.6084607
v -0.1615448 0.0713558 0.0565659
vn -0.0833797 0.5763116 0.8129655
v -0.1615448 0.0713558 0.0565659
vn -0.9511700 -0.2637954 -0.1602735
v -0.0448571 -0.0706769 0.0791241
vn 0.0007989 -0.9120368 -0.4101076
v -0.0448571 -0.0706769 0.0791241
vn -0.0388299 -0.4327241 0.9006898
v -0.0448571 -0.0706769 0.0791241
vn 0.0308893 0.3108780 -0.9499478
v -0.0434699 -0.0894465 0.0907851
vn 0.0879173 -0.8201123 -0.5654082
v -0.0434699 -0.0894465 0.0907851
vn -0.2032517 -0.8357969 -0.5100318
v -0.0434699 -0.0894465 0.0907851
vn -0.9773416 -0.1072970 -0.1824576
v -0.0434699 -0.0894465 0.0907851
vn -0.8978065 0.2748056 -0.3441302
v -0.0434699 -0.0894465 0.0907851
vn 0.9672906 0.2371788 -0.0899723
v -0.1921209 0.0723190 0.0725163
vn 0.0078824 0.9302984 -0.3667189
v -0.1921209 0.0723190 0.0725163
vn -0.0549552 0.4230897 0.9044198
v -0.1921209 0.0723190 0.0725163
vn 0.0145287 0.8275014 -0.5612757
v -0.1947743 0.0905984 0.0837659
vn 0.0908628 -0.3002257 -0.9495307
v -0.1947743 0.0905984 0.0837659
vn 0.9796223 0.1760387 -0.0966991
v -0.1947743 0.0905984 0.0837659
vn -0.0105120 0.8145858 -0.5799478
v -0.1947743 0.0905984 0.0837659
vn 0.0463139 -0.3022541 -0.9521016
v -0.1239158 0.0926789 0.0875540
vn -0.9697634 0.1892733 -0.1540608
v -0.1239158 0.0926789 0.0875540
vn 0.0082280 0.8512158 -0.5247514
v -0.1239158 0.0926789 0.0875540
vn 0.0007462 0.9288930 -0.3703477
v -0.1264404 0.0730532 0.0752564
vn -0.0363521 0.3817157 0.9235647
v -0.1264404 0.0730532 0.0752564
vn -0.9555355 0.2575764 -0.1435491
v -0.1264404 0.0730532 0.0752564
vn -0.0385897 0.3790866 0.9245562
v -0.1234360 0.0821826 0.0716385
vn 0.0114620 0.7970303 -0.6038306
v -0.1234360 0.0821826 0.0716385
vn -0.9618542 0.2301480 -0.1478800
v -0.1234360 0.0821826 0.0716385
vn 0.0935264 -0.2603912 -0.9609627
v -0.1363568 0.0792319 0.0907337
vn 0.9755812 0.2014871 -0.0874322
v -0.1363568 0.0792319 0.0907337
vn -0.0176072 0.9246494 -0.3804124
v -0.1363568 0.0792319 0.0907337
vn 0.9724180 0.2172373 -0.0849191
v -0.1386652 0.0818979 0.0711196
vn -0.0355214 0.3826903 0.9231936
v -0.1386652 0.0818979 0.0711196
vn 0.0087522 0.8030534 -0.5958429
v -0.1386652 0.0818979 0.0711196
vn 0.0172890 0.7777374 -0.6283516
v -0.1386652 0.0818979 0.0711196
vn 0.0174742 0.8770699 -0.4800450
v -0.1392194 0.0926399 0.0868219
vn 0.9790128 0.1826535 -0.0903960
v -0.1392194 0.0926399 0.0868219
vn 0.0648411 -0.2859924 -0.9560356
v -0.1392194 0.0926399 0.0868219
vn 0.3714548 -0.7878190 0.4912867
v 0.1639521 -0.1462043 -0.4627850
vn -0.7633515 -0.6167052 0.1922741
v 0.1639521 -0.1462043 -0.4627850
vn 0.0554485 -0.8458344 0.5305560
v 0.1639521 -0.1462043 -0.4627850
vn -0.8004780 -0.4631898 0.3803817
v 0.1607207 -0.1487758 -0.4838623
vn 0.0282693 -0.9982832 0.0512987
v 0.1607207 -0.1487758 -0.4838623
vn -0.6416438 -0.3282061 0.6932344
v 0.1410938 -0.1493144 -0.5029222
vn -0.0462352 -0.3135183 0.9484560
v 0.1410938 -0.1493144 -0.5029222
vn 0.0062080 -0.9999079 -0.0120718
v 0.1410938 -0.1493144 -0.5029222
vn -0.0464179 -0.3103940 0.9494741
v 0.1396509 -0.1415636 -0.5004304
vn -0.6346729 -0.3410754 0.6934392
v 0.1396509 -0.1415636 -0.5004304
vn 0.0125882 -0.9998873 0.0081875
v 0.1396509 -0.1415636 -0.5004304
vn -0.0072760 0.9184462 -0.3954791
v -0.0468368 0.0807823 0.0948302
vn -0.9753211 0.1394883 -0.1711486
v -0.0468368 0.0807823 0.0948302
vn 0.0622457 -0.2951018 -0.9534362
v -0.0468368 0.0807823 0.0948302
vn -0.0596930 -0.3867196 0.9202634
v -0.1102280 -0.0802842 0.0718458
vn 0.0204972 -0.7850292 -0.6191196
v -0.1102280 -0.0802842 0.0718458
vn 0.9731885 -0.2044122 -0.1054517
v -0.1102280 -0.0802842 0.0718458
vn -0.0870027 -0.6977931 0.7109961
v 0.0828190 -0.0799573 0.3196736
vn -0.0776847 -0.7554191 0.6506206
v 0.0828190 -0.0799573 0.3196736
vn 0.9816609 -0.0419639 0.1859597
v 0.0828190 -0.0799573 0.3196736
vn -0.0758293 -0.7002857 0.7098238
v 0.1544516 -0.0787745 0.3295998
vn 0.0123293 -0.6950288 0.7188762
v 0.1544516 -0.0787745 0.3295998
vn 0.3966756 -0.5298011 0.7496395
v 0.1544516 -0.0787745 0.3295998
vn 0.9756094 -0.1829823 -0.1212595
v -0.0832840 -0.0798891 0.0734293
vn 0.0524563 -0.9538279 -0.2957375
v -0.0832840 -0.0798891 0.0734293
vn -0.0206411 -0.3724389 0.9278272
v -0.0832840 -0.0798891 0.0734293
vn 0.9892622 -0.1387136 -0.0460329
v -0.0813334 -0.0775806 0.0929475
vn 0.0852960 0.2335167 -0.9686044
v -0.0813334 -0.0775806 0.0929475
vn 0.0114416 -0.9188100 -0.3945343
v -0.0813334 -0.0775806 0.0929475
vn 0.9702197 0.2240730 -0.0920061
v -0.1674463 0.0916608 0.0851493
vn 0.0026544 0.8368267 -0.5474615
v -0.1674463 0.0916608 0.0851493
vn 0.1208928 -0.2802818 -0.9522747
v -0.1674463 0.0916608 0.0851493
vn -0.0453328 0.4344856 0.8995372
v -0.1668426 0.0811260 0.0696516
vn 0.0011904 0.8001022 -0.5998626
v -0.1668426 0.0811260 0.0696516
vn 0.0060339 0.7828031 -0.6222404
v -0.1668426 0.0811260 0.0696516
vn 0.9612305 0.2440096 -0.1284344
v -0.1668426 0.0811260 0.0696516
vn 0.9743690 0.2130725 -0.0721464
v -0.1644443 0.0792948 0.0891700
vn 0.0394802 0.9181890 -0.3941703
v -0.1644443 0.0792948 0.0891700
vn 0.1098236 -0.2704413 -0.9564520
v -0.1644443 0.0792948 0.0891700
vn 0.0508457 0.9086910 -0.4143615
v 0.1031886 0.1172048 0.1735291
vn 0.9885876 -0.0499774 0.1421154
v 0.1031886 0.1172048 0.1735291
vn 0.0388731 0.9283493 -0.3696708
v 0.1031886 0.1172048 0.1735291
vn 0.0744950 0.9050146 -0.4188067
v 0.1695756 0.1176618 0.1816574
vn -0.5081263 -0.1957390 0.8387455
v -0.0239161 0.1091062 0.2836441
vn -0.0935296 0.8887551 0.4487389
v -0.0239161 0.1091062 0.2836441
vn -0.9542354 0.0282298 0.2977211
v -0.0361937 0.1150768 0.2689917
vn -0.0554169 0.9123614 0.4056177
v -0.0361937 0.1150768 0.2689917
vn -0.0958598 0.9081127 0.4076056
v -0.0244693 0.1184838 0.2854974
vn -0.5487967 -0.1915485 0.8137146
v -0.0244693 0.1184838 0.2854974
vn -0.3973057 0.9112963 0.1081075
v 0.0078066 0.1078639 0.2929605
vn -0.0264907 0.9996444 0.0030668
v -0.1117995 0.1454582 -0.5429972
vn -0.8027170 -0.0199476 0.5960264
v -0.1117995 0.1454582 -0.5429972
vn -0.4825715 0.0148299 0.8757311
v -0.1192107 0.1452743 -0.5470779
vn -0.0264907 0.9996444 0.0030667
v -0.1192107 0.1452743 -0.5470779
vn 0.8604979 -0.3290183 -0.3889607
v -0.1192107 0.1452743 -0.5470779
vn 0.3143067 0.2552708 0.9143566
v -0.1192107 0.1452743 -0.5470779
vn 0.1506698 0.2579596 -0.9543352
v -0.1192107 0.1452743 -0.5470779
vn 0.1421859 0.9886193 -0.0491439
v 0.2353618 0.1190888 -0.5914654
vn 0.3576373 -0.9328814 0.0427545
v 0.2353618 0.1190888 -0.5914654
vn 0.7835086 0.0632376 0.6181548
v 0.2353618 0.1190888 -0.5914654
vn 0.4483497 0.0523340 -0.8923249
v 0.2353618 0.1190888 -0.5914654
vn -0.1968654 -0.9801178 0.0247614
v -0.2637882 -0.1178526 0.1509088
vn 0.9516143 -0.2742588 -0.1386089
v -0.2637882 -0.1178526 0.1509088
vn -0.1779035 -0.1481337 0.9728345
v -0.2637882 -0.1178526 0.1509088
vn -0.0984417 -0.9870683 -0.1265129
v -0.2637882 -0.1178526 0.1509088
vn -0.0285565 0.4043032 0.9141791
v -0.0552112 0.0741400 0.0787630
vn 0.0262903 0.9256548 -0.3774549
v -0.0552112 0.0741400 0.0787630
vn 0.9619339 0.2601377 -0.0837358
v -0.0552112 0.0741400 0.0787630
vn 0.0397773 0.8270047 -0.5607861
v -0.0584499 0.0928703 0.0896319
vn 0.1096801 -0.3316830 -0.9369934
v -0.0584499 0.0928703 0.0896319
vn 0.9770397 0.1913550 -0.0936840
v -0.0584499 0.0928703 0.0896319
vn 0.0198529 0.8484389 -0.5289209
v -0.0584499 0.0928703 0.0896319
vn -0.3435765 -0.0113104 0.9390566
v 0.2077517 0.1216471 -0.6005729
vn 0.3782353 0.0431170 -0.9247049
v 0.2077517 0.1216471 -0.6005729
vn 0.0652303 0.9912713 0.1145707
v 0.1199449 0.1082956 -0.3973908
vn 0.4159092 0.2789204 0.8655767
v 0.1199449 0.1082956 -0.3973908
vn 0.0778768 0.2676464 0.9603649
v 0.0400399 0.1077377 -0.3882759
vn 0.0020400 0.9822081 0.1877848
v 0.0400399 0.1077377 -0.3882759
vn -0.0257156 0.9899963 0.1387301
v 0.0333326 0.1399768 -0.3966210
vn 0.0707661 0.2637337 0.9619963
v 0.0333326 0.1399768 -0.3966210
vn -0.0212154 0.7941557 0.6073441
v -0.0430215 0.1070894 -0.3856445
vn 0.0002093 0.2363735 0.9716623
v -0.0430215 0.1070894 -0.3856445
vn -0.3698073 0.6669708 0.6468327
v -0.1726395 0.0983777 -0.3913670
vn -0.2038319 0.2381222 0.9496054
v -0.1726395 0.0983777 -0.3913670
vn -0.0165654 0.2300065 0.9730482
v -0.0555224 0.1363765 -0.3927663
vn -0.0320445 0.9739386 0.2245370
v -0.0555224 0.1363765 -0.3927663
vn -0.0155716 0.4389754 0.8983642
v -0.0822933 0.0737123 0.0775458
vn 0.9657598 0.2438278 -0.0886350
v -0.0822933 0.0737123 0.0775458
vn 0.0182649 0.9239249 -0.3821378
v -0.0822933 0.0737123 0.0775458
vn 0.9707947 0.2218159 -0.0914076
v -0.0848784 0.0823927 0.0732594
vn -0.0414991 0.4094689 0.9113798
v -0.0848784 0.0823927 0.0732594
vn -0.0370099 0.4844202 0.8740523
v -0.0848784 0.0823927 0.0732594
vn -0.6988627 0.5418146 -0.4669347
v -0.0181977 0.1380000 0.2395969
vn -0.0761358 0.9223483 0.3787836
v -0.0181977 0.1380000 0.2395969
vn -0.2666116 0.4695010 -0.8417168
v -0.0181977 0.1380000 0.2395969
vn 0.0287810 0.9759303 0.2161752
v 0.1068679 0.1455761 -0.4231370
vn -0.4565923 0.3916004 -0.7988572
v 0.1068679 0.1455761 -0.4231370
vn -0.7420715 0.3453894 -0.5744877
v 0.1414893 0.1484473 -0.4661317
vn 0.7114513 0.2906721 0.6398022
v 0.1414893 0.1484473 -0.4661317
vn -0.0071834 0.9994801 0.0314310
v 0.1414893 0.1484473 -0.4661317
vn -0.0372659 0.9983171 0.0444337
v 0.1414893 0.1484473 -0.4661317
vn 0.0161505 0.8599882 -0.5100585
v -0.1514718 0.0928879 0.0868161
vn 0.1114455 -0.2718857 -0.9558547
v -0.1514718 0.0928879 0.0868161
vn -0.9588504 0.2388392 -0.1534984
v -0.1514718 0.0928879 0.0868161
vn 0.0358483 0.1471433 0.9884654
v 0.2311974 -0.1060920 0.2975159
vn 0.1120485 -0.9278544 0.3557126
v 0.2311974 -0.1060920 0.2975159
vn 0.0047263 -0.0392337 0.9992189
v 0.2311974 -0.1060920 0.2975159
vn -0.9707918 0.2399016 0.0032464
v -0.2802202 0.0568716 0.3027357
vn -0.2533706 0.2434941 0.9362233
v -0.2802202 0.0568716 0.3027357
vn -0.9939035 0.0885420 -0.0656986
v -0.2802202 0.0568716 0.3027357
vn -0.0348063 0.1790121 0.9832310
v -0.2773929 0.0683882 0.2971740
vn -0.3720346 0.4576801 0.8075390
v -0.2773929 0.0683882 0.2971740
vn -0.5016986 0.8423470 -0.1968507
v -0.2773929 0.0683882 0.2971740
vn -0.1946231 0.9375930 -0.2881689
v -0.2641766 0.0763107 0.2973923
vn -0.2088327 0.4593339 0.8633663
v -0.2641766 0.0763107 0.2973923
vn 0.0145884 -0.8879913 -0.4596288
v -0.1783332 -0.0903183 0.0844810
vn 0.0658113 0.3197054 -0.9452288
v -0.1783332 -0.0903183 0.0844810
vn -0.9680936 -0.2179528 -0.1236582
v -0.1783332 -0.0903183 0.0844810
vn -0.0159039 0.9991211 -0.0387842
v -0.1168080 0.1474959 -0.6197444
vn 0.0419620 0.1084763 -0.9932130
v -0.1168080 0.1474959 -0.6197444
vn 0.6139607 0.4547733 0.6451616
v -0.1168080 0.1474959 -0.6197444
vn 0.0600630 0.9130776 -0.4033383
v -0.1168080 0.1474959 -0.6197444
vn 0.0510996 0.9432418 -0.3281521
v -0.1216418 0.1492878 -0.6164077
vn 0.6152304 0.4514853 0.6462605
v -0.1216418 0.1492878 -0.6164077
vn 0.0191287 0.9933550 -0.1134903
v -0.1624940 0.1542225 -0.5801008
vn 0.6385728 0.3853246 0.6661455
v -0.1624940 0.1542225 -0.5801008
vn -0.0527682 0.4343434 0.8992004
v -0.1624940 0.1542225 -0.5801008
vn 0.6529910 0.6034978 0.4575951
v 0.2352024 -0.0404475 -0.5224153
vn 0.8956890 -0.1574383 0.4158779
v 0.2352024 -0.0404475 -0.5224153
vn 0.3586796 0.8152288 0.4546988
v 0.2312678 -0.0454509 -0.5102969
vn 0.8841689 -0.0392223 0.4655182
v 0.2312678 -0.0454509 -0.5102969
vn 0.4182061 -0.0150491 0.9082275
v 0.1902641 -0.0600690 -0.4543619
vn 0.2297338 0.8750464 0.4260473
v 0.1902641 -0.0600690 -0.4543619
vn 0.4904222 0.0037313 0.8714770
v 0.2490244 -0.0345369 -0.5506867
vn 0.2882532 0.8992838 0.3289360
v 0.2490244 -0.0345369 -0.5506867
vn 0.9089500 0.0519988 0.4136498
v 0.2490244 -0.0345369 -0.5506867
vn 0.9307250 -0.0323847 0.3642834
v 0.2490244 -0.0345369 -0.5506867
vn 0.9963383 -0.0789141 0.0329021
v 0.2490244 -0.0345369 -0.5506867
vn -0.3993814 -0.1741606 0.9000903
v 0.2282041 -0.1122154 -0.5924054
vn 0.4527599 -0.1976707 -0.8694451
v 0.2282041 -0.1122154 -0.5924054
vn -0.9789410 -0.1982684 -0.0486233
v 0.2282041 -0.1122154 -0.5924054
vn 0.8434622 -0.2345420 0.4832823
v 0.2282041 -0.1122154 -0.5924054
vn -0.4779139 0.0919202 0.8735840
v -0.0210800 -0.1046022 0.2850961
vn -0.0661562 -0.9431990 0.3255751
v -0.0210800 -0.1046022 0.2850961
vn 0.1105604 0.2485013 0.9623012
v -0.0014143 -0.1057911 0.2874443
vn -0.1023186 -0.8862496 0.4517662
v -0.0014143 -0.1057911 0.2874443
vn -0.2481588 0.1505070 0.9569560
v -0.0139292 -0.1148192 0.2887960
vn -0.2127572 -0.9617102 -0.1727653
v -0.0139292 -0.1148192 0.2887960
vn 0.2830533 -0.9418470 0.1811219
v -0.0139292 -0.1148192 0.2887960
vn 0.1475483 0.2340257 0.9609690
v -0.0000609 -0.1139571 0.2892250
vn 0.0328752 -0.8160193 0.5770891
v -0.0000609 -0.1139571 0.2892250
vn 0.4742504 -0.0865283 0.8761276
v -0.0000609 -0.1139571 0.2892250
vn -0.1250507 -0.9044004 0.4079489
v -0.0299331 -0.1175718 0.2779142
vn -0.9396009 -0.1993232 0.2782456
v -0.0299331 -0.1175718 0.2779142
vn -0.7231557 0.1166538 0.6807626
v -0.0299331 -0.1175718 0.2779142
vn -0.7806702 0.2062028 0.5899444
v -0.0333924 -0.1109070 0.2710069
vn -0.9566855 -0.1674686 0.2381326
v -0.0333924 -0.1109070 0.2710069
vn -0.0794395 -0.9008269 0.4268494
v -0.0333924 -0.1109070 0.2710069
vn -0.0000096 -0.9999087 -0.0135130
v -0.1270921 -0.1515489 -0.5438626
vn 0.8258478 -0.1163440 0.5517604
v -0.1270921 -0.1515489 -0.5438626
vn 0.0035692 -0.9998907 0.0143492
v -0.1270519 -0.1514857 -0.5303783
vn 0.9999613 0.0082589 -0.0030224
v -0.1270519 -0.1514857 -0.5303783
vn 0.2826278 -0.1388680 -0.9491245
v -0.1270519 -0.1514857 -0.5303783
vn -0.0038542 -0.9998437 0.0172569
v -0.1270519 -0.1514857 -0.5303783
vn -0.0330562 -0.9036378 -0.4270200
v -0.0541569 -0.0775265 0.0943386
vn 0.9761752 -0.1996164 -0.0850606
v -0.0541569 -0.0775265 0.0943386
vn 0.0250371 0.3061407 -0.9516571
v -0.0541569 -0.0775265 0.0943386
vn -0.1509032 0.1168637 0.9816166
v -0.2657773 0.1174843 0.1515856
vn -0.1483918 0.9883294 -0.0344225
v -0.2657773 0.1174843 0.1515856
vn 0.9429621 0.3043668 -0.1348456
v -0.2657773 0.1174843 0.1515856
vn 0.0259948 0.4156510 -0.9091527
v -0.2008003 0.0992258 0.2663010
vn -0.0666156 0.9976592 -0.0154466
v -0.2008003 0.0992258 0.2663010
vn -0.9803521 0.0352717 0.1940765
v -0.2008003 0.0992258 0.2663010
vn 0.0169442 0.9322863 -0.3613243
v -0.1361409 0.0730916 0.0749006
vn 0.9667943 0.2424353 -0.0808323
v -0.1361409 0.0730916 0.0749006
vn -0.0322717 0.3864955 0.9217265
v -0.1361409 0.0730916 0.0749006
vn -0.1253099 -0.9879899 0.0904074
v -0.1270576 -0.0615202 -0.0845546
vn -0.4600265 -0.8800409 0.1179143
v -0.1270576 -0.0615202 -0.0845546
vn -0.4522360 -0.8850707 0.1101483
v -0.1270576 -0.0615202 -0.0845546
vn 0.5454001 -0.4678794 -0.6954335
v -0.1270576 -0.0615202 -0.0845546
vn -0.3978327 -0.9139073 0.0806384
v -0.1270576 -0.0615202 -0.0845546
vn 0.8149089 -0.5510575 -0.1796085
v -0.1270576 -0.0615202 -0.0845546
vn 0.4979166 -0.8672155 0.0040739
v -0.0818345 -0.0601988 -0.0499770
vn -0.9164354 -0.3501350 0.1937828
v -0.0818345 -0.0601988 -0.0499770
vn 0.1287110 -0.9695591 -0.2082995
v -0.1250795 -0.0583879 -0.0851279
vn -0.9477891 -0.2449753 0.2041642
v -0.1250795 -0.0583879 -0.0851279
vn 0.8165088 -0.5485939 -0.1798840
v -0.1250795 -0.0583879 -0.0851279
vn -0.6233528 -0.1948997 0.7572618
v -0.1241222 -0.0622463 -0.0853138
vn -0.9475920 -0.2457902 0.2040995
v -0.1241222 -0.0622463 -0.0853138
vn -0.0563450 -0.9980804 0.0257087
v -0.1241222 -0.0622463 -0.0853138
vn -0.6069288 -0.2828898 0.7427052
v -0.0804971 -0.0638681 -0.0502816
vn -0.9174723 -0.3473355 0.1939143
v -0.0804971 -0.0638681 -0.0502816
vn -0.0124191 -0.9995869 -0.0259206
v -0.0804971 -0.0638681 -0.0502816
vn -0.1054237 -0.9870707 0.1207359
v -0.0645053 -0.0660070 0.0376964
vn 0.9247932 -0.3534871 0.1407286
v -0.0645053 -0.0660070 0.0376964
vn -0.6991466 -0.3957165 -0.5954852
v -0.0627892 -0.0614466 0.0378375
vn 0.9250613 -0.3524655 0.1415266
v -0.0627892 -0.0614466 0.0378375
vn -0.9439744 -0.2647915 0.1969716
v -0.0627892 -0.0614466 0.0378375
vn 0.2030739 -0.9740296 -0.1001363
v 0.2668642 -0.0777931 0.1653133
vn -0.7942761 -0.4063153 -0.4517006
v 0.2668642 -0.0777931 0.1653133
vn 0.2893674 -0.4083645 -0.8657396
v 0.2693810 -0.0818532 0.1650988
vn -0.7539461 -0.4416339 -0.4863381
v 0.2693810 -0.0818532 0.1650988
vn -0.3349966 0.2496529 0.9085432
v 0.1151367 0.1542421 -0.5164633
vn 0.0155994 0.9998292 0.0099212
v 0.1151367 0.1542421 -0.5164633
vn 0.8487562 0.1723496 0.4999086
v 0.1248107 0.1537265 -0.5192685
vn 0.0698211 0.9958879 0.0577258
v 0.1248107 0.1537265 -0.5192685
vn 0.2747250 0.4019145 0.8734934
v 0.1248107 0.1537265 -0.5192685
vn 0.0120070 0.9998928 -0.0083875
v 0.1259249 0.1541953 -0.5287035
vn 0.9681582 0.2467492 -0.0422436
v 0.1259249 0.1541953 -0.5287035
vn 0.4330587 0.3347084 -0.8369173
v 0.1259249 0.1541953 -0.5287035
vn 0.3316186 0.7204710 0.6090571
v 0.1826271 -0.0878135 -0.4577547
vn 0.7948933 -0.6064038 0.0204737
v 0.1826271 -0.0878135 -0.4577547
vn 0.4948851 -0.8689408 -0.0055509
v 0.1826271 -0.0878135 -0.4577547
vn 0.7044348 -0.1815886 0.6861466
v 0.1826271 -0.0878135 -0.4577547
vn 0.4892659 -0.8035240 0.3390697
v 0.2062318 -0.1443653 -0.4969732
vn 0.7918217 -0.1796725 0.5837261
v 0.2062318 -0.1443653 -0.4969732
vn 0.8890007 -0.1531998 0.4315179
v 0.2326515 -0.0665775 -0.5160612
vn 0.4377873 0.7261457 0.5301459
v 0.2326515 -0.0665775 -0.5160612
vn 0.9204394 -0.1388767 0.3653830
v 0.2478957 -0.0519796 -0.5489147
vn 0.3370119 0.8045973 0.4889234
v 0.2478957 -0.0519796 -0.5489147
vn 0.4547498 0.2526723 0.8540253
v 0.2478957 -0.0519796 -0.5489147
vn 0.9657386 -0.1364545 0.2207471
v 0.2478957 -0.0519796 -0.5489147
vn 0.5866243 -0.1292251 -0.7994828
v 0.2358623 -0.1126871 -0.5416754
vn 0.9109128 -0.1500706 0.3843394
v 0.2358623 -0.1126871 -0.5416754
vn 0.1249631 -0.0815242 0.9888064
v 0.2358623 -0.1126871 -0.5416754
vn 0.9733983 -0.1792035 0.1427651
v 0.2358623 -0.1126871 -0.5416754
vn 0.1569268 -0.9869236 -0.0368226
v 0.2358623 -0.1126871 -0.5416754
vn 0.9894400 -0.1287943 0.0664878
v 0.2358623 -0.1126871 -0.5416754
vn -0.0374313 -0.3623295 0.9312982
v -0.1932476 -0.0798416 0.0684831
vn 0.9669273 -0.2362816 -0.0960338
v -0.1932476 -0.0798416 0.0684831
vn 0.0053912 -0.7733166 -0.6339971
v -0.1932476 -0.0798416 0.0684831
vn 0.0646890 0.9381135 0.3402329
v -0.0884481 0.1202723 0.2433030
vn -0.0510551 0.9939633 0.0971102
v -0.0884481 0.1202723 0.2433030
vn 0.2864575 -0.3274094 -0.9004139
v -0.0884481 0.1202723 0.2433030
vn 0.4620083 -0.1773146 -0.8689695
v 0.2794370 -0.0163895 0.1299263
vn 0.3995363 -0.1840872 -0.8980438
v 0.2794370 -0.0163895 0.1299263
vn 0.4231751 -0.0467217 -0.9048425
v 0.2794370 -0.0163895 0.1299263
vn 0.0535095 -0.1504023 0.9871758
v 0.2271112 -0.1435257 -0.5431119
vn 0.3741207 -0.3516465 -0.8581250
v 0.2271112 -0.1435257 -0.5431119
vn -0.0160472 -0.2155617 0.9763584
v 0.1934313 -0.1487487 -0.5448186
vn 0.1257941 -0.5390351 -0.8328367
v 0.1934313 -0.1487487 -0.5448186
vn 0.0356470 -0.9993312 0.0081479
v 0.1934313 -0.1487487 -0.5448186
vn 0.0106411 -0.9998273 0.0152390
v 0.1934313 -0.1487487 -0.5448186
vn -0.9627852 -0.2257040 -0.1486684
v -0.0987179 -0.0710227 0.0764597
vn -0.0573263 -0.3840938 0.9215127
v -0.0987179 -0.0710227 0.0764597
vn 0.0409270 -0.9190565 -0.3919953
v -0.0987179 -0.0710227 0.0764597
vn -0.8692091 0.1387188 0.4745869
v -0.3579970 0.0240529 0.1639930
vn -0.1852160 0.1858263 -0.9649683
v -0.3579970 0.0240529 0.1639930
vn -0.8781077 0.1872414 -0.4403039
v -0.3579970 0.0240529 0.1639930
vn -0.3287168 0.0012115 -0.9444278
v -0.3620409 0.0081600 0.1652993
vn -0.9973463 0.0415322 -0.0597944
v -0.3620409 0.0081600 0.1652993
vn -0.7354883 -0.1882900 -0.6508486
v 0.2692816 -0.0209034 0.1315858
vn 0.3633178 -0.3213509 -0.8744906
v 0.2692816 -0.0209034 0.1315858
vn 0.0921295 -0.9949997 0.0385724
v 0.2692816 -0.0209034 0.1315858
vn 0.1395140 -0.9891241 -0.0465770
v 0.2469711 -0.0235367 0.1169473
vn 0.2525495 -0.1270631 -0.9592048
v 0.2469711 -0.0235367 0.1169473
vn 0.6774677 -0.0544216 -0.7335366
v 0.1220524 -0.1396435 -0.5364577
vn -0.2516873 -0.3608913 -0.8980039
v 0.1220524 -0.1396435 -0.5364577
vn 0.4444212 -0.2982643 0.8447059
v 0.1220524 -0.1396435 -0.5364577
vn -0.3776323 -0.1809758 0.9080979
v 0.1220524 -0.1396435 -0.5364577
vn 0.0108194 -0.9973570 -0.0718477
v 0.1251496 -0.1496326 -0.5371604
vn 0.0226057 -0.9985697 0.0484528
v 0.1251496 -0.1496326 -0.5371604
vn -0.4685642 -0.0699693 0.8806543
v 0.1251496 -0.1496326 -0.5371604
vn 0.9129875 -0.1376589 -0.3840623
v 0.1295532 -0.1393925 -0.5295489
vn -0.8473163 -0.0297722 0.5302536
v 0.1295532 -0.1393925 -0.5295489
vn -0.9442237 -0.3232749 -0.0627287
v 0.1295532 -0.1393925 -0.5295489
vn 0.6611060 -0.6822499 0.3122083
v 0.1282808 -0.1410782 -0.4780121
vn 0.8183382 -0.1820501 -0.5451425
v 0.1282808 -0.1410782 -0.4780121
vn 0.0014002 -0.9998199 0.0189281
v 0.1282808 -0.1410782 -0.4780121
vn 0.1808741 0.6974951 0.6933868
v -0.0585039 0.0714519 -0.3612573
vn 0.3236401 0.7442507 0.5842500
v -0.0585039 0.0714519 -0.3612573
vn 0.0990942 0.9228193 0.3722700
v -0.0944536 0.0780084 -0.3620009
vn 0.1381717 0.8888912 0.4367850
v -0.0944536 0.0780084 -0.3620009
vn -0.0554516 0.6576206 0.7513057
v -0.1336240 0.0902011 -0.3748164
vn -0.3641491 0.7119963 0.6003805
v -0.1754328 0.0738317 -0.3675934
vn -0.3072818 0.8430611 0.4413909
v -0.1754328 0.0738317 -0.3675934
vn -0.1025087 0.9537795 0.2824833
v -0.1451397 0.0762376 -0.3600535
vn -0.1444353 0.8080078 0.5711934
v -0.1451397 0.0762376 -0.3600535
vn 0.3708002 0.4137348 0.8314631
v -0.0278569 0.0524129 -0.3600155
vn 0.5711060 0.3936113 0.7203527
v -0.0278569 0.0524129 -0.3600155
vn -0.8561385 0.4256541 0.2929940
v -0.1944876 0.0623086 -0.3712294
vn -0.5531362 0.6578950 0.5110917
v -0.1944876 0.0623086 -0.3712294
vn -0.5258312 0.7563689 0.3891115
v -0.1919438 0.0578389 -0.3598479
vn -0.5502011 0.7478998 0.3713822
v -0.1919438 0.0578389 -0.3598479
vn -0.4254468 0.7558646 -0.4976583
v -0.1793187 0.0896714 -0.3830034
vn -0.3726114 0.9230544 -0.0955579
v -0.1793187 0.0896714 -0.3830034
vn -0.3842865 0.6162786 0.6874042
v -0.1793187 0.0896714 -0.3830034
vn 0.0575469 0.5127172 0.8566268
v -0.0539892 0.0819015 -0.3705723
vn 0.1565211 0.1516027 0.9759702
v -0.0196935 0.0708202 -0.3699747
vn 0.1493440 0.3320677 0.9313579
v -0.0196935 0.0708202 -0.3699747
vn 0.0276354 0.1895837 0.9814757
v 0.0621638 0.0983452 -0.3807024
vn 0.1192488 0.1366823 0.9834113
v 0.0621638 0.0983452 -0.3807024
vn 0.0990098 0.2934668 0.9508283
v 0.0621638 0.0983452 -0.3807024
vn 0.1545830 0.0496368 0.9867322
v 0.1325115 0.0976612 -0.3891377
vn 0.1087680 0.2494212 0.9622675
v 0.1325115 0.0976612 -0.3891377
vn 0.7678364 0.1581401 0.6208213
v 0.1325115 0.0976612 -0.3891377
vn -0.0704116 -0.9765152 0.2036183
v 0.0083858 -0.1275849 0.2371987
vn 0.4361948 -0.5270606 -0.7293431
v 0.0083858 -0.1275849 0.2371987
vn 0.3208521 -0.9439538 0.0774936
v -0.0130574 -0.1268262 0.2342210
vn -0.0694860 -0.9900756 0.1221557
v -0.0130574 -0.1268262 0.2342210
vn 0.1232575 -0.2672589 -0.9557093
v -0.0130574 -0.1268262 0.2342210
vn -0.4169162 -0.6979677 -0.5822560
v -0.0130574 -0.1268262 0.2342210
vn -0.0509407 -0.9225547 0.3824891
v 0.0148108 -0.1331293 0.2477967
vn 0.6998857 -0.5271839 -0.4819100
v 0.0148108 -0.1331293 0.2477967
vn 0.9932694 -0.0683547 -0.0935074
v 0.0196730 -0.1250865 0.2474452
vn 0.7898537 -0.4934146 -0.3642435
v 0.0196730 -0.1250865 0.2474452
vn -0.0413686 -0.9542193 0.2962334
v 0.0196730 -0.1250865 0.2474452
vn 0.1921894 -0.5686046 -0.7998451
v -0.1283345 -0.0492207 -0.0101055
vn -0.2915313 -0.5329961 0.7943078
v -0.1283345 -0.0492207 -0.0101055
vn -0.8919478 0.3743966 -0.2534884
v -0.1283345 -0.0492207 -0.0101055
vn -0.1689549 -0.4263952 0.8886177
v -0.1372090 -0.0484068 -0.0128165
vn 0.6361589 -0.1338269 -0.7598633
v -0.1372090 -0.0484068 -0.0128165
vn 0.8145469 0.0206382 0.5797306
v 0.2208306 -0.0691791 -0.4933668
vn 0.1819510 -0.9504284 -0.2521504
v 0.2208306 -0.0691791 -0.4933668
vn -0.0028867 -0.0636779 0.9979664
v -0.0981211 0.1395758 -0.4288901
vn -0.0309384 0.9963242 0.0798806
v -0.0981211 0.1395758 -0.4288901
vn 0.0056434 0.4179725 0.9084422
v -0.0981211 0.1395758 -0.4288901
vn 0.6279315 -0.0986272 0.7719939
v -0.0138756 -0.1269451 0.2440732
vn -0.2447635 -0.9381563 -0.2448544
v -0.0138756 -0.1269451 0.2440732
vn -0.0182305 0.1209042 0.9924967
v -0.0138756 -0.1269451 0.2440732
vn 0.9103064 -0.2205924 0.3502590
v 0.0223054 -0.1170027 0.2694987
vn -0.0432228 -0.9133929 0.4047780
v 0.0223054 -0.1170027 0.2694987
vn 0.9878814 -0.1519861 0.0314754
v 0.0209101 -0.1275449 0.2623841
vn 0.8424664 -0.5160621 -0.1546946
v 0.0209101 -0.1275449 0.2623841
vn -0.0558008 -0.9227754 0.3812766
v 0.0209101 -0.1275449 0.2623841
vn -0.0359097 -0.9114053 0.4099402
v 0.0159209 -0.1198422 0.2799929
vn 0.7744291 -0.0419606 0.6312677
v 0.0159209 -0.1198422 0.2799929
vn 0.0193799 0.8528892 -0.5217322
v -0.0854169 0.0931665 0.0892558
vn 0.0714896 -0.3027503 -0.9503850
v -0.0854169 0.0931665 0.0892558
vn 0.9770921 0.1903011 -0.0952706
v -0.0854169 0.0931665 0.0892558
vn -0.5440505 0.8348240 0.0841305
v -0.1814424 0.0577317 -0.3335856
vn -0.6578597 0.7296503 0.1866309
v -0.1814424 0.0577317 -0.3335856
vn -0.4304877 0.8728367 0.2298620
v -0.1814424 0.0577317 -0.3335856
vn 0.4328230 0.5520471 -0.7126769
v -0.1814424 0.0577317 -0.3335856
vn -0.2116840 -0.9644042 0.1584754
v -0.2300829 -0.1204924 0.1829299
vn -0.2927035 -0.9535795 0.0707865
v -0.2300829 -0.1204924 0.1829299
vn 0.5584129 -0.8295261 -0.0078412
v -0.2300829 -0.1204924 0.1829299
vn -0.9657453 0.2111851 -0.1507876
v -0.1270349 0.0798811 0.0914650
vn -0.0335854 0.9206097 -0.3890372
v -0.1270349 0.0798811 0.0914650
vn 0.0689346 -0.2823706 -0.9568255
v -0.1270349 0.0798811 0.0914650
vn 0.3161325 0.2714173 -0.9090616
v 0.2685863 -0.0402281 0.1383983
vn -0.7843694 -0.1809383 -0.5933177
v 0.2685863 -0.0402281 0.1383983
vn 0.3746945 -0.5497896 -0.7465491
v 0.2726507 -0.0207822 0.1278075
vn -0.7299046 -0.1890258 -0.6568931
v 0.2726507 -0.0207822 0.1278075
vn 0.4225553 -0.3037849 -0.8539097
v 0.2726507 -0.0207822 0.1278075
vn -0.6890714 -0.0418104 -0.7234864
v -0.1917483 -0.1340313 -0.6048235
vn 0.9231269 -0.0027086 0.3844860
v -0.1917483 -0.1340313 -0.6048235
vn 0.0280563 0.9952393 0.0933367
v -0.1917483 -0.1340313 -0.6048235
vn 0.8493586 0.0403144 0.5262745
v 0.1741537 0.0854920 -0.4384720
vn 0.7974023 0.5216542 0.3033584
v 0.1741537 0.0854920 -0.4384720
vn 0.2331758 0.1202579 -0.9649701
v 0.1741537 0.0854920 -0.4384720
vn 0.7574534 0.0698349 0.6491437
v 0.1741537 0.0854920 -0.4384720
vn -0.0778246 0.9792189 0.1872799
v -0.1676756 0.1161314 0.2368768
vn 0.0816867 0.9731542 0.2151702
v -0.1676756 0.1161314 0.2368768
vn 0.0432066 0.9371798 0.3461609
v -0.1695205 0.1112372 0.2569906
vn -0.1348181 0.3625188 0.9221737
v -0.1695205 0.1112372 0.2569906
vn 0.7708355 -0.4137693 0.4843632
v -0.1695205 0.1112372 0.2569906
vn -0.4883060 -0.0052349 0.8726568
v -0.2007552 0.1121254 0.2350778
vn -0.0897477 0.9163263 -0.3902454
v -0.2007552 0.1121254 0.2350778
vn -0.5337252 0.7557715 0.3794034
v -0.2007552 0.1121254 0.2350778
vn -0.4284766 0.5749617 -0.6970128
v -0.1938761 0.1106111 0.2516876
vn -0.0999947 0.7746482 0.6244367
v -0.1938761 0.1106111 0.2516876
vn -0.6767694 -0.0180090 0.7359748
v -0.1938761 0.1106111 0.2516876
vn -0.0748256 0.9806216 0.1810590
v -0.1754195 0.1119960 0.2523082
vn -0.7050399 0.2898051 -0.6472493
v -0.1754195 0.1119960 0.2523082
vn 0.5982130 0.2874090 -0.7480223
v -0.0843378 0.0664045 -0.0491764
vn -0.1885097 0.9799784 0.0640822
v -0.0843378 0.0664045 -0.0491764
vn 0.9036958 0.3767508 -0.2034522
v -0.0843378 0.0664045 -0.0491764
vn -0.9103374 -0.3760504 -0.1728352
v 0.2547703 -0.1087085 0.2403237
vn 0.3561050 -0.3971629 -0.8458434
v 0.2547703 -0.1087085 0.2403237
vn -0.3281259 -0.4306969 0.8407339
v 0.2547703 -0.1087085 0.2403237
vn 0.2927154 -0.9510512 -0.0990928
v 0.2547703 -0.1087085 0.2403237
vn -0.7893186 -0.6133931 0.0269294
v 0.2729459 -0.1080974 0.2477304
vn 0.3574243 -0.3996036 -0.8441355
v 0.2729459 -0.1080974 0.2477304
vn 0.2734769 -0.9561281 0.1050213
v 0.2729459 -0.1080974 0.2477304
vn 0.3772680 -0.9260389 0.0110005
v 0.2729459 -0.1080974 0.2477304
vn 0.9810719 -0.1260150 0.1470312
v 0.2729459 -0.1080974 0.2477304
vn -0.3281259 -0.4306970 0.8407338
v 0.2729459 -0.1080974 0.2477304
vn 0.3568934 -0.9285698 0.1019084
v 0.2729459 -0.1080974 0.2477304
vn -0.2759892 -0.8538489 -0.4413300
v -0.0902985 -0.0590694 -0.2835682
vn -0.2195524 -0.8763847 -0.4286568
v -0.0902985 -0.0590694 -0.2835682
vn 0.4347683 0.7479157 0.5015961
v -0.0902985 -0.0590694 -0.2835682
vn 0.0313122 0.9980739 -0.0535549
v -0.1871886 0.1270583 -0.6210847
vn 0.9337032 -0.0118927 0.3578503
v -0.1871886 0.1270583 -0.6210847
vn 0.0220207 -0.0253481 -0.9994362
v -0.1871886 0.1270583 -0.6210847
vn 0.9082556 -0.0173495 0.4180560
v -0.1948223 0.1277347 -0.6047236
vn -0.6695673 0.0158441 -0.7425824
v -0.1948223 0.1277347 -0.6047236
vn -0.1509971 0.9654668 -0.2123060
v -0.1948223 0.1277347 -0.6047236
vn -0.2709382 0.9376494 -0.2177296
v -0.2001519 0.1257862 -0.6222317
vn -0.8234012 0.1669951 -0.5423313
v -0.2001519 0.1257862 -0.6222317
vn 0.6966858 0.0953661 0.7110093
v 0.1847202 0.0941567 -0.4530935
vn 0.7382840 0.0823768 0.6694407
v 0.1847202 0.0941567 -0.4530935
vn 0.2543042 0.9521132 -0.1697351
v 0.1847202 0.0941567 -0.4530935
vn 0.3957022 0.8997419 0.1840772
v 0.1847202 0.0941567 -0.4530935
vn 0.7108659 0.4127067 -0.5695111
v 0.1847202 0.0941567 -0.4530935
vn 0.5013471 0.0248353 0.8648899
v 0.1900683 0.0674009 -0.4547452
vn 0.2082955 -0.8880777 0.4097939
v 0.1900683 0.0674009 -0.4547452
vn 0.7143103 -0.5137904 0.4751635
v 0.2323239 0.0537342 -0.5132546
vn 0.8886397 0.0411567 0.4567556
v 0.2323239 0.0537342 -0.5132546
vn 0.5745765 -0.0003521 0.8184509
v 0.2483048 0.0428587 -0.5506130
vn 0.0556781 -0.9520103 0.3009591
v 0.2483048 0.0428587 -0.5506130
vn 0.9147488 -0.0376568 0.4022644
v 0.2483048 0.0428587 -0.5506130
vn 0.5935881 0.2736448 -0.7568169
v 0.2483048 0.0428587 -0.5506130
vn 0.8953654 0.0163243 0.4450332
v 0.2483048 0.0428587 -0.5506130
vn -0.9611989 0.1331951 0.2415694
v -0.1242437 0.0517877 0.0172380
vn -0.1163668 0.9931008 -0.0144779
v -0.1242437 0.0517877 0.0172380
vn -0.0685800 0.1822084 -0.9808654
v -0.1242437 0.0517877 0.0172380
vn -0.1163669 0.9931008 -0.0144779
v -0.1357180 0.0504308 0.0163884
vn 0.0281954 0.3482406 -0.9369810
v -0.1357180 0.0504308 0.0163884
vn 0.5715365 0.6392840 0.5144531
v -0.1357180 0.0504308 0.0163884
vn 0.9856296 -0.1166265 -0.1221988
v -0.1357180 0.0504308 0.0163884
vn 0.3641531 0.2779819 0.8888862
v -0.1284661 0.0511501 0.0074380
vn -0.8784620 0.3165743 0.3578898
v -0.1284661 0.0511501 0.0074380
vn -0.1163668 0.9931008 -0.0144779
v -0.1284661 0.0511501 0.0074380
vn -0.6328827 0.2630107 0.7282067
v 0.0049567 -0.1284373 0.2446008
vn 0.2081147 -0.9528954 0.2206327
v 0.0049567 -0.1284373 0.2446008
vn 0.0239600 -0.1107495 0.9935595
v 0.0049567 -0.1284373 0.2446008
vn -0.0501939 -0.8299699 -0.5555453
v 0.0049567 -0.1284373 0.2446008
vn -0.3687334 -0.7832198 0.5006021
v 0.0554701 -0.1198557 0.2654725
vn -0.8059943 -0.4791544 0.3475404
v 0.0554701 -0.1198557 0.2654725
vn 0.1632208 -0.9548903 0.2480797
v 0.0554701 -0.1198557 0.2654725
vn -0.3687335 -0.7832198 0.5006021
v 0.0498278 -0.1232999 0.2559279
vn 0.1632210 -0.9548903 0.2480799
v 0.0498278 -0.1232999 0.2559279
vn 0.9714987 -0.2267622 -0.0690591
v 0.0498278 -0.1232999 0.2559279
vn 0.9499696 -0.2976677 -0.0946131
v 0.0438818 -0.1334699 0.2206943
vn -0.7476865 -0.6231384 0.2294853
v 0.0438818 -0.1334699 0.2206943
vn -0.8073086 -0.4730884 0.3527609
v 0.0438818 -0.1334699 0.2206943
vn -0.9304647 -0.2162639 -0.2957454
v -0.2208912 -0.1024287 -0.4346048
vn -0.7587103 -0.6241075 -0.1866781
v -0.2208912 -0.1024287 -0.4346048
vn -0.4107958 -0.2876363 0.8651661
v -0.2208912 -0.1024287 -0.4346048
vn -0.2493355 -0.4319791 0.8667329
v -0.1723789 -0.1415017 -0.4354783
vn -0.5139365 -0.8514302 -0.1045754
v -0.1723789 -0.1415017 -0.4354783
vn -0.5443442 0.1937213 0.8161872
v -0.2079450 0.0834874 -0.4203408
vn -0.9366747 0.2410441 0.2540441
v -0.2079450 0.0834874 -0.4203408
vn -0.8134449 0.5545543 0.1754338
v -0.2079450 0.0834874 -0.4203408
vn 0.3772458 0.9177011 -0.1245404
v -0.1611286 0.1395783 -0.4290723
vn -0.1714870 0.4356732 0.8836182
v -0.1611286 0.1395783 -0.4290723
vn -0.0028871 -0.0636779 0.9979663
v -0.1611286 0.1395783 -0.4290723
vn -0.4880161 0.8091217 0.3273568
v -0.1611286 0.1395783 -0.4290723
vn 0.0825289 0.4802456 0.8732430
v 0.0880691 0.1625805 -0.4515649
vn -0.0883382 0.9572273 -0.2755219
v 0.0880691 0.1625805 -0.4515649
vn 0.5407439 0.7302744 0.4174870
v 0.0880691 0.1625805 -0.4515649
vn -0.7472730 0.6270016 0.2201187
v -0.1935929 0.1093682 -0.4261838
vn -0.3020452 0.3947246 0.8677334
v -0.1935929 0.1093682 -0.4261838
vn -0.6489978 0.0769245 0.7568913
v -0.2354413 0.0320888 -0.4348134
vn -0.9499965 0.0888223 -0.2993615
v -0.2354413 0.0320888 -0.4348134
vn -0.9448359 -0.1088642 -0.3089236
v -0.2370410 -0.0080320 -0.4348839
vn -0.9495752 0.0372665 -0.3113170
v -0.2370410 -0.0080320 -0.4348839
vn -0.6552037 -0.0343734 0.7546699
v -0.2370410 -0.0080320 -0.4348839
vn 0.7921703 0.1286186 -0.5965932
v -0.1249053 0.0515903 -0.0351820
vn 0.4019890 0.4020150 0.8226718
v -0.1249053 0.0515903 -0.0351820
vn -0.0988725 0.9949348 -0.0181397
v -0.1249053 0.0515903 -0.0351820
vn 0.1429847 0.1278987 -0.9814262
v -0.1169214 0.0524848 -0.0296361
vn -0.9415464 0.3328812 -0.0517735
v -0.1169214 0.0524848 -0.0296361
vn -0.0988725 0.9949348 -0.0181397
v -0.1169214 0.0524848 -0.0296361
vn -0.0988724 0.9949348 -0.0181397
v -0.1164149 0.0523516 -0.0397028
vn -0.9415464 0.3328812 -0.0517736
v -0.1164149 0.0523516 -0.0397028
vn 0.3163000 0.1830143 0.9308384
v -0.1164149 0.0523516 -0.0397028
vn -0.9709317 0.0120466 0.2390533
v -0.1164149 0.0523516 -0.0397028
vn 0.1266395 -0.2363996 -0.9633679
v 0.1908430 -0.0242803 0.1096856
vn -0.0564008 -0.2029487 -0.9775637
v 0.1908430 -0.0242803 0.1096856
vn 0.8239987 0.0611670 0.5632803
v 0.0163531 0.1181804 0.2771296
vn 0.1445174 0.7999535 0.5823994
v 0.0163531 0.1181804 0.2771296
vn -0.1462217 0.7163486 0.6822492
v -0.0024768 0.1101663 0.2882501
vn 0.4052373 -0.0346691 0.9135540
v -0.0024768 0.1101663 0.2882501
vn -0.2137947 -0.2530324 0.9435393
v -0.0024768 0.1101663 0.2882501
vn 0.9860414 -0.0587677 0.1557843
v 0.0205123 0.1272905 0.2542409
vn 0.3591515 0.9164715 0.1763244
v 0.0205123 0.1272905 0.2542409
vn 0.7397640 0.6564621 -0.1476713
v 0.0205123 0.1272905 0.2542409
vn 0.7654504 0.2944804 -0.5721599
v 0.0205123 0.1272905 0.2542409
vn 0.9767282 0.0010281 0.2144786
v 0.0191377 0.1311218 0.2643870
vn 0.1630228 0.9549502 0.2479794
v 0.0191377 0.1311218 0.2643870
vn -0.1305036 0.6011916 0.7883766
v -0.1593853 0.0977238 -0.3829466
vn -0.0950708 0.8144005 -0.5724627
v -0.1593853 0.0977238 -0.3829466
vn 0.4271685 0.2992196 -0.8532261
v 0.1096007 0.1470443 -0.5194417
vn 0.9634784 0.2467807 -0.1039648
v 0.1096007 0.1470443 -0.5194417
vn -0.9936573 0.0117101 0.1118401
v 0.1096007 0.1470443 -0.5194417
vn -0.6497827 0.1958372 0.7344592
v 0.1096007 0.1470443 -0.5194417
vn -0.8512507 -0.4483412 -0.2726950
v -0.1148305 -0.0503972 -0.0381163
vn -0.1735072 0.0982739 0.9799171
v -0.1148305 -0.0503972 -0.0381163
vn -0.1049677 -0.9944594 0.0056844
v -0.1148305 -0.0503972 -0.0381163
vn -0.1049677 -0.9944594 0.0056844
v -0.1236834 -0.0494618 -0.0379453
vn -0.0050837 -0.2261832 0.9740716
v -0.1236834 -0.0494618 -0.0379453
vn 0.8367537 0.1085676 -0.5367088
v -0.1236834 -0.0494618 -0.0379453
vn -0.5172752 0.3101767 -0.7976320
v -0.1179245 -0.0500190 -0.0290797
vn 0.8867238 -0.2507522 -0.3883868
v -0.1179245 -0.0500190 -0.0290797
vn -0.8512506 -0.4483412 -0.2726950
v -0.1179245 -0.0500190 -0.0290797
vn -0.1049677 -0.9944594 0.0056844
v -0.1179245 -0.0500190 -0.0290797
vn -0.9120443 -0.0786557 0.4024780
v 0.1263982 0.1472550 -0.5312343
vn 0.9759488 0.1302872 -0.1747836
v 0.1263982 0.1472550 -0.5312343
vn 0.4622675 0.4158730 -0.7831721
v 0.1263982 0.1472550 -0.5312343
vn -0.6357859 0.3529418 -0.6864462
v 0.1279909 0.1471672 -0.5224065
vn 0.9420459 0.1946884 0.2732143
v 0.1279909 0.1471672 -0.5224065
vn -0.9614225 -0.2152132 0.1713184
v 0.1279909 0.1471672 -0.5224065
vn 0.4279431 -0.1347505 0.8937041
v -0.1170179 -0.1414664 -0.5471664
vn -0.5541309 -0.1885421 0.8107965
v -0.1170179 -0.1414664 -0.5471664
vn 0.2202952 -0.2308040 -0.9477340
v -0.1170179 -0.1414664 -0.5471664
vn -0.4153202 -0.1477729 -0.8975926
v -0.1170179 -0.1414664 -0.5471664
vn -0.9345747 0.1947229 -0.2977471
v -0.1080059 -0.1510262 -0.5432302
vn -0.7431933 -0.1982406 0.6390340
v -0.1080059 -0.1510262 -0.5432302
vn -0.0472877 0.9988655 0.0056275
v -0.1080059 -0.1510262 -0.5432302
vn 0.7822585 0.1175670 0.6117596
v 0.0621677 0.0307983 0.3534983
vn 0.5226102 0.2870467 0.8027969
v 0.0621677 0.0307983 0.3534983
vn 0.4327394 -0.1001526 0.8959387
v 0.0631776 -0.0056362 0.3553218
vn 0.9536359 -0.0086249 0.3008391
v 0.0631776 -0.0056362 0.3553218
vn 0.9676851 -0.1686923 0.1874257
v 0.0619100 -0.0526125 0.3449268
vn 0.4779461 -0.3783430 0.7927321
v 0.0619100 -0.0526125 0.3449268
vn -0.6310228 -0.4489691 0.6326430
v 0.0604381 -0.0800170 0.3184053
vn 0.9511068 -0.2495931 0.1819318
v 0.0604381 -0.0800170 0.3184053
vn 0.9622531 -0.2677104 0.0489916
v 0.0566796 -0.1021611 0.2940476
vn -0.3687337 -0.7832198 0.5006019
v 0.0566796 -0.1021611 0.2940476
vn -0.6185138 -0.5929765 0.5155770
v 0.0566796 -0.1021611 0.2940476
vn 0.9695014 -0.2440427 -0.0225875
v 0.0518805 -0.1203959 0.2850751
vn -0.0613036 -0.8575172 0.5107898
v 0.0518805 -0.1203959 0.2850751
vn 0.0895367 -0.1165760 -0.9891376
v 0.0362844 -0.1448302 0.1809535
vn 0.9333601 -0.3500989 -0.0791821
v 0.0362844 -0.1448302 0.1809535
vn -0.0820658 -0.9923441 0.0922951
v 0.0362844 -0.1448302 0.1809535
vn -0.0199450 -0.4116154 0.9111394
v -0.0414952 -0.0801283 0.0747283
vn 0.0329401 -0.7797008 -0.6252853
v -0.0414952 -0.0801283 0.0747283
vn -0.9642689 -0.2036897 -0.1693989
v -0.0414952 -0.0801283 0.0747283
vn -0.7336346 -0.6479602 -0.2047629
v 0.0125243 -0.1091482 0.2828877
vn 0.6062791 -0.0226133 0.7949305
v 0.0125243 -0.1091482 0.2828877
vn 0.3553916 0.2550159 0.8992574
v 0.0125243 -0.1091482 0.2828877
vn -0.0790684 -0.8996946 0.4292992
v 0.0125243 -0.1091482 0.2828877
vn -0.4720092 -0.8360964 0.2795536
v 0.0324652 -0.1238708 0.2746095
vn -0.0437433 -0.9109167 0.4102649
v 0.0290545 -0.1160872 0.2722507
vn -0.8527741 -0.4824582 -0.2000258
v 0.0290545 -0.1160872 0.2722507
vn -0.0414872 -0.9468411 0.3190156
v 0.0261224 -0.1253839 0.2474572
vn -0.8937072 -0.2425991 0.3774033
v 0.0261224 -0.1253839 0.2474572
vn -0.4839016 -0.7590670 0.4354958
v 0.0272045 -0.1348007 0.2443211
vn -0.2925843 -0.7184959 0.6309977
v 0.0133877 -0.1375767 0.2282686
vn 0.8398740 -0.4897439 0.2340141
v -0.0177900 -0.0873884 0.3105832
vn 0.0881705 -0.6903301 -0.7181019
v -0.0177900 -0.0873884 0.3105832
vn -0.0711124 -0.6639128 0.7444212
v -0.0177900 -0.0873884 0.3105832
vn -0.0768308 -0.8551116 0.5127195
v -0.0102253 -0.0918742 0.3073758
vn -0.8501520 -0.2434760 0.4668631
v -0.0102253 -0.0918742 0.3073758
vn -0.1104023 -0.2332751 0.9661233
v -0.0102253 -0.0918742 0.3073758
vn -0.2932865 -0.0830072 0.9524142
v -0.2495773 -0.0891219 0.2760995
vn -0.1325539 0.0542205 0.9896917
v -0.2495773 -0.0891219 0.2760995
vn -0.2307515 0.1335834 0.9637994
v -0.2495773 -0.0891219 0.2760995
vn -0.0768300 -0.8551107 0.5127211
v -0.2495773 -0.0891219 0.2760995
vn -0.0730320 -0.9349975 0.3470534
v -0.2106750 -0.1008960 0.2718835
vn -0.2203074 -0.9215039 0.3198364
v -0.2106750 -0.1008960 0.2718835
vn 0.1432304 -0.8039442 -0.5771991
v -0.2106750 -0.1008960 0.2718835
vn 0.9346975 -0.3336330 -0.1225954
v -0.2106750 -0.1008960 0.2718835
vn 0.0079417 -0.9506189 -0.3102593
v -0.2106750 -0.1008960 0.2718835
vn -0.5919988 -0.7916473 0.1511027
v 0.0145097 -0.1138798 0.2899615
vn 0.9680861 -0.2386641 -0.0764768
v 0.0474946 -0.1335797 0.2568611
vn -0.1258065 -0.9277824 0.3512728
v 0.0474946 -0.1335797 0.2568611
vn -0.1539336 -0.7668735 0.6230646
v -0.0086894 -0.1371457 0.2235865
vn -0.9477517 -0.2887749 0.1355570
v -0.0086894 -0.1371457 0.2235865
vn -0.0954886 -0.9773838 0.1886875
v 0.0415585 -0.1412023 0.2261465
vn 0.9074439 -0.4138404 -0.0726759
v 0.0415585 -0.1412023 0.2261465
vn 0.0719585 -0.3743493 -0.9244915
v -0.2424581 -0.1007899 0.2638488
vn 0.9450144 -0.2912795 -0.1486745
v -0.2424581 -0.1007899 0.2638488
vn 0.1432302 -0.8039444 -0.5771989
v -0.2424581 -0.1007899 0.2638488
vn -0.1210352 -0.9260508 0.3574637
v -0.2424581 -0.1007899 0.2638488
vn 0.9417210 -0.3142543 -0.1200244
v -0.2228617 -0.1159820 0.2200241
vn -0.2891279 -0.9191157 0.2676409
v -0.2228617 -0.1159820 0.2200241
vn 0.9725745 0.2016223 -0.1159624
v -0.0074940 0.0023584 -0.1744722
vn 0.9898813 -0.0842499 -0.1141802
v -0.0074940 0.0023584 -0.1744722
vn 0.9719839 -0.2071354 -0.1110959
v -0.0082980 -0.0110530 -0.1715470
vn 0.9690723 0.1371687 -0.2051433
v -0.0138153 0.0021885 -0.2157514
vn 0.9578065 -0.2005045 -0.2059244
v -0.0138153 0.0021885 -0.2157514
vn 0.9837859 0.1298732 -0.1236865
v -0.0348895 0.0023061 -0.2956153
vn 0.9831769 -0.1286894 -0.1296233
v -0.0348895 0.0023061 -0.2956153
vn 0.9818037 -0.1333052 -0.1352454
v -0.0372339 -0.0180622 -0.2938361
vn 0.8816708 -0.4674974 -0.0640530
v -0.0372339 -0.0180622 -0.2938361
vn -0.7508951 0.3443216 0.5635594
v 0.1091263 0.1541221 -0.5243983
vn -0.0122050 0.9994558 -0.0306462
v 0.1091263 0.1541221 -0.5243983
vn -0.9645405 0.2256725 -0.1368707
v 0.1091263 0.1541221 -0.5243983
vn 0.0115517 -0.0166891 0.9997941
v 0.2214734 0.1080207 0.2974228
vn 0.2470207 0.8029291 0.5424811
v 0.2214734 0.1080207 0.2974228
vn 0.2493519 0.9604991 0.1235521
v 0.2183308 0.0963971 0.3159423
vn 0.0577355 0.9983316 -0.0008271
v 0.2003465 0.1299034 0.2405138
vn 0.0668892 0.9929997 0.0973520
v 0.1978706 0.1295198 0.2461275
vn 0.0148274 0.9970981 0.0746701
v 0.1978706 0.1295198 0.2461275
vn 0.0264149 0.9859409 0.1649933
v 0.1978706 0.1295198 0.2461275
vn 0.0288056 0.9614427 0.2734926
v 0.1953860 0.1270216 0.2607121
vn -0.1962810 0.9596122 0.2015397
v 0.1802501 0.1277676 0.2595153
vn 0.0009817 0.9999949 0.0030607
v 0.1797237 0.1299341 0.2441991
vn -0.7740484 0.6226543 0.1146767
v 0.1797237 0.1299341 0.2441991
vn 0.2034972 0.5540649 0.8072181
v 0.2245448 0.0789285 0.3415755
vn 0.0094916 0.6540344 0.7564054
v 0.2245448 0.0789285 0.3415755
vn 0.1727791 0.9696047 0.1732462
v 0.2283469 0.0972706 0.3222045
vn 0.0636597 0.7987145 0.5983332
v 0.2066862 0.0996352 0.3188223
vn 0.0471123 0.8019767 0.5954946
v 0.2082581 0.1138495 0.2971889
vn -0.0112576 0.0146033 0.9998300
v 0.2082581 0.1138495 0.2971889
vn -0.2577249 0.8549038 0.4502417
v 0.1724458 0.1141635 0.2944781
vn 0.2796609 0.8467334 0.4525842
v 0.2661050 0.1077742 0.2921109
vn -0.8408695 0.5411713 0.0085024
v 0.2661050 0.1077742 0.2921109
vn 0.2655473 0.9124300 0.3113779
v 0.2661050 0.1077742 0.2921109
vn -0.1726075 0.9447140 0.2787873
v 0.1740491 0.1231079 0.2720248
vn 0.1434659 0.9526105 0.2682366
v 0.2336861 0.1255775 0.2617312
vn 0.1786709 0.9836515 0.0225096
v 0.2336861 0.1255775 0.2617312
vn -0.2240137 0.5826077 0.7812722
v 0.1695271 0.0776195 0.3390731
vn -0.2046519 0.4359930 0.8763719
v 0.1668341 0.0564000 0.3513679
vn -0.2379226 0.6637899 0.7090669
v 0.1645705 0.0850040 0.3311832
vn -0.0774732 0.5562286 0.8274103
v 0.1555550 0.0735426 0.3369315
vn 0.2267986 0.5579177 0.7983046
v 0.1555550 0.0735426 0.3369315
vn -0.3475343 0.4399668 0.8280393
v 0.1590688 0.0562490 0.3484414
vn -0.3129735 0.1134475 0.9429620
v 0.1573117 0.0206124 0.3591430
vn -0.0311215 0.1468781 0.9886649
v 0.1573117 0.0206124 0.3591430
vn -0.4498505 0.0594078 -0.8911259
v -0.1234124 0.1547337 -0.5250787
vn 0.7450073 0.1726955 -0.6443139
v -0.1234124 0.1547337 -0.5250787
vn 0.0071866 0.9998432 0.0161855
v -0.1234124 0.1547337 -0.5250787
vn -0.0673026 0.9972770 0.0301514
v -0.1234124 0.1547337 -0.5250787
vn 0.0026451 -0.9999577 -0.0088126
v 0.1321608 -0.1486853 -0.5209092
vn -0.7599338 -0.1548324 -0.6312906
v 0.1321608 -0.1486853 -0.5209092
vn -0.9153596 0.1046261 0.3888062
v 0.1321608 -0.1486853 -0.5209092
vn 0.0119824 -0.9995764 -0.0265204
v 0.1178723 -0.1492328 -0.5142925
vn 0.4742250 -0.0967905 -0.8750671
v 0.1178723 -0.1492328 -0.5142925
vn -0.4213111 0.0941443 -0.9020166
v 0.1178723 -0.1492328 -0.5142925
vn 0.3927604 -0.3525531 0.8493796
v 0.1235650 -0.1395188 -0.5159376
vn 0.0684372 -0.2054377 -0.9762744
v 0.1235650 -0.1395188 -0.5159376
vn -0.5155233 -0.0187955 -0.8566695
v 0.1235650 -0.1395188 -0.5159376
vn -0.4657402 -0.0990584 -0.8793597
v 0.1196305 0.1473215 -0.5363870
vn 0.1996617 0.2696608 0.9420288
v 0.1196305 0.1473215 -0.5363870
vn -0.5861304 0.2428199 0.7729747
v 0.1196305 0.1473215 -0.5363870
vn 0.5051336 0.5605525 -0.6562173
v 0.1196305 0.1473215 -0.5363870
vn -0.2684964 0.9631644 -0.0149726
v -0.0038214 0.1198729 0.2853090
vn 0.2423891 0.5150479 -0.8221759
v -0.0038214 0.1198729 0.2853090
vn -0.8620181 0.4227049 0.2797238
v 0.0133844 0.1276287 0.2722235
vn -0.1598122 0.9547983 0.2506396
v 0.0133844 0.1276287 0.2722235
vn -0.6334465 0.1816810 -0.7521554
v 0.0109337 0.1218748 0.2733661
vn 0.3216814 0.7901314 0.5217409
v 0.0109337 0.1218748 0.2733661
vn -0.8719732 0.4078673 0.2707531
v 0.0109337 0.1218748 0.2733661
vn 0.0026209 -0.8471475 -0.5313514
v -0.0050378 0.1327730 0.2458584
vn -0.0522413 0.9768159 0.2076094
v -0.0050378 0.1327730 0.2458584
vn -0.1116796 0.9215882 0.3717566
v 0.0116226 0.1230516 0.2824848
vn 0.6637092 -0.0620246 0.7454148
v 0.0116226 0.1230516 0.2824848
vn 0.3520919 0.0332473 0.9353748
v -0.0071087 0.1186295 0.2896928
vn -0.2231877 -0.2812514 0.9333193
v -0.0071087 0.1186295 0.2896928
vn -0.0571716 0.9627206 0.2643870
v -0.0071087 0.1186295 0.2896928
vn 0.3533845 0.0593138 -0.9335960
v -0.0278397 0.1222261 0.2763672
vn -0.0342939 0.9233305 0.3824718
v -0.0278397 0.1222261 0.2763672
vn -0.0062742 0.9301567 0.3671093
v -0.0278397 0.1222261 0.2763672
vn 0.8716072 0.4892616 -0.0303991
v -0.0278397 0.1222261 0.2763672
vn 0.8614810 -0.4147801 -0.2929299
v -0.1210961 -0.0563265 -0.0294757
vn -0.5172753 0.3101767 -0.7976320
v -0.1210961 -0.0563265 -0.0294757
vn -0.1062076 -0.9943438 -0.0007570
v -0.1210961 -0.0563265 -0.0294757
vn -0.2208801 -0.9728978 -0.0684248
v -0.1210961 -0.0563265 -0.0294757
vn -0.8265038 0.5574603 0.0782913
v -0.1874018 0.0516366 -0.3192620
vn -0.6426135 0.7611872 0.0874188
v -0.1874018 0.0516366 -0.3192620
vn -0.8426792 0.4967674 0.2076393
v -0.1874018 0.0516366 -0.3192620
vn -0.5641046 0.8178881 0.1133366
v -0.1874018 0.0516366 -0.3192620
vn -0.0015078 -0.3898659 0.9208704
v -0.0082451 0.1354649 0.2427678
vn 0.2000281 0.0636216 0.9777224
v -0.0082451 0.1354649 0.2427678
vn -0.1085692 0.6656075 0.7383627
v -0.0082451 0.1354649 0.2427678
vn 0.6082253 -0.4341120 0.6645365
v -0.0213654 0.1299491 0.2458109
vn -0.2657091 0.9250426 0.2714681
v -0.0213654 0.1299491 0.2458109
vn 0.7338265 0.3553343 0.5789959
v -0.0213654 0.1299491 0.2458109
vn 0.4785769 0.4316633 -0.7646117
v 0.0080348 0.1389456 0.2435469
vn -0.1922312 0.8408281 0.5060192
v 0.0080348 0.1389456 0.2435469
vn 0.4818213 0.8733733 0.0711849
v 0.0080348 0.1389456 0.2435469
vn 0.9930872 -0.1124287 0.0337311
v 0.2365387 -0.1119305 -0.5590684
vn 0.6108655 -0.1039046 0.7848868
v 0.2365387 -0.1119305 -0.5590684
vn 0.1569266 -0.9869236 -0.0368228
v 0.2365387 -0.1119305 -0.5590684
vn 0.9889529 -0.1179475 -0.0897810
v 0.2365387 -0.1119305 -0.5590684
vn 0.1459324 0.0947855 -0.9847434
v 0.2309731 0.1493172 -0.5811474
vn 0.6953123 0.7145360 -0.0773248
v 0.2309731 0.1493172 -0.5811474
vn 0.9861693 0.1655079 0.0087878
v 0.2309731 0.1493172 -0.5811474
vn 0.8922223 0.4480635 -0.0563775
v 0.2313052 0.1511368 -0.5614321
vn 0.8107070 0.4674168 0.3525277
v 0.2313052 0.1511368 -0.5614321
vn 0.0379139 0.5050439 0.8622606
v 0.2248168 0.1573334 -0.5624303
vn 0.4093242 0.9104275 -0.0597955
v 0.2248168 0.1573334 -0.5624303
vn 0.1871814 0.0274811 0.9819409
v 0.2355956 0.1206351 -0.5596807
vn 0.2893967 0.0212575 -0.9569732
v 0.2355956 0.1206351 -0.5596807
vn 0.9826155 0.1670264 0.0810492
v 0.2355956 0.1206351 -0.5596807
vn 0.9911453 0.1286277 0.0329580
v 0.2355956 0.1206351 -0.5596807
vn 0.9290375 0.1500980 0.3381717
v 0.2355956 0.1206351 -0.5596807
vn 0.1807422 0.9820724 -0.0535363
v 0.2355956 0.1206351 -0.5596807
vn 0.5436367 0.1012339 0.8331932
v 0.2355956 0.1206351 -0.5596807
vn 0.9740262 0.2177348 0.0621661
v 0.2349844 0.1306424 -0.5821779
vn 0.1461555 0.0884711 -0.9852977
v 0.2349844 0.1306424 -0.5821779
vn 0.0072733 0.9995563 -0.0288857
v 0.2349844 0.1306424 -0.5821779
vn 0.9257845 0.3645582 -0.1001019
v 0.2356932 0.1297874 -0.5974820
vn 0.1836306 0.9819021 -0.0463489
v 0.2356932 0.1297874 -0.5974820
vn 0.6434459 0.0096464 -0.7654309
v 0.2356932 0.1297874 -0.5974820
vn -0.0291815 0.9958453 -0.0862595
v 0.2100060 0.1568002 -0.5835345
vn 0.4764155 0.1234168 -0.8705152
v 0.2100060 0.1568002 -0.5835345
vn 0.0052873 0.9995665 -0.0289644
v 0.2100060 0.1568002 -0.5835345
vn 0.0019916 0.9996428 -0.0266533
v 0.1744075 0.1573666 -0.5649531
vn -0.6160702 0.6901632 0.3796477
v 0.1744075 0.1573666 -0.5649531
vn -0.4020584 0.4822200 0.7783399
v 0.1744075 0.1573666 -0.5649531
vn -0.0323824 0.9956325 -0.0875639
v 0.1744075 0.1573666 -0.5649531
vn 0.1029714 -0.2742113 -0.9561408
v -0.3152974 -0.0991030 0.1777724
vn -0.3760141 0.0905816 0.9221759
v -0.3152974 -0.0991030 0.1777724
vn -0.5914669 -0.3156439 0.7419811
v -0.3299248 -0.0918096 0.1741056
vn -0.3289294 -0.4735032 -0.8170681
v -0.3299248 -0.0918096 0.1741056
vn -0.7211186 0.6510637 0.2368631
v -0.1554078 0.1088445 0.2548027
vn -0.4745059 -0.6204804 0.6243783
v -0.1554078 0.1088445 0.2548027
vn -0.1112567 0.9166769 0.3838300
v -0.1554078 0.1088445 0.2548027
vn -0.3251129 0.8080509 0.4912794
v -0.1544181 0.1159183 0.2383720
vn -0.7211186 0.6510638 0.2368630
v -0.1544181 0.1159183 0.2383720
vn -0.0777716 0.9182135 0.3883755
v -0.1544181 0.1159183 0.2383720
vn 0.6270979 -0.7716246 -0.1065077
v -0.2601541 -0.0732097 0.0598805
vn -0.1208254 -0.5985420 -0.7919272
v -0.2601541 -0.0732097 0.0598805
vn -0.0339099 -0.7694191 -0.6378435
v -0.2724334 -0.0955619 0.0874963
vn 0.9139708 -0.4051996 0.0216977
v -0.2724334 -0.0955619 0.0874963
vn 0.0033255 -0.6808876 -0.7323804
v -0.2724334 -0.0955619 0.0874963
vn 0.1492967 0.0912629 -0.9845718
v -0.2724334 -0.0955619 0.0874963
vn -0.8215439 0.3749994 0.4294662
v -0.0290378 0.1233191 0.2596038
vn -0.2794095 0.9166905 0.2856726
v -0.0290378 0.1233191 0.2596038
vn 0.9923698 0.0964863 0.0767639
v -0.0290378 0.1233191 0.2596038
vn -0.7550395 0.6504802 -0.0824080
v -0.0290378 0.1233191 0.2596038
vn -0.7432497 0.2712094 -0.6115763
v -0.0235315 0.1291927 0.2555167
vn 0.0105305 0.8933477 0.4492427
v -0.0235315 0.1291927 0.2555167
vn 0.5485797 0.4084387 0.7295466
v -0.0235315 0.1291927 0.2555167
vn 0.2029552 0.8582678 -0.4713656
v -0.0235315 0.1291927 0.2555167
vn -0.0636459 0.8474426 0.5270582
v -0.0235315 0.1291927 0.2555167
vn 0.9977747 -0.0489980 0.0452208
v -0.1271394 -0.1414452 -0.5318735
vn -0.3440626 0.0147529 0.9388309
v -0.1271394 -0.1414452 -0.5318735
vn 0.3069937 -0.1036050 -0.9460554
v -0.1271394 -0.1414452 -0.5318735
vn -0.9529788 -0.2986629 0.0513020
v -0.1271394 -0.1414452 -0.5318735
vn 0.7200994 0.6828884 0.1229647
v -0.0490372 0.0440343 -0.3165431
vn 0.7552952 0.6553606 -0.0056402
v -0.0490372 0.0440343 -0.3165431
vn -0.7227257 -0.4552113 -0.5200483
v -0.1992536 -0.0243364 -0.2998594
vn -0.8150307 -0.4598048 0.3525684
v -0.1992536 -0.0243364 -0.2998594
vn -0.9310048 -0.3647733 0.0130630
v -0.1992536 -0.0243364 -0.2998594
vn -0.4666923 0.1527536 -0.8711284
v -0.2724994 0.0204833 0.0365449
vn -0.4368542 0.0430117 -0.8985035
v -0.2724994 0.0204833 0.0365449
vn -0.2634676 0.1555554 -0.9520438
v -0.2724994 0.0204833 0.0365449
vn -0.3817558 0.0367522 -0.9235323
v -0.2724994 0.0204833 0.0365449
vn -0.3817558 0.0367519 -0.9235322
v -0.2730974 -0.0157221 0.0353514
vn -0.8651339 -0.3594700 0.3497494
v -0.2730974 -0.0157221 0.0353514
vn -0.2060464 -0.1157498 -0.9716722
v -0.2730974 -0.0157221 0.0353514
vn -0.9173542 -0.2593828 -0.3019633
v -0.3404445 -0.0585001 0.1270849
vn -0.4579115 -0.2838209 -0.8424742
v -0.3404445 -0.0585001 0.1270849
vn -0.8632187 -0.4955652 -0.0962738
v -0.3404445 -0.0585001 0.1270849
vn -0.3547713 -0.3540726 -0.8653150
v -0.3442015 -0.0695277 0.1331375
vn -0.9119712 -0.4016189 -0.0837302
v -0.3442015 -0.0695277 0.1331375
vn -0.9555969 0.2808452 -0.0892230
v -0.3506200 0.0523004 0.1303813
vn -0.3497601 0.2706603 -0.8968896
v -0.3506200 0.0523004 0.1303813
vn -0.9379202 0.2581714 -0.2316318
v -0.3454177 0.0415276 0.1251014
vn -0.4545949 0.1932412 -0.8694834
v -0.3454177 0.0415276 0.1251014
vn -0.3479437 0.3436058 -0.8722788
v -0.3374930 0.0842413 0.1366386
vn -0.8673549 0.4936411 -0.0633563
v -0.3374930 0.0842413 0.1366386
vn 0.6933579 0.1220969 0.7101741
v -0.1261585 0.1452338 -0.5446782
vn -0.9182850 0.0843968 -0.3868204
v -0.1261585 0.1452338 -0.5446782
vn -0.5456480 0.3375178 -0.7670398
v -0.1261585 0.1452338 -0.5446782
vn 0.8588494 0.0970922 0.5029423
v -0.1321664 0.1544793 -0.5362035
vn -0.0307869 0.9993562 0.0184260
v -0.1321664 0.1544793 -0.5362035
vn 0.7791921 0.1167915 -0.6158078
v -0.1321664 0.1544793 -0.5362035
vn 0.5111929 -0.3354720 -0.7912903
v -0.1505098 -0.0649068 -0.3092254
vn -0.2904609 -0.9568454 -0.0089096
v -0.1505098 -0.0649068 -0.3092254
vn 0.9050831 -0.3843583 -0.1819155
v -0.1505098 -0.0649068 -0.3092254
vn -0.6244215 -0.4526732 0.6365413
v -0.1871730 -0.0519615 -0.3383989
vn -0.6604561 -0.7466058 0.0798598
v -0.1871730 -0.0519615 -0.3383989
vn 0.5111924 -0.3354724 -0.7912906
v -0.1871730 -0.0519615 -0.3383989
vn 0.0070984 -0.5105336 -0.8598286
v -0.1871730 -0.0519615 -0.3383989
vn 0.6226122 -0.0067732 -0.7825013
v 0.2377685 -0.1102475 -0.5923369
vn 0.9339338 -0.0792538 0.3485493
v 0.2377685 -0.1102475 -0.5923369
vn 0.9719681 0.1164918 0.2042253
v 0.2377685 -0.1102475 -0.5923369
vn 0.3374040 -0.9400947 -0.0487911
v 0.2377685 -0.1102475 -0.5923369
vn -0.3603452 0.2934664 0.8854540
v -0.3080519 0.0989374 0.2096987
vn -0.0119123 0.5715865 -0.8204554
v -0.3080519 0.0989374 0.2096987
vn -0.9696593 0.0146894 -0.2440188
v -0.3080519 0.0989374 0.2096987
vn -0.1684774 0.5841828 -0.7939433
v -0.3276957 0.0919301 0.2043172
vn -0.4144308 0.2626721 0.8713499
v -0.3276957 0.0919301 0.2043172
vn 0.4328226 0.5520475 -0.7126768
v -0.1514325 0.0669539 -0.3082165
vn 0.3871763 0.9159685 -0.1053389
v -0.1514325 0.0669539 -0.3082165
vn 0.1548725 0.8185541 0.5531579
v -0.0790095 0.1184201 0.2574378
vn -0.4359663 -0.8633413 -0.2541167
v -0.0790095 0.1184201 0.2574378
vn -0.3278666 0.9404147 0.0901314
v -0.0790095 0.1184201 0.2574378
vn -0.4359664 -0.8633412 -0.2541167
v -0.0756485 0.1150411 0.2631520
vn -0.1235514 0.8616991 0.4921482
v -0.0756485 0.1150411 0.2631520
vn 0.0179395 0.9316291 0.3629676
v -0.0756485 0.1150411 0.2631520
vn 0.8227031 0.5680546 -0.0217659
v -0.0241040 0.1168569 0.2774400
vn -0.0616938 0.9269874 0.3699842
v -0.0241040 0.1168569 0.2774400
vn 0.3446169 0.1136801 -0.9318348
v -0.0241040 0.1168569 0.2774400
vn -0.0532313 0.9275655 0.3698497
v -0.0050226 0.1161185 0.2820381
vn 0.0610007 0.4603989 0.8856138
v -0.0050226 0.1161185 0.2820381
vn -0.4425429 -0.0533968 0.8951562
v -0.0050226 0.1161185 0.2820381
vn 0.2087778 0.6035869 -0.7694769
v -0.0050226 0.1161185 0.2820381
vn -0.5308989 0.6468415 -0.5474874
v -0.0050226 0.1161185 0.2820381
vn -0.2063305 0.6535676 -0.7282013
v -0.1990214 0.0435297 0.0232969
vn 0.1506496 0.1398426 -0.9786464
v -0.1990214 0.0435297 0.0232969
vn 0.0598178 0.3350420 -0.9403024
v -0.1990214 0.0435297 0.0232969
vn -0.2440029 0.4610908 -0.8531458
v -0.1990214 0.0435297 0.0232969
vn -0.9851154 0.1631885 -0.0540115
v -0.2096538 0.0006449 0.0195036
vn -0.2438277 0.0041664 -0.9698097
v -0.2096538 0.0006449 0.0195036
vn -0.6867047 -0.1320229 -0.7148473
v -0.2096538 0.0006449 0.0195036
vn -0.0603887 -0.0419570 0.9972928
v 0.1158787 -0.1398094 -0.5164155
vn -0.7591789 -0.1697329 0.6283615
v 0.1158787 -0.1398094 -0.5164155
vn 0.4658631 -0.1462158 -0.8726927
v 0.1158787 -0.1398094 -0.5164155
vn 0.0520150 0.5387803 0.8408391
v -0.1408232 0.1064446 0.2635018
vn -0.1992922 0.9124926 0.3572673
v -0.1408232 0.1064446 0.2635018
vn -0.4745058 -0.6204804 0.6243784
v -0.1408232 0.1064446 0.2635018
vn -0.1371883 0.9380036 0.3183218
v -0.1289326 0.1112769 0.2596699
vn 0.0520149 0.5387803 0.8408391
v -0.1289326 0.1112769 0.2596699
vn 0.9005706 -0.4199413 -0.1123472
v -0.1289326 0.1112769 0.2596699
vn 0.0231863 0.8719853 0.4889827
v -0.1289326 0.1112769 0.2596699
vn 0.4114831 -0.5924250 -0.6926141
v 0.2828444 -0.0465185 0.1422185
vn 0.3856731 -0.4075982 -0.8277197
v 0.2828444 -0.0465185 0.1422185
vn 0.4543566 -0.3740911 -0.8084652
v 0.2828444 -0.0465185 0.1422185
vn -0.7354816 -0.4136312 -0.5366340
v 0.2828444 -0.0465185 0.1422185
vn -0.9381072 0.1983894 0.2838956
v -0.1257437 0.0586506 0.0074855
vn 0.1313735 -0.0539633 0.9898632
v -0.1257437 0.0586506 0.0074855
vn -0.2174032 0.9755247 -0.0329766
v -0.1257437 0.0586506 0.0074855
vn -0.1256650 0.1379686 0.9824322
v -0.1032764 0.1099399 0.2635593
vn -0.6322944 0.6110323 -0.4762807
v -0.1032764 0.1099399 0.2635593
vn -0.2057936 0.0043896 0.9785856
v -0.1032764 0.1099399 0.2635593
vn -0.1543118 0.9732646 0.1701293
v -0.1032764 0.1099399 0.2635593
vn 0.5461971 0.3279669 0.7707831
v -0.1032764 0.1099399 0.2635593
vn 0.0652284 0.8293740 -0.5548730
v -0.1489123 0.0517761 -0.1253328
vn -0.3414605 0.2601568 0.9031739
v -0.1489123 0.0517761 -0.1253328
vn -0.4786858 -0.1609580 -0.8631063
v -0.1489123 0.0517761 -0.1253328
vn 0.4487381 0.6904652 -0.5673554
v -0.1555590 0.0508048 -0.1275658
vn -0.3414604 0.2601568 0.9031739
v -0.1555590 0.0508048 -0.1275658
vn -0.0394319 -0.0559928 0.9976523
v -0.1555590 0.0508048 -0.1275658
vn 0.9005706 -0.4199413 -0.1123473
v -0.1273440 0.1189850 0.2435922
vn 0.0771558 0.9837930 0.1618595
v -0.1273440 0.1189850 0.2435922
vn -0.0007757 0.9830672 0.1832439
v -0.1367425 0.1201411 0.2375821
vn -0.1333415 -0.4227671 -0.8963750
v -0.1367425 0.1201411 0.2375821
vn 0.0573030 0.9715701 -0.2297128
v -0.1457921 0.1186125 0.2396492
vn -0.3231530 -0.0631716 0.9442360
v -0.1457921 0.1186125 0.2396492
vn 0.9476486 0.2779653 0.1571542
v -0.1457921 0.1186125 0.2396492
vn -0.1873247 0.9467034 0.2620347
v -0.1457921 0.1186125 0.2396492
vn -0.0696331 0.9169614 0.3928524
v -0.1326394 0.1173106 0.2474052
vn -0.4504168 -0.5973355 0.6635625
v -0.1326394 0.1173106 0.2474052
vn -0.7869381 0.6035389 0.1283326
v -0.1326394 0.1173106 0.2474052
vn 0.0622070 0.9769590 0.2041606
v -0.1509763 0.1115495 0.2608587
vn 0.0520150 0.5387803 0.8408391
v -0.1509763 0.1115495 0.2608587
vn -0.7211186 0.6510638 0.2368630
v -0.1509763 0.1115495 0.2608587
vn -0.4745058 -0.6204804 0.6243784
v -0.1509763 0.1115495 0.2608587
vn -0.1909990 0.9518234 0.2398994
v -0.1635314 0.1168334 0.2325845
vn -0.0729875 0.9844496 0.1597873
v -0.1635314 0.1168334 0.2325845
vn -0.0042121 0.9942667 0.1068457
v -0.1512611 0.1181701 0.2313684
vn -0.1065907 0.9941526 0.0172943
v -0.1512611 0.1181701 0.2313684
vn 0.7142069 0.2800439 0.6414701
v 0.1311311 0.1418364 -0.4194888
vn 0.3136115 0.8858960 0.3418131
v 0.1311311 0.1418364 -0.4194888
vn 0.4435191 0.6843714 0.5787285
v 0.1322603 0.1460096 -0.4313405
vn 0.1793538 0.9649506 0.1915792
v 0.1322603 0.1460096 -0.4313405
vn 0.0642708 0.9631932 0.2610140
v 0.1163676 0.1411001 -0.4072180
vn 0.3764133 0.3001900 0.8764697
v 0.1163676 0.1411001 -0.4072180
vn -0.1067102 0.9018577 0.4186475
v -0.1348839 0.1363971 -0.4041817
vn 0.6608074 0.3779474 -0.6484514
v -0.1348839 0.1363971 -0.4041817
vn -0.0624331 0.4379939 -0.8968075
v -0.1348839 0.1363971 -0.4041817
vn -0.0828593 0.2122681 0.9736923
v -0.1506876 0.1304274 -0.3958437
vn -0.2768792 0.9014696 0.3327020
v -0.1506876 0.1304274 -0.3958437
vn -0.5871949 0.7705967 0.2477556
v -0.1710450 0.1263447 -0.4162211
vn -0.1648668 0.2238408 0.9605802
v -0.1706798 0.1226789 -0.3968975
vn -0.5217205 0.8363075 0.1685159
v -0.1706798 0.1226789 -0.3968975
vn -0.2563673 0.2401659 0.9362672
v -0.1848615 0.1101994 -0.3977459
vn -0.7184932 0.6755585 0.1654941
v -0.1848615 0.1101994 -0.3977459
vn -0.5443426 0.3478482 0.7633432
v -0.1848615 0.1101994 -0.3977459
vn -0.8171951 -0.4375198 -0.3751915
v -0.1911005 -0.1016509 -0.5179874
vn -0.7815648 -0.6103342 -0.1290289
v -0.1911005 -0.1016509 -0.5179874
vn -0.5181314 -0.1300637 -0.8453540
v -0.1911005 -0.1016509 -0.5179874
vn -0.8549254 -0.4568318 -0.2457789
v -0.1911005 -0.1016509 -0.5179874
vn -0.9705623 0.0366310 0.2380482
v 0.0121292 -0.1313134 0.2518732
vn -0.7329226 -0.1497653 0.6636226
v 0.0121292 -0.1313134 0.2518732
vn -0.0518624 -0.9242177 0.3783279
v 0.0121292 -0.1313134 0.2518732
vn -0.0664648 -0.9074302 0.4149133
v -0.0004750 -0.1340479 0.2436547
vn -0.5579298 0.4193782 0.7161259
v -0.0004750 -0.1340479 0.2436547
vn 0.0409961 -0.2046242 0.9779818
v -0.0004750 -0.1340479 0.2436547
vn -0.4305934 -0.9021560 0.0265326
v -0.1838752 -0.0526295 -0.3173701
vn -0.8293141 -0.5161109 0.2141675
v -0.1838752 -0.0526295 -0.3173701
vn -0.6696225 -0.7412288 0.0467517
v -0.1838752 -0.0526295 -0.3173701
vn 0.0002719 0.8967550 0.4425275
v -0.1194948 0.1099496 0.2605484
vn -0.9258215 -0.1488809 -0.3474033
v -0.1194948 0.1099496 0.2605484
vn -0.1816282 0.0964765 0.9786233
v -0.1194948 0.1099496 0.2605484
vn 0.1116504 0.4501434 -0.8859487
v -0.2267253 -0.0851623 0.0765040
vn 0.1665712 -0.8526491 -0.4952208
v -0.2267253 -0.0851623 0.0765040
vn 0.0195045 -0.8323719 -0.5538742
v -0.2267253 -0.0851623 0.0765040
vn 0.1116506 0.4501437 -0.8859486
v -0.2075920 -0.0833576 0.0798322
vn -0.2400902 -0.6412720 0.7287846
v -0.2075920 -0.0833576 0.0798322
vn -0.0524977 -0.9364848 -0.3467568
v -0.0342582 -0.0698219 0.0563683
vn -0.5182149 -0.2063234 -0.8299904
v -0.0342582 -0.0698219 0.0563683
vn 0.6396190 -0.0031135 0.7686858
v -0.0342582 -0.0698219 0.0563683
vn 0.0188512 0.9977335 -0.0645957
v 0.2121078 0.1305575 -0.5856375
vn 0.4846946 0.1083763 -0.8679434
v 0.2121078 0.1305575 -0.5856375
vn 0.1618015 0.1418564 -0.9765741
v 0.2233593 0.1567100 -0.5813352
vn 0.3488902 0.9353831 -0.0577425
v 0.2233593 0.1567100 -0.5813352
vn -0.6160703 0.6901632 0.3796474
v 0.1455559 0.1529227 -0.6036930
vn -0.0430252 0.8695740 -0.4919248
v 0.1455559 0.1529227 -0.6036930
vn -0.0786171 0.0152118 -0.9967889
v 0.1975648 0.1202437 -0.6072682
vn 0.7315079 0.0024971 -0.6818284
v 0.1848456 0.1009342 -0.6078960
vn 0.1898316 -0.0934427 -0.9773600
v 0.1848456 0.1009342 -0.6078960
vn 0.0604490 -0.0156559 -0.9980485
v -0.1461250 -0.1157555 -0.6234242
vn -0.0965163 -0.0171362 -0.9951839
v 0.2000329 -0.1112398 -0.6076180
vn -0.1460857 0.0369075 -0.9885832
v -0.2067765 0.0608270 -0.6275088
vn -0.7095041 0.0798680 -0.7001607
v -0.2067765 0.0608270 -0.6275088
vn 0.1061017 -0.2133325 -0.9712012
v -0.1717685 -0.1241615 -0.6244231
vn 0.0205791 -0.9936480 -0.1106356
v -0.1717685 -0.1241615 -0.6244231
vn -0.6528558 -0.0825047 -0.7529756
v -0.1717685 -0.1241615 -0.6244231
vn 0.1930758 0.1073591 -0.9752927
v 0.1947356 0.1298230 -0.6065999
vn -0.0142798 0.9991876 0.0376883
v 0.1947356 0.1298230 -0.6065999
vn -0.6530364 0.0545553 -0.7553591
v -0.1730454 0.1268184 -0.6243787
vn -0.0327017 0.9964426 -0.0776724
v -0.1730454 0.1268184 -0.6243787
vn 0.0748049 0.0255300 -0.9968714
v -0.1730454 0.1268184 -0.6243787
vn -0.3359882 0.1034959 -0.9361627
v -0.1730454 0.1268184 -0.6243787
vn -0.7212368 -0.0031988 -0.6926813
v -0.2090876 0.0194460 -0.6287124
vn -0.7470776 0.0562433 -0.6623533
v -0.2090876 0.0194460 -0.6287124
vn -0.7266524 0.0604839 -0.6843377
v -0.2090876 0.0194460 -0.6287124
vn 0.0703328 0.0036826 -0.9975169
v -0.2090876 0.0194460 -0.6287124
vn 0.0116177 -0.9999264 -0.0035196
v 0.1967933 -0.1210226 -0.6067836
vn 0.7493607 -0.1216360 -0.6508942
v 0.1967933 -0.1210226 -0.6067836
vn -0.0146825 -0.0821562 -0.9965113
v 0.1967933 -0.1210226 -0.6067836
vn -0.9732667 -0.0586077 -0.2220745
v -0.2123171 -0.0399888 -0.6250751
vn -0.9585643 -0.0898120 -0.2703487
v -0.2123171 -0.0399888 -0.6250751
vn -0.7319947 -0.1392647 -0.6669252
v -0.2123171 -0.0399888 -0.6250751
vn -0.2580648 -0.0455832 -0.9650517
v -0.2123171 -0.0399888 -0.6250751
vn 0.4157166 0.3812118 -0.8257465
v 0.2230909 0.1182470 -0.6105778
vn 0.0223970 -0.0352196 -0.9991286
v 0.2174276 -0.1113350 -0.6111652
vn 0.1148782 0.0683926 -0.9910225
v 0.2184042 0.1201698 -0.6110058
vn 0.2549597 0.2944224 -0.9210380
v 0.2194854 0.1274797 -0.6111360
vn 0.4216770 0.6677681 -0.6134121
v 0.2194854 0.1274797 -0.6111360
vn 0.5033442 0.0017771 -0.8640842
v 0.2337623 0.0121906 -0.6069484
vn 0.0495268 -0.0185618 -0.9986004
v 0.0588292 -0.1192674 -0.6140003
vn -0.5854662 0.1247791 -0.8010365
v -0.1935609 0.1258919 -0.6270326
vn 0.1200742 -0.0018498 -0.9927632
v -0.1935609 0.1258919 -0.6270326
vn -0.0603760 0.9551921 -0.2897637
v -0.1935609 0.1258919 -0.6270326
vn 0.2787709 0.6468622 -0.7098282
v 0.1909660 0.1543744 -0.6050987
vn 0.0490013 0.0319246 -0.9982884
v 0.0770596 0.1480731 -0.6118597
vn 0.0209111 0.8185304 -0.5740827
v 0.0770596 0.1480731 -0.6118597
vn 0.5071133 -0.1019166 -0.8558325
v 0.2274151 -0.1108662 -0.6083786
vn 0.5727780 -0.0125775 0.8196141
v 0.2452714 -0.0395473 -0.5963645
vn 0.6296501 -0.0215354 -0.7765804
v 0.2452714 -0.0395473 -0.5963645
vn -0.4855600 -0.1238874 -0.8653806
v -0.1683539 -0.1469092 -0.6230826
vn -0.6323319 -0.2278865 -0.7404217
v -0.1683539 -0.1469092 -0.6230826
vn 0.0608350 -0.9943482 -0.0870108
v -0.1683539 -0.1469092 -0.6230826
vn 0.0551576 -0.0504918 -0.9972003
v -0.1683539 -0.1469092 -0.6230826
vn 0.7972549 0.0665557 0.5999625
v 0.2382724 0.1200227 -0.5954369
vn 0.9962147 -0.0677553 0.0544572
v 0.2382724 0.1200227 -0.5954369
vn 0.6701099 0.0751316 -0.7384498
v 0.2382724 0.1200227 -0.5954369
vn 0.9905285 -0.0399828 0.1313579
v 0.2394510 -0.1106226 -0.5975795
vn 0.9471591 -0.0828605 0.3098770
v 0.2394510 -0.1106226 -0.5975795
vn 0.6132998 -0.1326266 -0.7786357
v 0.2394510 -0.1106226 -0.5975795
vn 0.6676989 -0.0419727 -0.7432473
v 0.2394510 -0.1106226 -0.5975795
vn -0.0143073 -0.0242204 -0.9996043
v 0.1830787 0.0001562 0.1060855
vn 0.6190406 -0.0602688 -0.7830431
v 0.1830787 0.0001562 0.1060855
vn 0.1568496 0.0000502 -0.9876226
v 0.1830787 0.0001562 0.1060855
vn -0.1114515 -0.5290159 -0.8412614
v -0.2014933 -0.0368246 -0.3475048
vn -0.9303563 -0.3435475 0.1281105
v -0.2014933 -0.0368246 -0.3475048
vn -0.7515069 -0.6525364 0.0971269
v -0.2014933 -0.0368246 -0.3475048
vn 0.2083944 -0.1510537 -0.9663098
v -0.2004215 -0.0365992 0.0204146
vn -0.8021334 -0.5790042 -0.1460688
v -0.2004215 -0.0365992 0.0204146
vn -0.1901522 -0.6483047 -0.7372538
v -0.1930200 -0.0483310 0.0262733
vn -0.2378728 -0.4355673 -0.8681577
v -0.1930200 -0.0483310 0.0262733
vn -0.8021336 -0.5790041 -0.1460685
v -0.1930200 -0.0483310 0.0262733
vn -0.0523347 -0.4723969 -0.8798309
v -0.1930200 -0.0483310 0.0262733
vn 0.0185103 0.0334526 0.9992689
v -0.1904819 0.1155886 0.2408472
vn -0.4883060 -0.0052349 0.8726568
v -0.1904819 0.1155886 0.2408472
vn -0.0811715 0.9376131 -0.3380724
v -0.1904819 0.1155886 0.2408472
vn 0.3440739 0.8730723 -0.3454824
v -0.1901110 0.1101591 0.2410220
vn 0.0185103 0.0334526 0.9992689
v -0.1901110 0.1101591 0.2410220
vn -0.4883060 -0.0052349 0.8726568
v -0.1901110 0.1101591 0.2410220
vn -0.9715156 -0.1868326 -0.1457775
v -0.1741439 0.1145130 0.2405805
vn -0.2050172 0.8079090 0.5524954
v -0.1741439 0.1145130 0.2405805
vn 0.0185104 0.0334526 0.9992689
v -0.1741439 0.1145130 0.2405805
vn -0.0267501 0.9323027 0.3606885
v -0.1741439 0.1145130 0.2405805
vn 0.2279318 -0.3405118 -0.9121945
v 0.1908346 -0.0530749 0.1204322
vn -0.0334307 -0.5053433 -0.8622706
v 0.1908346 -0.0530749 0.1204322
vn 0.0852739 -0.7188435 -0.6899220
v 0.1881893 -0.0740779 0.1349377
vn -0.0322076 -0.5746117 -0.8177923
v 0.1881893 -0.0740779 0.1349377
vn 0.1292180 -0.6795590 -0.7221512
v 0.2458625 -0.0665618 0.1373914
vn 0.3945179 -0.6180184 -0.6800065
v 0.2458625 -0.0665618 0.1373914
vn 0.2207997 -0.5331699 -0.8166869
v 0.2458625 -0.0665618 0.1373914
vn 0.0070187 -0.8515810 -0.5241762
v 0.1858574 -0.0935557 0.1553414
vn 0.1506687 -0.7895135 -0.5949516
v 0.1858574 -0.0935557 0.1553414
vn 0.1907947 -0.3547131 -0.9153011
v 0.2250232 -0.0263525 0.1152006
vn 0.1286186 -0.9915369 -0.0176637
v 0.2250232 -0.0263525 0.1152006
vn 0.1907814 -0.3292471 -0.9247696
v 0.2239525 -0.0450163 0.1213387
vn 0.2715502 0.1068225 -0.9564776
v 0.2461135 -0.0468347 0.1252596
vn 0.1313227 0.1446373 -0.9807316
v 0.2460368 0.0058268 0.1131586
vn 0.3822570 0.1326293 -0.9144885
v 0.2460368 0.0058268 0.1131586
vn 0.2723114 -0.0614642 -0.9602441
v 0.2460368 0.0058268 0.1131586
vn 0.0180823 -0.0078699 -0.9998055
v 0.1911936 0.0010887 0.1062250
vn 0.1269836 -0.0185578 -0.9917312
v 0.1911936 0.0010887 0.1062250
vn 0.2197879 0.2106651 -0.9525300
v -0.1301106 0.0513535 -0.0085009
vn -0.7341593 0.2821666 0.6175696
v -0.1301106 0.0513535 -0.0085009
vn 0.8329025 -0.2669481 0.4847805
v -0.1370308 0.0506439 -0.0145195
vn 0.3970143 0.7394651 -0.5436646
v -0.1370308 0.0506439 -0.0145195
vn -0.6100613 0.4565235 0.6476199
v -0.1370308 0.0506439 -0.0145195
vn -0.4479178 0.5247174 0.7239070
v -0.2842411 0.0644630 0.2974816
vn -0.1025841 0.2543423 0.9616582
v -0.2842411 0.0644630 0.2974816
vn 0.4149878 0.0750055 0.9067301
v -0.2842411 0.0644630 0.2974816
vn -0.0670488 0.1936851 0.9787700
v -0.2842411 0.0644630 0.2974816
vn -0.9844721 0.1431450 0.1016078
v -0.2842411 0.0644630 0.2974816
vn -0.0199594 0.9979426 -0.0609285
v 0.1149479 0.1536147 -0.5346156
vn -0.6111341 0.1142063 -0.7832447
v 0.1149479 0.1536147 -0.5346156
vn 0.4762585 0.4585581 -0.7502682
v 0.1149479 0.1536147 -0.5346156
vn 0.8218732 -0.1562825 0.5478141
v 0.0639112 -0.0387608 0.3460517
vn -0.0563486 -0.2784186 0.9588055
v 0.0639112 -0.0387608 0.3460517
vn -0.2728554 -0.4691699 0.8398986
v 0.0673571 -0.0627022 0.3364258
vn -0.1013537 -0.3742571 0.9217696
v 0.0762834 -0.0426058 0.3444014
vn 0.0528729 -0.3291493 0.9427965
v 0.0762834 -0.0426058 0.3444014
vn -0.0156590 -0.9747648 -0.2226849
v -0.0299195 -0.0689762 0.0527615
vn 0.8825553 -0.4049773 -0.2389343
v -0.0299195 -0.0689762 0.0527615
vn 0.6396191 -0.0031136 0.7686857
v -0.0299195 -0.0689762 0.0527615
vn -0.0850274 -0.9960874 -0.0240906
v -0.0299195 -0.0689762 0.0527615
vn -0.2833580 0.5365753 -0.7948555
v -0.1819920 0.1092837 0.2528204
vn 0.9326782 0.3395282 -0.1217874
v -0.1819920 0.1092837 0.2528204
vn 0.1045429 0.9942013 -0.0251917
v -0.1819920 0.1092837 0.2528204
vn 0.1016012 0.0623252 -0.9928710
v -0.1819920 0.1092837 0.2528204
vn -0.8695453 0.1087392 -0.4817331
v -0.1743011 0.1083902 0.2494755
vn -0.0756451 0.9435201 0.3225645
v -0.1743011 0.1083902 0.2494755
vn -0.0837564 -0.9694552 0.2305246
v -0.0546089 -0.1191050 0.2502521
vn 0.1023199 -0.8976765 0.4286112
v -0.0546089 -0.1191050 0.2502521
vn 0.1060131 -0.5395309 -0.8352651
v -0.1702566 -0.1163138 0.2358225
vn -0.0480799 -0.9498789 -0.3088988
v -0.1702566 -0.1163138 0.2358225
vn 0.8484876 -0.5089421 0.1450752
v -0.1702566 -0.1163138 0.2358225
vn -0.0343087 -0.9495429 0.3117552
v -0.1702566 -0.1163138 0.2358225
vn 0.1060132 -0.5395310 -0.8352650
v -0.1947760 -0.1134616 0.2308682
vn -0.2800397 -0.9311978 0.2333420
v -0.1947760 -0.1134616 0.2308682
vn -0.1227549 -0.9808935 -0.1509279
v -0.1947760 -0.1134616 0.2308682
vn 0.4271685 0.2992197 -0.8532261
v 0.1194198 0.1470780 -0.5145139
vn -0.0653902 0.2253957 0.9720705
v 0.1194198 0.1470780 -0.5145139
vn -0.2516325 -0.0235537 -0.9675362
v 0.1194198 0.1470780 -0.5145139
vn 0.6773403 -0.0233707 0.7352986
v 0.1194198 0.1470780 -0.5145139
vn -0.0242057 0.9996560 0.0101057
v -0.1220427 0.1549376 -0.5488020
vn 0.6209496 0.0684786 0.7808536
v -0.1220427 0.1549376 -0.5488020
vn -0.5903842 -0.1526008 0.7925652
v -0.1220427 0.1549376 -0.5488020
vn -0.0046024 0.9954077 -0.0956160
v -0.1220427 0.1549376 -0.5488020
vn -0.4685993 0.1220854 0.8749343
v -0.1862453 0.1524586 -0.5301667
vn -0.6673908 0.5714043 0.4775842
v -0.1862453 0.1524586 -0.5301667
vn -0.0554508 0.9961499 0.0679018
v -0.1862453 0.1524586 -0.5301667
vn -0.2589360 0.1243610 0.9578552
v -0.1617125 0.1531890 -0.5208477
vn -0.0320590 0.9989891 0.0315130
v -0.1617125 0.1531890 -0.5208477
vn -0.3311595 0.9433414 -0.0209867
v -0.1963505 0.1538989 -0.5759896
vn 0.0106995 0.4903043 -0.8714857
v -0.1963505 0.1538989 -0.5759896
vn -0.1214675 0.9924532 0.0168052
v -0.2002185 0.1530610 -0.5504138
vn -0.8306630 0.4791515 0.2835715
v -0.2002185 0.1530610 -0.5504138
vn 0.1908769 -0.7314964 0.6545831
v -0.0552636 -0.1117364 0.2655862
vn -0.0797765 0.8118886 0.5783362
v -0.0552636 -0.1117364 0.2655862
vn -0.0657307 -0.9098614 0.4096728
v -0.0552636 -0.1117364 0.2655862
vn -0.0367153 -0.9268423 0.3736513
v -0.0466438 -0.1153112 0.2562964
vn 0.7288812 -0.5889952 0.3490227
v -0.0466438 -0.1153112 0.2562964
vn -0.0797765 0.8118884 0.5783365
v -0.0664774 -0.1132011 0.2660954
vn -0.1104433 -0.9122608 0.3944396
v -0.0664774 -0.1132011 0.2660954
vn -0.5208809 -0.2297397 0.8221331
v -0.3285955 -0.0918823 0.2031417
vn -0.3518699 -0.5888460 -0.7276317
v -0.3285955 -0.0918823 0.2031417
vn -0.2279010 -0.3708029 -0.9003146
v -0.3285955 -0.0918823 0.2031417
vn -0.5745440 -0.3103806 0.7573395
v -0.3065560 -0.0998062 0.2089391
vn 0.0182692 -0.5567822 -0.8304576
v -0.3065560 -0.0998062 0.2089391
vn -0.0033146 -0.5815453 -0.8135073
v -0.3056347 -0.1053630 0.2126849
vn -0.9247382 -0.3059240 -0.2264282
v -0.3056347 -0.1053630 0.2126849
vn -0.2036063 -0.9717652 0.1192349
v -0.3056347 -0.1053630 0.2126849
vn -0.8510577 -0.5224975 0.0519351
v -0.3291160 -0.0979923 0.2084198
vn -0.3368726 -0.9059637 0.2564113
v -0.3291160 -0.0979923 0.2084198
vn -0.1903817 -0.6324213 -0.7508650
v -0.3291160 -0.0979923 0.2084198
vn 0.3385118 0.8684058 -0.3623276
v -0.1289057 0.1171821 0.2378119
vn 0.9005706 -0.4199412 -0.1123474
v -0.1289057 0.1171821 0.2378119
vn -0.2122676 0.8885525 0.4067148
v -0.1289057 0.1171821 0.2378119
vn -0.2407600 0.9700022 0.0336236
v -0.1143716 0.0593668 -0.0317574
vn -0.9709317 0.0120466 0.2390533
v -0.1143716 0.0593668 -0.0317574
vn -0.9415464 0.3328812 -0.0517736
v -0.1143716 0.0593668 -0.0317574
vn -0.2518989 -0.1986219 -0.9471517
v -0.1143716 0.0593668 -0.0317574
vn 0.8852555 -0.2016609 0.4191131
v -0.1093032 -0.1412973 -0.5327959
vn -0.9858145 -0.1649130 0.0312029
v -0.1093032 -0.1412973 -0.5327959
vn -0.8566968 0.0234579 -0.5152866
v -0.1093032 -0.1412973 -0.5327959
vn -0.6458969 0.2830667 -0.7090067
v 0.0106770 -0.0783273 0.0785899
vn 0.0838912 -0.8347411 -0.5442147
v 0.0106770 -0.0783273 0.0785899
vn 0.9836752 -0.1759455 -0.0377670
v 0.0106770 -0.0783273 0.0785899
vn -0.8625010 -0.3960606 0.3150052
v -0.1920661 -0.0428054 -0.3039539
vn -0.7249247 -0.6862192 0.0598956
v -0.1920661 -0.0428054 -0.3039539
vn -0.9050547 -0.3901437 0.1693039
v -0.2010306 -0.0303599 -0.3301345
vn -0.9482856 -0.2847558 0.1402452
v -0.2010306 -0.0303599 -0.3301345
vn -0.7847651 -0.6192615 -0.0256694
v -0.2010306 -0.0303599 -0.3301345
vn -0.7150325 -0.6900544 0.1120425
v -0.1753214 -0.0550751 -0.2886643
vn -0.7566254 -0.4819216 0.4418933
v -0.1753214 -0.0550751 -0.2886643
vn -0.5507818 -0.8237869 0.1342186
v -0.1753214 -0.0550751 -0.2886643
vn -0.8797721 -0.4129873 0.2354626
v -0.1646541 -0.0606499 -0.2727898
vn -0.2146013 -0.9762177 0.0307452
v -0.1646541 -0.0606499 -0.2727898
vn -0.4822591 0.1946867 0.8541214
v -0.3297121 0.0916482 0.1745942
vn -0.2286861 0.4767399 -0.8487766
v -0.3297121 0.0916482 0.1745942
vn 0.0766862 -0.9288387 -0.3624609
v 0.1925966 -0.1117363 0.1896765
vn 0.0531675 -0.9585801 -0.2798167
v 0.1925966 -0.1117363 0.1896765
vn 0.0906863 -0.9298679 -0.3565413
v 0.2008208 -0.1111028 0.1904230
vn 0.0988834 -0.8961990 -0.4324921
v 0.2025131 -0.1080245 0.1842662
vn 0.1606849 -0.8472260 -0.5063484
v 0.2270584 -0.0873826 0.1560880
vn 0.0838069 -0.7836542 -0.6155182
v 0.2054217 -0.0889825 0.1516253
vn 0.4308657 -0.7220265 -0.5413248
v 0.2798984 -0.0921600 0.1877134
vn 0.3925900 -0.8715124 -0.2938355
v 0.2798984 -0.0921600 0.1877134
vn 0.3561964 -0.8324531 -0.4244362
v 0.2798984 -0.0921600 0.1877134
vn 0.2209892 -0.9555538 -0.1951433
v 0.2450484 -0.0856274 0.1551870
vn 0.0564448 -0.7438486 -0.6659604
v 0.1942742 -0.0826056 0.1452894
vn 0.1546711 -0.7981035 -0.5823296
v 0.1936330 -0.0927218 0.1568870
vn 0.0585366 -0.8603675 -0.5063015
v 0.1952959 -0.1016226 0.1698936
vn 0.2122873 -0.8958419 -0.3903863
v 0.2455318 -0.1006251 0.1763933
vn 0.1820991 0.1792673 -0.9668005
v 0.2455318 -0.1006251 0.1763933
vn 0.0336281 -0.8869750 -0.4605915
v 0.1929094 -0.1081643 0.1815512
vn -0.3218327 -0.7260504 -0.6076796
v 0.2012920 -0.0917772 0.1580631
vn 0.1217953 -0.6651681 -0.7366935
v 0.2045264 -0.0813214 0.1438841
vn 0.0688636 -0.7100368 -0.7007892
v 0.2045264 -0.0813214 0.1438841
vn 0.1084978 -0.7352316 -0.6690761
v 0.2045264 -0.0813214 0.1438841
vn 0.1128953 -0.6038966 -0.7890270
v 0.2036698 -0.0724885 0.1357672
vn 0.1079799 -0.6669813 -0.7372085
v 0.2036698 -0.0724885 0.1357672
vn 0.9645598 0.1768396 -0.1958372
v 0.0110184 0.0726689 0.0819185
vn -0.8854329 0.1391294 -0.4434542
v 0.0110184 0.0726689 0.0819185
vn 0.0704130 0.8200870 -0.5678903
v 0.0096004 0.0823843 0.0786468
vn 0.9627050 0.0510435 -0.2656947
v 0.0096004 0.0823843 0.0786468
vn -0.6471151 -0.3264645 -0.6889579
v 0.0096004 0.0823843 0.0786468
vn -0.0620256 0.9814841 0.1812229
v -0.1055631 0.1146616 0.2631707
vn 0.3100978 0.9288111 -0.2028532
v -0.1055631 0.1146616 0.2631707
vn 0.5461969 0.3279669 0.7707831
v -0.1055631 0.1146616 0.2631707
vn -0.2124968 -0.0225009 0.9769027
v -0.1055631 0.1146616 0.2631707
vn -0.1757405 0.9839027 -0.0324172
v -0.1345767 0.0573467 0.0189930
vn -0.0272751 0.2545097 -0.9666855
v -0.1345767 0.0573467 0.0189930
vn -0.1002173 0.9493232 -0.2978961
v -0.1345767 0.0573467 0.0189930
vn 0.9856296 -0.1166265 -0.1221988
v -0.1345767 0.0573467 0.0189930
vn -0.0446500 -0.8886774 0.4563539
v -0.0154378 -0.1321514 0.2446787
vn -0.0051904 0.0494300 0.9987642
v -0.0154378 -0.1321514 0.2446787
vn 0.6382731 -0.0830570 0.7653163
v -0.0154378 -0.1321514 0.2446787
vn 0.6698014 -0.0328000 0.7418156
v -0.0276517 -0.1272582 0.2559233
vn 0.8933147 -0.3958880 0.2127475
v -0.0276517 -0.1272582 0.2559233
vn -0.0906704 -0.9288746 0.3591253
v -0.0276517 -0.1272582 0.2559233
vn 0.0031551 0.8279477 0.5607966
v -0.0574814 0.1148436 0.2662027
vn -0.0848844 0.8863454 0.4551775
v -0.0574814 0.1148436 0.2662027
vn -0.0247831 0.9327084 0.3597791
v -0.0493599 0.1202627 0.2549613
vn 0.1313932 0.9141074 0.3835930
v -0.0493599 0.1202627 0.2549613
vn -0.0987976 0.8563728 -0.5068182
v -0.2064346 0.0552421 0.0380891
vn -0.1447006 0.5708153 -0.8082275
v -0.2064346 0.0552421 0.0380891
vn 0.0812454 0.0203912 -0.9964856
v -0.2064346 0.0552421 0.0380891
vn -0.0341581 0.7928486 -0.6084607
v -0.2064346 0.0552421 0.0380891
vn -0.0181644 0.9588512 -0.2833274
v -0.0735429 0.0695453 0.0472680
vn -0.1214453 0.2101006 -0.9701076
v -0.0735429 0.0695453 0.0472680
vn 0.0810283 0.0273356 -0.9963369
v -0.2436176 0.0409806 0.0346739
vn -0.3084452 0.5054604 -0.8058358
v -0.2436176 0.0409806 0.0346739
vn -0.2628992 0.3530098 -0.8979244
v -0.2436176 0.0409806 0.0346739
vn -0.1447007 0.5708153 -0.8082275
v -0.2436176 0.0409806 0.0346739
vn -0.2176715 0.5411994 0.8122330
v -0.2436176 0.0409806 0.0346739
vn -0.0430826 0.9845190 -0.1699009
v -0.0617307 0.0690136 0.0411917
vn -0.5620068 0.3387886 -0.7545666
v -0.0617307 0.0690136 0.0411917
vn -0.9276036 0.3202516 0.1923294
v -0.0617307 0.0690136 0.0411917
vn -0.0864550 0.9960607 -0.0197130
v -0.0617307 0.0690136 0.0411917
vn 0.8902376 0.0064482 -0.4554509
v 0.1876166 -0.0431724 -0.4503376
vn 0.6467102 -0.0173412 0.7625388
v 0.1876166 -0.0431724 -0.4503376
vn 0.3811765 -0.8729684 -0.3043528
v 0.2767498 -0.1033296 0.2148750
vn 0.3324196 -0.8828695 -0.3317209
v 0.2767498 -0.1033296 0.2148750
vn 0.0409581 -0.5859554 0.8093076
v 0.2767498 -0.1033296 0.2148750
vn 0.4204204 -0.7226893 -0.5486045
v 0.2923119 -0.0882772 0.1921115
vn 0.9915773 -0.1294045 0.0053999
v 0.2923119 -0.0882772 0.1921115
vn 0.6702238 -0.7135332 -0.2041337
v 0.2923119 -0.0882772 0.1921115
vn 0.4208132 -0.8980519 -0.1281369
v 0.2889813 -0.1017940 0.2284232
vn 0.9881411 0.0573920 0.1424193
v 0.2889813 -0.1017940 0.2284232
vn 0.2272137 -0.6943668 -0.6828095
v 0.2599208 -0.1096432 0.2152288
vn -0.9189726 -0.3531329 -0.1754612
v 0.2599208 -0.1096432 0.2152288
vn -0.9086142 -0.3804294 -0.1723184
v 0.2571920 -0.1137505 0.2386859
vn -0.3281258 -0.4306969 0.8407339
v 0.2571920 -0.1137505 0.2386859
vn 0.3273148 -0.9412833 -0.0827694
v 0.2571920 -0.1137505 0.2386859
vn 0.1044609 -0.3046953 -0.9467041
v -0.2487932 -0.1184987 0.1442815
vn -0.0787792 -0.9926094 -0.0923060
v -0.2487932 -0.1184987 0.1442815
vn 0.9474072 -0.3004995 -0.1100900
v -0.1983458 -0.1233613 0.1597351
vn -0.0630859 -0.9849238 -0.1610760
v -0.1983458 -0.1233613 0.1597351
vn -0.1256600 -0.1161034 0.9852561
v -0.1983458 -0.1233613 0.1597351
vn -0.8245605 -0.0681021 -0.5616601
v 0.0116885 -0.0688777 0.0814412
vn 0.9807838 -0.1445245 0.1310569
v 0.0116885 -0.0688777 0.0814412
vn -0.8636942 -0.3125062 -0.3954394
v 0.0128683 -0.0655747 0.0762540
vn -0.3330331 -0.3714736 0.8666582
v 0.0128683 -0.0655747 0.0762540
vn 0.9858451 -0.1672462 0.0117602
v 0.0128683 -0.0655747 0.0762540
vn -0.3330331 -0.3714736 0.8666581
v 0.0106196 -0.0738709 0.0718338
vn 0.9721575 -0.1917265 -0.1347253
v 0.0106196 -0.0738709 0.0718338
vn 0.0819412 -0.9137544 -0.3979179
v 0.0106196 -0.0738709 0.0718338
vn 0.6346877 -0.3395699 0.6941641
v 0.1289474 -0.1393275 -0.5207653
vn -0.8436141 -0.2826640 -0.4565265
v 0.1289474 -0.1393275 -0.5207653
vn 0.9973528 0.0240872 0.0686088
v 0.1289474 -0.1393275 -0.5207653
vn -0.8098141 -0.3269840 -0.4871166
v -0.1261569 -0.0569469 0.0197337
vn 0.3319510 0.2323975 -0.9142210
v -0.1261569 -0.0569469 0.0197337
vn -0.1374736 -0.9897279 -0.0392390
v -0.1261569 -0.0569469 0.0197337
vn -0.2100052 -0.9696705 -0.1250479
v -0.1347308 -0.0552197 0.0170596
vn 0.3319509 0.2323976 -0.9142210
v -0.1347308 -0.0552197 0.0170596
vn 0.8890073 -0.4578635 0.0052025
v -0.1347308 -0.0552197 0.0170596
vn -0.1386149 -0.9730844 -0.1840999
v -0.1347308 -0.0552197 0.0170596
vn 0.8255051 -0.1523644 0.5434394
v 0.1114838 -0.1395185 -0.5308531
vn -0.9831740 -0.0878877 -0.1601402
v 0.1114838 -0.1395185 -0.5308531
vn -0.4682474 -0.0580979 -0.8816854
v 0.1114838 -0.1395185 -0.5308531
vn 0.0489115 -0.9964532 -0.0684749
v 0.1250650 -0.1462433 -0.5331859
vn 0.7639691 -0.1700716 -0.6224363
v 0.1250650 -0.1462433 -0.5331859
vn -0.1351136 -0.4889160 -0.8618036
v 0.1250650 -0.1462433 -0.5331859
vn 0.1060131 -0.5395308 -0.8352651
v -0.1682091 -0.1133686 0.2341799
vn -0.1510343 -0.8973857 0.4145935
v -0.1682091 -0.1133686 0.2341799
vn 0.8604465 -0.4888932 0.1435807
v -0.1682091 -0.1133686 0.2341799
vn -0.3330331 -0.3714736 0.8666582
v 0.0172719 -0.0748536 0.0739690
vn 0.0913324 -0.8709050 -0.4828902
v 0.0172719 -0.0748536 0.0739690
vn -0.7712862 0.0703599 -0.6325876
v 0.0172719 -0.0748536 0.0739690
vn -0.9012046 -0.4102160 0.1398325
v -0.1238418 -0.1482412 -0.5305581
vn -0.0407162 -0.9979601 0.0491726
v -0.1238418 -0.1482412 -0.5305581
vn -0.2882601 -0.0590124 0.9557320
v -0.1238418 -0.1482412 -0.5305581
vn -0.2856495 0.3487817 0.8926117
v 0.0157066 0.0789633 0.0745323
vn -0.8071927 -0.0843417 -0.5842316
v 0.0157066 0.0789633 0.0745323
vn 0.1036187 0.8399696 -0.5326485
v 0.0157066 0.0789633 0.0745323
vn -0.2106094 -0.9769684 -0.0343003
v -0.1343762 -0.0546370 0.0077341
vn -0.1764532 -0.1222575 0.9766870
v -0.1343762 -0.0546370 0.0077341
vn 0.9642098 -0.2405394 -0.1115363
v -0.1343762 -0.0546370 0.0077341
vn -0.2221343 -0.9736919 -0.0507977
v -0.1343762 -0.0546370 0.0077341
vn -0.1215034 -0.9756459 0.1826254
v -0.2193338 -0.0994394 0.2071765
vn 0.9517195 -0.2849843 -0.1140793
v -0.2193338 -0.0994394 0.2071765
vn 0.9409748 -0.3131135 -0.1285556
v -0.2107895 -0.0983549 0.2640947
vn 0.1331799 -0.3680227 -0.9202296
v -0.2107895 -0.0983549 0.2640947
vn 0.0079418 -0.9506189 -0.3102593
v -0.2107895 -0.0983549 0.2640947
vn 0.0167637 -0.9649897 0.2617518
v 0.0042892 -0.1009916 -0.3806899
vn 0.0176748 -0.1473724 0.9889232
v 0.0042892 -0.1009916 -0.3806899
vn 0.2951432 -0.9527128 0.0723114
v 0.1578978 -0.0955030 -0.4338299
vn 0.6698253 -0.5129128 0.5368934
v 0.1578978 -0.0955030 -0.4338299
vn 0.6992342 -0.2529446 0.6686483
v 0.1578978 -0.0955030 -0.4338299
vn 0.6371470 -0.5329358 -0.5567973
v 0.1578978 -0.0955030 -0.4338299
vn -0.0555151 -0.1025181 0.9931809
v 0.1578978 -0.0955030 -0.4338299
vn -0.8440592 0.5160013 -0.1459685
v -0.1200019 0.1143304 0.2600223
vn -0.1876436 0.0742104 0.9794298
v -0.1200019 0.1143304 0.2600223
vn -0.0258000 0.9414018 0.3362989
v -0.1156840 0.1144510 0.2484635
vn -0.9150854 0.3821276 0.1288302
v -0.1156840 0.1144510 0.2484635
vn -0.1243732 0.9570002 0.2620724
v -0.1231466 0.1194376 0.2375481
vn -0.2826143 0.9420611 0.1806933
v -0.1231466 0.1194376 0.2375481
vn -0.3408197 0.8902259 0.3022248
v -0.1135780 0.1185029 0.2490626
vn -0.1437364 0.9896151 -0.0013883
v -0.1082411 0.1206254 0.2423372
vn 0.9802533 -0.0659964 0.1864078
v -0.1082411 0.1206254 0.2423372
vn -0.0683279 0.8678498 0.4921058
v -0.1082411 0.1206254 0.2423372
vn -0.1256650 0.1379686 0.9824322
v -0.0988996 0.1144154 0.2634907
vn -0.8305830 0.4296975 -0.3542486
v -0.0988996 0.1144154 0.2634907
vn 0.2262975 0.9168572 0.3288805
v -0.0988996 0.1144154 0.2634907
vn -0.1000891 0.9504835 0.2942165
v -0.1091539 0.1188207 0.2372436
vn -0.1427637 0.9407067 -0.3077167
v -0.1091539 0.1188207 0.2372436
vn 0.2864576 -0.3274094 -0.9004139
v -0.1091539 0.1188207 0.2372436
vn -0.0259521 0.9628987 0.2686124
v -0.1114537 0.1153608 0.2573674
vn 0.9802533 -0.0659965 0.1864076
v -0.1114537 0.1153608 0.2573674
vn 0.2894461 0.4884226 -0.8232037
v -0.1114537 0.1153608 0.2573674
vn 0.0197323 0.9846392 0.1734830
v -0.1829011 0.1091967 0.2456165
vn 0.9326782 0.3395282 -0.1217874
v -0.1829011 0.1091967 0.2456165
vn -0.3537742 0.3419218 -0.8705936
v -0.1829011 0.1091967 0.2456165
vn 0.9982674 -0.0494962 -0.0318186
v -0.1095802 -0.1412883 -0.5415030
vn 0.7252653 -0.1931966 -0.6608066
v -0.1095802 -0.1412883 -0.5415030
vn -0.8785157 -0.2174801 0.4253383
v -0.1095802 -0.1412883 -0.5415030
vn -0.5397092 0.2612508 -0.8002887
v -0.0353067 0.0725911 0.0566720
vn 0.7695884 0.3825837 0.5112371
v -0.0353067 0.0725911 0.0566720
vn -0.0468332 0.9903629 -0.1303382
v -0.0353067 0.0725911 0.0566720
vn -0.0764496 0.9438581 -0.3213837
v -0.0353067 0.0725911 0.0566720
vn 0.0846585 0.9503438 0.2994657
v -0.0566556 0.1220878 0.2508588
vn 0.0568020 0.9457948 0.3197590
v -0.0566556 0.1220878 0.2508588
vn 0.8964956 0.2429634 0.3704922
v -0.1300925 0.1454401 -0.5352941
vn -0.9655175 0.1675959 0.1992177
v -0.1300925 0.1454401 -0.5352941
vn 0.7561761 0.1551971 -0.6356978
v -0.1300925 0.1454401 -0.5352941
vn -0.1153684 0.9693635 0.2168517
v -0.1016439 0.1224713 0.2383053
vn 0.2864576 -0.3274094 -0.9004139
v -0.1016439 0.1224713 0.2383053
vn 0.4365051 -0.3689298 -0.8205816
v -0.1315424 -0.0547321 -0.0069583
vn -0.8919479 0.3743967 -0.2534883
v -0.1315424 -0.0547321 -0.0069583
vn -0.2209360 -0.9746124 -0.0363074
v -0.1315424 -0.0547321 -0.0069583
vn -0.2108192 -0.9773759 -0.0170798
v -0.1315424 -0.0547321 -0.0069583
vn -0.2755402 -0.9612870 0.0022662
v -0.1315424 -0.0547321 -0.0069583
vn -0.9939317 0.1005362 0.0446373
v -0.2059219 0.0136667 -0.3345045
vn -0.9883797 0.1095759 0.1053513
v -0.2059219 0.0136667 -0.3345045
vn -0.9144180 0.3766791 0.1481643
v -0.2013329 0.0324885 -0.3299888
vn -0.9247665 0.3655701 0.1056668
v -0.2013329 0.0324885 -0.3299888
vn 0.9666514 -0.2006779 0.1591022
v 0.1102259 -0.1394741 -0.5231544
vn 0.7508983 -0.1695069 -0.6382940
v 0.1102259 -0.1394741 -0.5231544
vn -0.9025552 -0.3387278 0.2658148
v 0.1102259 -0.1394741 -0.5231544
vn -0.0152755 0.9994732 0.0286368
v 0.1263988 0.1484637 -0.4784235
vn 0.6329736 0.7223432 0.2785045
v 0.1263988 0.1484637 -0.4784235
vn 0.7068704 0.4136170 -0.5738078
v 0.1263988 0.1484637 -0.4784235
vn 0.0100653 0.9944837 0.1044075
v 0.1026731 0.1479931 -0.4449638
vn 0.5494544 0.7228180 0.4190874
v 0.1026731 0.1479931 -0.4449638
vn 0.0830796 0.4786876 0.8740457
v 0.1026731 0.1479931 -0.4449638
vn 0.5861591 0.7450934 0.3182036
v 0.1373720 0.1412653 -0.4296476
vn 0.8075375 0.3475327 0.4765546
v 0.1373720 0.1412653 -0.4296476
vn 0.5453029 0.5198658 0.6575595
v 0.1373720 0.1412653 -0.4296476
vn 0.2393963 0.9195648 0.3115929
v 0.1666937 0.1459719 -0.4576846
vn 0.6581752 0.2750042 0.7008410
v 0.1666937 0.1459719 -0.4576846
vn 0.4850765 0.3866211 0.7843629
v 0.1666937 0.1459719 -0.4576846
vn 0.9626891 0.2586625 0.0795203
v 0.1666937 0.1459719 -0.4576846
vn 0.7316670 0.2410351 0.6376249
v 0.1562830 0.1026633 -0.4335420
vn 0.6487117 0.5198032 0.5558577
v 0.1562830 0.1026633 -0.4335420
vn -0.1121278 0.0388407 0.9929345
v 0.1562830 0.1026633 -0.4335420
vn 0.3759545 0.9223846 -0.0886841
v 0.1562830 0.1026633 -0.4335420
vn 0.0224252 0.8118430 0.5834451
v -0.0573231 0.1165137 0.2576998
vn -0.0486224 0.3919450 -0.9187029
v -0.0573231 0.1165137 0.2576998
vn -0.6664494 -0.2867233 0.6882114
v -0.0573231 0.1165137 0.2576998
vn -0.1819721 -0.9622861 0.2022170
v -0.0580474 -0.1206768 0.2446066
vn -0.0855289 -0.9563552 0.2794093
v -0.0580474 -0.1206768 0.2446066
vn -0.2253330 -0.8895484 0.3974024
v -0.1952802 -0.1076906 0.2475697
vn -0.1068896 -0.9568011 0.2703819
v -0.1952802 -0.1076906 0.2475697
vn 0.0052486 0.9965190 -0.0832019
v -0.1208891 0.1515555 -0.5456449
vn 0.0024366 0.3939986 -0.9191079
v -0.1208891 0.1515555 -0.5456449
vn 0.9534304 0.2657373 -0.1426676
v 0.0109877 0.0699035 0.0765623
vn -0.8857251 0.4145240 -0.2089518
v 0.0109877 0.0699035 0.0765623
vn -0.2856493 0.3487817 0.8926119
v 0.0109877 0.0699035 0.0765623
vn 0.0118010 0.8865144 -0.4625506
v 0.0081439 0.0779336 0.0725145
vn 0.9662219 0.1249139 -0.2254148
v 0.0081439 0.0779336 0.0725145
vn -0.2856494 0.3487817 0.8926118
v 0.0081439 0.0779336 0.0725145
vn -0.0151617 -0.9998725 -0.0050198
v -0.1694911 -0.1161693 0.2244766
vn 0.1185592 -0.2791466 -0.9529013
v -0.1694911 -0.1161693 0.2244766
vn -0.9781409 -0.1179205 0.1712753
v -0.1694911 -0.1161693 0.2244766
vn -0.1114762 -0.9805744 0.1613907
v -0.1719586 -0.1021236 0.2200550
vn 0.1195260 -0.2802191 -0.9524657
v -0.1719586 -0.1021236 0.2200550
vn -0.9773764 -0.1207696 0.1736379
v -0.1719586 -0.1021236 0.2200550
vn 0.3901909 0.0992849 -0.9153653
v -0.1217858 0.0583738 -0.0295773
vn -0.2112608 0.9765168 -0.0422351
v -0.1217858 0.0583738 -0.0295773
vn -0.1694008 0.9442001 0.2824706
v -0.0757049 0.1209342 0.2432271
vn -0.3542925 0.8187287 0.4518409
v -0.0757049 0.1209342 0.2432271
vn -0.4359665 -0.8633412 -0.2541168
v -0.0757049 0.1209342 0.2432271
vn -0.1359369 0.9605933 0.2424494
v -0.0854908 0.1238316 0.2362176
vn -0.1956626 0.9624760 0.1880324
v -0.0854908 0.1238316 0.2362176
vn -0.0264907 0.9996444 0.0030668
v -0.1120796 0.1454153 -0.5314210
vn -0.5102170 -0.0356655 -0.8593059
v -0.1120796 0.1454153 -0.5314210
vn -0.9270484 0.3743504 -0.0210482
v -0.1120796 0.1454153 -0.5314210
vn 0.5432907 0.2822880 0.7906635
v -0.1120796 0.1454153 -0.5314210
vn 0.8604979 -0.3290183 -0.3889607
v -0.1120796 0.1454153 -0.5314210
vn -0.3314733 0.2211142 -0.9171881
v -0.1228407 0.1454450 -0.5275248
vn 0.7131631 0.2192371 -0.6658329
v -0.1228407 0.1454450 -0.5275248
vn -0.6471289 0.2965032 0.7023603
v -0.1228407 0.1454450 -0.5275248
vn 0.3403211 -0.0201716 0.9400930
v -0.1228407 0.1454450 -0.5275248
vn 0.0054772 0.9993408 -0.0358903
v -0.1116462 0.1522891 -0.5362765
vn 0.6588683 0.3302407 -0.6758948
v -0.1116462 0.1522891 -0.5362765
vn 0.8604979 -0.3290183 -0.3889607
v -0.1116462 0.1522891 -0.5362765
vn 0.6180358 0.4271871 0.6599568
v -0.1116462 0.1522891 -0.5362765
vn 0.1400559 -0.4505305 -0.8817067
v 0.1791325 -0.0371427 0.1114454
vn 0.3317440 -0.2076359 -0.9202355
v 0.1791325 -0.0371427 0.1114454
vn 0.1565280 -0.2213258 -0.9625559
v 0.1791325 -0.0371427 0.1114454
vn 0.1748756 -0.4487605 -0.8763747
v 0.1791325 -0.0371427 0.1114454
vn -0.9878876 0.0044944 0.1551064
v -0.1241153 0.0593872 0.0178356
vn -0.1743613 0.9843888 0.0240187
v -0.1241153 0.0593872 0.0178356
vn -0.1249977 0.0798861 -0.9889357
v -0.1241153 0.0593872 0.0178356
vn 0.3710154 0.9061517 -0.2030687
v 0.2753834 0.1124339 0.2145158
vn 0.2914146 0.8955805 -0.3361743
v 0.2753834 0.1124339 0.2145158
vn 0.1618864 -0.6466124 -0.7454430
v -0.1481104 -0.0504315 -0.1256622
vn -0.9213293 0.1553324 -0.3564046
v -0.1481104 -0.0504315 -0.1256622
vn -0.1989433 -0.4167887 0.8869661
v -0.1481104 -0.0504315 -0.1256622
vn 0.7999043 -0.1447090 0.5824195
v -0.1258410 -0.1414858 -0.5430807
vn -0.7906836 -0.1296231 -0.5983456
v -0.1258410 -0.1414858 -0.5430807
vn -0.1319742 -0.4851939 0.8643898
v -0.1649445 -0.0604867 0.0383113
vn -0.1604985 -0.9291416 -0.3330707
v -0.1649445 -0.0604867 0.0383113
vn -0.0569784 -0.8894850 -0.4533983
v -0.1649445 -0.0604867 0.0383113
vn -0.1604986 -0.9291416 -0.3330709
v -0.2203489 -0.0494945 0.0343451
vn -0.1860548 -0.6828890 0.7064321
v -0.2203489 -0.0494945 0.0343451
vn -0.3951594 -0.9151025 -0.0802280
v -0.2203489 -0.0494945 0.0343451
vn -0.2276257 -0.4431940 -0.8670442
v -0.2203489 -0.0494945 0.0343451
vn -0.4763360 0.7803546 0.4051552
v -0.0622350 0.1192489 0.2540827
vn -0.8047303 0.2883226 0.5189213
v -0.0622350 0.1192489 0.2540827
vn -0.0975097 0.9168162 0.3872207
v -0.0622350 0.1192489 0.2540827
vn -0.0492575 -0.9573369 0.2847452
v -0.0641230 -0.1202351 0.2412411
vn -0.1256214 -0.9640148 0.2342962
v -0.0641230 -0.1202351 0.2412411
vn 0.0434951 -0.9826075 0.1805291
v -0.0709612 -0.1143474 0.2568364
vn -0.0536827 -0.9417495 0.3320034
v -0.0709612 -0.1143474 0.2568364
vn 0.0032072 -0.9879161 -0.1549567
v -0.0709612 -0.1143474 0.2568364
vn -0.0486226 0.3919449 -0.9187030
v -0.0718231 0.1163981 0.2584180
vn -0.1225250 0.9317757 0.3417333
v -0.0718231 0.1163981 0.2584180
vn 0.7723680 0.3328969 0.5409506
v -0.0718231 0.1163981 0.2584180
vn -0.0229242 0.9283577 0.3709805
v -0.0718231 0.1163981 0.2584180
vn -0.3678899 0.3813256 -0.8480849
v -0.1840086 0.1129257 0.2475311
vn 0.9326782 0.3395282 -0.1217875
v -0.1840086 0.1129257 0.2475311
vn 0.0396691 0.8299809 0.5563796
v -0.1840086 0.1129257 0.2475311
vn 0.9435670 -0.2990555 -0.1422924
v -0.2497246 -0.1099123 0.2357461
vn -0.1023463 -0.9332643 0.3443010
v -0.2497246 -0.1099123 0.2357461
vn -0.3745254 -0.8920763 0.2528451
v -0.2497246 -0.1099123 0.2357461
vn -0.0101024 -0.9803402 0.1970561
v -0.2480692 -0.0954219 0.2176663
vn -0.1808750 -0.9437257 0.2768864
v -0.2480692 -0.0954219 0.2176663
vn 0.9508799 -0.2771137 -0.1379693
v -0.2480692 -0.0954219 0.2176663
vn -0.1129699 -0.1758287 0.9779173
v -0.2594553 -0.1025033 0.1541690
vn -0.0350352 -0.9971742 0.0664542
v -0.2594553 -0.1025033 0.1541690
vn 0.9598162 -0.2400621 -0.1453379
v -0.2594553 -0.1025033 0.1541690
vn -0.2545177 -0.0530864 -0.9656100
v -0.1390371 -0.0505870 -0.0796391
vn -0.4237379 -0.4067167 0.8093379
v -0.1390371 -0.0505870 -0.0796391
vn 0.9392226 0.0304912 0.3419521
v -0.1449461 -0.0489046 -0.0801584
vn -0.1119730 -0.6303483 -0.7681947
v -0.1449461 -0.0489046 -0.0801584
vn -0.2415247 -0.6171824 0.7488336
v -0.1449461 -0.0489046 -0.0801584
vn -0.7932593 0.1689389 0.5849783
v -0.1294937 0.0573376 -0.0093926
vn 0.0645261 -0.1535760 -0.9860278
v -0.1294937 0.0573376 -0.0093926
vn -0.2213138 0.9743769 -0.0401225
v -0.1294937 0.0573376 -0.0093926
vn -0.1666356 0.4579378 0.8732271
v -0.1427949 0.0527806 -0.1022324
vn -0.6910707 0.3189666 -0.6485997
v -0.1427949 0.0527806 -0.1022324
vn 0.1056539 0.2801528 0.9541235
v -0.1494229 0.0511421 -0.1026379
vn 0.2387456 0.4239648 -0.8736444
v -0.1494229 0.0511421 -0.1026379
vn -0.2279736 0.4071549 -0.8844507
v -0.2632610 0.0358590 0.0389802
vn -0.2914116 0.3792966 -0.8781877
v -0.2632610 0.0358590 0.0389802
vn -0.5145006 -0.8497328 0.1150800
v -0.1442239 -0.0553865 -0.1057482
vn -0.6569299 -0.5907546 0.4684573
v -0.1442239 -0.0553865 -0.1057482
vn 0.7273160 0.2559029 0.6368086
v -0.1442239 -0.0553865 -0.1057482
vn -0.4522359 -0.8850707 0.1101484
v -0.1442239 -0.0553865 -0.1057482
vn -0.8294426 -0.5255674 0.1892198
v -0.1442239 -0.0553865 -0.1057482
vn -0.6569299 -0.5907547 0.4684572
v -0.1430652 -0.0531521 -0.1013054
vn -0.8772905 -0.4550484 0.1526185
v -0.1430652 -0.0531521 -0.1013054
vn -0.1793052 -0.6941780 -0.6971131
v -0.1430652 -0.0531521 -0.1013054
vn -0.2141321 -0.4668293 0.8580315
v -0.1296218 -0.0554271 -0.0147426
vn -0.2558080 -0.9636890 -0.0765894
v -0.1296218 -0.0554271 -0.0147426
vn -0.8919478 0.3743967 -0.2534883
v -0.1296218 -0.0554271 -0.0147426
vn -0.1686076 -0.9854503 -0.0214312
v -0.1296218 -0.0554271 -0.0147426
vn 0.3213725 0.4846950 -0.8135051
v -0.1384788 0.0550234 -0.0096201
vn 0.8329024 -0.2669481 0.4847805
v -0.1384788 0.0550234 -0.0096201
vn -0.3054042 0.9510243 -0.0477617
v -0.1384788 0.0550234 -0.0096201
vn 0.9150718 0.0188606 0.4028496
v -0.1917814 -0.1247348 -0.6051832
vn -0.6922754 -0.0303745 -0.7209939
v -0.1917814 -0.1247348 -0.6051832
vn -0.4125849 -0.8953999 -0.1674297
v -0.1917814 -0.1247348 -0.6051832
vn -0.1850877 -0.8954917 0.4047680
v -0.1861762 -0.1061697 0.2565509
vn -0.0138955 -0.8042284 0.5941581
v -0.1861762 -0.1061697 0.2565509
vn -0.6569298 -0.5907547 0.4684572
v -0.1481073 -0.0494443 -0.1037006
vn -0.1793052 -0.6941780 -0.6971131
v -0.1481073 -0.0494443 -0.1037006
vn 0.7273160 0.2559029 0.6368086
v -0.1481073 -0.0494443 -0.1037006
vn 0.0862387 -0.9867051 -0.1377538
v -0.1072079 -0.1182468 0.2358202
vn -0.0382077 -0.9890084 0.1428378
v -0.1072079 -0.1182468 0.2358202
vn -0.0719702 -0.9717394 0.2248174
v -0.1072079 -0.1182468 0.2358202
vn 0.1002487 -0.9949624 -0.0004084
v -0.1211867 -0.1171017 0.2376757
vn 0.0374969 -0.9712866 0.2349390
v -0.1211867 -0.1171017 0.2376757
vn -0.0503628 -0.9738405 0.2215811
v -0.1211867 -0.1171017 0.2376757
vn -0.3530522 -0.9025127 -0.2466276
v -0.1211867 -0.1171017 0.2376757
vn 0.7453997 0.3532662 -0.5653161
v -0.1497947 0.1541492 -0.5543721
vn -0.0215729 0.9996932 -0.0121768
v -0.1497947 0.1541492 -0.5543721
vn 0.0386606 0.4244070 -0.9046459
v -0.1497947 0.1541492 -0.5543721
vn 0.0572888 0.3736597 -0.9257950
v -0.1646451 0.1542687 -0.5738785
vn 0.7306995 0.4522173 -0.5114467
v -0.1646451 0.1542687 -0.5738785
vn -0.0127131 0.9997944 0.0158031
v -0.1646451 0.1542687 -0.5738785
vn -0.4786858 -0.1609579 -0.8631063
v -0.1482334 0.0580105 -0.1268719
vn -0.5412197 0.8268500 0.1529720
v -0.1482334 0.0580105 -0.1268719
vn -0.3414605 0.2601568 0.9031739
v -0.1482334 0.0580105 -0.1268719
vn -0.0142081 0.9558474 0.2935198
v -0.0497962 0.1259512 0.2379100
vn -0.2241560 0.9716144 0.0756288
v -0.0497962 0.1259512 0.2379100
vn -0.5434811 0.7004286 -0.4626318
v -0.0608514 0.1235974 0.2473338
vn -0.7147202 0.6454585 0.2693670
v -0.0608514 0.1235974 0.2473338
vn -0.0393189 0.9396480 0.3398759
v -0.0608514 0.1235974 0.2473338
vn -0.1147509 0.9755224 0.1875857
v -0.1623051 0.1200243 0.2175173
vn -0.1106745 0.9722860 0.2059396
v -0.0481238 0.1269902 0.2317491
vn 0.0223831 0.9948686 -0.0986682
v -0.0792872 0.1244089 0.2317616
vn -0.0966574 0.9764017 0.1931247
v -0.0792872 0.1244089 0.2317616
vn 0.7723680 0.3328969 0.5409506
v -0.0647062 0.1198236 0.2461486
vn -0.7147202 0.6454585 0.2693669
v -0.0647062 0.1198236 0.2461486
vn 0.6752385 0.7375450 -0.0089651
v -0.0647062 0.1198236 0.2461486
vn -0.2571321 0.9597569 0.1129159
v -0.0647062 0.1198236 0.2461486
vn -0.0649133 0.9573680 0.2814832
v -0.0413908 0.1251859 0.2419515
vn -0.0502885 0.9569686 0.2858011
v -0.0413908 0.1251859 0.2419515
vn -0.9782725 -0.0654508 -0.1967210
v -0.0319696 0.1247051 0.2447826
vn -0.6988627 0.5418146 -0.4669346
v -0.0319696 0.1247051 0.2447826
vn -0.5657335 0.2841003 -0.7741011
v -0.0319696 0.1247051 0.2447826
vn -0.0528277 0.9289522 0.3664113
v -0.0319696 0.1247051 0.2447826
vn 0.1938005 0.9210171 0.3378889
v -0.0906991 0.1118878 0.2648946
vn -0.1070825 0.9038271 0.4142824
v -0.0906991 0.1118878 0.2648946
vn -0.1256649 0.1379687 0.9824322
v -0.0906991 0.1118878 0.2648946
vn -0.0517701 0.9981942 0.0304680
v -0.1462870 0.1014201 0.2732867
vn -0.1348181 0.3625189 0.9221736
v -0.1737113 0.1053990 0.2586730
vn -0.0686474 0.8835303 0.4633161
v -0.1737113 0.1053990 0.2586730
vn 0.7708354 -0.4137693 0.4843633
v -0.1737113 0.1053990 0.2586730
vn 0.7708355 -0.4137692 0.4843633
v -0.1633252 0.1107308 0.2466988
vn 0.4817520 0.8402901 0.2486516
v -0.1633252 0.1107308 0.2466988
vn -0.1162633 0.9119886 0.3933953
v -0.1633252 0.1107308 0.2466988
vn -0.6767694 -0.0180090 0.7359748
v -0.1955790 0.1073467 0.2500417
vn -0.4119396 0.5165153 -0.7506782
v -0.1955790 0.1073467 0.2500417
vn -0.2115500 0.9122423 0.3508000
v -0.1955790 0.1073467 0.2500417
vn -0.2413511 0.9450694 0.2204395
v -0.2113467 0.1164665 0.2098936
vn -0.9856756 -0.0081402 0.1684560
v -0.2113467 0.1164665 0.2098936
vn -0.9879966 0.0191895 0.1532797
v -0.2113467 0.1164665 0.2098936
vn -0.0866171 0.9827927 0.1631439
v -0.0601644 0.1290860 0.2144135
vn 0.3225371 0.9464937 0.0109369
v -0.0232044 0.1380547 0.1769465
vn 0.3822486 0.6928151 -0.6114682
v -0.0232044 0.1380547 0.1769465
vn -0.0822138 0.9858392 0.1461578
v -0.1492493 0.1227383 0.2083777
vn -0.4438685 0.8794758 0.1717647
v -0.1742353 0.1219008 0.1987327
vn 0.6583391 0.7524318 -0.0208790
v -0.1983485 0.1229557 0.1925083
vn -0.2393842 0.9599232 0.1457487
v -0.1983485 0.1229557 0.1925083
vn -0.1629722 0.1299813 0.9780312
v -0.2002957 0.1237589 0.1600564
vn 0.9341283 0.3397007 -0.1095805
v -0.2002957 0.1237589 0.1600564
vn -0.0465350 0.8866512 -0.4600916
v -0.2002957 0.1237589 0.1600564
vn -0.2588312 0.9636875 -0.0656727
v -0.2166084 0.1219433 0.1582415
vn -0.1330918 0.5058972 0.8522645
v -0.2166084 0.1219433 0.1582415
vn -0.9615013 0.0800821 0.2628728
v -0.2705880 0.1085162 0.2238966
vn -0.2362199 0.9449765 0.2263175
v -0.2705880 0.1085162 0.2238966
vn 0.8822277 0.4596987 -0.1017426
v -0.2527292 0.1106019 0.2336318
vn -0.2786784 0.9065550 0.3170117
v -0.2527292 0.1106019 0.2336318
vn -0.1371510 -0.2179424 0.9662768
v -0.2560970 0.0939427 0.2761478
vn -0.9435498 0.1392788 0.3005251
v -0.2560970 0.0939427 0.2761478
vn -0.1605608 0.9144872 0.3713939
v -0.2560970 0.0939427 0.2761478
vn 0.0821842 0.3787100 -0.9218593
v -0.2322927 0.0987974 0.2643383
vn -0.0229675 0.9739993 -0.2253841
v -0.2322927 0.0987974 0.2643383
vn -0.9821642 -0.0487291 0.1816015
v -0.2322927 0.0987974 0.2643383
vn 0.0053894 0.9788309 0.2046000
v -0.2127197 0.1010669 0.2721514
vn -0.9837927 -0.0354776 0.1757646
v -0.2417729 0.1121584 0.2166518
vn -0.2630486 0.9394827 0.2194943
v -0.2417729 0.1121584 0.2166518
vn -0.2222699 0.2159431 0.9507706
v -0.2333220 0.1208278 0.1562936
vn 0.9472603 0.3018856 -0.1075319
v -0.2333220 0.1208278 0.1562936
vn -0.0975208 0.9832729 -0.1538319
v -0.2333220 0.1208278 0.1562936
vn -0.1937288 0.8744954 0.4446651
v 0.0111037 0.1103665 0.3018815
vn -0.5153911 0.5790702 0.6317039
v 0.0157490 0.1327648 0.2334478
vn -0.0692547 0.8683352 0.4911189
v -0.0987056 0.1115958 0.2596159
vn -0.8953575 0.3375884 -0.2904636
v -0.0987056 0.1115958 0.2596159
vn 0.5461970 0.3279668 0.7707831
v -0.0987056 0.1115958 0.2596159
vn 0.3252291 0.8218035 -0.4678303
v -0.0987056 0.1115958 0.2596159
vn 0.2257065 0.1941028 -0.9546627
v -0.1115400 0.1122169 0.2567078
vn -0.0688632 0.8681304 0.4915360
v -0.1115400 0.1122169 0.2567078
vn 0.9802535 -0.0659964 0.1864075
v -0.1115400 0.1122169 0.2567078
vn -0.0687176 0.8680542 0.4916909
v -0.0951257 0.1200625 0.2451508
vn 0.0615692 0.9417963 0.3304981
v -0.0951257 0.1200625 0.2451508
vn -0.9768109 0.1468887 -0.1557697
v -0.0951257 0.1200625 0.2451508
vn -0.6176757 0.7827949 0.0755582
v 0.0125715 0.1177259 0.2903453
vn -0.4172152 0.8148019 0.4025287
v 0.0286555 0.1375462 0.2505720
vn -0.2774089 0.6934022 0.6650096
v 0.0109099 0.1414556 0.2283920
vn -0.1816707 0.7109961 0.6793234
v -0.0112265 0.1395986 0.2248316
vn -0.9647715 0.2299482 0.1278273
v -0.0112265 0.1395986 0.2248316
vn -0.4794417 0.8642668 0.1522451
v 0.0119821 0.1124715 0.2852915
vn 0.9828290 0.1845159 -0.0010447
v 0.0538038 0.1031077 0.3152937
vn 0.0088635 0.6226137 0.7824792
v 0.0538038 0.1031077 0.3152937
vn -0.0581570 0.7756962 0.6284212
v 0.0538038 0.1031077 0.3152937
vn -0.0515187 0.9910806 0.1229025
v -0.0146736 0.1303513 0.2342143
vn -0.1740009 0.4924926 -0.8527455
v -0.0146736 0.1303513 0.2342143
vn -0.4584903 0.8665823 0.1970323
v 0.0281764 0.1260184 0.2785637
vn -0.6770253 0.7169328 0.1662650
v 0.0274304 0.1213969 0.2695290
vn -0.0963956 -0.0543037 0.9938607
v -0.1237905 -0.0550282 -0.0392383
vn -0.1534961 -0.9809854 -0.1187714
v -0.1237905 -0.0550282 -0.0392383
vn -0.2131763 -0.9755565 -0.0533434
v -0.1237905 -0.0550282 -0.0392383
vn 0.8814444 -0.0932845 -0.4629837
v -0.1237905 -0.0550282 -0.0392383
vn 0.1732072 -0.9176514 -0.3576525
v 0.0338100 -0.0614405 0.0566698
vn 0.4313733 -0.1512107 0.8894112
v 0.0338100 -0.0614405 0.0566698
vn -0.0913593 -0.8945124 -0.4376085
v 0.0338100 -0.0614405 0.0566698
vn 0.0668279 -0.9179760 -0.3909659
v 0.0404922 -0.0629342 0.0613189
vn 0.1129735 -0.8871725 -0.4473947
v 0.0404922 -0.0629342 0.0613189
vn 0.2218171 -0.9010149 -0.3727860
v 0.0404922 -0.0629342 0.0613189
vn 0.4905323 0.0193347 -0.8712085
v 0.0343894 -0.0658133 0.0654873
vn 0.3035972 -0.7386135 -0.6018962
v 0.0343894 -0.0658133 0.0654873
vn -0.0576327 -0.8958956 -0.4405105
v 0.0343894 -0.0658133 0.0654873
vn 0.1588239 -0.8003919 -0.5780552
v 0.0343894 -0.0658133 0.0654873
vn -0.2358971 -0.8766797 -0.4192676
v 0.0256550 -0.0611605 0.0606726
vn 0.4905322 0.0193348 -0.8712086
v 0.0256550 -0.0611605 0.0606726
vn 0.4313733 -0.1512107 0.8894113
v 0.0256550 -0.0611605 0.0606726
vn 0.9323106 -0.0111481 0.3614868
v -0.1867105 -0.1219251 -0.6168330
vn -0.9206876 0.1144500 -0.3731430
v -0.1867105 -0.1219251 -0.6168330
vn -0.1989434 -0.4167886 0.8869661
v -0.1480398 -0.0562536 -0.1283823
vn -0.9213293 0.1553323 -0.3564046
v -0.1480398 -0.0562536 -0.1283823
vn -0.4522358 -0.8850707 0.1101485
v -0.1480398 -0.0562536 -0.1283823
vn -0.4671254 -0.8786492 0.0988408
v -0.1480398 -0.0562536 -0.1283823
vn -0.3085015 -0.9496804 -0.0541660
v -0.1373976 -0.0533383 -0.0144386
vn -0.2408238 -0.9683117 -0.0661542
v -0.1373976 -0.0533383 -0.0144386
vn 0.7914056 0.1634803 -0.5890259
v -0.1373976 -0.0533383 -0.0144386
vn -0.0462863 -0.3105083 0.9494431
v -0.1373976 -0.0533383 -0.0144386
vn -0.0541706 0.7738773 -0.6310147
v -0.1459825 0.0511287 -0.0803194
vn 0.6063656 0.4429102 0.6604176
v -0.1459825 0.0511287 -0.0803194
vn -0.3426802 0.2874615 0.8943915
v -0.1398865 0.0521156 -0.0796324
vn -0.3093463 0.2027379 -0.9290868
v -0.1398865 0.0521156 -0.0796324
vn 0.2029552 0.8582678 -0.4713657
v -0.0191229 0.1270029 0.2534276
vn 0.4616709 0.4969227 0.7347978
v -0.0191229 0.1270029 0.2534276
vn -0.2966874 0.8876268 0.3522717
v -0.0191229 0.1270029 0.2534276
vn 0.0026209 -0.8471475 -0.5313514
v -0.0145567 0.1318526 0.2472790
vn -0.0587096 0.9510136 0.3035233
v -0.0145567 0.1318526 0.2472790
vn 0.0251645 0.5525249 -0.8331165
v -0.0145567 0.1318526 0.2472790
vn -0.0283714 0.7949801 0.6059718
v -0.0145567 0.1318526 0.2472790
vn -0.6928265 0.1602763 -0.7030669
v -0.0145567 0.1318526 0.2472790
vn -0.4501843 0.8885083 0.0888107
v -0.1440565 0.0581538 -0.1052910
vn -0.0403868 0.3804892 0.9239031
v -0.1440565 0.0581538 -0.1052910
vn -0.9497521 -0.2900212 -0.1177234
v -0.1440565 0.0581538 -0.1052910
vn 0.0105305 0.8933478 0.4492426
v -0.0263720 0.1256142 0.2626995
vn 0.0107832 0.8920882 0.4517327
v -0.0263720 0.1256142 0.2626995
vn 0.4391738 0.8887688 0.1312114
v -0.0263720 0.1256142 0.2626995
vn -0.7001963 0.7098135 0.0767471
v -0.0263720 0.1256142 0.2626995
vn -0.8243793 0.3711327 0.4273866
v -0.0263720 0.1256142 0.2626995
vn -0.7364241 0.2070199 0.6440670
v -0.0243111 0.1187664 0.2726211
vn -0.1118172 0.9221837 0.3702355
v -0.0243111 0.1187664 0.2726211
vn -0.6501217 0.1123713 0.7514749
v -0.0223880 0.1220061 0.2738043
vn 0.4391739 0.8887688 0.1312117
v -0.0223880 0.1220061 0.2738043
vn 0.3936477 0.7235758 -0.5669916
v -0.0223880 0.1220061 0.2738043
vn 0.2419359 0.9533659 0.1804453
v -0.0223880 0.1220061 0.2738043
vn -0.1888155 0.9792262 0.0739244
v -0.0115584 0.1202142 0.2790363
vn -0.4628303 0.0226183 0.8861583
v -0.0115584 0.1202142 0.2790363
vn -0.0522948 0.5346923 0.8434272
v -0.0115584 0.1202142 0.2790363
vn 0.0568619 0.9437758 0.3256593
v -0.0115584 0.1202142 0.2790363
vn -0.1046830 0.8749004 -0.4728540
v -0.0003367 0.1214944 0.2789206
vn 0.1289361 0.6974196 0.7049692
v -0.0003367 0.1214944 0.2789206
vn -0.2103697 0.8206260 -0.5313358
v -0.1840748 0.0547567 0.0291382
vn -0.6970406 0.2405928 0.6754624
v -0.1840748 0.0547567 0.0291382
vn -0.1156698 0.8957770 -0.4291900
v -0.1840748 0.0547567 0.0291382
vn 0.1271251 0.3193522 -0.9390705
v -0.1840748 0.0547567 0.0291382
vn 0.4765615 -0.8750877 0.0843244
v -0.0493195 -0.1188657 0.2558858
vn -0.0448759 -0.9431151 0.3294240
v -0.0728575 -0.1186801 0.2440530
vn -0.1116637 -0.9514261 0.2869140
v -0.0728575 -0.1186801 0.2440530
vn -0.0759259 -0.9329372 0.3519426
v -0.0728575 -0.1186801 0.2440530
vn -0.0223519 -0.9835958 0.1789966
v -0.0737109 -0.1220213 0.2302288
vn -0.0853698 -0.9845068 0.1531613
v -0.0737109 -0.1220213 0.2302288
vn -0.0646585 -0.9778733 0.1989552
v -0.0737109 -0.1220213 0.2302288
vn -0.1545921 -0.9184585 0.3640539
v -0.0573474 -0.1145558 0.2584465
vn -0.4513920 -0.8860215 -0.1058837
v -0.0573474 -0.1145558 0.2584465
vn 0.0032072 -0.9879161 -0.1549567
v -0.0573474 -0.1145558 0.2584465
vn -0.8983736 0.3868169 0.2080808
v -0.0603485 -0.1174355 0.2523330
vn -0.2083497 -0.9003406 0.3820699
v -0.0603485 -0.1174355 0.2523330
vn -0.0424135 -0.9773720 0.2072323
v -0.0417435 -0.1232583 0.2384822
vn -0.0993381 -0.9836565 0.1501733
v -0.0417435 -0.1232583 0.2384822
vn -0.0825511 -0.9357374 0.3429008
v -0.0812430 -0.1205802 0.2372073
vn -0.0944661 -0.9902340 0.1025320
v -0.0812430 -0.1205802 0.2372073
vn -0.0346376 -0.9725287 0.2301918
v -0.0812430 -0.1205802 0.2372073
vn 0.0012912 0.9011130 0.4335826
v -0.0288977 0.1306694 0.2549153
vn 0.6481069 -0.4985892 0.5756443
v -0.0288977 0.1306694 0.2549153
vn 0.8524472 0.2695114 0.4479927
v -0.0288977 0.1306694 0.2549153
vn -0.3504411 -0.3350761 -0.8745943
v -0.3462227 -0.0704935 0.1708464
vn -0.9121023 -0.4097078 -0.0144509
v -0.3462227 -0.0704935 0.1708464
vn -0.4055915 -0.2860518 -0.8681417
v -0.3441928 -0.0669739 0.1687364
vn -0.6895698 -0.1644931 0.7052912
v -0.3441928 -0.0669739 0.1687364
vn -0.2376461 -0.5219377 -0.8192102
v -0.3308051 -0.0969492 0.1776355
vn -0.6853637 -0.7281889 -0.0041952
v -0.3308051 -0.0969492 0.1776355
vn 0.4177796 0.8962509 0.1489785
v 0.0024788 0.1327593 0.2510677
vn 0.1732171 0.9449542 -0.2775923
v 0.0024788 0.1327593 0.2510677
vn -0.2394280 0.8116112 0.5328804
v 0.0024788 0.1327593 0.2510677
vn 0.4967810 0.8340600 0.2399014
v 0.0085478 0.1278720 0.2634506
vn -0.8760248 0.1048476 0.4707307
v 0.0085478 0.1278720 0.2634506
vn 0.9040765 0.0484260 0.4246183
v -0.1894623 0.1262739 -0.6151783
vn -0.1088906 0.9847018 -0.1360344
v -0.1894623 0.1262739 -0.6151783
vn 0.9392226 0.0304912 0.3419519
v -0.1435973 -0.0534370 -0.0834588
vn -0.4467160 -0.8942282 0.0282976
v -0.1435973 -0.0534370 -0.0834588
vn -0.3952174 -0.4448083 0.8037094
v -0.1435973 -0.0534370 -0.0834588
vn -0.1046830 0.8749003 -0.4728542
v -0.0070058 0.1202591 0.2781115
vn -0.0318107 0.9490098 0.3136374
v -0.0070058 0.1202591 0.2781115
vn -0.4026022 0.9031124 0.1493309
v 0.0016874 0.1225436 0.2731998
vn -0.0723795 0.9242777 0.3747961
v -0.0039072 0.1268446 0.2632315
vn -0.0779659 0.9184533 0.3877690
v -0.0054844 0.1228859 0.2719845
vn -0.0466133 0.9190189 0.3914480
v -0.0054844 0.1228859 0.2719845
vn -0.1638684 0.9361349 0.3111249
v -0.0035914 0.1316530 0.2500253
vn -0.2394280 0.8116113 0.5328802
v -0.0035914 0.1316530 0.2500253
vn -0.0559509 0.9393781 0.3382873
v -0.0035914 0.1316530 0.2500253
vn -0.2966873 0.8876268 0.3522716
v -0.0110631 0.1315371 0.2487907
vn -0.0699784 0.9395233 0.3352598
v -0.0110631 0.1315371 0.2487907
vn -0.1574381 0.8288602 0.5368464
v -0.0110631 0.1315371 0.2487907
vn -0.0750156 0.9272301 0.3669020
v -0.0110631 0.1315371 0.2487907
vn -0.3654185 -0.2835778 0.8865963
v 0.1508018 -0.0490351 0.3499846
vn -0.0982527 -0.4078950 0.9077269
v 0.1508018 -0.0490351 0.3499846
vn 0.4466593 -0.4679063 0.7626002
v 0.1508018 -0.0490351 0.3499846
vn -0.0528612 -0.4431611 0.8948821
v 0.1508018 -0.0490351 0.3499846
vn 0.5138340 -0.4412369 0.7357205
v 0.1508018 -0.0490351 0.3499846
vn -0.2283084 -0.9544527 0.1920820
v -0.1635562 -0.1142831 0.2356553
vn -0.2717092 -0.9226922 0.2735201
v -0.1635562 -0.1142831 0.2356553
vn -0.2283084 -0.9544527 0.1920820
v -0.1576967 -0.1150283 0.2389166
vn -0.1470253 -0.9359167 0.3200680
v -0.1576967 -0.1150283 0.2389166
vn -0.3018169 -0.8912092 0.3386042
v -0.1576967 -0.1150283 0.2389166
vn -0.4786858 -0.1609580 -0.8631063
v -0.1542742 0.0539199 -0.1227588
vn -0.2416279 0.9693978 0.0434041
v -0.1542742 0.0539199 -0.1227588
vn -0.5176587 0.8512226 0.0863120
v -0.1542742 0.0539199 -0.1227588
vn 0.2777081 0.7706291 -0.5735931
v -0.1542742 0.0539199 -0.1227588
vn -0.8718187 -0.3587681 0.3334932
v -0.3045667 -0.1052768 0.2082062
vn -0.2988419 -0.9500387 0.0901121
v -0.3045667 -0.1052768 0.2082062
vn -0.3893515 -0.2265251 0.8928000
v -0.3271129 -0.0989534 0.2019942
vn -0.5171516 -0.8541906 0.0539691
v -0.3271129 -0.0989534 0.2019942
vn -0.0089772 0.5561718 -0.8310189
v -0.3088135 0.1038923 0.2130231
vn -0.9696592 0.0146894 -0.2440189
v -0.3088135 0.1038923 0.2130231
vn -0.2953795 0.9043860 0.3079563
v -0.3088135 0.1038923 0.2130231
vn -0.6123601 0.2653145 -0.7447304
v -0.1444202 0.0566314 -0.0986070
vn -0.9820223 0.1769713 -0.0656757
v -0.1444202 0.0566314 -0.0986070
vn -0.0226298 0.7838503 -0.6205375
v -0.3132498 0.1005002 0.1317118
vn -0.5049060 0.8580940 -0.0935135
v -0.3132498 0.1005002 0.1317118
vn -0.1622573 0.4839780 0.8599058
v -0.2466962 0.1071226 0.1350800
vn -0.0797306 0.9878693 -0.1332572
v -0.2466962 0.1071226 0.1350800
vn 0.0534984 0.9220816 -0.3832800
v 0.1995762 0.1193798 0.1904436
vn 0.0751918 0.8881909 -0.4532805
v 0.1945409 0.1154053 0.1817669
vn 0.0906156 0.7934958 -0.6017917
v 0.2025565 0.1018890 0.1594681
vn 0.0509657 0.8560681 -0.5143442
v 0.1930552 0.1091372 0.1701710
vn 0.0886555 0.9179272 -0.3867168
v 0.1900386 0.1190848 0.1890985
vn -0.8761477 0.3046653 -0.3735563
v 0.2672542 0.0901111 0.1647196
vn 0.0582765 -0.1640551 -0.9847283
v 0.2672542 0.0901111 0.1647196
vn 0.3558243 0.7534676 -0.5528795
v 0.2672542 0.0901111 0.1647196
vn 0.1852519 0.9691212 0.1627448
v 0.2406839 0.1223860 0.2084749
vn 0.0149311 0.9679981 -0.2505129
v 0.1881693 0.1244287 0.2043700
vn 0.0072355 0.9764999 -0.2153969
v 0.1926242 0.1252544 0.2117073
vn 0.0350661 0.9645898 -0.2614135
v 0.1980446 0.1240992 0.2035730
vn -0.1978980 0.9550965 -0.2205156
v 0.1809914 0.1277735 0.2162433
vn 0.3678688 0.8762668 -0.3111737
v 0.2272695 0.1272685 0.2347961
vn 0.3803329 0.6966553 -0.6082914
v 0.2800723 0.0847282 0.1663750
vn 0.0723091 0.8806708 0.4681777
v 0.2800723 0.0847282 0.1663750
vn 0.3810897 0.7350261 -0.5608096
v 0.2800723 0.0847282 0.1663750
vn 0.0582765 -0.1640552 -0.9847283
v 0.2800723 0.0847282 0.1663750
vn 0.3394983 0.6258478 -0.7021791
v 0.2800723 0.0847282 0.1663750
vn -0.3780470 0.9153900 0.1383532
v 0.1790492 0.1298353 0.2358706
vn -0.1731836 0.9787248 -0.1100239
v 0.1790492 0.1298353 0.2358706
vn 0.1397686 0.9834265 -0.1154872
v 0.2204843 0.1238264 0.2103277
vn 0.6600872 0.6104733 -0.4377298
v 0.2270117 0.1234399 0.2327844
vn -0.3195942 0.4055177 0.8563966
v 0.2530493 0.1171336 0.2407469
vn -0.9372148 0.3078298 -0.1639188
v 0.2530493 0.1171336 0.2407469
vn 0.3549760 0.6241274 -0.6960295
v 0.2530493 0.1171336 0.2407469
vn 0.0015583 0.9981687 -0.0604720
v 0.1944014 0.1298706 0.2359662
vn 0.0242028 0.9916096 -0.1269832
v 0.1966217 0.1293238 0.2266650
vn 0.0184776 0.8081550 -0.5886801
v 0.1918357 0.1013512 0.1577416
vn 0.1075517 0.7360522 -0.6683263
v 0.1938593 0.0897103 0.1447350
vn -0.0616448 0.9199003 -0.3872770
v 0.1818070 0.1176438 0.1830761
vn -0.1513355 0.9735207 -0.1713334
v 0.1753874 0.1266652 0.2227682
vn 0.3746600 0.9174283 0.1339979
v 0.1753874 0.1266652 0.2227682
vn 0.0618330 0.9818776 -0.1791454
v 0.1830192 0.1285464 0.2327784
vn 0.3746600 0.9174283 0.1339979
v 0.1690697 0.1287374 0.2262454
vn 0.3801788 0.9145567 0.1380223
v 0.1690697 0.1287374 0.2262454
vn -0.0854047 0.9896423 -0.1153870
v 0.1690697 0.1287374 0.2262454
vn 0.2450941 0.9496287 -0.1952802
v 0.1690697 0.1287374 0.2262454
vn 0.1243357 0.9490771 -0.2894707
v 0.1712569 0.1230625 0.1939355
vn 0.9035286 0.4282969 -0.0140633
v 0.1712569 0.1230625 0.1939355
vn 0.0503083 0.9116428 -0.4078928
v 0.1712569 0.1230625 0.1939355
vn 0.8951268 0.3839299 -0.2265967
v 0.1762741 0.1117122 0.1706135
vn 0.2192133 0.8425269 -0.4920306
v 0.1762741 0.1117122 0.1706135
vn 0.0947175 0.8690013 -0.4856599
v 0.1762741 0.1117122 0.1706135
vn 0.1574534 0.9631244 0.2181739
v 0.2563550 0.1134903 0.2150046
vn -0.9041817 0.3831074 -0.1889023
v 0.2563550 0.1134903 0.2150046
vn -0.3739264 -0.9257395 0.0564395
v -0.1386363 -0.0556758 -0.0806004
vn -0.5545565 -0.1964420 0.8086270
v -0.1386363 -0.0556758 -0.0806004
vn -0.2816371 0.1566503 -0.9466475
v -0.1386363 -0.0556758 -0.0806004
vn -0.4785823 -0.8758187 0.0624548
v -0.1386363 -0.0556758 -0.0806004
vn -0.0617325 0.9559719 0.2868919
v 0.0060460 0.1288866 0.2585689
vn -0.8760249 0.1048477 0.4707307
v 0.0060460 0.1288866 0.2585689
vn -0.2394280 0.8116114 0.5328802
v 0.0060460 0.1288866 0.2585689
vn 0.4779401 0.8151848 -0.3271805
v -0.0704653 0.1250206 0.2399311
vn 0.0302122 0.9517266 0.3054568
v -0.0514030 0.1237203 0.2450970
vn -0.0078078 0.9444855 0.3284605
v -0.0514030 0.1237203 0.2450970
vn -0.6664494 -0.2867233 0.6882115
v -0.0572919 0.1196864 0.2590517
vn 0.0226619 0.8846285 0.4657454
v -0.0572919 0.1196864 0.2590517
vn -0.0486225 0.3919449 -0.9187030
v -0.0572919 0.1196864 0.2590517
vn -0.3278666 0.9404147 0.0901314
v -0.0696476 0.1222319 0.2517218
vn 0.1457526 0.9117395 0.3840409
v -0.0696476 0.1222319 0.2517218
vn 0.7723680 0.3328969 0.5409506
v -0.0696476 0.1222319 0.2517218
vn -0.6470466 -0.6444287 -0.4074829
v 0.0377953 0.0659840 0.0643469
vn -0.0633413 0.9582316 0.2788908
v 0.0377953 0.0659840 0.0643469
vn 0.1848823 0.3837488 -0.9047405
v 0.0377953 0.0659840 0.0643469
vn 0.6656447 0.4719934 0.5780479
v 0.0246577 0.0659064 0.0616293
vn -0.0854040 0.9959633 0.0276270
v 0.0246577 0.0659064 0.0616293
vn 0.5126490 -0.0203014 -0.8583583
v 0.0246577 0.0659064 0.0616293
vn -0.9019637 -0.3756697 0.2129177
v -0.0557481 -0.0601760 -0.0565436
vn -0.5819204 -0.3854805 0.7160821
v -0.0557481 -0.0601760 -0.0565436
vn 0.9044183 -0.3498353 -0.2442189
v -0.0557481 -0.0601760 -0.0565436
vn 0.6215703 -0.1770874 -0.7630796
v -0.0557481 -0.0601760 -0.0565436
vn -0.4061120 0.1400555 0.9030268
v -0.1393531 0.0572246 -0.0801848
vn -0.3728019 -0.0611949 -0.9258909
v -0.1393531 0.0572246 -0.0801848
vn -0.4272103 0.8993076 0.0934736
v -0.1393531 0.0572246 -0.0801848
vn 0.3942141 0.1542622 -0.9059793
v -0.2051211 0.0287949 -0.3505962
vn -0.9924952 0.1213235 -0.0152972
v -0.2051211 0.0287949 -0.3505962
vn -0.9634960 0.2496410 0.0967209
v -0.2051211 0.0287949 -0.3505962
vn 0.9129267 -0.0033394 0.4081099
v 0.1083683 0.1472346 -0.5304122
vn -0.8685437 0.2284733 -0.4398089
v 0.1083683 0.1472346 -0.5304122
vn -0.0331791 -0.4899287 0.8711309
v -0.1597350 -0.1442712 -0.5770331
vn -0.0368174 -0.9993004 -0.0065801
v -0.1597350 -0.1442712 -0.5770331
vn 0.4518160 -0.4452976 -0.7730281
v -0.1597350 -0.1442712 -0.5770331
vn 0.6629708 -0.3018900 0.6850781
v -0.1597350 -0.1442712 -0.5770331
vn -0.0780764 -0.3330225 0.9396809
v -0.1942863 -0.1517462 -0.5825531
vn 0.0225222 -0.9968079 -0.0765947
v -0.1942863 -0.1517462 -0.5825531
vn -0.7332867 -0.6577163 -0.1723369
v -0.1942863 -0.1517462 -0.5825531
vn -0.8705301 -0.4337503 -0.2324611
v -0.2022046 -0.1434515 -0.5805167
vn -0.7574763 -0.6487471 -0.0731908
v -0.2022046 -0.1434515 -0.5805167
vn -0.0836462 -0.3121882 0.9463308
v -0.2022046 -0.1434515 -0.5805167
vn -0.6002103 0.4601421 -0.6542300
v -0.3416643 0.0737282 0.1704242
vn -0.7378771 0.2586417 0.6234115
v -0.3416643 0.0737282 0.1704242
vn -0.2989744 0.0545533 0.9527006
v -0.3161858 0.0986095 0.1784404
vn 0.0339419 0.0955688 -0.9948440
v -0.3161858 0.0986095 0.1784404
vn -0.9879966 0.0191894 0.1532796
v -0.2143441 0.1095563 0.1914384
vn -0.9767407 0.0817950 0.1982103
v -0.2143441 0.1095563 0.1914384
vn 0.1781490 0.8204513 -0.5432520
v 0.0475749 0.0815287 0.0850607
vn 0.1785062 0.7619485 -0.6225513
v 0.0475749 0.0815287 0.0850607
vn 0.1288200 0.8106441 -0.5711932
v 0.0475749 0.0815287 0.0850607
vn -0.2108922 -0.2688575 -0.9398086
v -0.0380972 0.0911608 0.0864824
vn -0.0539775 0.8290751 -0.5565258
v -0.0380972 0.0911608 0.0864824
vn -0.0048384 0.7747210 -0.6322849
v -0.0430461 0.0831961 0.0751956
vn 0.0126296 0.8126545 -0.5826091
v -0.0430461 0.0831961 0.0751956
vn -0.0320419 0.4003705 0.9157930
v -0.0430461 0.0831961 0.0751956
vn -0.9692122 0.1831199 -0.1646054
v -0.0430461 0.0831961 0.0751956
vn 0.0876209 0.8845587 -0.4581250
v 0.0074156 0.0765281 0.0691174
vn 0.0115854 0.9176983 -0.3971092
v 0.0074156 0.0765281 0.0691174
vn 0.6656447 0.4719934 0.5780479
v 0.0287341 0.0659734 0.0568804
vn -0.0921138 0.9936215 -0.0650503
v 0.0287341 0.0659734 0.0568804
vn 0.2385597 0.9290570 -0.2827409
v 0.0287341 0.0659734 0.0568804
vn 0.1861537 0.4126467 0.8916667
v -0.1458668 0.0545097 -0.0826930
vn -0.4327400 0.8954485 0.1044424
v -0.1458668 0.0545097 -0.0826930
vn -0.4401337 0.8939816 0.0841386
v -0.1458668 0.0545097 -0.0826930
vn -0.9077874 0.3756631 0.1865460
v -0.1063770 0.0657356 -0.0984491
vn -0.5997738 0.3251072 0.7311475
v -0.1063770 0.0657356 -0.0984491
vn 0.0278685 0.9993740 -0.0217931
v -0.1063770 0.0657356 -0.0984491
vn -0.6278299 0.7681552 0.1255683
v -0.3306608 0.0958715 0.2078910
vn -0.1431382 0.5924106 -0.7928185
v -0.3306608 0.0958715 0.2078910
vn -0.1793051 -0.6941779 -0.6971131
v -0.1495373 -0.0515749 -0.1012113
vn 0.7273160 0.2559029 0.6368086
v -0.1495373 -0.0515749 -0.1012113
vn -0.4240960 -0.9035856 0.0606278
v -0.1495373 -0.0515749 -0.1012113
vn -0.9964752 -0.0264072 0.0796239
v -0.2087393 -0.0013449 -0.3548846
vn -0.9924952 0.1213232 -0.0152977
v -0.2087393 -0.0013449 -0.3548846
vn -0.7793147 -0.2304495 -0.5827193
v -0.2087393 -0.0013449 -0.3548846
vn -0.1911001 0.5504928 0.8126737
v -0.1884453 0.1053153 0.2565519
vn -0.0905962 0.8921952 0.4424706
v -0.1884453 0.1053153 0.2565519
vn -0.4708667 0.1556643 0.8683624
v -0.1884453 0.1053153 0.2565519
vn 0.1171030 -0.9770312 -0.1780363
v -0.1074234 -0.0635707 -0.0976808
vn 0.8853257 -0.4293723 -0.1784316
v -0.1074234 -0.0635707 -0.0976808
vn -0.3144862 -0.9486313 -0.0346002
v -0.1635809 -0.0608477 -0.3017081
vn -0.4197038 -0.9073496 0.0237786
v -0.1635809 -0.0608477 -0.3017081
vn -0.1996171 -0.8466454 0.4932998
v -0.1907021 -0.1111694 0.2409455
vn -0.0481553 -0.9211255 0.3862758
v -0.1907021 -0.1111694 0.2409455
vn 0.3598916 -0.2460962 0.8999527
v -0.1907021 -0.1111694 0.2409455
vn -0.1701021 -0.9737012 0.1515626
v -0.1982702 -0.1134240 0.2340135
vn -0.8327057 0.1391670 -0.5359420
v -0.1982702 -0.1134240 0.2340135
vn 0.5084672 -0.1570707 -0.8466345
v 0.1785667 -0.0111136 0.1053684
vn 0.1591605 -0.1024366 -0.9819240
v 0.1785667 -0.0111136 0.1053684
vn 0.1497731 -0.0777988 -0.9856548
v 0.1197792 -0.0062557 0.0956008
vn 0.7895455 0.0353874 0.6126710
v 0.1197792 -0.0062557 0.0956008
vn 0.1714320 0.1072430 -0.9793417
v 0.1801166 0.0173962 0.1056160
vn 0.7675317 0.1146975 -0.6306660
v 0.1801166 0.0173962 0.1056160
vn 0.2326931 0.3330883 -0.9137319
v 0.1784327 0.0455351 0.1117497
vn 0.8444756 0.0232293 0.5350902
v 0.1185068 0.0243899 0.0966958
vn 0.1329733 0.2042708 -0.9698411
v 0.1185068 0.0243899 0.0966958
vn 0.2450001 0.4202455 -0.8737098
v 0.1825004 0.0482630 0.1141308
vn -0.2610137 0.1561769 -0.9526178
v 0.1825004 0.0482630 0.1141308
vn 0.3999785 0.4297010 -0.8095519
v 0.1825004 0.0482630 0.1141308
vn 0.7675314 0.1146977 -0.6306663
v 0.1825004 0.0482630 0.1141308
vn -0.0376501 0.6291594 -0.7763640
v 0.1804397 0.0803287 0.1338947
vn 0.8951266 0.3839303 -0.2265966
v 0.1804397 0.0803287 0.1338947
vn 0.3708124 0.6041805 -0.7053115
v 0.1804397 0.0803287 0.1338947
vn 0.7691625 -0.2975835 0.5655378
v 0.1108289 0.0706758 0.1142401
vn 0.1079730 0.5502939 -0.8279605
v 0.1108289 0.0706758 0.1142401
vn 0.2601684 0.5833330 -0.7694381
v 0.1763880 0.0786444 0.1303218
vn 0.8951266 0.3839300 -0.2265969
v 0.1770489 0.0963450 0.1476372
vn 0.1462889 0.8286120 -0.5403719
v 0.1770489 0.0963450 0.1476372
vn 0.0740737 0.8137143 -0.5765260
v 0.1770489 0.0963450 0.1476372
vn 0.1224781 0.6912557 -0.7121549
v 0.1770489 0.0963450 0.1476372
vn 0.0474479 0.8595728 -0.5088059
v 0.1077969 0.0957347 0.1378781
vn 0.9904214 -0.0449176 0.1305683
v 0.1077969 0.0957347 0.1378781
vn 0.0959864 0.6663177 -0.7394643
v 0.1077969 0.0957347 0.1378781
vn 0.0931219 0.6936317 -0.7142853
v 0.1731428 0.0933347 0.1441977
vn 0.9818698 -0.0627048 0.1788850
v 0.1078701 0.0924630 0.1349481
vn 0.0940440 0.6794311 -0.7276875
v 0.1078701 0.0924630 0.1349481
vn -0.2500843 0.2603717 -0.9325580
v -0.2040157 0.0352917 0.0213510
vn 0.1111872 0.1467301 -0.9829078
v -0.2040157 0.0352917 0.0213510
vn -0.2538327 0.2043169 -0.9454224
v -0.2470658 0.0279044 0.0313857
vn -0.3122230 0.0107590 -0.9499479
v -0.2680946 -0.0007109 0.0334388
vn -0.6844682 -0.7199199 -0.1149727
v -0.2557625 -0.0318004 0.0343381
vn 0.1505790 0.1487467 -0.9773435
v -0.2557625 -0.0318004 0.0343381
vn -0.4176090 -0.8356732 0.3567258
v -0.2557625 -0.0318004 0.0343381
vn -0.1970330 -0.1132870 -0.9738296
v -0.2047889 -0.0305955 0.0205998
vn -0.2470852 -0.2918598 -0.9239951
v -0.2047889 -0.0305955 0.0205998
vn -0.8153494 -0.4976180 -0.2959422
v -0.2047889 -0.0305955 0.0205998
vn -0.3529018 -0.4175245 -0.8373373
v -0.2371160 -0.0456398 0.0351046
vn -0.0888525 -0.6580545 -0.7477096
v -0.2371160 -0.0456398 0.0351046
vn 0.1471458 0.1626133 -0.9756563
v -0.2371160 -0.0456398 0.0351046
vn -0.3308671 -0.5649154 -0.7559084
v -0.2371160 -0.0456398 0.0351046
vn -0.9857994 -0.1498281 0.0758355
v -0.2059701 -0.0135078 -0.3351043
vn -0.9872367 -0.1294154 0.0928195
v -0.2059701 -0.0135078 -0.3351043
vn -0.9492222 0.1183354 0.2915030
v -0.2048163 0.0149346 -0.3127395
vn -0.9420614 0.2400333 0.2343169
v -0.2020233 0.0196568 -0.3088805
vn 0.3480487 0.7400432 -0.5754983
v -0.1681652 0.0587024 -0.2767607
vn -0.9029783 0.2389255 0.3571342
v -0.1681652 0.0587024 -0.2767607
vn -0.8718690 0.4318655 0.2309478
v -0.1918237 0.0424902 -0.3008176
vn -0.7476388 0.6486543 0.1424212
v -0.1918237 0.0424902 -0.3008176
vn -0.7474166 0.6490867 0.1416157
v -0.1918237 0.0424902 -0.3008176
vn -0.8077478 0.3293067 0.4889792
v -0.0827595 0.0625000 -0.0493846
vn 0.5996199 0.2823025 -0.7488400
v -0.0827595 0.0625000 -0.0493846
vn 0.9039028 0.3762216 -0.2035114
v -0.0827595 0.0625000 -0.0493846
vn 0.2458601 0.5870807 -0.7712906
v -0.1832037 0.0497071 -0.2884011
vn -0.3120631 0.5434893 -0.7792535
v -0.1832037 0.0497071 -0.2884011
vn -0.7404045 0.6470071 0.1821623
v -0.1832037 0.0497071 -0.2884011
vn -0.8154000 0.4175348 0.4009832
v -0.1832037 0.0497071 -0.2884011
vn -0.8477328 0.0731161 0.5253602
v -0.1991123 0.0255840 -0.2988550
vn -0.5940398 0.3911867 -0.7029153
v -0.1991123 0.0255840 -0.2988550
vn -0.9286625 0.3537096 0.1116939
v -0.1991123 0.0255840 -0.2988550
vn -0.9924582 0.0407103 -0.1156264
v -0.2040084 0.0047444 -0.3038552
vn -0.8477328 0.0731163 0.5253600
v -0.2040084 0.0047444 -0.3038552
vn -0.9755836 -0.1585419 0.1519907
v -0.2035062 -0.0122602 -0.3101235
vn -0.7150326 -0.6900544 0.1120423
v -0.1924884 -0.0392587 -0.3008088
vn -0.8524595 -0.3887724 0.3495267
v -0.1924884 -0.0392587 -0.3008088
vn -0.0901829 0.7858841 0.6117623
v -0.0089726 0.1028447 0.3090844
vn -0.1241925 -0.1313268 0.9835291
v -0.0089726 0.1028447 0.3090844
vn -0.8831110 0.1995672 0.4246033
v -0.0089726 0.1028447 0.3090844
vn -0.1356666 0.2594191 0.9561884
v -0.2037161 0.0909245 0.2829020
vn -0.1159326 0.2697513 0.9559258
v -0.0114520 0.0954436 0.3077695
vn -0.8706384 0.2128824 0.4434747
v -0.0114520 0.0954436 0.3077695
vn -0.9261042 0.1343685 0.3525283
v -0.0058268 0.0662439 0.3328298
vn -0.1326920 0.4934810 0.8595752
v -0.0058268 0.0662439 0.3328298
vn 0.9181345 0.3962676 0.0010515
v -0.2675606 0.0831038 0.2783014
vn -0.8112081 0.4059992 0.4208399
v -0.2675606 0.0831038 0.2783014
vn -0.2462727 0.9136780 0.3233303
v -0.2675606 0.0831038 0.2783014
vn -0.1400961 0.8025190 0.5799452
v -0.2675606 0.0831038 0.2783014
vn 0.1009159 0.4653843 -0.8793370
v -0.2675606 0.0831038 0.2783014
vn -0.6177116 0.6610622 0.4259452
v -0.2675606 0.0831038 0.2783014
vn 0.0997500 0.8178431 -0.5667299
v -0.0196414 0.0908555 0.3108560
vn -0.0874072 0.6654444 0.7413122
v -0.0196414 0.0908555 0.3108560
vn 0.8890043 0.4242539 0.1722788
v -0.0196414 0.0908555 0.3108560
vn 0.4241636 -0.0532553 0.9040183
v 0.2410896 -0.1100094 -0.5617841
vn 0.5417179 -0.8399082 -0.0331058
v 0.2410896 -0.1100094 -0.5617841
vn 0.9916298 -0.1241903 -0.0353163
v 0.2410896 -0.1100094 -0.5617841
vn -0.2455423 -0.1129955 0.9627778
v -0.1157252 -0.1414441 -0.5276904
vn -0.6007127 -0.2402150 -0.7625229
v -0.1157252 -0.1414441 -0.5276904
vn 0.6216157 -0.0746107 0.7797610
v -0.1157252 -0.1414441 -0.5276904
vn 0.3436983 -0.0484797 -0.9378279
v -0.1157252 -0.1414441 -0.5276904
vn 0.6656446 0.4719935 0.5780479
v 0.0237935 0.0692620 0.0598846
vn 0.1037315 0.9334013 -0.3435140
v 0.0237935 0.0692620 0.0598846
vn 0.6276191 -0.2257821 -0.7450615
v 0.0237935 0.0692620 0.0598846
vn 0.1905799 0.8591838 -0.4748500
v 0.0237935 0.0692620 0.0598846
vn 0.2864877 0.2762561 -0.9173917
v 0.0313305 0.0717610 0.0654761
vn -0.6470466 -0.6444288 -0.4074830
v 0.0313305 0.0717610 0.0654761
vn 0.1179804 0.8474697 -0.5175673
v 0.0313305 0.0717610 0.0654761
vn 0.0071476 -0.9998260 0.0172297
v -0.1319995 -0.1451649 -0.5785626
vn -0.0168192 -0.9998524 0.0035186
v -0.1319995 -0.1451649 -0.5785626
vn -0.7829893 -0.0038961 -0.6220231
v 0.1433181 -0.1381545 -0.4660952
vn 0.7448334 -0.0486356 0.6654757
v 0.1433181 -0.1381545 -0.4660952
vn -0.1095476 -0.3716221 -0.9218982
v 0.1093967 -0.1387438 -0.4233920
vn -0.7076371 -0.4203849 -0.5679140
v 0.1093967 -0.1387438 -0.4233920
vn 0.0451507 -0.9690784 0.2425874
v 0.1093967 -0.1387438 -0.4233920
vn 0.9800852 -0.1564050 0.1223541
v 0.2328844 -0.1437462 -0.5575243
vn 0.9889528 -0.1179480 -0.0897809
v 0.2328844 -0.1437462 -0.5575243
vn 0.4939573 -0.8653181 -0.0850341
v 0.2328844 -0.1437462 -0.5575243
vn 0.3881800 -0.7001157 -0.5992948
v 0.2328844 -0.1437462 -0.5575243
vn -0.6862773 0.3569641 0.6337194
v -0.1345915 0.0558119 -0.0158648
vn 0.8329025 -0.2669480 0.4847805
v -0.1345915 0.0558119 -0.0158648
vn -0.2605815 0.9639550 -0.0537412
v -0.1345915 0.0558119 -0.0158648
vn 0.4736414 -0.1024134 -0.8747430
v 0.2145717 -0.1214930 -0.5857787
vn 0.0273987 -0.9981476 -0.0543206
v 0.2145717 -0.1214930 -0.5857787
vn -0.0164665 -0.9923709 -0.1221844
v 0.1937893 -0.1453798 -0.6052956
vn 0.7417573 -0.1316598 -0.6576183
v 0.1937893 -0.1453798 -0.6052956
vn 0.0400978 -0.0658540 -0.9970233
v 0.1937893 -0.1453798 -0.6052956
vn -0.5829723 -0.3805489 0.7178620
v -0.0544797 -0.0637351 -0.0574286
vn 0.1597886 -0.9811268 -0.1088940
v -0.0544797 -0.0637351 -0.0574286
vn -0.9023639 -0.3745992 0.2131078
v -0.0544797 -0.0637351 -0.0574286
vn -0.5182147 -0.2063233 -0.8299904
v -0.0267964 -0.0685170 0.0513851
vn -0.8818962 -0.4251604 0.2037099
v -0.0267964 -0.0685170 0.0513851
vn -0.1212691 -0.9005906 -0.4174093
v -0.0267964 -0.0685170 0.0513851
vn 0.0779504 -0.9749138 -0.2084874
v -0.0267964 -0.0685170 0.0513851
vn 0.1904430 -0.9724898 -0.1341461
v -0.0155389 -0.0651603 0.0338689
vn 0.3683073 -0.9288465 -0.0399249
v 0.0228323 -0.0510458 -0.0040662
vn 0.6188753 -0.7722595 -0.1435575
v 0.0228323 -0.0510458 -0.0040662
vn 0.2017861 -0.9705272 -0.1317552
v -0.0400931 -0.0607872 -0.0613714
vn 0.7305564 -0.6823514 0.0261533
v 0.0279783 -0.0482572 -0.0482073
vn 0.2203447 -0.9668833 -0.1287826
v 0.0279783 -0.0482572 -0.0482073
vn 0.2942456 -0.9485320 -0.1170755
v -0.0418365 -0.0544108 -0.1044487
vn 0.0557829 -0.9981769 -0.0230469
v -0.0804867 -0.0626495 -0.0968986
vn 0.1252729 -0.9898235 -0.0675008
v -0.0804867 -0.0626495 -0.0968986
vn 0.3291832 -0.8608921 -0.3879474
v 0.0405136 -0.0517953 0.0351689
vn 0.2285695 -0.9309027 -0.2849146
v 0.0405136 -0.0517953 0.0351689
vn 0.1546404 -0.9185358 -0.3638383
v 0.0405136 -0.0517953 0.0351689
vn 0.4129781 -0.8768408 -0.2461696
v -0.0256664 -0.0479481 -0.1057876
vn 0.8421208 -0.5361572 -0.0580348
v 0.0389299 -0.0335271 -0.0785903
vn 0.4456572 -0.4084382 -0.7965978
v 0.0389299 -0.0335271 -0.0785903
vn 0.3742497 -0.8035972 -0.4627837
v 0.0389299 -0.0335271 -0.0785903
vn 0.4943100 -0.4678314 -0.7326606
v -0.0141708 -0.0405655 -0.1060614
vn 0.4112615 -0.6635559 -0.6249461
v -0.0141708 -0.0405655 -0.1060614
vn 0.5865861 -0.7174076 -0.3758234
v -0.0141708 -0.0405655 -0.1060614
vn 0.4650012 0.4159487 -0.7815117
v 0.0078516 0.1311954 0.2393129
vn -0.0452414 0.9785609 0.2009277
v 0.0078516 0.1311954 0.2393129
vn -0.0905026 -0.8804811 -0.4653626
v 0.1734933 -0.1104151 0.1795720
vn 0.7501847 -0.6338023 -0.1884611
v 0.1734933 -0.1104151 0.1795720
vn -0.0050809 -0.9929410 0.1185003
v 0.1734933 -0.1104151 0.1795720
vn -0.0179011 -0.4508873 -0.8924015
v -0.1959542 -0.1511797 -0.5767047
vn -0.2268297 -0.9739345 -0.0000968
v -0.1959542 -0.1511797 -0.5767047
vn -0.7956621 -0.5893782 -0.1398399
v -0.1959542 -0.1511797 -0.5767047
vn -0.8698515 -0.2840728 -0.4033128
v -0.2052080 -0.1381499 -0.5789684
vn -0.8094230 -0.5314664 0.2497554
v -0.2052080 -0.1381499 -0.5789684
vn -0.4547765 0.6250220 0.6344494
v -0.3165422 0.1062494 0.1223921
vn 0.1007716 0.4673396 -0.8783160
v -0.2633501 0.0882129 0.2814886
vn -0.5330390 0.6467040 0.5455672
v -0.2633501 0.0882129 0.2814886
vn 0.1040087 0.8440797 -0.5260338
v -0.0223870 0.0941969 0.3156748
vn -0.1785087 0.7126061 0.6784742
v -0.0223870 0.0941969 0.3156748
vn 0.8736588 0.4495559 0.1860641
v -0.0223870 0.0941969 0.3156748
vn -0.2252576 0.7334072 0.6413836
v -0.0223870 0.0941969 0.3156748
vn 0.7228888 0.4919843 -0.4851632
v 0.1130567 0.0403903 0.0522987
vn 0.3544645 0.7687906 -0.5322744
v 0.1130567 0.0403903 0.0522987
vn 0.8220943 0.3883939 -0.4163066
v 0.1242828 0.0228501 0.0512386
vn 0.9046607 0.1848520 -0.3839516
v 0.1242828 0.0228501 0.0512386
vn 0.0464143 -0.0112453 -0.9988590
v 0.1245045 0.0055892 0.0434507
vn 0.5673203 0.3447174 -0.7478754
v 0.1245045 0.0055892 0.0434507
vn 0.0577210 0.0063330 -0.9983127
v 0.1245045 0.0055892 0.0434507
vn 0.8835165 -0.1655353 -0.4381744
v 0.1245045 0.0055892 0.0434507
vn 0.8476430 0.0392834 -0.5291108
v 0.1245045 0.0055892 0.0434507
vn 0.3279435 0.7648454 -0.5544949
v 0.1033264 0.0375280 0.0421070
vn 0.5850707 0.3945271 -0.7085483
v 0.1033264 0.0375280 0.0421070
vn 0.0377805 0.0056634 -0.9992701
v 0.1033264 0.0375280 0.0421070
vn 0.9046606 0.1848520 -0.3839516
v 0.1302639 0.0033113 0.0559242
vn 0.9954854 -0.0404167 -0.0858797
v 0.1302639 0.0033113 0.0559242
vn 0.9823151 0.1773606 0.0600036
v 0.1155838 0.0594812 0.1021309
vn 0.9885718 -0.0255426 0.1485716
v 0.1084396 0.1009869 0.1348102
vn 0.4588278 0.7450471 -0.4841302
v 0.1084396 0.1009869 0.1348102
vn 0.9609896 0.1613973 0.2246107
v 0.1206522 0.0366251 0.0928114
vn 0.9312071 0.0139268 0.3642244
v 0.1243580 0.0052191 0.0889779
vn 0.4624112 0.8606007 -0.2134065
v 0.1043670 0.1195636 0.1661611
vn 0.9872486 -0.0625179 0.1463959
v 0.1043670 0.1195636 0.1661611
vn 0.4475376 0.8305566 -0.3314905
v 0.1043670 0.1195636 0.1661611
vn 0.9900518 -0.0171874 0.1396503
v 0.1043670 0.1195636 0.1661611
vn 0.0508457 0.9086910 -0.4143615
v 0.1045757 0.1114904 0.1611673
vn 0.0595078 0.8033997 -0.5924591
v 0.1045757 0.1114904 0.1611673
vn 0.9821741 -0.0794425 0.1703614
v 0.1045757 0.1114904 0.1611673
vn 0.8410336 -0.4314959 -0.3263034
v 0.1149951 -0.0637355 0.1054430
vn 0.9806740 -0.0726034 0.1816791
v 0.1149951 -0.0637355 0.1054430
vn 0.9798628 -0.1432041 0.1391460
v 0.1215218 -0.0273585 0.0907623
vn 0.9769521 0.0940521 0.1916213
v 0.1100583 -0.0947563 0.1337397
vn 0.5168046 -0.7666951 -0.3809092
v 0.1100583 -0.0947563 0.1337397
vn 0.5264250 -0.6823394 -0.5072373
v 0.1100583 -0.0947563 0.1337397
vn 0.9934285 -0.0029252 0.1144172
v 0.1100583 -0.0947563 0.1337397
vn 0.9934285 -0.0029252 0.1144169
v 0.1058582 -0.1154427 0.1696787
vn 0.4678735 -0.8391305 -0.2774067
v 0.1058582 -0.1154427 0.1696787
vn 0.9748115 0.1339892 0.1782965
v 0.1058582 -0.1154427 0.1696787
vn -0.9729590 -0.1545934 -0.1716153
v 0.1041301 -0.1194073 0.1830475
vn 0.9857041 0.0711847 0.1527096
v 0.1041301 -0.1194073 0.1830475
vn 0.9429856 -0.3045854 -0.1341867
v 0.1252643 -0.0152045 0.0528381
vn 0.7398857 -0.2541663 -0.6228714
v 0.1252643 -0.0152045 0.0528381
vn 0.9197420 -0.3563349 -0.1646212
v 0.1168388 -0.0466786 0.0867091
vn 0.5456777 -0.4424268 -0.7116842
v 0.1175880 -0.0280591 0.0489652
vn 0.8627694 -0.4600119 -0.2098050
v 0.1175880 -0.0280591 0.0489652
vn -0.5397092 0.2612508 -0.8002887
v -0.0295493 0.0681398 0.0513361
vn 0.2575882 0.9278942 0.2695566
v -0.0295493 0.0681398 0.0513361
vn 0.5401574 0.7434000 -0.3944445
v -0.0586493 0.0673398 -0.0569003
vn -0.0743303 0.9922941 0.0991339
v -0.0573770 0.0631416 -0.0569745
vn 0.7726775 0.5851409 -0.2461295
v -0.1076742 0.0623908 -0.0980259
vn -0.9073912 0.3766464 0.1864909
v -0.1076742 0.0623908 -0.0980259
vn 0.3847638 0.8898119 -0.2453398
v -0.1085862 0.0661109 -0.0973918
vn -0.8135933 0.3283046 0.4798772
v -0.0815975 0.0664312 -0.0501111
vn -0.0429342 0.9990125 -0.0114348
v -0.0815975 0.0664312 -0.0501111
vn -0.8243483 0.2792925 0.4923878
v -0.1257102 0.0643851 -0.0859607
vn -0.0805197 0.9962609 0.0313190
v -0.1257102 0.0643851 -0.0859607
vn -0.3490463 0.9368124 0.0234370
v -0.1656867 0.0631176 -0.3024004
vn -0.3079134 0.9507058 0.0367156
v -0.1684369 0.0611934 -0.2791141
vn -0.7009598 0.6283351 0.3374173
v -0.1684369 0.0611934 -0.2791141
vn -0.8260349 0.3376536 0.4512832
v -0.1684369 0.0611934 -0.2791141
vn 0.8484062 0.3724695 0.3761297
v 0.1950201 -0.0403865 -0.4619445
vn 0.7621985 -0.4988726 0.4125283
v 0.1943717 0.0476786 -0.4622067
vn 0.7559934 0.0837866 0.6491947
v 0.2021857 -0.0391859 -0.4677878
vn 0.8190103 -0.0328733 0.5728365
v 0.1946333 0.0491973 -0.4563808
vn 0.7433762 -0.0435404 0.6674549
v 0.2011976 0.0475905 -0.4672556
vn 0.3961575 -0.9178241 0.0256540
v 0.2104953 -0.0484421 -0.4786884
vn 0.9816846 -0.0002503 0.1905134
v 0.2104953 -0.0484421 -0.4786884
vn 0.8119540 0.0756230 0.5788022
v 0.1961170 -0.0434800 -0.4580146
vn 0.4719529 -0.7164730 0.5137383
v 0.2080494 0.0573629 -0.4856385
vn 0.4130518 0.9093117 0.0504054
v 0.2080494 0.0573629 -0.4856385
vn 0.9702536 0.0481727 0.2372498
v 0.2080494 0.0573629 -0.4856385
vn 0.9694638 -0.0775203 0.2326600
v 0.2084742 -0.0494437 -0.4860044
vn 0.3902116 -0.9205449 0.0182245
v 0.2084742 -0.0494437 -0.4860044
vn 0.3668196 0.7980073 0.4781504
v 0.2084742 -0.0494437 -0.4860044
vn 0.8081097 -0.0990666 0.5806415
v 0.2416046 0.0363585 -0.5400329
vn 0.8449169 0.2281079 0.4838206
v 0.2299785 -0.0311573 -0.5167586
vn 0.7380025 -0.0162646 0.6746020
v 0.2156246 -0.0360131 -0.4915983
vn 0.8091865 0.1394820 0.5707558
v 0.2420860 -0.0275459 -0.5406919
vn 0.8462098 -0.0245469 0.5322842
v 0.2281205 -0.0384258 -0.5068112
vn 0.7381771 0.6452811 0.1967405
v 0.2455888 0.0413229 -0.5438830
vn 0.9706461 -0.0739844 0.2288507
v 0.2455888 0.0413229 -0.5438830
vn 0.7600268 0.0263527 0.6493573
v 0.2154302 0.0440603 -0.4918483
vn 0.7733893 -0.3786129 0.5084500
v 0.2271067 0.0450662 -0.5070582
vn 0.9606679 -0.1549949 0.2304210
v 0.2462446 -0.0320024 -0.5445613
vn 0.4933296 0.0035946 0.8698351
v 0.2456945 -0.0342985 -0.5488140
vn 0.2401109 0.9200072 0.3097315
v 0.2456945 -0.0342985 -0.5488140
vn 0.9670351 -0.2543494 0.0122338
v 0.2456945 -0.0342985 -0.5488140
vn -0.0119206 0.9998639 0.0114162
v 0.0963444 0.1288494 0.2255266
vn 0.7278872 0.6774384 0.1061021
v 0.0963444 0.1288494 0.2255266
vn -0.9058841 0.1998058 -0.3734324
v -0.3528846 0.0574000 0.1694335
vn -0.9401523 0.3405501 -0.0118017
v -0.3528846 0.0574000 0.1694335
vn -0.2149282 0.2056231 -0.9547383
v -0.3528846 0.0574000 0.1694335
vn -0.4054405 0.9132200 0.0405867
v -0.3316246 0.0962343 0.1776855
vn -0.8752319 0.4833076 -0.0195709
v -0.3316246 0.0962343 0.1776855
vn -0.1605344 0.4652342 -0.8705090
v -0.3316246 0.0962343 0.1776855
vn -0.5323975 0.8454824 0.0413817
v -0.1771534 0.0568226 -0.2890827
vn -0.7133558 0.6349621 0.2965581
v -0.1771534 0.0568226 -0.2890827
vn -0.3009539 0.2321980 -0.9249384
v -0.3444001 0.0696370 0.1968599
vn -0.6269697 0.4209898 -0.6554973
v -0.3444001 0.0696370 0.1968599
vn -0.7189888 0.2132721 0.6614909
v -0.3444001 0.0696370 0.1968599
vn -0.7095701 0.3257574 0.6248139
v -0.3330713 0.0945573 0.2009685
vn -0.3951285 0.9172361 0.0505117
v -0.3330713 0.0945573 0.2009685
vn -0.8752398 0.2470251 0.4158534
v -0.3539040 0.0541960 0.1913707
vn 0.9919578 0.0080416 0.1263130
v 0.0891850 0.1171161 0.2755843
vn -0.0101793 0.9988840 0.0461210
v 0.0891850 0.1171161 0.2755843
vn -0.0157583 0.9461183 0.3234376
v 0.0891850 0.1171161 0.2755843
vn 0.9818038 -0.1700134 -0.0845982
v 0.2485413 -0.0413508 -0.5524030
vn 0.4547498 0.2526723 0.8540253
v 0.2485413 -0.0413508 -0.5524030
vn 0.8575910 -0.0387389 0.5128714
v 0.2485413 -0.0413508 -0.5524030
vn -0.0018253 0.8214371 -0.5702963
v -0.2068031 0.0851544 0.0763374
vn -0.3064677 0.8787664 -0.3658515
v -0.2068031 0.0851544 0.0763374
vn 0.0044744 0.7936462 -0.6083632
v 0.0321097 0.1300839 0.1346184
vn 0.9387817 0.2438883 -0.2433259
v 0.0321097 0.1300839 0.1346184
vn -0.1651959 0.6981881 0.6965945
v -0.2277291 0.1195840 0.1300889
vn -0.0329238 0.9017656 -0.4309697
v -0.2277291 0.1195840 0.1300889
vn -0.0031649 0.8155426 -0.5786884
v -0.2188399 0.1056414 0.1001357
vn 0.1118069 0.6292568 -0.7691132
v 0.0345546 0.1180959 0.1320353
vn 0.9175158 0.2690412 -0.2928853
v 0.0345546 0.1180959 0.1320353
vn 0.1145576 0.8866420 -0.4480431
v 0.0345546 0.1180959 0.1320353
vn 0.5780470 0.5091704 -0.6376576
v -0.2716984 0.0908189 0.0889790
vn -0.9486315 -0.1183309 0.2934214
v -0.0422100 0.1093984 0.1153173
vn 0.0205397 0.8315679 -0.5550432
v -0.0422100 0.1093984 0.1153173
vn -0.0396753 0.9497546 -0.3104709
v -0.0422100 0.1093984 0.1153173
vn -0.0970120 0.3998659 0.9114252
v -0.0422100 0.1093984 0.1153173
vn -0.0474303 0.8793463 -0.4738148
v -0.2731857 0.0961160 0.0885228
vn -0.0525436 0.7675089 -0.6388814
v -0.2731857 0.0961160 0.0885228
vn 0.6300612 0.1267069 -0.7661386
v -0.2731857 0.0961160 0.0885228
vn 0.0332919 0.6922404 -0.7208987
v -0.0464838 0.1356581 0.1543212
vn -0.0338653 0.9160140 -0.3997145
v -0.0464838 0.1356581 0.1543212
vn 0.9167934 0.3262547 -0.2303209
v 0.0337918 0.1447585 0.1667672
vn -0.1647344 0.5760456 0.8006461
v 0.0337918 0.1447585 0.1667672
vn -0.1471985 0.5266443 0.8372446
v 0.0337918 0.1447585 0.1667672
vn -0.0378030 0.9070194 -0.4193887
v 0.0337918 0.1447585 0.1667672
vn -0.6473776 0.5484712 -0.5292273
v -0.3109477 0.0968461 0.0925055
vn -0.0790249 0.7424275 -0.6652492
v -0.3109477 0.0968461 0.0925055
vn -0.0306530 0.8905382 -0.4538746
v -0.3109477 0.0968461 0.0925055
vn -0.0234594 0.9011450 -0.4328826
v -0.2702649 0.0894387 0.0861258
vn -0.0554345 0.8876235 -0.4572216
v -0.2702649 0.0894387 0.0861258
vn -0.0189174 0.8824826 -0.4699645
v -0.2702649 0.0894387 0.0861258
vn 0.8084347 0.5862978 -0.0518487
v -0.2692789 0.0847052 0.0768168
vn -0.0260328 0.9820842 0.1866365
v -0.2289317 0.0847109 0.0755844
vn 0.2610445 0.0956792 -0.9605734
v -0.2289317 0.0847109 0.0755844
vn -0.0007999 0.8165819 -0.5772291
v -0.2289317 0.0847109 0.0755844
vn -0.0269521 0.8169447 -0.5760859
v -0.2289317 0.0847109 0.0755844
vn -0.1222506 0.9448045 0.3039725
v -0.1858551 0.0986877 0.0962120
vn 0.9703916 0.2255794 -0.0863375
v -0.1116273 0.0822278 0.0719534
vn -0.0404696 0.4209246 0.9061924
v -0.1116273 0.0822278 0.0719534
vn 0.0140738 0.7914777 -0.6110361
v -0.1116273 0.0822278 0.0719534
vn 0.0144007 0.8249580 -0.5650105
v -0.1515070 0.0816352 0.0704409
vn -0.9542840 0.2473020 -0.1678807
v -0.1515070 0.0816352 0.0704409
vn -0.0605093 0.4156599 0.9075052
v -0.1515070 0.0816352 0.0704409
vn 0.0140730 0.7792000 -0.6266174
v -0.1515070 0.0816352 0.0704409
vn -0.1793996 0.8222256 -0.5401490
v -0.2086505 0.0895234 0.0815753
vn 0.2610444 0.0956790 -0.9605735
v -0.2086505 0.0895234 0.0815753
vn -0.5739440 0.8097325 -0.1221544
v -0.2090958 0.0842215 0.0809262
vn 0.2610444 0.0956791 -0.9605735
v -0.2090958 0.0842215 0.0809262
vn 0.6594189 0.7045404 0.2622776
v -0.2644352 0.0769223 0.0647451
vn 0.1908399 0.7797768 -0.5962619
v -0.2644352 0.0769223 0.0647451
vn -0.0722218 0.7490290 -0.6585891
v -0.2644352 0.0769223 0.0647451
vn -0.0855896 0.9776275 -0.1921432
v -0.2436660 0.0629092 0.0501698
vn -0.3129049 0.5476612 -0.7759882
v -0.2436660 0.0629092 0.0501698
vn -0.0341582 0.7928486 -0.6084607
v -0.2436660 0.0629092 0.0501698
vn -0.0336662 0.6746531 -0.7373669
v -0.2436660 0.0629092 0.0501698
vn 0.6594190 0.7045406 0.2622771
v -0.2436660 0.0629092 0.0501698
vn -0.5894689 0.4001591 -0.7017117
v -0.3043032 0.0780520 0.0717055
vn -0.0990082 0.7223960 -0.6843549
v -0.3043032 0.0780520 0.0717055
vn -0.1606439 0.5241908 -0.8363119
v -0.3043032 0.0780520 0.0717055
vn -0.4445336 0.3143562 -0.8387909
v -0.2966724 0.0544048 0.0562509
vn -0.1762996 0.4817574 -0.8583871
v -0.2966724 0.0544048 0.0562509
vn -0.3271034 0.2749648 -0.9041005
v -0.2762772 0.0268138 0.0396789
vn -0.3912990 0.1444485 -0.9088563
v -0.2762772 0.0268138 0.0396789
vn -0.0543290 0.4238997 0.9040782
v -0.1943382 0.0799555 0.0688091
vn 0.9728400 0.2120669 -0.0927906
v -0.1943382 0.0799555 0.0688091
vn -0.0185210 0.7763902 -0.6299804
v -0.1943382 0.0799555 0.0688091
vn -0.0238595 0.7570659 -0.6529028
v -0.1943382 0.0799555 0.0688091
vn 0.7492949 0.2819295 -0.5992270
v 0.0313576 0.1255727 0.1315555
vn 0.1065634 0.2856510 -0.9523906
v 0.0313576 0.1255727 0.1315555
vn -0.0242355 0.7506619 -0.6602420
v -0.1609218 0.0733705 0.0599524
vn -0.0236534 0.7574797 -0.6524302
v -0.1609218 0.0733705 0.0599524
vn 0.0119288 0.7791706 -0.6266984
v -0.1609218 0.0733705 0.0599524
vn -0.0075799 0.7737662 -0.6334261
v -0.1609218 0.0733705 0.0599524
vn 0.0090844 0.7814447 -0.6239084
v -0.1609218 0.0733705 0.0599524
vn 0.0402802 0.2781754 -0.9596853
v -0.1609218 0.0733705 0.0599524
vn 0.3046774 0.8109537 -0.4995257
v 0.0921000 0.1116210 0.1356899
vn 0.1901434 0.9529411 -0.2361120
v 0.0872884 0.1340380 0.1875254
vn 0.4624112 0.8606007 -0.2134065
v 0.0872884 0.1340380 0.1875254
vn 0.3951642 0.9151784 -0.0793340
v 0.0872884 0.1340380 0.1875254
vn 0.1417412 0.9746273 -0.1732370
v 0.0446403 0.1451003 0.2148672
vn -0.5995013 0.7792400 0.1827113
v 0.0446403 0.1451003 0.2148672
vn 0.2879221 0.8820481 -0.3729507
v 0.0896074 0.1243957 0.1585784
vn 0.1781490 0.8204513 -0.5432520
v 0.0390033 0.0671663 0.0605589
vn -0.0716961 0.9789157 0.1912690
v 0.0390033 0.0671663 0.0605589
vn -0.6470467 -0.6444288 -0.4074827
v 0.0390033 0.0671663 0.0605589
vn 0.1583901 0.8868187 -0.4341258
v 0.0390033 0.0671663 0.0605589
vn -0.0570773 0.8711240 -0.4877349
v -0.1519735 0.0636166 0.0416232
vn 0.0519399 0.0267804 -0.9982911
v -0.1519735 0.0636166 0.0416232
vn 0.7696527 0.6254851 0.1280748
v -0.0312024 0.0720275 0.0509153
vn -0.0461754 0.9894458 -0.1373496
v -0.0312024 0.0720275 0.0509153
vn 0.1374147 0.7936944 -0.5925930
v 0.0927713 0.0561291 0.0615220
vn 0.3302352 0.7830558 -0.5270374
v 0.0927713 0.0561291 0.0615220
vn 0.1781490 0.8204513 -0.5432519
v 0.0927713 0.0561291 0.0615220
vn 0.3847954 0.9200104 0.0742524
v 0.0828495 0.1382801 0.2143521
vn 0.1726735 0.9768988 -0.1259076
v 0.0828495 0.1382801 0.2143521
vn -0.2266825 0.9660385 0.1240351
v -0.1164387 0.0594243 -0.0401558
vn 0.2625904 0.0625589 0.9628773
v -0.1164387 0.0594243 -0.0401558
vn -0.9709317 0.0120466 0.2390534
v -0.1164387 0.0594243 -0.0401558
vn -0.5842731 0.7627062 -0.2773161
v -0.1514376 0.0503765 -0.0094483
vn -0.4094523 0.9083294 -0.0853612
v -0.1514376 0.0503765 -0.0094483
vn -0.4593530 0.8790665 0.1274246
v -0.1426867 0.0527527 -0.0537453
vn -0.6743401 0.7360284 -0.0593947
v -0.1426867 0.0527527 -0.0537453
vn -0.6870156 0.7194538 0.1019608
v -0.1464132 0.0537153 -0.0771101
vn -0.4783556 0.8728296 0.0966672
v -0.1464132 0.0537153 -0.0771101
vn 0.9939842 0.0380825 0.1026892
v -0.1464132 0.0537153 -0.0771101
vn -0.4401338 0.8939815 0.0841388
v -0.1464132 0.0537153 -0.0771101
vn -0.1992426 0.5081711 -0.8378930
v -0.1464132 0.0537153 -0.0771101
vn 0.3551189 0.2770625 0.8928197
v -0.1254464 0.0569542 -0.0375388
vn -0.2615131 0.9651731 -0.0072090
v -0.1254464 0.0569542 -0.0375388
vn 0.9109308 -0.0854377 -0.4036155
v -0.1254464 0.0569542 -0.0375388
vn -0.3204709 0.9276835 0.1915773
v -0.1284110 0.0603829 -0.0561990
vn -0.2165332 0.9739373 -0.0675239
v -0.1359172 0.0567692 0.0087332
vn 0.9856296 -0.1166264 -0.1221988
v -0.1359172 0.0567692 0.0087332
vn 0.4503371 0.4149203 0.7905933
v -0.1359172 0.0567692 0.0087332
vn -0.1517790 0.9822389 0.1103171
v -0.1267920 0.0636985 -0.0834926
vn 0.9577007 0.1898725 -0.2162354
v -0.1267920 0.0636985 -0.0834926
vn 0.5518384 0.4269477 -0.7163729
v -0.1267920 0.0636985 -0.0834926
vn -0.4291808 0.8982085 0.0950018
v -0.1267920 0.0636985 -0.0834926
vn -0.1156697 0.8957770 -0.4291900
v -0.1683542 0.0613351 0.0386313
vn -0.1282870 0.9199070 -0.3705584
v -0.1683542 0.0613351 0.0386313
vn -0.0869066 0.4634399 0.8818565
v -0.1683542 0.0613351 0.0386313
vn -0.2677844 0.9323089 -0.2430877
v -0.1619313 0.0524390 0.0183330
vn -0.1156698 0.8957770 -0.4291900
v -0.1619313 0.0524390 0.0183330
vn -0.1767200 0.8464860 -0.5022267
v -0.1619313 0.0524390 0.0183330
vn -0.5842730 0.7627063 -0.2773161
v -0.1619313 0.0524390 0.0183330
vn -0.2416284 0.9693977 0.0434039
v -0.1510947 0.0538101 -0.1026071
vn 0.2664420 0.1559692 0.9511479
v -0.1510947 0.0538101 -0.1026071
vn -0.6864725 0.7152874 0.1308409
v -0.1510947 0.0538101 -0.1026071
vn -0.4401330 0.8939819 0.0841392
v -0.1510947 0.0538101 -0.1026071
vn 0.4098901 0.2669306 -0.8722030
v -0.1510947 0.0538101 -0.1026071
vn -0.4754927 0.8754575 0.0864929
v -0.1510947 0.0538101 -0.1026071
vn -0.7472069 0.6425998 0.1695507
v -0.1572931 0.0533792 -0.1274900
vn 0.7075452 0.4915956 -0.5076550
v -0.1572931 0.0533792 -0.1274900
vn -0.2416279 0.9693978 0.0434041
v -0.1572931 0.0533792 -0.1274900
vn -0.3751760 0.6270395 0.6826891
v -0.1572931 0.0533792 -0.1274900
vn -0.1978949 0.7505108 -0.6305324
v -0.2157811 0.0514524 0.0351564
vn -0.2182505 0.5534343 0.8037893
v -0.2157811 0.0514524 0.0351564
vn -0.2251819 0.6327220 -0.7409157
v -0.2157811 0.0514524 0.0351564
vn -0.7585390 0.5691732 -0.3172705
v -0.1667823 0.0394989 -0.0070355
vn -0.5842731 0.7627062 -0.2773162
v -0.1667823 0.0394989 -0.0070355
vn -0.4690794 0.8501379 -0.2392281
v -0.1667823 0.0394989 -0.0070355
vn 0.6852970 -0.2259123 0.6923379
v 0.1813296 -0.0894568 -0.4560486
vn 0.4771724 -0.8342775 0.2762021
v 0.1813296 -0.0894568 -0.4560486
vn 0.8683127 -0.4313017 0.2449738
v 0.1813296 -0.0894568 -0.4560486
vn 0.0603840 -0.9713514 0.2298482
v 0.1309444 -0.1361542 -0.4183451
vn 0.7285703 -0.2776328 0.6261833
v 0.1309444 -0.1361542 -0.4183451
vn 0.4727112 -0.7032608 0.5310069
v 0.1402391 -0.1336917 -0.4298100
vn 0.7130893 -0.3631625 0.5996805
v 0.1402391 -0.1336917 -0.4298100
vn -0.0254095 -0.0127654 0.9995956
v 0.1121201 0.0168670 0.3553623
vn -0.0564725 -0.0019439 0.9984023
v 0.1121201 0.0168670 0.3553623
vn -0.1434134 -0.0397190 0.9888656
v 0.1121201 0.0168670 0.3553623
vn -0.0638067 0.1140763 0.9914209
v 0.1121201 0.0168670 0.3553623
vn 0.3692683 -0.0609657 0.9273210
v 0.0739222 -0.0006465 0.3511209
vn -0.7573617 -0.2115542 0.6177768
v 0.0753455 -0.0267991 0.3486644
vn -0.0828547 -0.1909589 0.9780951
v 0.0753455 -0.0267991 0.3486644
vn -0.1179897 -0.0317262 0.9925079
v 0.1148384 -0.0123198 0.3554594
vn -0.0564726 -0.0019440 0.9984023
v 0.1148384 -0.0123198 0.3554594
vn -0.1399691 -0.0997303 0.9851207
v 0.1148384 -0.0123198 0.3554594
vn -0.1069643 0.0540472 0.9927928
v 0.1459848 0.0178660 0.3595390
vn -0.0258546 0.0715865 0.9970993
v 0.1459848 0.0178660 0.3595390
vn -0.0956852 0.1158691 0.9886449
v 0.1498977 0.0284358 0.3588888
vn -0.1056489 0.3320729 0.9373186
v 0.1498977 0.0284358 0.3588888
vn 0.1797489 0.2331923 0.9556734
v 0.1498977 0.0284358 0.3588888
vn -0.2598614 0.0798167 0.9623417
v 0.0743248 0.0161046 0.3507316
vn -0.1216717 0.3154007 0.9411262
v 0.0743248 0.0161046 0.3507316
vn -0.0320452 0.1698624 0.9849467
v 0.0743248 0.0161046 0.3507316
vn -0.1370988 0.1976658 0.9706349
v 0.0743248 0.0161046 0.3507316
vn -0.3308344 -0.5836911 0.7415211
v 0.1605072 -0.0824498 0.3237980
vn 0.2812495 -0.6772788 0.6798472
v 0.1605072 -0.0824498 0.3237980
vn -0.2793858 -0.7232268 0.6315747
v 0.1605072 -0.0824498 0.3237980
vn 0.9472513 0.1444732 0.2860815
v 0.0815755 0.0933241 0.3168604
vn 0.9578891 0.0903492 0.2725537
v 0.0815755 0.0933241 0.3168604
vn 0.1076839 0.6391645 0.7614939
v 0.0815755 0.0933241 0.3168604
vn -0.1012044 0.6909169 0.7158153
v 0.0850076 0.1021720 0.3005956
vn -0.0903182 0.7851020 0.6127460
v 0.0850076 0.1021720 0.3005956
vn 0.9807832 -0.0246691 0.1935354
v 0.0850076 0.1021720 0.3005956
vn -0.0593764 0.9021407 0.4273368
v 0.0869487 0.1097034 0.2888286
vn -0.1086229 0.5964940 0.7952333
v 0.0869487 0.1097034 0.2888286
vn 0.9604366 0.0301477 0.2768623
v 0.0869487 0.1097034 0.2888286
vn -0.2613554 -0.9468244 0.1876621
v -0.2733905 -0.1035105 0.2090358
vn -0.9559274 -0.1671904 0.2413510
v -0.2733905 -0.1035105 0.2090358
vn -0.1385658 -0.8675067 0.4777361
v -0.1710540 -0.1135394 0.1451562
vn -0.0336058 -0.8929057 -0.4489879
v -0.1710540 -0.1135394 0.1451562
vn -0.6792506 0.6830361 0.2684778
v 0.0400537 -0.1319260 0.1721258
vn -0.9770874 -0.1827119 -0.1091632
v 0.0400537 -0.1319260 0.1721258
vn -0.1417961 -0.8002493 0.5826620
v 0.0400537 -0.1319260 0.1721258
vn 0.9061184 -0.3660997 -0.2119447
v 0.0400537 -0.1319260 0.1721258
vn -0.4992195 -0.8621314 -0.0866574
v -0.3192166 -0.0982534 0.1258465
vn -0.8704725 -0.2849829 0.4013259
v -0.3192166 -0.0982534 0.1258465
vn -0.7368488 -0.5228813 0.4285428
v -0.3192166 -0.0982534 0.1258465
vn -0.1518525 -0.4495615 0.8802473
v -0.0987261 -0.1269323 0.1508826
vn -0.1444178 -0.8405629 0.5221087
v -0.0987261 -0.1269323 0.1508826
vn -0.0400028 -0.9009291 -0.4321187
v -0.3151039 -0.1106090 0.1190841
vn -0.3975725 -0.5472267 0.7365318
v -0.3151039 -0.1106090 0.1190841
vn -0.6394641 -0.6310308 -0.4391876
v -0.3151039 -0.1106090 0.1190841
vn -0.8972276 -0.4415648 -0.0017877
v -0.3207609 -0.0944057 0.1354173
vn -0.3438114 -0.3870314 -0.8555702
v -0.3207609 -0.0944057 0.1354173
vn -0.6373858 -0.7450212 0.1966795
v -0.3207609 -0.0944057 0.1354173
vn -0.6480291 -0.7615978 -0.0052160
v -0.3207609 -0.0944057 0.1354173
vn 0.3044855 -0.7715486 -0.5585710
v -0.3207609 -0.0944057 0.1354173
vn 0.0186879 -0.3687870 -0.9293261
v -0.3134915 -0.1048893 0.1796264
vn -0.3699268 0.1767708 0.9120889
v -0.3134915 -0.1048893 0.1796264
vn -0.3872196 -0.9219599 -0.0071408
v -0.3134915 -0.1048893 0.1796264
vn -0.2063167 -0.9784341 0.0100123
v -0.3134915 -0.1048893 0.1796264
vn -0.3421399 -0.8847009 0.3166144
v -0.3323519 -0.0905799 0.2299680
vn -0.8661571 -0.4928863 0.0826743
v -0.3323519 -0.0905799 0.2299680
vn 0.2102033 -0.9496974 0.2321409
v -0.2808466 -0.1073599 0.2387377
vn -0.4095996 -0.7030285 0.5813597
v -0.2655509 -0.0798553 0.2952745
vn 0.8348550 -0.5474719 0.0573749
v -0.2655509 -0.0798553 0.2952745
vn 0.2229040 0.1476261 0.9635977
v -0.2655509 -0.0798553 0.2952745
vn -0.5754679 -0.8164604 0.0472133
v -0.2959169 -0.1144063 0.1649720
vn 0.9222577 -0.3223097 -0.2134413
v -0.2959169 -0.1144063 0.1649720
vn 0.3044854 -0.7715486 -0.5585710
v -0.3079472 -0.1054610 0.1576729
vn -0.4838422 -0.8751413 -0.0049419
v -0.3079472 -0.1054610 0.1576729
vn -0.4388353 -0.2480838 0.8636424
v -0.3278148 -0.0988195 0.1726408
vn -0.3872196 -0.9219599 -0.0071408
v -0.3278148 -0.0988195 0.1726408
vn -0.7928513 -0.6081619 -0.0390648
v -0.3278148 -0.0988195 0.1726408
vn 0.0657083 0.8358293 -0.5450429
v 0.1706775 0.1112747 0.1688055
vn 0.0508458 0.9086911 -0.4143614
v 0.1706775 0.1112747 0.1688055
vn 0.0835590 0.8711418 -0.4838698
v 0.1706775 0.1112747 0.1688055
vn 0.0680417 0.8247407 -0.5614029
v 0.1719048 0.1038593 0.1575820
vn 0.1927030 0.8282657 -0.5261574
v 0.1719048 0.1038593 0.1575820
vn 0.2003964 0.9628090 -0.1812183
v 0.1679516 0.1257728 0.2016472
vn 0.6448486 0.7034903 0.2987838
v 0.0925947 0.1250091 0.2520036
vn 0.9810383 0.1154464 0.1556794
v 0.0925947 0.1250091 0.2520036
vn -0.0284248 0.9898706 0.1390981
v 0.0925947 0.1250091 0.2520036
vn -0.0136064 0.9982798 0.0570303
v 0.1618192 0.1260906 0.2637541
vn 0.3508659 0.8798679 0.3205085
v 0.1618192 0.1260906 0.2637541
vn 0.0025597 0.9927436 -0.1202237
v 0.1011866 0.1245809 0.1903835
vn 0.0430360 0.8801602 -0.4727219
v 0.1011866 0.1245809 0.1903835
vn 0.9827907 0.1847142 0.0017600
v 0.1011866 0.1245809 0.1903835
vn -0.1011474 0.9933231 0.0554844
v 0.1593996 0.1258849 0.2596919
vn 0.8472766 0.4523712 0.2783571
v 0.0907600 0.1219166 0.2629887
vn 0.1594780 0.9429964 0.2921038
v 0.0907600 0.1219166 0.2629887
vn -0.0582709 0.9216698 0.3835745
v 0.0907600 0.1219166 0.2629887
vn 0.0435012 0.8735938 -0.4847077
v 0.1016490 0.1219744 0.1857273
vn 0.9909376 -0.0089323 0.1340256
v 0.1016490 0.1219744 0.1857273
vn 0.9885961 -0.0468832 0.1431073
v 0.1016490 0.1219744 0.1857273
vn 0.0371451 0.9300428 -0.3655690
v 0.1016490 0.1219744 0.1857273
vn 0.1612261 0.9846310 0.0671418
v 0.1642579 0.1293243 0.2359394
vn -0.1576141 0.7461202 0.6468867
v -0.0368148 0.0933911 0.3115292
vn 0.0802663 0.7251797 -0.6838654
v -0.0368148 0.0933911 0.3115292
vn -0.4335542 0.5621867 0.7042564
v -0.0353778 0.0819126 0.3251593
vn -0.1505022 0.7483085 0.6460522
v -0.0353778 0.0819126 0.3251593
vn -0.1297209 -0.1331672 0.9825675
v -0.0353778 0.0819126 0.3251593
vn -0.6177115 0.6610621 0.4259452
v -0.2609090 0.0776967 0.2963392
vn -0.2085710 0.0888131 0.9739663
v -0.2609090 0.0776967 0.2963392
vn -0.1034883 0.6572325 0.7465492
v 0.0814191 0.0848053 0.3202341
vn 0.7609765 0.3727998 0.5309756
v 0.0814191 0.0848053 0.3202341
vn 0.8416184 0.2815184 0.4608969
v 0.1540806 0.0944996 0.3206075
vn -0.0903183 0.7851019 0.6127461
v 0.1540806 0.0944996 0.3206075
vn -0.0972022 0.7254952 0.6813284
v 0.1540806 0.0944996 0.3206075
vn -0.0903183 0.7851018 0.6127462
v 0.1528932 0.1034344 0.3089845
vn -0.1099946 0.5875203 0.8016988
v 0.1528932 0.1034344 0.3089845
vn -0.0814183 0.7822899 0.6175707
v 0.1528932 0.1034344 0.3089845
vn -0.0582711 0.9216698 0.3835745
v 0.1576083 0.1221643 0.2725488
vn -0.1488291 0.9300792 0.3358612
v 0.1576083 0.1221643 0.2725488
vn -0.1086225 0.5964938 0.7952334
v 0.1537861 0.1105964 0.2972884
vn -0.0988143 0.8569597 0.5058220
v 0.1537861 0.1105964 0.2972884
vn 0.1641339 0.8877382 0.4300941
v 0.1580537 0.1061323 0.3062471
vn -0.0897870 0.8328555 0.5461595
v 0.1580537 0.1061323 0.3062471
vn 0.0427753 0.7311310 0.6808949
v 0.1580537 0.1061323 0.3062471
vn 0.9201194 0.2444309 0.3059967
v 0.0855019 0.1050595 0.2985473
vn -0.0872912 0.7662501 0.6365856
v 0.0855019 0.1050595 0.2985473
vn -0.0101798 0.9988840 0.0461222
v 0.1562317 0.1173799 0.2846678
vn -0.1952503 0.9196114 0.3408700
v 0.1562317 0.1173799 0.2846678
vn 0.9557145 0.1217845 0.2679149
v 0.0830404 0.0933613 0.3116176
vn 0.3054890 0.6451811 0.7002984
v 0.0830404 0.0933613 0.3116176
vn -0.0900377 0.7857080 0.6120101
v 0.0830404 0.0933613 0.3116176
vn -0.1383680 0.2073700 0.9684276
v 0.0753686 0.0444772 0.3448053
vn -0.1219500 0.4126694 0.9026806
v 0.0753686 0.0444772 0.3448053
vn 0.7942582 0.0642045 0.6041787
v 0.0753686 0.0444772 0.3448053
vn 0.7031292 0.2219947 0.6755204
v 0.0753686 0.0444772 0.3448053
vn -0.0658111 0.6495108 0.7574989
v 0.1521739 0.0849234 0.3299383
vn 0.5600844 0.5433137 0.6253924
v 0.1521739 0.0849234 0.3299383
vn -0.1106127 0.3564570 0.9277409
v 0.1500213 0.0607194 0.3474654
vn -0.0400392 0.5883775 0.8075945
v 0.1500213 0.0607194 0.3474654
vn 0.7181729 0.2296809 0.6568671
v 0.1500213 0.0607194 0.3474654
vn 0.1547923 0.4907703 0.8574286
v 0.0790588 0.0706599 0.3323600
vn 0.7031288 0.2219956 0.6755205
v 0.0790588 0.0706599 0.3323600
vn -0.0788206 0.5505698 0.8310597
v 0.0790588 0.0706599 0.3323600
vn 0.4481318 0.7974465 0.4040508
v 0.0879199 0.1140302 0.2857158
vn -0.1086229 0.5964940 0.7952333
v 0.0879199 0.1140302 0.2857158
vn -0.0516659 0.9478168 0.3146013
v 0.0879199 0.1140302 0.2857158
vn 0.9919578 0.0080412 0.1263132
v 0.0879199 0.1140302 0.2857158
vn 0.9613968 -0.0182706 0.2745589
v 0.0879199 0.1140302 0.2857158
vn -0.0101798 0.9988840 0.0461221
v 0.1591784 0.1172723 0.2876509
vn -0.0724957 0.8926095 0.4449638
v 0.1591784 0.1172723 0.2876509
vn 0.5824953 0.6812812 0.4433454
v 0.1591784 0.1172723 0.2876509
vn -0.5509423 0.8179507 -0.1655880
v -0.1921803 0.1528780 -0.6007029
vn -0.3224520 0.7633938 -0.5596917
v -0.1921803 0.1528780 -0.6007029
vn -0.4184396 0.6611379 -0.6227400
v -0.1927365 0.1438904 -0.6022599
vn -0.3976930 0.6241310 -0.6725331
v -0.1924620 0.1427492 -0.6215988
vn -0.9903114 0.1372645 -0.0210209
v -0.2039707 0.1282661 -0.6016547
vn -0.2780464 0.9461797 -0.1656328
v -0.2039707 0.1282661 -0.6016547
vn -0.9486327 0.1845643 -0.2569672
v -0.2039707 0.1282661 -0.6016547
vn -0.8811193 0.1372760 -0.4525307
v -0.2039707 0.1282661 -0.6016547
vn -0.9600278 0.2132861 -0.1812616
v -0.2014272 0.1471095 -0.5984313
vn -0.5509424 0.8179506 -0.1655879
v -0.2014272 0.1471095 -0.5984313
vn -0.9903114 0.1372642 -0.0210210
v -0.2014272 0.1471095 -0.5984313
vn -0.3949177 0.5007227 -0.7702706
v -0.2014272 0.1471095 -0.5984313
vn -0.1192525 0.9509981 -0.2852747
v -0.1937631 0.1277597 -0.6216832
vn -0.4887896 0.0597801 -0.8703512
v -0.1937631 0.1277597 -0.6216832
vn -0.4131597 0.2754338 -0.8680065
v -0.1733995 0.1409999 -0.6226840
vn -0.6288291 0.0767711 -0.7737442
v -0.1733995 0.1409999 -0.6226840
vn 0.0771244 -0.2953806 -0.9522617
v -0.1733995 0.1409999 -0.6226840
vn 0.0555406 0.0721362 -0.9958472
v -0.1709332 0.1497964 -0.6225964
vn -0.3359884 0.1034954 -0.9361627
v -0.1709332 0.1497964 -0.6225964
vn 0.0260319 0.9917099 -0.1258329
v -0.1709332 0.1497964 -0.6225964
vn -0.6967140 0.1945199 -0.6904721
v -0.1709332 0.1497964 -0.6225964
vn -0.0782781 0.3476175 0.9343632
v -0.1951666 0.1546112 -0.5822058
vn -0.5509425 0.8179505 -0.1655879
v -0.1951666 0.1546112 -0.5822058
vn -0.3054490 0.9470354 -0.0991205
v -0.1951666 0.1546112 -0.5822058
vn -0.9903114 0.1372643 -0.0210210
v -0.2020684 0.1420638 -0.6011727
vn -0.5827786 0.5617023 -0.5872475
v -0.2020684 0.1420638 -0.6011727
vn 0.6406878 0.0369040 -0.7669141
v 0.2444869 0.0542405 -0.5963974
vn 0.5783048 0.0181654 0.8156185
v 0.2444869 0.0542405 -0.5963974
vn 0.1926495 0.0051457 -0.9812542
v 0.2395400 0.0044765 -0.5919204
vn 0.6314388 0.0052906 0.7754077
v 0.2395400 0.0044765 -0.5919204
vn -0.9889352 -0.1379884 0.0544660
v -0.2216811 -0.0554532 -0.5681457
vn -0.9484526 -0.0933775 0.3028504
v -0.2205031 -0.0427565 -0.5501298
vn -0.9919211 0.0878130 0.0915495
v -0.2235166 0.0253895 -0.5536770
vn -0.9118056 0.0358093 0.4090577
v -0.2235166 0.0253895 -0.5536770
vn -0.7162690 0.0463319 0.6962845
v -0.2137958 0.0569280 -0.5389869
vn -0.8785631 0.1056980 0.4657843
v -0.2137958 0.0569280 -0.5389869
vn -0.8032472 0.4372361 -0.4044981
v -0.1895978 0.1091901 -0.5176461
vn -0.7199477 0.6933681 0.0302660
v -0.1895978 0.1091901 -0.5176461
vn -0.9377785 0.2865004 0.1961862
v -0.2074196 0.1399633 -0.5536534
vn -0.5937958 0.1013214 0.7982109
v -0.2002511 0.1439005 -0.5394995
vn -0.7884215 0.3625650 0.4969289
v -0.2002511 0.1439005 -0.5394995
vn -0.8951783 0.1251821 0.4277679
v -0.2197909 0.0687626 -0.5549117
vn -0.9841296 0.1701004 0.0505443
v -0.2197909 0.0687626 -0.5549117
vn -0.9947925 0.1017938 0.0050998
v -0.2197909 0.0687626 -0.5549117
vn -0.9732667 -0.0586077 -0.2220747
v -0.2253770 0.0117750 -0.5814998
vn -0.9927058 0.0438162 -0.1123179
v -0.2253770 0.0117750 -0.5814998
vn -0.8636283 0.0348244 -0.5029250
v -0.2163813 0.0123839 -0.6210852
vn -0.9732667 -0.0586077 -0.2220747
v -0.2163813 0.0123839 -0.6210852
vn -0.7470776 0.0562433 -0.6623532
v -0.2163813 0.0123839 -0.6210852
vn -0.9647093 0.1627616 -0.2069896
v -0.2176204 0.0890625 -0.5809691
vn -0.9834692 0.1772667 0.0369436
v -0.2176204 0.0890625 -0.5809691
vn -0.8551793 0.2060275 -0.4756269
v -0.2176204 0.0890625 -0.5809691
vn -0.9946777 0.1030019 -0.0026073
v -0.2176204 0.0890625 -0.5809691
vn -0.8721213 0.1279746 -0.4722573
v -0.2116435 0.0681326 -0.6216951
vn -0.7470778 0.0562433 -0.6623531
v -0.2116435 0.0681326 -0.6216951
vn -0.7482976 0.0602361 0.6606228
v -0.2003725 0.0751727 -0.5263923
vn -0.9437951 0.0763063 -0.3216024
v -0.2003725 0.0751727 -0.5263923
vn -0.9390747 0.1672066 0.3003010
v -0.2003725 0.0751727 -0.5263923
vn -0.9102237 -0.1857410 0.3701259
v -0.1997604 -0.0663510 -0.5263796
vn -0.8837519 -0.0171887 0.4676400
v -0.2173761 0.0033924 -0.5391074
vn -0.7482977 0.0602361 0.6606226
v -0.2173761 0.0033924 -0.5391074
vn -0.8256394 -0.1069369 0.5539714
v -0.2152340 -0.0480891 -0.5409623
vn -0.5735664 -0.6390519 0.5124787
v -0.1951347 -0.1448490 -0.5375240
vn -0.7349591 -0.2245236 0.6398628
v -0.1951347 -0.1448490 -0.5375240
vn -0.6686640 -0.7434208 0.0146324
v -0.2039605 -0.1437021 -0.5626655
vn -0.9787014 -0.1956321 0.0622225
v -0.2039605 -0.1437021 -0.5626655
vn -0.8146086 -0.5800112 -0.0001233
v -0.2039605 -0.1437021 -0.5626655
vn -0.9895726 -0.0801334 -0.1196860
v -0.2234945 -0.0342142 -0.5811009
vn -0.9778091 -0.1822689 -0.1032832
v -0.2172185 -0.0806368 -0.5809125
vn -0.9410172 0.1680279 -0.2936892
v -0.2163728 0.0445330 -0.4916337
vn -0.9493865 0.0364702 -0.3119860
v -0.2163728 0.0445330 -0.4916337
vn -0.9181353 0.1239154 -0.3763940
v -0.2163728 0.0445330 -0.4916337
vn -0.9121904 0.3169211 -0.2597495
v -0.2244570 0.0995113 -0.4342758
vn -0.3294418 0.1405615 0.9336545
v -0.2244570 0.0995113 -0.4342758
vn -0.3789085 -0.1225639 0.9172820
v -0.1906361 -0.0979511 -0.5258957
vn -0.8921036 -0.3868861 -0.2333890
v -0.1906361 -0.0979511 -0.5258957
vn -0.6684982 -0.1668500 0.7247561
v -0.1906361 -0.0979511 -0.5258957
vn -0.8295869 -0.0688015 0.5541228
v -0.2067866 -0.0042581 -0.5264152
vn -0.9997822 0.0059967 -0.0199915
v -0.2067866 -0.0042581 -0.5264152
vn -0.8808494 -0.1627223 -0.4445514
v -0.2085060 -0.0778318 -0.6213557
vn -0.1996336 -0.9708065 -0.1329711
v -0.2019376 -0.1256029 -0.6016961
vn -0.9233414 -0.1509487 -0.3530656
v -0.2019376 -0.1256029 -0.6016961
vn -0.5422304 0.0251477 -0.8398535
v -0.1914572 -0.1249830 -0.6219569
vn -0.0479503 -0.9276732 -0.3703018
v -0.1914572 -0.1249830 -0.6219569
vn -0.9943678 0.0951759 0.0466300
v -0.2261359 0.0072424 -0.5646502
vn -0.9942983 -0.0115370 0.1060089
v -0.2261359 0.0072424 -0.5646502
vn -0.9354152 0.1843431 -0.3016888
v -0.2077826 0.1099614 -0.4782892
vn -0.7029787 0.6262552 -0.3370838
v -0.2077826 0.1099614 -0.4782892
vn -0.6275387 0.7697732 -0.1168098
v -0.2077826 0.1099614 -0.4782892
vn -0.9095098 0.2548109 -0.3284256
v -0.2077826 0.1099614 -0.4782892
vn -0.9418057 -0.1161687 -0.3154474
v -0.2060071 -0.0357894 -0.5189841
vn -0.9708070 -0.0885487 -0.2229196
v -0.2060071 -0.0357894 -0.5189841
vn -0.5181313 -0.1300634 -0.8453540
v -0.2060071 -0.0357894 -0.5189841
vn -0.4976167 0.5071363 -0.7036976
v -0.1647212 0.1393416 -0.5135080
vn -0.4563404 0.8031447 -0.3830300
v -0.1647212 0.1393416 -0.5135080
vn -0.1756871 -0.9814184 -0.0771494
v -0.2003863 -0.1397004 -0.6007355
vn -0.8620957 -0.3320797 -0.3827718
v -0.2003863 -0.1397004 -0.6007355
vn -0.8882362 -0.3026746 0.3455787
v -0.2030537 -0.1401550 -0.5476725
vn -0.9291217 0.1587295 -0.3339728
v -0.2004102 0.0819902 -0.5182397
vn -0.8678301 0.3734906 -0.3276825
v -0.2004102 0.0819902 -0.5182397
vn -0.9902067 0.1048183 -0.0922173
v -0.2004102 0.0819902 -0.5182397
vn -0.8490402 0.3462139 -0.3990824
v -0.2004102 0.0819902 -0.5182397
vn -0.9478040 -0.0105995 -0.3186775
v -0.2092109 -0.0015099 -0.5186491
vn -0.9492168 0.0357575 -0.3125843
v -0.2092109 -0.0015099 -0.5186491
vn -0.9902066 0.1048184 -0.0922173
v -0.2092109 -0.0015099 -0.5186491
vn -0.5894682 -0.1332575 0.7967244
v -0.2301672 -0.0624090 -0.4346856
vn -0.9395471 -0.1668965 -0.2989931
v -0.2301672 -0.0624090 -0.4346856
vn 0.1203952 -0.0108573 -0.9926667
v 0.2461246 -0.0252283 -0.5907968
vn 0.9854974 -0.0240343 -0.1679803
v 0.2461246 -0.0252283 -0.5907968
vn 0.6903602 -0.1928683 0.6972837
v 0.1696043 -0.1416477 -0.4597517
vn 0.0979649 -0.4126406 0.9056107
v 0.1696043 -0.1416477 -0.4597517
vn 0.3714548 -0.7878190 0.4912867
v 0.1696043 -0.1416477 -0.4597517
vn 0.3714549 -0.7878190 0.4912866
v 0.1945633 -0.1480781 -0.4889344
vn 0.3507475 -0.8684646 0.3503507
v 0.1945633 -0.1480781 -0.4889344
vn 0.3744339 -0.3513682 -0.8581024
v 0.2297193 -0.1466555 -0.5406923
vn 0.8736434 -0.1719914 0.4551553
v 0.2297193 -0.1466555 -0.5406923
vn 0.0999662 -0.9941632 0.0405771
v 0.2297193 -0.1466555 -0.5406923
vn -0.8460162 0.0076585 -0.5331023
v -0.1134586 -0.1513794 -0.5263461
vn 0.3162979 -0.0898674 -0.9443938
v -0.1134586 -0.1513794 -0.5263461
vn 0.0035692 -0.9998907 0.0143492
v -0.1134586 -0.1513794 -0.5263461
vn 0.0005981 -0.9999669 0.0081195
v -0.1134586 -0.1513794 -0.5263461
vn 0.9438744 -0.0607557 0.3246690
v 0.1081398 -0.1493820 -0.5229774
vn 0.7098680 -0.0955257 -0.6978269
v 0.1081398 -0.1493820 -0.5229774
vn 0.0088249 -0.9998850 0.0123419
v 0.1081398 -0.1493820 -0.5229774
vn 0.0111822 -0.9968038 -0.0791029
v -0.1478172 -0.1512954 -0.5547429
vn 0.7488882 -0.4017710 -0.5270166
v -0.1478172 -0.1512954 -0.5547429
vn 0.0134279 -0.9566882 -0.2908048
v -0.1478172 -0.1512954 -0.5547429
vn 0.3985297 -0.4436354 -0.8027214
v -0.1622953 -0.1512848 -0.5744281
vn -0.0032484 -0.9999931 0.0018490
v -0.1622953 -0.1512848 -0.5744281
vn -0.6890767 -0.3444202 -0.6376113
v 0.1582867 -0.1417844 -0.5429024
vn 0.0304335 -0.8803656 -0.4733186
v 0.1582867 -0.1417844 -0.5429024
vn 0.8500213 0.4798830 -0.2172007
v 0.1582867 -0.1417844 -0.5429024
vn 0.0172335 -0.8250809 -0.5647519
v -0.1458842 -0.1443792 -0.5570479
vn 0.7568700 -0.3870364 -0.5266410
v -0.1458842 -0.1443792 -0.5570479
vn 0.0059522 -0.9989666 0.0450605
v -0.1458842 -0.1443792 -0.5570479
vn 0.0154057 -0.9921886 -0.1237926
v -0.1354005 -0.1445225 -0.5983080
vn -0.0993747 -0.9881334 -0.1171200
v -0.1354005 -0.1445225 -0.5983080
vn 0.0389463 -0.9924624 -0.1161965
v -0.1148717 -0.1438826 -0.6202775
vn 0.0065133 -0.9996847 -0.0242528
v -0.1148717 -0.1438826 -0.6202775
vn 0.0344031 -0.8207092 -0.5703096
v -0.1148717 -0.1438826 -0.6202775
vn 0.6629709 -0.3018905 0.6850780
v -0.1148717 -0.1438826 -0.6202775
vn 0.0439268 -0.0825610 -0.9956175
v -0.1148717 -0.1438826 -0.6202775
vn 0.0036066 -0.9811596 -0.1931654
v 0.1418285 -0.1419208 -0.6076136
vn 0.0344066 -0.8207071 -0.5703122
v 0.1418285 -0.1419208 -0.6076136
vn 0.0511928 -0.0838020 -0.9951666
v 0.1418285 -0.1419208 -0.6076136
vn 0.0448093 -0.9978108 -0.0486390
v 0.1418285 -0.1419208 -0.6076136
vn -0.7067962 -0.4831159 0.5167574
v 0.1418285 -0.1419208 -0.6076136
vn 0.0089471 -0.9993722 -0.0342804
v 0.0991848 -0.1434202 -0.5942098
vn 0.0093426 -0.9999465 -0.0044377
v 0.0369391 -0.1437469 -0.5684127
vn 0.0139534 -0.9944075 -0.1046857
v 0.0369391 -0.1437469 -0.5684127
vn 0.0092191 -0.9997691 0.0194117
v 0.0369391 -0.1437469 -0.5684127
vn 0.0054943 -0.9999811 -0.0027729
v 0.0130492 -0.1439860 -0.5693259
vn 0.0067530 -0.9984795 0.0547106
v 0.0130492 -0.1439860 -0.5693259
vn 0.0171697 -0.9996848 0.0183213
v 0.1087587 -0.1430182 -0.5878931
vn 0.0020595 -0.9993172 -0.0368930
v 0.1235659 -0.1429627 -0.5804134
vn 0.0124098 -0.9999230 -0.0002958
v 0.1235659 -0.1429627 -0.5804134
vn 0.0114171 -0.9998551 -0.0126318
v 0.1235659 -0.1429627 -0.5804134
vn 0.0114171 -0.9998551 -0.0126319
v 0.1070212 -0.1431347 -0.5817567
vn 0.0116632 -0.9998093 -0.0156696
v 0.1070212 -0.1431347 -0.5817567
vn 0.0204937 -0.9997823 -0.0039283
v 0.1070212 -0.1431347 -0.5817567
vn 0.0114687 -0.9946952 -0.1022254
v 0.0477652 -0.1439173 -0.5823321
vn 0.0659136 -0.0203639 -0.9976175
v 0.0787565 -0.1413362 -0.6122602
vn 0.0344071 -0.8207065 -0.5703130
v 0.0787565 -0.1413362 -0.6122602
vn 0.0282421 -0.9969223 -0.0731328
v 0.2122630 -0.1480983 -0.5839142
vn 0.4892151 -0.1082679 -0.8654171
v 0.2122630 -0.1480983 -0.5839142
vn 0.0423647 -0.9990959 -0.0035713
v 0.1245475 -0.1431444 -0.5910676
vn 0.0091659 -0.9999564 -0.0018237
v 0.0748965 -0.1433939 -0.5680585
vn 0.0047896 -0.9998146 0.0186509
v 0.0748965 -0.1433939 -0.5680585
vn 0.0061693 -0.9999772 0.0027745
v -0.0329065 -0.1443689 -0.5867838
vn 0.0154053 -0.9921885 -0.1237928
v -0.0329065 -0.1443689 -0.5867838
vn 0.0182526 -0.9850708 -0.1711799
v -0.0329065 -0.1443689 -0.5867838
vn 0.0101555 -0.9999470 -0.0017247
v -0.0329065 -0.1443689 -0.5867838
vn 0.0166925 -0.9998449 0.0056192
v -0.0329065 -0.1443689 -0.5867838
vn 0.0022608 -0.9999967 0.0012653
v -0.0838426 -0.1448718 -0.5893208
vn -0.0516758 0.0411527 0.9978157
v -0.0838426 -0.1448718 -0.5893208
vn 0.0071475 -0.9998260 0.0172296
v -0.1114010 -0.1452252 -0.5906024
vn 0.0093311 -0.9928216 -0.1192404
v -0.1114010 -0.1452252 -0.5906024
vn 0.0121294 -0.9998165 0.0148321
v -0.1114010 -0.1452252 -0.5906024
vn 0.0153791 -0.9995790 0.0246067
v -0.0619561 -0.1445100 -0.5730615
vn 0.0263627 -0.8691894 -0.4937760
v -0.0619561 -0.1445100 -0.5730615
vn 0.0165880 -0.9995540 0.0248348
v -0.0619561 -0.1445100 -0.5730615
vn 0.0392465 -0.9948086 -0.0938919
v -0.1914422 -0.1503396 -0.6000224
vn -0.6826377 -0.4427204 -0.5813816
v -0.1914422 -0.1503396 -0.6000224
vn 0.6629708 -0.3018901 0.6850782
v -0.1586146 -0.1510515 -0.5811052
vn 0.0448024 -0.9923442 -0.1150903
v -0.1586146 -0.1510515 -0.5811052
vn -0.0246288 -0.5176941 0.8552113
v -0.1586146 -0.1510515 -0.5811052
vn 0.0069340 -0.9986112 0.0522268
v 0.1429934 -0.1427780 -0.5634801
vn 0.0044147 -0.9870828 0.1601503
v 0.1429934 -0.1427780 -0.5634801
vn -0.0113599 -0.9546983 0.2973586
v 0.1429934 -0.1427780 -0.5634801
vn 0.0133962 -0.9992214 0.0371094
v 0.1429934 -0.1427780 -0.5634801
vn 0.0061375 -0.9999587 0.0067141
v -0.0726123 -0.1447012 -0.5741649
vn 0.0066958 -0.9998553 0.0156402
v -0.0726123 -0.1447012 -0.5741649
vn 0.0041492 -0.9912921 0.1316161
v -0.0726123 -0.1447012 -0.5741649
vn 0.0068133 -0.9997492 0.0213350
v -0.0151914 -0.1442161 -0.5710882
vn 0.0098321 -0.9999487 -0.0024520
v -0.0151914 -0.1442161 -0.5710882
vn 0.0062545 -0.9999802 0.0007574
v -0.0151914 -0.1442161 -0.5710882
vn -0.8007999 -0.5184232 0.2999282
v -0.1949319 -0.1514864 -0.5455738
vn -0.2483947 -0.9581551 0.1422634
v -0.1949319 -0.1514864 -0.5455738
vn 0.9579774 0.1210667 -0.2600428
v 0.1505539 -0.1430699 -0.5760050
vn 0.0119926 -0.9997048 0.0211292
v 0.1505539 -0.1430699 -0.5760050
vn 0.0044160 -0.9870828 0.1601500
v 0.1234360 -0.1431451 -0.5652034
vn 0.0073505 -0.9999586 -0.0053742
v 0.1234360 -0.1431451 -0.5652034
vn -0.5223287 -0.1465115 0.8400639
v -0.1169285 -0.1514169 -0.5488463
vn 0.0111634 -0.9968349 -0.0787119
v -0.1169285 -0.1514169 -0.5488463
vn -0.0584325 -0.9982343 0.0106753
v -0.1169285 -0.1514169 -0.5488463
vn 0.4370784 -0.1459081 0.8875096
v -0.1169285 -0.1514169 -0.5488463
vn 0.0008098 -0.9996914 -0.0248294
v -0.1169285 -0.1514169 -0.5488463
vn 0.7161403 -0.1363065 0.6845171
v 0.1144590 -0.1495680 -0.5359669
vn 0.0033074 -0.9964908 0.0836375
v 0.1144590 -0.1495680 -0.5359669
vn 0.0086661 -0.9998171 0.0170482
v 0.1144590 -0.1495680 -0.5359669
vn 0.1106800 -0.0355625 0.9932196
v 0.1144590 -0.1495680 -0.5359669
vn 0.0044152 -0.9870825 0.1601520
v 0.1041110 -0.1433665 -0.5660350
vn 0.0119214 -0.9999210 -0.0039850
v 0.1041110 -0.1433665 -0.5660350
vn -0.0672650 0.2422545 0.9678782
v 0.1041110 -0.1433665 -0.5660350
vn 0.0114171 -0.9998551 -0.0126319
v 0.1041110 -0.1433665 -0.5660350
vn 0.0119666 -0.9998578 -0.0118884
v 0.1041110 -0.1433665 -0.5660350
vn 0.0103727 -0.9988596 -0.0466036
v 0.0771914 -0.1436273 -0.5811476
vn 0.0071476 -0.9998260 0.0172296
v -0.1037232 -0.1448953 -0.5746467
vn 0.0058126 -0.9990504 0.0431791
v -0.1037232 -0.1448953 -0.5746467
vn 0.0070079 -0.9982944 0.0579605
v -0.1037232 -0.1448953 -0.5746467
vn 0.0089440 -0.9998012 0.0178246
v -0.1037232 -0.1448953 -0.5746467
vn 0.0061083 -0.9998211 -0.0179022
v 0.0153743 -0.1438821 -0.5846764
vn 0.0154060 -0.9921885 -0.1237933
v 0.0153743 -0.1438821 -0.5846764
vn 0.0320223 -0.3203433 -0.9467602
v 0.1772145 -0.1488180 -0.5595583
vn -0.6849621 -0.3978049 -0.6103919
v 0.1772145 -0.1488180 -0.5595583
vn 0.0060130 -0.9999802 -0.0019136
v 0.1772145 -0.1488180 -0.5595583
vn 0.0041839 -0.9999903 0.0014275
v 0.1591889 -0.1490081 -0.5401690
vn 0.0078186 -0.9998437 -0.0158594
v 0.1591889 -0.1490081 -0.5401690
vn -0.6897533 -0.3299944 -0.6444719
v 0.1591889 -0.1490081 -0.5401690
vn 0.0470376 -0.3483498 -0.9361837
v 0.1591889 -0.1490081 -0.5401690
vn 0.0083112 -0.9992397 -0.0380919
v 0.0195998 -0.1435701 -0.5979879
vn 0.0027440 -0.9998318 -0.0181378
v 0.0195998 -0.1435701 -0.5979879
vn 0.0147232 -0.9937577 -0.1105846
v -0.0593126 -0.1448135 -0.5870411
vn 0.0165881 -0.9995540 0.0248348
v -0.0593126 -0.1448135 -0.5870411
vn -0.0918153 -0.9515959 0.2933177
v -0.0241162 -0.1241637 0.2389480
vn -0.6147481 -0.4568100 -0.6429694
v -0.0241162 -0.1241637 0.2389480
vn -0.4905929 -0.8335440 -0.2540140
v -0.0242954 -0.1320610 0.2440914
vn -0.3709984 -0.6105000 -0.6997500
v -0.0026604 -0.1363851 0.2382351
vn -0.0729029 -0.9011390 0.4273568
v -0.0026604 -0.1363851 0.2382351
vn 0.2331507 -0.3971818 -0.8876302
v -0.0026604 -0.1363851 0.2382351
vn -0.9621084 -0.2723568 0.0130114
v 0.0159789 -0.1254709 0.2666701
vn -0.0509545 -0.9210120 0.3861871
v 0.0159789 -0.1254709 0.2666701
vn 0.8444777 -0.4937238 -0.2075917
v -0.0273827 -0.1205126 0.2721765
vn -0.0883396 -0.9208286 0.3798300
v -0.0273827 -0.1205126 0.2721765
vn -0.7249365 -0.6709204 0.1559905
v -0.0336825 -0.1250945 0.2598639
vn -0.0906942 -0.9231431 0.3736059
v -0.0349269 -0.1171806 0.2548764
vn -0.9607281 -0.2280522 -0.1580945
v -0.0349269 -0.1171806 0.2548764
vn 0.0026209 -0.8471476 -0.5313512
v 0.0080919 0.1303579 0.2497737
vn -0.0910998 0.7987139 0.5947748
v 0.0080919 0.1303579 0.2497737
vn -0.7310357 0.0040857 0.6823270
v 0.0080919 0.1303579 0.2497737
vn 0.2802394 0.8716723 -0.4020615
v 0.0080919 0.1303579 0.2497737
vn 0.4818503 0.8648139 0.1411288
v 0.0080919 0.1303579 0.2497737
vn -0.2571823 0.8543446 0.4516112
v 0.0104897 0.1348996 0.2523156
vn -0.7361556 0.3848132 0.5567709
v 0.0104897 0.1348996 0.2523156
vn -0.0781612 0.9192575 0.3858192
v -0.0147884 0.1364560 0.2440419
vn 0.0781729 -0.5515432 0.8304753
v -0.0147884 0.1364560 0.2440419
vn 0.3068447 -0.0517863 0.9503497
v -0.0147884 0.1364560 0.2440419
vn -0.9912547 -0.0062430 -0.1318153
v -0.0344644 0.1305134 0.2552562
vn -0.6988627 0.5418146 -0.4669347
v -0.0344644 0.1305134 0.2552562
vn -0.0089254 0.9204119 0.3908482
v -0.0344644 0.1305134 0.2552562
vn -0.9162080 0.0504455 0.3975151
v -0.0337998 0.1233281 0.2734623
vn -0.0167306 0.9229783 0.3844884
v -0.0337998 0.1233281 0.2734623
vn -0.0070514 0.9300686 0.3673185
v -0.0337998 0.1233281 0.2734623
vn 0.0431216 -0.8870104 0.4597316
v 0.2478727 0.0583961 -0.5508175
vn 0.9656221 0.1864575 0.1811289
v 0.2478727 0.0583961 -0.5508175
vn 0.6016028 0.0272230 0.7983314
v 0.2478727 0.0583961 -0.5508175
vn 0.9647351 -0.0624067 0.2557178
v 0.1746819 -0.0791706 -0.4380213
vn 0.9456613 -0.3234304 0.0334305
v 0.1746819 -0.0791706 -0.4380213
vn 0.7794210 -0.0258880 -0.6259655
v 0.1799771 -0.0082474 -0.4406897
vn 0.7716904 -0.0053221 0.6359762
v 0.1799771 -0.0082474 -0.4406897
vn 0.7561216 0.1651381 0.6332533
v 0.1674260 0.0919331 -0.4318639
vn -0.1121276 0.0388408 0.9929345
v 0.1674260 0.0919331 -0.4318639
vn 0.7608648 0.0881326 0.6428977
v 0.1674260 0.0919331 -0.4318639
vn 0.7974026 0.5216541 0.3033584
v 0.1674260 0.0919331 -0.4318639
vn 0.6067521 0.5386840 -0.5845267
v 0.1674260 0.0919331 -0.4318639
vn 0.1500498 0.0326006 -0.9881409
v -0.2082748 0.0080764 0.0168064
vn -0.9814307 0.1688048 -0.0910976
v -0.2082748 0.0080764 0.0168064
vn -0.6867048 -0.1320228 -0.7148473
v -0.2082748 0.0080764 0.0168064
vn 0.9038767 -0.3513227 -0.2440892
v -0.0573301 -0.0639830 -0.0569486
vn 0.3336868 -0.8320003 -0.4432029
v -0.0573301 -0.0639830 -0.0569486
vn -0.8813708 -0.4263601 0.2034762
v -0.0284414 -0.0650390 0.0515476
vn 0.6396191 -0.0031135 0.7686857
v -0.0284414 -0.0650390 0.0515476
vn -0.5182147 -0.2063233 -0.8299904
v -0.0284414 -0.0650390 0.0515476
vn 0.8830302 -0.4038723 -0.2390500
v -0.0284414 -0.0650390 0.0515476
vn 0.1182874 -0.4526823 -0.8837912
v 0.0397950 -0.1353384 0.1801526
vn 0.9329079 -0.3516022 -0.0778379
v 0.0397950 -0.1353384 0.1801526
vn -0.9770874 -0.1827119 -0.1091633
v 0.0397950 -0.1353384 0.1801526
vn 0.1341534 -0.9605026 -0.2437983
v 0.0397950 -0.1353384 0.1801526
vn -0.7797487 -0.6168762 0.1070320
v 0.0397950 -0.1353384 0.1801526
vn 0.5210490 -0.8271194 0.2106687
v 0.0991634 -0.1265356 0.2176270
vn 0.4724495 -0.8703725 -0.1387201
v 0.0991634 -0.1265356 0.2176270
vn 0.3797168 -0.9211025 0.0859381
v 0.0991634 -0.1265356 0.2176270
vn 0.9834451 -0.1261248 0.1301089
v 0.0991634 -0.1265356 0.2176270
vn 0.3215489 -0.8976302 -0.3014408
v 0.0908867 -0.1234922 0.1681246
vn 0.3182319 -0.9454442 -0.0697418
v 0.0860902 -0.1326976 0.2093439
vn 0.1340762 -0.8980004 -0.4190692
v 0.0389201 -0.1275007 0.1579993
vn 0.8032026 -0.5443381 -0.2419951
v 0.0389201 -0.1275007 0.1579993
vn 0.4089254 -0.3760445 0.8314869
v 0.0363326 -0.1057832 0.1210213
vn 0.1415312 -0.8035455 -0.5781727
v 0.0363326 -0.1057832 0.1210213
vn 0.0457350 -0.8223460 -0.5671468
v 0.0363326 -0.1057832 0.1210213
vn 0.1492991 0.0912631 -0.9845715
v 0.0344156 -0.1223842 0.1315394
vn 0.9543749 -0.2155973 -0.2066068
v 0.0344156 -0.1223842 0.1315394
vn 0.1092829 -0.2861657 -0.9519278
v 0.0344156 -0.1223842 0.1315394
vn -0.0308197 -0.7938950 -0.6072734
v -0.2740344 -0.0997676 0.0913990
vn -0.0121045 -0.8932388 -0.4494196
v -0.2740344 -0.0997676 0.0913990
vn -0.1280373 -0.9044217 0.4069741
v -0.2259565 -0.1190365 0.1284020
vn -0.1444178 -0.8405634 0.5221080
v -0.2259565 -0.1190365 0.1284020
vn -0.0151799 -0.9392105 -0.3430062
v -0.2259565 -0.1190365 0.1284020
vn -0.0182087 -0.8949530 -0.4457888
v -0.2259565 -0.1190365 0.1284020
vn 0.9129319 -0.3500135 -0.2098716
v 0.0353217 -0.1406294 0.1659094
vn -0.1474652 -0.5205115 0.8410243
v 0.0353217 -0.1406294 0.1659094
vn -0.0324352 -0.8944754 -0.4459393
v 0.0353217 -0.1406294 0.1659094
vn -0.1444170 -0.8405632 0.5221085
v 0.0353217 -0.1406294 0.1659094
vn -0.7762570 -0.4159521 -0.4737183
v -0.2698072 -0.0901293 0.0883981
vn -0.0980384 -0.9798151 0.1742152
v -0.2698072 -0.0901293 0.0883981
vn 0.9008941 -0.4339353 -0.0094962
v -0.2698072 -0.0901293 0.0883981
vn 0.1492967 0.0912629 -0.9845718
v -0.2698072 -0.0901293 0.0883981
vn 0.0173884 -0.7528304 -0.6579848
v 0.0336312 -0.1250266 0.1333160
vn -0.0151798 -0.9392106 -0.3430058
v 0.0336312 -0.1250266 0.1333160
vn 0.8700253 -0.4255881 -0.2488591
v 0.0336312 -0.1250266 0.1333160
vn 0.0722268 -0.9125609 -0.4025122
v -0.0107361 -0.0692165 0.0579685
vn 0.1300682 -0.9680377 -0.2144419
v -0.0107361 -0.0692165 0.0579685
vn 0.4905322 0.0193348 -0.8712086
v 0.0250823 -0.0652206 0.0602601
vn 0.1481445 -0.8575691 -0.4925734
v 0.0250823 -0.0652206 0.0602601
vn 0.4313733 -0.1512107 0.8894113
v 0.0250823 -0.0652206 0.0602601
vn 0.2591510 -0.9088327 -0.3269006
v 0.0250823 -0.0652206 0.0602601
vn 0.1588240 -0.8003919 -0.5780552
v 0.0831126 -0.0537469 0.0621667
vn 0.2322097 -0.7998433 -0.5534703
v 0.0831126 -0.0537469 0.0621667
vn 0.1486990 -0.7941912 -0.5891934
v 0.0831126 -0.0537469 0.0621667
vn 0.0577209 0.0063330 -0.9983127
v 0.1034085 -0.0327935 0.0419874
vn 0.3271566 -0.4910226 -0.8073818
v 0.1034085 -0.0327935 0.0419874
vn 0.5660558 -0.6689491 -0.4817551
v 0.1095100 -0.0577772 0.0834262
vn 0.8366712 -0.4686309 -0.2834900
v 0.1095100 -0.0577772 0.0834262
vn 0.0778172 0.0473714 -0.9958416
v 0.0728173 0.0496054 0.0419503
vn 0.2448505 0.8170607 -0.5219772
v 0.0728173 0.0496054 0.0419503
vn 0.2290066 0.8715295 -0.4335809
v 0.0517055 0.0535006 0.0392127
vn 0.3772627 0.0734515 -0.9231889
v 0.0517055 0.0535006 0.0392127
vn 0.4114226 -0.6983563 -0.5856877
v 0.0536250 -0.0482982 0.0396735
vn 0.1352982 -0.0823570 -0.9873762
v 0.0536250 -0.0482982 0.0396735
vn 0.1470236 -0.8436995 -0.5162901
v 0.0958059 -0.1041497 0.1333096
vn 0.1486990 -0.7941913 -0.5891934
v 0.0958059 -0.1041497 0.1333096
vn 0.4480969 -0.7178414 -0.5328349
v 0.0958059 -0.1041497 0.1333096
vn 0.5061258 -0.7741059 -0.3802588
v 0.0958059 -0.1041497 0.1333096
vn -0.0151797 -0.9392107 -0.3430057
v -0.0249548 -0.1292439 0.1474563
vn 0.0012489 -0.8492170 -0.5280427
v -0.0249548 -0.1292439 0.1474563
vn -0.1071280 -0.6505579 -0.7518631
v -0.2429651 -0.0596886 0.0481641
vn -0.0853181 -0.7056710 -0.7033843
v -0.2429651 -0.0596886 0.0481641
vn -0.0496147 -0.8844020 -0.4640814
v -0.1685603 -0.0611770 0.0406322
vn 0.0685420 -0.0404734 -0.9968269
v -0.1685603 -0.0611770 0.0406322
vn -0.0739243 -0.7363225 -0.6725805
v -0.3091880 -0.0981635 0.0925886
vn -0.0452518 -0.8904874 -0.4527523
v -0.3091880 -0.0981635 0.0925886
vn -0.6371705 -0.5660585 -0.5230598
v -0.3091880 -0.0981635 0.0925886
vn -0.5650860 -0.4279009 -0.7053926
v -0.3038732 -0.0780621 0.0713860
vn -0.1219246 -0.6554981 -0.7452897
v -0.3038732 -0.0780621 0.0713860
vn -0.5016919 -0.3376364 -0.7964340
v -0.2954898 -0.0596085 0.0577701
vn -0.3325614 -0.2745573 -0.9022312
v -0.2954898 -0.0596085 0.0577701
vn -0.1541568 -0.5225567 -0.8385525
v -0.2954898 -0.0596085 0.0577701
vn -0.3161519 -0.2812864 -0.9060497
v -0.2633016 -0.0356498 0.0391005
vn -0.2128793 -0.4972214 -0.8411025
v -0.2633016 -0.0356498 0.0391005
vn -0.1998090 -0.1736761 -0.9643200
v -0.2633016 -0.0356498 0.0391005
vn -0.8651337 -0.3594705 0.3497494
v -0.2633016 -0.0356498 0.0391005
vn -0.2541005 -0.2980151 -0.9201196
v -0.2633016 -0.0356498 0.0391005
vn 0.0407941 -0.9473275 -0.3176579
v -0.1505119 -0.1148231 0.2327261
vn 0.2002330 -0.8609137 -0.4676906
v -0.1585917 -0.1166219 0.2299342
vn -0.2283084 -0.9544526 0.1920821
v -0.1585917 -0.1166219 0.2299342
vn -0.0822235 -0.9740874 0.2106967
v -0.1589783 -0.1188370 0.2181716
vn -0.0806616 -0.9844604 0.1559857
v -0.0174076 -0.1297401 0.2167380
vn 0.4475500 -0.8942527 -0.0033517
v -0.0174076 -0.1297401 0.2167380
vn -0.9761423 -0.1254306 0.1772386
v -0.1735569 -0.1207648 0.1980926
vn -0.0701569 -0.9844646 0.1609580
v -0.1735569 -0.1207648 0.1980926
vn -0.0794949 -0.9888219 0.1261419
v -0.1735569 -0.1207648 0.1980926
vn -0.0857008 -0.9526780 0.2916507
v -0.0713450 -0.1256585 0.2127120
vn -0.0701568 -0.9844646 0.1609579
v -0.0713450 -0.1256585 0.2127120
vn -0.0938268 -0.9750532 0.2011665
v -0.0470101 -0.1231045 0.2337249
vn -0.1189501 -0.9878777 0.0997429
v -0.0470101 -0.1231045 0.2337249
vn -0.0701568 -0.9844646 0.1609581
v -0.1187788 -0.1206746 0.2225202
vn 0.0374969 -0.9712866 0.2349391
v -0.1187788 -0.1206746 0.2225202
vn -0.0695558 -0.9689233 0.2373811
v -0.1187788 -0.1206746 0.2225202
vn -0.0904933 -0.9767150 0.1945219
v -0.1187788 -0.1206746 0.2225202
vn -0.0241018 -0.9968695 -0.0753015
v -0.1380280 -0.1153380 0.2349220
vn 0.1511139 -0.8361858 -0.5272173
v -0.1431658 -0.1180554 0.2341708
vn -0.8534454 -0.5183590 0.0541754
v 0.0101878 -0.1042304 0.2931336
vn -0.0349841 -0.9984130 0.0441320
v 0.0101878 -0.1042304 0.2931336
vn -0.4978664 -0.2208132 0.8386719
v 0.0127704 -0.1296501 0.2297074
vn -0.0813458 -0.9713660 0.2232282
v 0.0127704 -0.1296501 0.2297074
vn 0.0091931 -0.9869904 -0.1605164
v -0.1516293 -0.1174782 0.2345398
vn 0.9336898 -0.3402540 -0.1115824
v -0.1889352 -0.1165668 0.2221738
vn -0.1229092 -0.9604316 0.2499291
v -0.1889352 -0.1165668 0.2221738
vn 0.1195409 -0.2802356 -0.9524589
v -0.1889352 -0.1165668 0.2221738
vn -0.2825966 -0.9520533 0.1171909
v -0.2093833 -0.1161557 0.2092991
vn -0.9864641 -0.0360184 0.1599726
v -0.2093833 -0.1161557 0.2092991
vn -0.1987673 -0.9447739 0.2605650
v -0.2093833 -0.1161557 0.2092991
vn -0.1786869 -0.9507065 0.2534329
v -0.1950158 -0.1217623 0.1983965
vn 0.7219290 -0.6911510 -0.0335974
v -0.1950158 -0.1217623 0.1983965
vn -0.2610269 -0.9595964 0.1050701
v -0.1950158 -0.1217623 0.1983965
vn -0.6292329 -0.1065207 0.7698827
v -0.1835718 -0.0538062 0.0286510
vn 0.1316653 -0.3201446 -0.9381747
v -0.1835718 -0.0538062 0.0286510
vn -0.1604986 -0.9291416 -0.3330708
v -0.1835718 -0.0538062 0.0286510
vn -0.3461111 -0.6456966 -0.6806490
v -0.1835718 -0.0538062 0.0286510
vn -0.1710541 -0.7674703 -0.6178430
v -0.1835718 -0.0538062 0.0286510
vn -0.2313473 -0.8012301 -0.5518230
v -0.1715560 -0.0507312 0.0210622
vn -0.1500751 -0.9285740 -0.3394523
v -0.1715560 -0.0507312 0.0210622
vn -0.1631683 -0.1524428 0.9747499
v -0.1229984 -0.0571429 0.0092468
vn -0.1590879 -0.9868941 -0.0270404
v -0.1229984 -0.0571429 0.0092468
vn -0.9575177 -0.0002945 -0.2883743
v -0.1229984 -0.0571429 0.0092468
vn -0.8512507 -0.4483412 -0.2726950
v -0.1119395 -0.0572998 -0.0357923
vn -0.2309228 -0.9640545 0.1314295
v -0.1119395 -0.0572998 -0.0357923
vn -0.5172752 0.3101768 -0.7976320
v -0.1119395 -0.0572998 -0.0357923
vn -0.2329515 0.2212697 0.9469812
v -0.1119395 -0.0572998 -0.0357923
vn -0.4399886 -0.8751078 -0.2014855
v -0.1501964 -0.0485515 -0.0105025
vn -0.6048613 -0.7940475 -0.0602617
v -0.1501964 -0.0485515 -0.0105025
vn -0.3348165 -0.9384935 0.0844272
v -0.1391218 -0.0513891 -0.0494812
vn -0.3304892 -0.9057984 0.2651532
v -0.1391218 -0.0513891 -0.0494812
vn -0.5446159 -0.8386639 0.0060447
v -0.1391218 -0.0513891 -0.0494812
vn -0.5832139 -0.7228699 -0.3705680
v -0.1629604 -0.0482603 0.0105029
vn -0.1709937 -0.9492052 -0.2641416
v -0.1629604 -0.0482603 0.0105029
vn -0.4566707 -0.7970586 -0.3951575
v -0.1629604 -0.0482603 0.0105029
vn -0.6526191 -0.7246440 0.2213131
v -0.1429895 -0.0520442 -0.0630311
vn -0.3835512 -0.9186358 0.0948511
v -0.1429895 -0.0520442 -0.0630311
vn -0.4333184 -0.8923429 0.1263302
v -0.1429895 -0.0520442 -0.0630311
vn -0.6642646 -0.7407095 0.1005088
v -0.1429895 -0.0520442 -0.0630311
vn 0.1618864 -0.6466124 -0.7454430
v -0.1498892 -0.0542563 -0.1227308
vn -0.9213293 0.1553323 -0.3564046
v -0.1498892 -0.0542563 -0.1227308
vn -0.5533049 -0.8248382 0.1161710
v -0.1498892 -0.0542563 -0.1227308
vn 0.3492971 -0.9333570 -0.0826820
v -0.1561048 -0.0503889 -0.1274353
vn -0.1989433 -0.4167886 0.8869662
v -0.1561048 -0.0503889 -0.1274353
vn 0.1618863 -0.6466124 -0.7454430
v -0.1561048 -0.0503889 -0.1274353
vn -0.1221428 -0.9907029 0.0599083
v -0.1237371 -0.0591096 -0.0536080
vn -0.2777741 -0.9413034 0.1918060
v -0.1237371 -0.0591096 -0.0536080
vn -0.4081340 -0.8988011 0.1599478
v -0.1237371 -0.0591096 -0.0536080
vn -0.2253233 -0.9712186 0.0772271
v -0.0991726 -0.0611930 -0.0379796
vn -0.1221427 -0.9907029 0.0599083
v -0.0991726 -0.0611930 -0.0379796
vn -0.1221427 -0.9907029 0.0599083
v -0.0832441 -0.0638223 -0.0489837
vn 0.7686487 -0.4290691 -0.4744248
v -0.0832441 -0.0638223 -0.0489837
vn -0.1466867 -0.9885463 0.0354861
v -0.0832441 -0.0638223 -0.0489837
vn -0.1915555 -0.3654836 -0.9108943
v -0.1457080 -0.0516136 -0.0778244
vn 0.9392226 0.0304913 0.3419521
v -0.1457080 -0.0516136 -0.0778244
vn -0.4785824 -0.8758187 0.0624548
v -0.1457080 -0.0516136 -0.0778244
vn -0.6596442 -0.7429144 0.1137883
v -0.1457080 -0.0516136 -0.0778244
vn -0.4909037 -0.8677348 0.0777813
v -0.1457080 -0.0516136 -0.0778244
vn -0.7185332 -0.6858043 0.1156830
v -0.1700314 -0.0503452 -0.1900915
vn -0.5077826 -0.8563920 0.0935399
v -0.1700314 -0.0503452 -0.1900915
vn -0.6482169 -0.7536623 0.1086649
v -0.1698276 -0.0600014 -0.2783479
vn 0.2981820 -0.3004324 -0.9059956
v -0.1698276 -0.0600014 -0.2783479
vn 0.7588607 -0.2272780 -0.6103075
v -0.1698276 -0.0600014 -0.2783479
vn 0.8025169 0.5903896 -0.0860620
v -0.0448794 0.0382881 -0.2886633
vn 0.9875191 0.1541167 -0.0324676
v -0.0370893 0.0208559 -0.2936343
vn 0.9460951 0.2996614 -0.1229116
v -0.0370893 0.0208559 -0.2936343
vn 0.9681967 0.1697407 -0.1838023
v -0.0152530 0.0149215 -0.2140202
vn 0.8844111 0.4160022 -0.2115640
v -0.0152530 0.0149215 -0.2140202
vn 0.2676055 0.2402022 0.9331079
v -0.0057637 0.0199695 -0.1266018
vn 0.9661624 0.2435037 -0.0850656
v -0.0057637 0.0199695 -0.1266018
vn 0.3975564 0.9152163 -0.0657880
v -0.0329615 0.0474373 -0.2003713
vn 0.6762800 0.7261961 -0.1236321
v -0.0329615 0.0474373 -0.2003713
vn 0.8582875 0.5041295 -0.0958963
v -0.0176346 0.0331623 -0.1881090
vn 0.8142165 0.5485293 -0.1901766
v -0.0176346 0.0331623 -0.1881090
vn 0.0184151 0.2358784 0.9716082
v -0.0120832 0.0334025 -0.1282474
vn 0.7223863 0.6625444 -0.1979722
v -0.0120832 0.0334025 -0.1282474
vn 0.8327644 0.5479003 -0.0794275
v -0.0120832 0.0334025 -0.1282474
vn 0.8535246 0.1670036 -0.4935642
v -0.0120832 0.0334025 -0.1282474
vn 0.5615818 0.8273758 -0.0086818
v -0.0579199 0.0510661 -0.2853917
vn 0.6687636 0.7248474 -0.1653830
v -0.0579199 0.0510661 -0.2853917
vn 0.4541351 0.8907394 -0.0185659
v -0.0284406 0.0490563 -0.1340790
vn 0.7023413 0.7085873 -0.0679772
v -0.0284406 0.0490563 -0.1340790
vn -0.1258151 0.2320163 0.9645409
v -0.0284406 0.0490563 -0.1340790
vn 0.3975565 0.9152163 -0.0657880
v -0.0515032 0.0582140 -0.1624967
vn 0.3293130 0.9440018 -0.0203389
v -0.0515032 0.0582140 -0.1624967
vn 0.3975565 0.9152163 -0.0657880
v -0.0706783 0.0589426 -0.2682366
vn 0.3468440 0.9369445 -0.0428298
v -0.0706783 0.0589426 -0.2682366
# 6233 vertices, 0 vertices normals


usemtl material_0
vt 0.2744050 0.9606700
vt 0.2615200 0.9971320
vt 0.2718720 0.9830480
f 282/1/282 3317/2/3317 3321/3/3321
vt 0.2674610 0.9263780
vt 0.2572360 0.9552270
f 277/4/277 278/5/278 282/1/282
vt 0.2813480 0.9303120
f 277/4/277 282/1/282 279/6/279
vt 0.2448850 0.9968660
f 278/5/278 291/7/291 282/1/282
f 282/1/282 291/7/291 3317/2/3317
vt 0.2471570 0.9219460
f 277/4/277 272/8/272 278/5/278
vt 0.7409270 0.5324960
vt 0.7365030 0.5386090
vt 0.7344710 0.5359390
f 143/9/143 109/10/109 255/11/255
vt 0.0126370 0.0972360
vt 0.0050550 0.0934720
vt 0.0034680 0.0964550
f 78/12/78 104/13/104 110/14/110
vt 0.0127720 0.1026750
f 142/15/142 78/12/78 110/14/110
vt 0.0226320 0.0906520
vt 0.0292020 0.0916920
vt 0.0219150 0.0869170
f 99/16/99 189/17/189 97/18/97
vt 0.9266480 0.5727390
vt 0.9613520 0.5604860
vt 0.9631040 0.5747780
f 76/19/76 100/20/100 105/21/105
vt 0.4396380 0.0163450
vt 0.4441190 0.0209380
vt 0.4455330 0.0191950
f 199/22/199 134/23/134 98/24/98
vt 0.0287340 0.0876240
f 189/17/189 200/25/200 97/18/97
vt 0.9640600 0.5557240
f 100/20/100 95/26/95 105/21/105
vt 0.9261140 0.5611650
f 108/27/108 100/20/100 76/19/76
vt 0.9624350 0.5521060
vt 0.9612470 0.5374280
f 133/28/133 1/29/1 95/26/95
vt 0.9706860 0.5333840
f 1/29/1 87/30/87 95/26/95
vt 0.9660340 0.5335550
f 1/29/1 301/31/301 87/30/87
vt 0.7561310 0.5157560
vt 0.7637550 0.5432300
vt 0.7592350 0.5495130
f 186/32/186 188/33/188 101/34/101
vt 0.7472380 0.5153100
f 107/35/107 186/32/186 101/34/101
vt 0.4096590 0.0240890
f 134/23/134 199/22/199 126/36/126
vt 0.9259980 0.5268640
vt 0.9612360 0.5144910
vt 0.9630280 0.5288930
f 229/37/229 124/38/124 93/39/93
vt 0.9657760 0.5094500
f 93/39/93 3/40/3 87/30/87
f 124/38/124 3/40/3 93/39/93
f 93/39/93 87/30/87 301/31/301
vt 0.0858220 0.2416980
vt 0.0940060 0.2375390
vt 0.0865510 0.2368950
f 300/41/300 227/42/227 94/43/94
vt 0.0959300 0.2427030
f 303/44/303 227/42/227 300/41/300
vt 0.1973730 0.0040020
vt 0.1904210 0.0070820
vt 0.1924660 0.0087550
f 302/45/302 299/46/299 2/47/2
vt 0.0147590 0.0361780
vt 0.0070200 0.0373530
vt 0.0183370 0.0035700
f 225/48/225 228/49/228 92/50/92
vt 0.0224300 0.0080080
f 226/51/226 225/48/225 92/50/92
vt 0.1243940 0.2351120
f 303/44/303 224/52/224 227/42/227
vt 0.1251840 0.2423060
f 222/53/222 224/52/224 303/44/303
vt 0.2272760 0.0109520
f 223/54/223 302/45/302 2/47/2
vt 0.2282840 0.0196090
f 223/54/223 2/47/2 6/55/6
vt 0.9257720 0.5373540
f 133/28/133 7/56/7 1/29/1
vt 0.9267070 0.5506780
f 128/57/128 7/56/7 133/28/133
vt 0.0406280 0.1157090
f 135/58/135 78/12/78 142/15/142
vt 0.0735860 0.1279920
vt 0.0764650 0.1249680
vt 0.0602280 0.1240210
f 145/59/145 202/60/202 146/61/146
vt 0.1991470 0.4129440
vt 0.1958570 0.4271250
vt 0.2075540 0.4267700
f 139/62/139 264/63/264 252/64/252
vt 0.3247100 0.3133610
vt 0.3001480 0.3130590
vt 0.3160000 0.3155920
f 267/65/267 194/66/194 253/67/253
vt 0.0786250 0.1464190
vt 0.0793270 0.1340200
vt 0.0574460 0.1437160
f 196/68/196 151/69/151 254/70/254
vt 0.2958460 0.3107800
f 267/65/267 206/71/206 194/66/194
vt 0.5036160 0.2066640
vt 0.5112820 0.2090350
vt 0.5108510 0.2218210
f 150/72/150 144/73/144 147/74/147
vt 0.5056640 0.2397630
f 150/72/150 147/74/147 138/75/138
vt 0.0900060 0.3792140
vt 0.0883630 0.4142640
vt 0.0749970 0.4109650
f 77/76/77 73/77/73 181/78/181
vt 0.0441380 0.1085210
f 202/60/202 71/79/71 146/61/146
vt 0.5120790 0.2384900
f 138/75/138 147/74/147 136/80/136
vt 0.0449270 0.1309390
f 151/69/151 140/81/140 254/70/254
f 146/61/146 71/79/71 135/58/135
f 71/79/71 78/12/78 135/58/135
vt 0.0823270 0.1311290
vt 0.0866650 0.1413900
vt 0.0834280 0.1254610
f 149/82/149 193/83/193 72/84/72
f 149/82/149 202/60/202 145/59/145
f 149/82/149 72/84/72 202/60/202
vt 0.5050860 0.2056190
f 148/85/148 144/73/144 150/72/150
vt 0.0806110 0.2492710
vt 0.0756010 0.2476660
vt 0.0733190 0.2494320
f 195/86/195 203/87/203 190/88/190
f 193/83/193 151/69/151 196/68/196
f 149/82/149 151/69/151 193/83/193
vt 0.3297320 0.3150240
vt 0.3475710 0.3111950
f 267/65/267 263/89/263 3552/90/3552
vt 0.7348790 0.5040090
vt 0.7414180 0.5046100
f 141/91/141 137/92/137 255/11/255
f 255/11/255 137/92/137 143/9/143
vt 0.1749090 0.4250230
f 3551/93/3551 264/63/264 139/62/139
vt 0.1671440 0.4135400
f 256/94/256 3551/93/3551 139/62/139
vt 0.5052800 0.9912030
vt 0.4669460 0.9931010
vt 0.4772470 0.9970420
f 204/95/204 268/96/268 212/97/212
vt 0.5034840 0.9939810
f 207/98/207 204/95/204 212/97/212
f 267/65/267 253/67/253 263/89/263
vt 0.4566250 0.9938800
f 212/97/212 268/96/268 245/99/245
vt 0.1173350 0.2842390
vt 0.0780850 0.2832590
vt 0.0785970 0.2855500
f 333/100/333 168/101/168 5720/102/5720
vt 0.6085170 0.6323950
vt 0.6078630 0.6049180
vt 0.6071930 0.6502290
f 89/103/89 169/104/169 334/105/334
vt 0.4358300 0.0336410
vt 0.4049930 0.0569590
vt 0.4287180 0.0468060
f 4/106/4 58/107/58 91/108/91
vt 0.4969730 0.5176450
vt 0.5054500 0.5129160
vt 0.5038970 0.5225720
f 327/109/327 5367/110/5367 5718/111/5718
vt 0.4850430 0.5254060
vt 0.4939400 0.5262120
f 3285/112/3285 327/109/327 325/113/325
f 325/113/325 327/109/327 5718/111/5718
vt 0.4225740 0.0089630
vt 0.3876550 0.0052020
vt 0.4198020 0.0161400
f 70/114/70 74/115/74 75/116/75
vt 0.3928660 0.0007500
f 70/114/70 201/117/201 74/115/74
vt 0.0771330 0.3767250
f 181/78/181 106/118/106 77/76/77
vt 0.0542120 0.0936510
vt 0.0519930 0.0988430
f 127/119/127 200/25/200 187/120/187
f 187/120/187 200/25/200 189/17/189
vt 0.4529340 0.0011210
f 70/114/70 75/116/75 79/121/79
vt 0.4582270 0.0065020
f 79/121/79 75/116/75 102/122/102
vt 0.7864420 0.1295870
vt 0.7911440 0.1295870
vt 0.7874960 0.1318810
f 205/123/205 152/124/152 191/125/191
vt 0.5105800 0.9866210
f 207/98/207 157/126/157 204/95/204
vt 0.2006420 0.9910600
vt 0.1855010 0.9964750
vt 0.1933910 0.9943150
f 289/127/289 5683/128/5683 210/129/210
vt 0.3641170 0.3954230
vt 0.4601740 0.3944590
vt 0.3282970 0.3933670
f 84/130/84 81/131/81 315/132/315
vt 0.1817670 0.9816460
f 289/127/289 298/133/298 5683/128/5683
vt 0.1961950 0.9560480
f 295/134/295 298/133/298 289/127/289
vt 0.4875290 0.4687880
vt 0.4530690 0.4666990
vt 0.4865400 0.4756360
f 115/135/115 125/136/125 113/137/113
vt 0.8385810 0.0386990
vt 0.8551960 0.0457760
vt 0.8596050 0.0399510
f 116/138/116 36/139/36 118/140/118
vt 0.9255850 0.5142050
f 229/37/229 112/141/112 124/38/124
vt 0.4611020 0.4633740
f 115/135/115 117/142/117 125/136/125
vt 0.5202910 0.4641860
f 122/143/122 115/135/115 113/137/113
vt 0.5136770 0.4610950
f 122/143/122 53/144/53 115/135/115
vt 0.4739790 0.5363990
vt 0.4825630 0.5376950
f 328/145/328 3285/112/3285 324/146/324
f 324/146/324 3285/112/3285 325/113/325
vt 0.3771190 0.0303200
vt 0.3750910 0.0372720
vt 0.3865530 0.0405260
f 69/147/69 309/148/309 65/149/65
vt 0.3919880 0.0552180
f 65/149/65 309/148/309 307/150/307
vt 0.4049590 0.0662130
f 58/107/58 170/151/170 91/108/91
vt 0.8735850 0.0444510
vt 0.8640930 0.0811130
vt 0.8724900 0.0837410
f 5/152/5 47/153/47 56/154/56
vt 0.8550860 0.0626760
vt 0.8663970 0.0445770
f 38/155/38 47/153/47 49/156/49
f 5/152/5 49/156/49 47/153/47
f 118/140/118 38/155/38 49/156/49
vt 0.8725970 0.0387320
f 123/157/123 49/156/49 5/152/5
vt 0.4554440 0.4606270
f 117/142/117 50/158/50 125/136/125
vt 0.4904090 0.5347890
f 5718/111/5718 308/159/308 324/146/324
f 5718/111/5718 324/146/324 325/113/325
vt 0.5041600 0.5244310
f 171/160/171 308/159/308 5718/111/5718
f 307/150/307 170/151/170 58/107/58
f 65/149/65 307/150/307 58/107/58
vt 0.8541630 0.0788880
f 46/161/46 47/153/47 38/155/38
vt 0.7728540 0.6980010
vt 0.7783440 0.7123370
vt 0.7708880 0.7200360
f 66/162/66 45/163/45 68/164/68
vt 0.8300600 0.0840250
f 44/165/44 47/153/47 46/161/46
vt 0.7857450 0.6835340
f 48/166/48 45/163/45 66/162/66
vt 0.7816130 0.6770420
f 57/167/57 48/166/48 66/162/66
vt 0.4354860 0.6000520
vt 0.4500810 0.5944170
vt 0.5116370 0.6827030
f 80/168/80 159/169/159 318/170/318
vt 0.9909820 0.5447750
vt 0.9906100 0.6013000
vt 0.9932940 0.5367110
f 3983/171/3983 3977/172/3977 86/173/86
vt 0.4664000 0.5566850
f 321/174/321 328/145/328 324/146/324
vt 0.4630750 0.5509430
f 328/145/328 321/174/321 231/175/231
vt 0.4761720 0.5515100
f 308/159/308 310/176/310 324/146/324
f 310/176/310 321/174/321 324/146/324
vt 0.7010630 0.0469350
vt 0.6723240 0.0475110
vt 0.6885500 0.0498990
f 248/177/248 269/178/269 250/179/250
vt 0.8666840 0.3773330
vt 0.8651980 0.3880180
vt 0.8656710 0.3722460
f 260/180/260 274/181/274 276/182/276
vt 0.8679470 0.3665900
f 5465/183/5465 260/180/260 276/182/276
vt 0.4514090 0.2349930
vt 0.4337770 0.2305050
vt 0.4487100 0.2366290
f 249/184/249 259/185/259 166/186/166
vt 0.8670540 0.3931310
f 260/180/260 247/187/247 274/181/274
vt 0.4695350 0.2365550
vt 0.4772300 0.2337430
f 165/188/165 270/189/270 249/184/249
vt 0.6991180 0.0488040
f 248/177/248 250/179/250 273/190/273
f 165/188/165 249/184/249 166/186/166
vt 0.2419230 0.9527530
f 290/191/290 291/7/291 278/5/278
vt 0.2253790 0.9953250
f 290/191/290 178/192/178 291/7/291
vt 0.2212500 0.9226940
vt 0.1996360 0.9258980
vt 0.2171020 0.9525490
f 251/193/251 285/194/285 287/195/287
f 290/191/290 251/193/251 287/195/287
f 272/8/272 251/193/251 290/191/290
f 272/8/272 290/191/290 278/5/278
f 290/191/290 287/195/287 178/192/178
vt 0.4541300 0.0738850
vt 0.4502220 0.0753080
vt 0.4492650 0.0775960
f 209/196/209 177/197/177 288/198/288
vt 0.4936940 0.5990800
vt 0.4914770 0.5888250
vt 0.4941130 0.5685830
f 174/199/174 244/200/244 4423/201/4423
vt 0.4173890 0.0784470
vt 0.4061720 0.0792270
vt 0.4242260 0.0811910
f 175/202/175 292/203/292 179/204/179
f 179/204/179 288/198/288 175/202/175
vt 0.4915040 0.6087340
f 174/199/174 213/205/213 244/200/244
vt 0.0148080 0.7182720
vt 0.0284990 0.7156600
vt 0.0103780 0.7156880
f 173/206/173 208/207/208 214/208/214
f 295/134/295 289/127/289 287/195/287
f 287/195/287 289/127/289 178/192/178
vt 0.0254280 0.7179170
f 176/209/176 208/207/208 173/206/173
f 177/197/177 175/202/175 288/198/288
f 295/134/295 287/195/287 285/194/285
vt 0.6681550 0.0486330
f 269/178/269 284/210/284 250/179/250
vt 0.1848920 0.9319840
vt 0.1884570 0.9429710
f 285/194/285 4483/211/4483 5681/212/5681
vt 0.6586990 0.0454890
f 269/178/269 4477/213/4477 284/210/284
f 285/194/285 5681/212/5681 295/134/295
vt 0.0938890 0.0872130
vt 0.0874220 0.1055160
f 18/214/18 185/215/185 193/83/193
vt 0.1687190 0.0194610
vt 0.1307800 0.0204620
vt 0.1703840 0.0342190
f 129/216/129 24/217/24 8/218/8
vt 0.1548270 0.2426060
vt 0.1547750 0.2358220
f 306/219/306 9/220/9 222/53/222
vt 0.1284580 0.0357850
f 24/217/24 12/221/12 8/218/8
f 9/220/9 224/52/224 222/53/222
vt 0.2576270 0.0035850
f 305/222/305 223/54/223 6/55/6
vt 0.2629370 0.0081090
f 305/222/305 6/55/6 14/223/14
vt 0.9728460 0.6876310
vt 0.9722490 0.8085550
vt 0.9711910 0.7672760
f 156/224/156 161/225/161 22/226/22
vt 0.7004500 0.5878500
vt 0.7135580 0.5880440
vt 0.7099230 0.5821870
f 339/227/339 15/228/15 19/229/19
vt 0.9708050 0.6877420
f 156/224/156 22/226/22 192/230/192
vt 0.5165890 0.6874180
f 318/170/318 159/169/159 155/231/155
vt 0.1235120 0.0405750
vt 0.1292970 0.0441350
f 12/221/12 20/232/20 16/233/16
vt 0.5286050 0.2144350
vt 0.5285920 0.2548380
vt 0.5245490 0.2207770
f 21/234/21 160/235/160 338/236/338
vt 0.0877860 0.0907900
f 18/214/18 13/237/13 185/215/185
vt 0.1336890 0.0421310
vt 0.1342450 0.0382770
f 12/221/12 10/238/10 304/239/304
vt 0.0856830 0.1030180
f 185/215/185 13/237/13 25/240/25
f 12/221/12 16/233/16 10/238/10
vt 0.7056310 0.5905960
f 15/228/15 339/227/339 121/241/121
vt 0.0179220 0.0712410
f 228/49/228 225/48/225 17/242/17
vt 0.1276810 0.0573910
vt 0.1606810 0.0502920
f 16/233/16 120/243/120 230/244/230
vt 0.0225140 0.0665610
f 11/245/11 17/242/17 225/48/225
vt 0.1594240 0.0619580
f 114/246/114 230/244/230 120/243/120
vt 0.5220310 0.2502110
f 62/247/62 338/236/338 160/235/160
vt 0.7617430 0.4806390
vt 0.7635820 0.4862610
vt 0.7576450 0.4818110
f 184/248/184 198/249/198 182/250/182
vt 0.0845680 0.1102220
f 72/84/72 185/215/185 180/251/180
f 193/83/193 185/215/185 72/84/72
vt 0.5091540 0.6941090
f 314/252/314 80/168/80 318/170/318
vt 0.3751900 0.0207440
vt 0.3801950 0.0168570
vt 0.3726490 0.0191710
f 23/253/23 132/254/132 183/255/183
vt 0.0770740 0.1017970
vt 0.0779760 0.1059520
f 185/215/185 131/256/131 197/257/197
f 126/36/126 132/254/132 23/253/23
vt 0.4119530 0.0305720
f 23/253/23 130/258/130 126/36/126
f 182/250/182 198/249/198 186/32/186
f 182/250/182 186/32/186 107/35/107
f 197/257/197 131/256/131 127/119/127
f 197/257/197 127/119/127 187/120/187
f 134/23/134 126/36/126 130/258/130
vt 0.8350310 0.6030670
vt 0.8373820 0.6035930
vt 0.8373820 0.5959480
f 366/259/366 5632/260/5632 5625/261/5625
vt 0.0152850 0.1174010
vt 0.0208650 0.1199580
vt 0.0215500 0.1148720
f 350/262/350 353/263/353 365/264/365
vt 0.0158190 0.1135320
f 350/262/350 365/264/365 362/265/362
vt 0.0213740 0.1227330
vt 0.0173520 0.1217060
f 369/266/369 353/263/353 358/267/358
vt 0.7149950 0.1598410
vt 0.7279560 0.1476870
vt 0.7147320 0.1468300
f 486/268/486 456/269/456 470/270/470
vt 0.7177020 0.2204950
vt 0.7248530 0.1949570
f 491/271/491 492/272/492 486/268/486
vt 0.7302000 0.1605750
f 452/273/452 456/269/456 486/268/486
vt 0.4539240 0.1940180
vt 0.4436470 0.2051600
vt 0.4587650 0.2129800
f 444/274/444 463/275/463 451/276/451
vt 0.4475800 0.2196320
f 455/277/455 451/276/451 463/275/463
vt 0.7094930 0.1644430
vt 0.7020640 0.1580920
f 482/278/482 486/268/486 484/279/484
vt 0.6953130 0.1648980
f 482/278/482 484/279/484 499/280/499
vt 0.7776080 0.1581690
vt 0.7749680 0.1454930
vt 0.7685510 0.1545190
f 653/281/653 443/282/443 675/283/675
vt 0.7865140 0.1478070
f 653/281/653 651/284/651 443/282/443
vt 0.5153090 0.1493530
vt 0.5177390 0.1599600
vt 0.5234700 0.1538520
f 652/285/652 435/286/435 442/287/442
vt 0.5199750 0.1702160
f 433/288/433 442/287/442 435/286/435
vt 0.7862340 0.1598720
vt 0.8551090 0.1576990
vt 0.8507950 0.1551150
f 672/289/672 660/290/660 673/291/673
vt 0.8499550 0.1449160
f 651/284/651 672/289/672 671/292/671
f 672/289/672 673/291/673 671/292/671
vt 0.4344690 0.1656460
vt 0.4307080 0.1544460
vt 0.4306270 0.1654250
f 464/293/464 666/294/666 467/295/467
vt 0.4451460 0.1570550
vt 0.4485650 0.1716840
f 670/296/670 464/293/464 438/297/438
vt 0.8542690 0.1410380
vt 0.8157120 0.1425140
f 669/298/669 440/299/440 671/292/671
f 671/292/671 673/291/673 669/298/669
vt 0.4363540 0.1565210
f 670/296/670 667/300/667 464/293/464
vt 0.4801620 0.1530880
f 438/297/438 441/301/441 670/296/670
f 673/291/673 660/290/660 669/298/669
vt 0.8685770 0.1457570
f 660/290/660 668/302/668 669/298/669
vt 0.8681800 0.1577620
f 660/290/660 665/303/665 668/302/668
vt 0.8551430 0.1631060
vt 0.7852880 0.1669350
vt 0.8509990 0.1663570
f 657/304/657 654/305/654 659/306/659
f 660/290/660 657/304/657 665/303/665
vt 0.8568820 0.1708920
vt 0.8511950 0.1787610
f 662/307/662 659/306/659 658/308/658
f 659/306/659 662/307/662 657/304/657
vt 0.4365540 0.1795200
f 460/309/460 464/293/464 467/295/467
f 460/309/460 438/297/438 464/293/464
f 672/289/672 657/304/657 660/290/660
f 672/289/672 651/284/651 653/281/653
vt 0.4912710 0.1629240
f 435/286/435 652/285/652 439/310/439
f 652/285/652 441/301/441 439/310/439
f 671/292/671 440/299/440 651/284/651
f 439/310/439 441/301/441 438/297/438
vt 0.4559850 0.1851290
vt 0.4536140 0.1747070
vt 0.4527140 0.1886260
f 432/311/432 434/312/434 437/313/437
f 434/312/434 438/297/438 437/313/437
vt 0.4396360 0.1924110
f 437/313/437 460/309/460 459/314/459
f 434/312/434 439/310/439 438/297/438
f 437/313/437 438/297/438 460/309/460
f 463/275/463 444/274/444 459/314/459
f 437/313/437 459/314/459 444/274/444
f 492/272/492 452/273/452 486/268/486
f 482/278/482 491/271/491 486/268/486
vt 0.5031380 0.2003020
vt 0.4625080 0.2080200
f 493/315/493 450/316/450 451/276/451
vt 0.5245360 0.1907480
f 493/315/493 1035/317/1035 450/316/450
f 450/316/450 444/274/444 451/276/451
vt 0.4588620 0.1958020
f 458/318/458 444/274/444 450/316/450
vt 0.7109060 0.2267450
f 482/278/482 479/319/479 491/271/491
vt 0.6949770 0.2266050
f 481/320/481 479/319/479 482/278/482
vt 0.5068570 0.1811120
f 458/318/458 457/321/457 444/274/444
vt 0.4984800 0.1781550
f 436/322/436 444/274/444 457/321/457
f 436/322/436 437/313/437 444/274/444
f 433/288/433 436/322/436 457/321/457
vt 0.5225660 0.1781210
f 457/321/457 458/318/458 453/323/453
f 453/323/453 458/318/458 450/316/450
f 1035/317/1035 453/323/453 450/316/450
f 453/323/453 433/288/433 457/321/457
vt 0.7500970 0.0469240
vt 0.7563630 0.0389010
vt 0.7382760 0.0354270
f 489/324/489 1036/325/1036 494/326/494
f 433/288/433 435/286/435 434/312/434
f 439/310/439 434/312/434 435/286/435
f 437/313/437 436/322/436 432/311/432
f 432/311/432 433/288/433 434/312/434
f 433/288/433 432/311/432 436/322/436
vt 0.9883250 0.9754960
vt 0.9841070 0.9909490
vt 0.9941100 0.9764400
f 839/327/839 837/328/837 676/329/676
vt 0.9788490 0.9832510
vt 0.9855980 0.9736670
f 1020/330/1020 839/327/839 782/331/782
vt 0.7654520 0.1435970
f 449/332/449 675/283/675 443/282/443
vt 0.7617440 0.1461140
f 678/333/678 675/283/675 449/332/449
vt 0.9685360 0.9889250
vt 0.9780420 0.9880060
f 1002/334/1002 819/335/819 1020/330/1020
f 819/335/819 837/328/837 839/327/839
f 1020/330/1020 819/335/819 839/327/839
vt 0.7668310 0.1643530
f 678/333/678 836/336/836 675/283/675
vt 0.9896060 0.9609110
vt 0.9933570 0.9554160
vt 0.9823900 0.9482920
f 840/337/840 852/338/852 843/339/843
vt 0.9729860 0.9970820
vt 0.9633790 0.9929930
f 853/340/853 819/335/819 820/341/820
vt 0.9600160 0.9982340
f 847/342/847 853/340/853 820/341/820
vt 0.9483700 0.9889190
f 847/342/847 820/341/820 792/343/792
vt 0.8104580 0.6633780
vt 0.8147660 0.6672130
vt 0.7998470 0.6656380
f 997/344/997 854/345/854 848/346/848
f 819/335/819 853/340/853 837/328/837
vt 0.7744670 0.1709490
f 675/283/675 836/336/836 674/347/674
f 674/347/674 653/281/653 675/283/675
vt 0.7672380 0.1768090
f 674/347/674 836/336/836 855/348/855
vt 0.7713720 0.1805400
f 674/347/674 855/348/855 996/349/996
f 839/327/839 676/329/676 840/337/840
vt 0.7750480 0.0432490
vt 0.7833070 0.0313510
vt 0.7764980 0.0338540
f 851/350/851 677/351/677 445/352/445
vt 0.5326900 0.1686380
vt 0.5325030 0.1576000
f 446/353/446 447/354/447 433/288/433
f 433/288/433 447/354/447 442/287/442
vt 0.7826960 0.0279050
f 677/351/677 448/355/448 445/352/445
vt 0.0235010 0.2851180
vt 0.0252110 0.2738930
vt 0.0280490 0.2783490
f 841/356/841 842/357/842 768/358/768
f 676/329/676 852/338/852 840/337/840
vt 0.7701860 0.0469390
f 851/350/851 445/352/445 1034/359/1034
vt 0.0274160 0.2867570
f 777/360/777 841/356/841 768/358/768
vt 0.6257840 0.4919730
vt 0.6217170 0.4909440
vt 0.6230720 0.4865020
f 1033/361/1033 1037/362/1037 1041/363/1041
vt 0.7736600 0.0772130
vt 0.7700420 0.0739620
vt 0.7718770 0.0800430
f 403/364/403 938/365/938 399/366/399
vt 0.9500200 0.9473110
vt 0.9678020 0.9423600
vt 0.9602180 0.9367760
f 846/367/846 797/368/797 402/369/402
vt 0.9444740 0.9442960
f 393/370/393 846/367/846 402/369/402
vt 0.8049870 0.4240020
vt 0.7878530 0.4251500
vt 0.7880320 0.4202230
f 394/371/394 401/372/401 397/373/397
vt 0.8060580 0.4207300
f 392/374/392 394/371/394 397/373/397
vt 0.2869770 0.9938540
vt 0.2825720 0.9938840
vt 0.2859820 0.9869660
f 771/375/771 796/376/796 774/377/774
vt 0.9754290 0.9386130
f 797/368/797 843/339/843 850/378/850
vt 0.7713720 0.0647970
vt 0.7665140 0.0590170
f 849/379/849 1034/359/1034 939/380/939
vt 0.7614680 0.0491180
f 1034/359/1034 1039/381/1039 939/380/939
vt 0.7710400 0.0811370
vt 0.7674400 0.0679990
vt 0.7683360 0.0802430
f 398/382/398 937/383/937 1029/384/1029
vt 0.7638080 0.0596710
f 1029/384/1029 937/383/937 1032/385/1032
f 851/350/851 1034/359/1034 849/379/849
f 797/368/797 850/378/850 402/369/402
f 849/379/849 939/380/939 938/365/938
f 403/364/403 849/379/849 938/365/938
f 1039/381/1039 1032/385/1032 939/380/939
f 937/383/937 939/380/939 1032/385/1032
vt 0.2396390 0.5201510
vt 0.2323670 0.5194950
vt 0.2392940 0.5240830
f 1016/386/1016 806/387/806 1007/388/1007
vt 0.4000370 0.3684200
vt 0.3901190 0.3702750
vt 0.4029830 0.3753800
f 1025/389/1025 1006/390/1006 1001/391/1001
vt 0.5545310 0.4999790
vt 0.5485110 0.4964200
vt 0.5560350 0.4957950
f 1015/392/1015 727/393/727 725/394/725
vt 0.4071180 0.3550760
vt 0.4009420 0.3549640
vt 0.4032690 0.3612160
f 1014/395/1014 874/396/874 1027/397/1027
vt 0.3947650 0.3620300
f 1027/397/1027 874/396/874 1018/398/1018
vt 0.2466070 0.5225460
f 1007/388/1007 1026/399/1026 1016/386/1016
f 1001/391/1001 1014/395/1014 1025/389/1025
vt 0.5473220 0.5000960
f 1015/392/1015 875/400/875 727/393/727
vt 0.5398100 0.4992280
vt 0.5394410 0.4960570
f 727/393/727 941/401/941 803/402/803
vt 0.4719370 0.0407390
vt 0.4672790 0.0396480
vt 0.4708970 0.0352670
f 713/403/713 869/404/869 867/405/867
vt 0.1813190 0.9020470
vt 0.1748900 0.9099910
vt 0.1830080 0.9104700
f 767/406/767 778/407/778 770/408/770
vt 0.4160250 0.3497250
vt 0.4158140 0.3418830
f 1014/395/1014 1021/409/1021 781/410/781
vt 0.3924640 0.3341390
vt 0.3995120 0.3324200
vt 0.3893820 0.3277710
f 870/411/870 766/412/766 765/413/765
vt 0.3778740 0.3350370
f 1009/414/1009 870/411/870 765/413/765
vt 0.4019550 0.3452000
vt 0.4061210 0.3408070
f 940/415/940 784/416/784 766/412/766
vt 0.0675070 0.5419830
vt 0.0640330 0.5495140
vt 0.0634740 0.5379210
f 750/417/750 942/418/942 871/419/871
vt 0.0674780 0.5489370
f 802/420/802 942/418/942 750/417/750
vt 0.0677900 0.5363020
f 712/421/712 750/417/750 871/419/871
f 940/415/940 766/412/766 870/411/870
f 784/416/784 1014/395/1014 781/410/781
f 820/341/820 819/335/819 1002/334/1002
vt 0.9596890 0.9894150
f 820/341/820 1002/334/1002 1005/422/1005
vt 0.4117280 0.3714190
f 1001/391/1001 1019/423/1019 1014/395/1014
vt 0.1697770 0.8996820
f 767/406/767 783/424/783 778/407/778
vt 0.1661260 0.9074750
f 783/424/783 780/425/780 778/407/778
vt 0.0284050 0.2957790
vt 0.0245960 0.2951160
f 779/426/779 838/427/838 841/356/841
f 779/426/779 841/356/841 777/360/777
f 727/393/727 875/400/875 941/401/941
f 1014/395/1014 940/415/940 874/396/874
f 1014/395/1014 784/416/784 940/415/940
vt 0.7662050 0.0329200
f 1034/359/1034 445/352/445 454/428/454
f 1034/359/1034 454/428/454 1036/325/1036
f 453/323/453 446/353/446 433/288/433
f 792/343/792 820/341/820 1005/422/1005
vt 0.7862050 0.6623920
f 997/344/997 848/346/848 827/429/827
vt 0.9438600 0.9925810
f 847/342/847 792/343/792 830/430/830
vt 0.7848470 0.6664670
f 848/346/848 829/431/829 827/429/827
vt 0.9383510 0.9722910
f 830/430/830 792/343/792 831/432/831
vt 0.2037290 0.8993330
vt 0.2021740 0.9087850
vt 0.2101810 0.9055840
f 763/433/763 772/434/772 775/435/775
vt 0.1933000 0.9092880
f 772/434/772 763/433/763 760/436/760
vt 0.1918070 0.9020730
f 764/437/764 770/408/770 760/436/760
vt 0.3769880 0.3304080
f 1009/414/1009 765/413/765 762/438/762
f 767/406/767 770/408/770 764/437/764
f 764/437/764 760/436/760 763/433/763
vt 0.1730870 0.7045110
vt 0.1784280 0.7082080
vt 0.1795090 0.7049870
f 769/439/769 844/440/844 759/441/759
vt 0.2819850 0.9777360
vt 0.2856430 0.9786380
f 774/377/774 845/442/845 800/443/800
vt 0.2869070 0.9678070
f 845/442/845 861/444/861 800/443/800
f 796/376/796 845/442/845 774/377/774
vt 0.4662130 0.0267940
vt 0.4709430 0.0232420
f 867/405/867 1008/445/1008 866/446/866
f 843/339/843 852/338/852 850/378/850
vt 0.1886640 0.7046660
f 759/441/759 844/440/844 773/447/773
vt 0.1894240 0.7088280
f 844/440/844 798/448/798 773/447/773
vt 0.9398980 0.9580350
f 833/449/833 846/367/846 393/370/393
vt 0.2832420 0.9666810
f 835/450/835 861/444/861 845/442/845
f 869/404/869 1008/445/1008 867/405/867
vt 0.6787280 0.2372810
vt 0.6840220 0.2385110
vt 0.6778050 0.2285470
f 400/451/400 1028/452/1028 498/453/498
f 1028/452/1028 481/320/481 498/453/498
vt 0.7635040 0.0692270
vt 0.7556010 0.0692060
f 1029/384/1029 1030/454/1030 480/455/480
f 1029/384/1029 1032/385/1032 1030/454/1030
vt 0.7543070 0.0569190
f 1039/381/1039 478/456/478 1032/385/1032
vt 0.7026080 0.2326380
f 481/320/481 1031/457/1031 479/319/479
f 1039/381/1039 489/324/489 478/456/478
f 1032/385/1032 478/456/478 1030/454/1030
vt 0.6845610 0.9780730
vt 0.6791860 0.9812690
vt 0.6796200 0.9754120
f 1040/458/1040 1038/459/1038 490/460/490
vt 0.6899870 0.2112450
f 481/320/481 485/461/485 498/453/498
vt 0.8234980 0.4258420
vt 0.8238940 0.4209910
f 395/462/395 394/371/394 386/463/386
f 386/463/386 394/371/394 392/374/392
vt 0.8134250 0.4088820
f 374/464/374 386/463/386 392/374/392
vt 0.8036580 0.4073120
f 374/464/374 392/374/392 378/465/378
vt 0.7888770 0.4062810
f 378/465/378 397/373/397 497/466/497
f 378/465/378 392/374/392 397/373/397
vt 0.9339690 0.9582660
f 396/467/396 833/449/833 393/370/393
vt 0.3779630 0.3694850
vt 0.3838490 0.3651150
f 813/468/813 1006/390/1006 805/469/805
vt 0.2826950 0.2925650
vt 0.2897140 0.3002360
vt 0.2824230 0.3054570
f 860/470/860 856/471/856 799/472/799
vt 0.0363910 0.5654570
vt 0.0337060 0.5581160
vt 0.0250620 0.5654420
f 818/473/818 814/474/814 808/475/808
vt 0.2909130 0.3124950
vt 0.2831190 0.3133100
f 856/471/856 761/476/761 776/477/776
f 799/472/799 856/471/856 776/477/776
vt 0.3667940 0.3408810
f 857/478/857 1009/414/1009 762/438/762
vt 0.3703670 0.3443980
f 873/479/873 1009/414/1009 857/478/857
vt 0.2301050 0.6969290
vt 0.2401240 0.6950000
vt 0.2311180 0.6935100
f 834/480/834 790/481/790 859/482/859
f 654/305/654 653/281/653 674/347/674
vt 0.8029390 0.6598340
f 998/483/998 997/344/997 827/429/827
vt 0.8045620 0.6457860
vt 0.8060460 0.6541430
vt 0.7998800 0.6570620
f 990/484/990 993/485/993 863/486/863
vt 0.8195160 0.6233370
vt 0.8192040 0.6443570
vt 0.8112460 0.6344030
f 683/487/683 656/488/656 983/489/983
vt 0.8020260 0.6401650
f 988/490/988 983/489/983 990/484/990
vt 0.7872620 0.6468530
f 988/490/988 990/484/990 991/491/991
f 654/305/654 657/304/657 672/289/672
vt 0.7788600 0.1862230
f 674/347/674 996/349/996 994/492/994
vt 0.7867250 0.1789660
f 674/347/674 994/492/994 655/493/655
vt 0.8142010 0.6488260
f 990/484/990 983/489/983 995/494/995
f 656/488/656 995/494/995 983/489/983
f 653/281/653 654/305/654 672/289/672
f 655/493/655 654/305/654 674/347/674
f 998/483/998 993/485/993 997/344/997
f 993/485/993 998/483/998 863/486/863
vt 0.3914350 0.3772160
f 1004/495/1004 1001/391/1001 1006/390/1006
vt 0.5625660 0.0124900
vt 0.5654390 0.0087920
vt 0.5592400 0.0095180
f 793/496/793 1003/497/1003 816/498/816
vt 0.9364200 0.9841460
f 830/430/830 831/432/831 821/499/821
f 1004/495/1004 1006/390/1006 813/468/813
vt 0.3809520 0.3783410
f 817/500/817 1004/495/1004 813/468/813
vt 0.2444700 0.6988230
vt 0.2635790 0.6969170
vt 0.2508090 0.6952200
f 832/501/832 791/502/791 807/503/807
vt 0.9300440 0.9750000
vt 0.9325660 0.9713690
vt 0.9296390 0.9590050
f 419/504/419 822/505/822 387/506/387
f 821/499/821 831/432/831 822/505/822
vt 0.9353010 0.9882050
f 821/499/821 822/505/822 421/507/421
f 421/507/421 822/505/822 419/504/419
vt 0.8318460 0.4148440
f 423/508/423 386/463/386 374/464/374
f 822/505/822 831/432/831 396/467/396
f 822/505/822 396/467/396 387/506/387
f 396/467/396 831/432/831 833/449/833
f 834/480/834 832/501/832 790/481/790
vt 0.2632980 0.6935490
f 791/502/791 815/509/815 807/503/807
vt 0.8046130 0.5791910
vt 0.7992940 0.5851060
f 992/510/992 988/490/988 989/511/989
f 659/306/659 654/305/654 658/308/658
vt 0.8127250 0.1822240
f 655/493/655 684/512/684 658/308/658
vt 0.8561210 0.1826510
f 684/512/684 685/513/685 658/308/658
f 654/305/654 655/493/655 658/308/658
vt 0.8001880 0.4023450
f 378/465/378 497/466/497 390/514/390
vt 0.9430720 0.9956900
f 828/515/828 830/430/830 421/507/421
vt 0.7785620 0.6625120
f 998/483/998 827/429/827 826/516/826
vt 0.4524060 0.5289920
vt 0.4518950 0.5515810
vt 0.4495570 0.5313410
f 999/517/999 825/518/825 862/519/862
vt 0.9395520 0.9959740
f 824/520/824 828/515/828 421/507/421
vt 0.9328420 0.9965100
f 416/521/416 824/520/824 421/507/421
vt 0.7771350 0.6480200
vt 0.7776160 0.6585470
vt 0.7716240 0.6557190
f 418/522/418 823/523/823 415/524/415
f 830/430/830 821/499/821 421/507/421
f 481/320/481 482/278/482 499/280/499
vt 0.8226670 0.3439420
vt 0.8198890 0.3399060
f 370/525/370 374/464/374 383/526/383
vt 0.6783630 0.2047810
f 485/461/485 495/527/495 498/453/498
vt 0.8337450 0.0459340
f 32/528/32 36/139/36 116/138/116
vt 0.8224800 0.0477910
f 33/529/33 32/528/32 116/138/116
vt 0.8254440 0.0517220
f 32/528/32 33/529/33 29/530/29
vt 0.8317900 0.0508040
f 32/528/32 29/530/29 27/531/27
vt 0.8402100 0.0552910
vt 0.8472790 0.0561060
f 32/528/32 37/532/37 31/533/31
f 32/528/32 27/531/27 37/532/37
f 32/528/32 31/533/31 36/139/36
vt 0.8027980 0.0391440
f 116/138/116 52/534/52 33/529/33
vt 0.5173700 0.2117390
vt 0.5162690 0.2064220
vt 0.5232650 0.2064150
f 336/535/336 51/536/51 119/537/119
vt 0.7966880 0.0432410
vt 0.8053380 0.0599350
f 337/538/337 35/539/35 52/534/52
f 36/139/36 38/155/38 118/140/118
vt 0.8295870 0.0772030
f 43/540/43 44/165/44 46/161/46
vt 0.8447610 0.0693180
f 54/541/54 46/161/46 38/155/38
vt 0.8155080 0.0549520
f 34/542/34 52/534/52 35/539/35
vt 0.8161270 0.0674550
vt 0.8245180 0.0706900
vt 0.8190990 0.0610990
f 30/543/30 26/544/26 28/545/28
f 30/543/30 28/545/28 35/539/35
f 28/545/28 34/542/34 35/539/35
vt 0.7976810 0.0783580
f 41/546/41 35/539/35 337/538/337
vt 0.8072130 0.0778220
f 30/543/30 42/547/42 43/540/43
f 42/547/42 30/543/30 35/539/35
vt 0.8349340 0.0714720
f 28/545/28 59/548/59 37/532/37
vt 0.8435520 0.0639120
f 37/532/37 59/548/59 55/549/55
f 27/531/27 28/545/28 37/532/37
f 29/530/29 28/545/28 27/531/27
f 34/542/34 28/545/28 29/530/29
f 29/530/29 33/529/33 34/542/34
f 52/534/52 34/542/34 33/529/33
f 31/533/31 38/155/38 36/139/36
f 54/541/54 38/155/38 55/549/55
f 55/549/55 38/155/38 31/533/31
f 55/549/55 31/533/31 37/532/37
f 43/540/43 54/541/54 59/548/59
f 26/544/26 43/540/43 59/548/59
f 43/540/43 42/547/42 44/165/44
f 30/543/30 43/540/43 26/544/26
f 55/549/55 59/548/59 54/541/54
f 43/540/43 46/161/46 54/541/54
f 28/545/28 26/544/26 59/548/59
vt 0.9273890 0.7197520
vt 0.9286170 0.7180370
vt 0.9244770 0.7295800
f 319/550/319 82/551/82 243/552/243
vt 0.4314460 0.5930490
vt 0.4369530 0.5840830
vt 0.4409120 0.5873170
f 320/553/320 242/554/242 323/555/323
f 80/168/80 320/553/320 159/169/159
vt 0.4471800 0.5918520
f 159/169/159 320/553/320 322/556/322
vt 0.4610390 0.3971710
f 84/130/84 3975/557/3975 81/131/81
vt 0.4513520 0.5780210
f 242/554/242 330/558/330 323/555/323
vt 0.4457030 0.5726490
f 330/558/330 242/554/242 241/559/241
vt 0.4541960 0.5849910
vt 0.4672340 0.5604090
f 262/560/262 330/558/330 312/561/312
f 330/558/330 321/174/321 312/561/312
vt 0.4504050 0.5764980
vt 0.4530910 0.5634590
f 331/562/331 234/563/234 321/174/321
f 321/174/321 234/563/234 231/175/231
f 331/562/331 241/559/241 234/563/234
vt 0.7805180 0.7461310
f 68/164/68 45/163/45 64/564/64
f 159/169/159 322/556/322 262/560/262
vt 0.5177370 0.2574900
f 160/235/160 261/565/261 62/247/62
vt 0.5075260 0.2529040
f 62/247/62 261/565/261 60/566/60
f 262/560/262 322/556/322 330/558/330
vt 0.4986360 0.2600590
f 261/565/261 311/567/311 60/566/60
vt 0.5213830 0.2489090
vt 0.5154400 0.2459560
f 63/568/63 40/569/40 336/535/336
f 42/547/42 41/546/41 44/165/44
vt 0.7751060 0.7363180
f 64/564/64 61/570/61 68/164/68
vt 0.7860670 0.7416410
f 45/163/45 39/571/39 64/564/64
f 35/539/35 41/546/41 42/547/42
vt 0.4879670 0.2544360
f 60/566/60 311/567/311 67/572/67
vt 0.5243970 0.2112880
f 340/573/340 336/535/336 119/537/119
f 63/568/63 336/535/336 340/573/340
vt 0.1994510 0.4744650
vt 0.1894830 0.4702580
vt 0.1869080 0.4770410
f 3821/574/3821 902/575/902 731/576/731
vt 0.7446480 0.2386940
vt 0.7271570 0.2373050
vt 0.7373830 0.2446310
f 903/577/903 4580/578/4580 910/579/910
vt 0.7050570 0.2408030
vt 0.6855590 0.2479630
vt 0.6874340 0.2521850
f 913/580/913 1898/581/1898 915/582/915
vt 0.6919640 0.2426690
f 1898/581/1898 913/580/913 4577/583/4577
f 913/580/913 910/579/910 4580/578/4580
vt 0.7730890 0.2702160
vt 0.7617050 0.2601590
vt 0.7624330 0.2730680
f 914/584/914 911/585/911 650/586/650
vt 0.7725440 0.2598690
f 735/587/735 903/577/903 910/579/910
f 735/587/735 910/579/910 911/585/911
vt 0.7512510 0.2594970
f 910/579/910 638/588/638 911/585/911
f 650/586/650 911/585/911 638/588/638
vt 0.7238830 0.6232610
vt 0.7199780 0.6203640
vt 0.7253000 0.6181690
f 5043/589/5043 4968/590/4968 1051/591/1051
vt 0.7218330 0.6157690
vt 0.7243430 0.6119410
f 1051/591/1051 1056/592/1056 1047/593/1047
vt 0.8415380 0.0062000
vt 0.8428680 0.0011470
vt 0.8399420 0.0014130
f 1057/594/1057 4150/595/4150 4977/596/4977
vt 0.7260970 0.6125890
f 5038/597/5038 1051/591/1051 1047/593/1047
vt 0.1058310 0.3038990
vt 0.1098450 0.3051750
vt 0.1054080 0.3054280
f 1050/598/1050 1044/599/1044 4987/600/4987
vt 0.7171320 0.6132140
vt 0.7170910 0.6154620
f 1043/601/1043 1056/592/1056 4978/602/4978
f 1047/593/1047 1056/592/1056 1043/601/1043
vt 0.7224460 0.6075680
f 1047/593/1047 1043/601/1043 1049/603/1049
vt 0.9313880 0.7189110
f 243/552/243 82/551/82 3974/604/3974
vt 0.9281580 0.7336830
vt 0.9235650 0.7409350
f 243/552/243 221/605/221 240/606/240
f 243/552/243 3974/604/3974 221/605/221
vt 0.1915270 0.2335600
vt 0.1796540 0.2376600
vt 0.1934170 0.2372790
f 215/607/215 239/608/239 220/609/220
vt 0.9284190 0.7515850
f 221/605/221 237/610/237 240/606/240
vt 0.9249470 0.7549350
f 240/606/240 237/610/237 235/611/235
vt 0.9308840 0.7655090
f 235/611/235 237/610/237 1849/612/1849
vt 0.9287450 0.7708990
f 235/611/235 1849/612/1849 232/613/232
vt 0.9750480 0.5494740
vt 0.9741990 0.5428690
vt 0.9779490 0.5496480
f 2407/614/2407 1062/615/1062 1061/616/1061
vt 0.9792320 0.5433300
f 1061/616/1061 1062/615/1062 3996/617/3996
vt 0.9706940 0.5902090
vt 0.9661700 0.6027540
vt 0.9698620 0.6015600
f 4789/618/4789 2408/619/2408 1060/620/1060
vt 0.3930250 0.7204830
vt 0.3968310 0.7241430
vt 0.3942460 0.7199420
f 4988/621/4988 1045/622/1045 1048/623/1048
vt 0.3943510 0.7190370
f 4988/621/4988 1048/623/1048 4986/624/4986
vt 0.1636290 0.1560580
vt 0.1693540 0.1376180
vt 0.1730220 0.1374280
f 646/625/646 633/626/633 635/627/635
vt 0.7233220 0.3323850
vt 0.7072780 0.3300910
vt 0.7076760 0.3335610
f 889/628/889 967/629/967 898/630/898
vt 0.7304520 0.3343220
f 889/628/889 898/630/898 893/631/893
vt 0.7351780 0.3302140
f 892/632/892 889/628/889 893/631/893
vt 0.2861320 0.5402580
vt 0.2771950 0.5519180
vt 0.2863760 0.5634050
f 966/633/966 888/634/888 507/635/507
vt 0.7468300 0.3387290
vt 0.7471790 0.3279410
f 893/631/893 909/636/909 896/637/896
vt 0.7485480 0.3227510
f 896/637/896 886/638/886 893/631/893
f 886/638/886 892/632/892 893/631/893
vt 0.2981000 0.5502820
f 507/635/507 506/639/506 966/633/966
vt 0.6994700 0.1466430
vt 0.7105970 0.1431990
vt 0.6912660 0.1433510
f 500/640/500 505/641/505 508/642/508
vt 0.8800290 0.2495760
vt 0.8782240 0.2293780
vt 0.8933880 0.2461400
f 468/643/468 472/644/472 690/645/690
vt 0.4346890 0.1868670
f 460/309/460 467/295/467 461/646/461
vt 0.4288340 0.1491040
f 666/294/666 471/647/471 467/295/467
vt 0.8936550 0.2249750
f 472/644/472 689/648/689 690/645/690
vt 0.8801090 0.2187590
f 472/644/472 680/649/680 689/648/689
vt 0.8687360 0.1694250
vt 0.8726110 0.1664930
vt 0.8715280 0.1552480
f 661/650/661 679/651/679 473/652/473
vt 0.8844600 0.2034800
f 681/653/681 689/648/689 680/649/680
vt 0.8997280 0.2074580
f 689/648/689 681/653/681 636/654/636
f 459/314/459 460/309/460 461/646/461
vt 0.7009750 0.3391520
vt 0.7199530 0.3432010
f 898/630/898 1910/655/1910 919/656/919
f 893/631/893 898/630/898 919/656/919
f 909/636/909 893/631/893 919/656/919
vt 0.7374930 0.3465240
f 909/636/909 919/656/919 2075/657/2075
vt 0.6695400 0.2971160
vt 0.6802090 0.3215740
vt 0.6847330 0.3163970
f 1904/658/1904 1906/659/1906 899/660/899
vt 0.6866080 0.3313670
f 899/660/899 1906/659/1906 1909/661/1909
f 899/660/899 1909/661/1909 898/630/898
vt 0.7635820 0.3356220
vt 0.7454090 0.3467610
f 908/662/908 2075/657/2075 2069/663/2069
vt 0.8875650 0.2699850
f 462/664/462 468/643/468 690/645/690
vt 0.6921830 0.2654330
vt 0.6885520 0.2643700
vt 0.6811670 0.2847300
f 688/665/688 644/666/644 691/667/691
vt 0.8990600 0.2623480
f 698/668/698 462/664/462 690/645/690
vt 0.6782820 0.2817930
vt 0.6805100 0.2998410
f 691/667/691 890/669/890 699/670/699
vt 0.6765940 0.2929490
f 890/669/890 897/671/897 699/670/699
vt 0.6847710 0.3112660
f 699/670/699 897/671/897 702/672/702
f 897/671/897 1904/658/1904 899/660/899
f 459/314/459 461/646/461 463/275/463
f 702/672/702 897/671/897 899/660/899
vt 0.8979070 0.2598560
vt 0.9053290 0.2716950
f 462/664/462 700/673/700 701/674/701
vt 0.8967450 0.2846740
f 465/675/465 462/664/462 701/674/701
vt 0.9141810 0.2827590
f 465/675/465 701/674/701 703/676/703
vt 0.2925590 0.5305580
f 966/633/966 506/639/506 705/677/705
vt 0.6937040 0.3228660
f 967/629/967 704/678/704 898/630/898
f 704/678/704 899/660/899 898/630/898
vt 0.9069210 0.2943880
f 477/679/477 465/675/465 703/676/703
f 704/678/704 702/672/702 899/660/899
vt 0.4395080 0.2066570
f 463/275/463 461/646/461 466/680/466
vt 0.6725800 0.2716320
f 915/582/915 917/681/917 644/666/644
vt 0.1843190 0.1220340
vt 0.1819320 0.1268590
f 635/627/635 645/682/645 687/683/687
f 913/580/913 915/582/915 644/666/644
vt 0.7082050 0.2517800
f 634/684/634 913/580/913 644/666/644
f 633/626/633 645/682/645 635/627/635
f 917/681/917 890/669/890 644/666/644
f 644/666/644 890/669/890 691/667/691
f 890/669/890 917/681/917 897/671/897
f 897/671/897 917/681/917 1904/658/1904
vt 0.4433780 0.2213420
f 463/275/463 476/685/476 455/277/455
f 463/275/463 466/680/466 476/685/476
vt 0.7219580 0.1434870
f 470/270/470 475/686/475 505/641/505
vt 0.4474160 0.2305050
f 469/687/469 455/277/455 476/685/476
f 470/270/470 505/641/505 500/640/500
vt 0.3045110 0.5383370
f 474/688/474 705/677/705 506/639/506
f 685/513/685 662/307/662 658/308/658
f 661/650/661 662/307/662 685/513/685
f 657/304/657 662/307/662 661/650/661
f 668/302/668 665/303/665 661/650/661
f 668/302/668 661/650/661 473/652/473
f 657/304/657 661/650/661 665/303/665
vt 0.8730570 0.1828190
f 679/651/679 661/650/661 682/689/682
vt 0.8692920 0.1846030
f 661/650/661 685/513/685 663/690/663
f 663/690/663 682/689/682 661/650/661
vt 0.1658670 0.1613590
vt 0.1675320 0.1790560
f 646/625/646 694/691/694 637/692/637
vt 0.1683700 0.1737800
f 637/692/637 694/691/694 958/693/958
vt 0.7298330 0.2502130
f 647/694/647 913/580/913 634/684/634
f 910/579/910 913/580/913 647/694/647
vt 0.6702730 0.2660200
f 1898/581/1898 1912/695/1912 917/681/917
f 915/582/915 1898/581/1898 917/681/917
f 910/579/910 647/694/647 638/588/638
vt 0.7816590 0.5677080
vt 0.7925120 0.5782030
vt 0.7792570 0.5804000
f 987/696/987 986/697/986 980/698/980
vt 0.8012500 0.5659450
f 984/699/984 986/697/986 987/696/987
vt 0.7946140 0.5630100
f 984/699/984 987/696/987 695/700/695
vt 0.7723050 0.5649650
f 695/700/695 987/696/987 961/701/961
f 986/697/986 992/510/992 989/511/989
f 984/699/984 992/510/992 986/697/986
vt 0.9138610 0.1874290
vt 0.8953500 0.1853560
vt 0.9046530 0.1762230
f 693/702/693 697/703/697 960/704/960
vt 0.9088810 0.1939440
f 636/654/636 697/703/697 648/705/648
f 648/705/648 697/703/697 693/702/693
vt 0.8748260 0.2019130
vt 0.8727810 0.1974170
f 696/706/696 682/689/682 985/707/985
f 681/653/681 697/703/697 636/654/636
f 682/689/682 663/690/663 985/707/985
vt 0.7586990 0.3115850
f 886/638/886 896/637/896 885/708/885
vt 0.7626460 0.3085150
vt 0.7688910 0.3223390
f 894/709/894 896/637/896 900/710/900
f 885/708/885 896/637/896 894/709/894
f 908/662/908 909/636/909 2075/657/2075
vt 0.2675850 0.5596960
f 507/635/507 888/634/888 891/711/891
vt 0.2696520 0.5752720
f 891/711/891 410/712/410 507/635/507
vt 0.2521630 0.5662020
vt 0.2538090 0.5809530
f 410/712/410 887/713/887 963/714/963
f 887/713/887 410/712/410 891/711/891
vt 0.2314660 0.5838000
f 409/715/409 963/714/963 887/713/887
vt 0.2357380 0.5698090
f 409/715/409 887/713/887 884/716/884
vt 0.3316600 0.5397830
vt 0.3379290 0.5376330
vt 0.3323360 0.5431960
f 1084/717/1084 1088/718/1088 3590/719/3590
vt 0.3369060 0.5347230
f 1092/720/1092 1088/718/1088 1084/717/1084
vt 0.2155310 0.1760400
vt 0.2239460 0.1786560
vt 0.2178770 0.1754080
f 1081/721/1081 1068/722/1068 1083/723/1083
vt 0.2178660 0.1734400
f 1073/724/1073 1081/721/1081 1083/723/1083
vt 0.1265920 0.5731480
vt 0.1273920 0.5712910
vt 0.1281900 0.5648250
f 1117/725/1117 1082/726/1082 1072/727/1072
vt 0.2253180 0.1723530
vt 0.2193540 0.1708720
f 1068/722/1068 1153/728/1153 1071/729/1071
vt 0.3268490 0.5384520
f 1108/730/1108 1092/720/1092 1084/717/1084
vt 0.5913010 0.0447250
vt 0.5881840 0.0497480
vt 0.5874710 0.0475980
f 1070/731/1070 1151/732/1151 1106/733/1106
vt 0.4469410 0.6823390
vt 0.4454830 0.6756730
vt 0.4479230 0.6774090
f 1085/734/1085 1097/735/1097 1107/736/1107
vt 0.4478700 0.6662840
vt 0.4494510 0.6670610
vt 0.4484990 0.6711240
f 1113/737/1113 1115/738/1115 1074/739/1074
f 1113/737/1113 1074/739/1074 1097/735/1097
f 1097/735/1097 1074/739/1074 1107/736/1107
vt 0.1613440 0.2024670
vt 0.1600500 0.2050040
vt 0.1565420 0.1986850
f 1180/740/1180 4447/741/4447 1171/742/1171
vt 0.9830070 0.3397020
vt 0.9794720 0.3447100
vt 0.9794760 0.3498420
f 1243/743/1243 1211/744/1211 1235/745/1235
vt 0.9035600 0.6140670
vt 0.9008110 0.6158930
vt 0.9100090 0.6119060
f 1242/746/1242 1244/747/1244 1238/748/1238
vt 0.3416640 0.3607280
vt 0.3387860 0.3686920
vt 0.3385880 0.3608760
f 1197/749/1197 1199/750/1199 1237/751/1237
vt 0.3419110 0.3569290
f 1197/749/1197 1237/751/1237 1210/752/1210
vt 0.9760970 0.3390670
f 1193/753/1193 1211/744/1211 1243/743/1243
vt 0.3427170 0.3677770
f 1197/749/1197 1203/754/1203 1199/750/1199
vt 0.3475140 0.3539420
vt 0.3463840 0.3575900
f 1194/755/1194 1185/756/1185 1210/752/1210
vt 0.8939070 0.6133970
f 1195/757/1195 1244/747/1244 1242/746/1242
vt 0.6582980 0.7714660
vt 0.6589250 0.7789100
vt 0.6566750 0.7800730
f 1215/758/1215 1224/759/1224 1202/760/1202
vt 0.9652980 0.8536650
vt 0.9624950 0.8453290
vt 0.9601270 0.8464280
f 1256/761/1256 1260/762/1260 1223/763/1223
vt 0.9788920 0.3551730
vt 0.9801400 0.3574160
f 1200/764/1200 1222/765/1222 1235/745/1235
vt 0.7931070 0.9586340
vt 0.7866390 0.9594970
vt 0.7944160 0.9602050
f 1261/766/1261 1253/767/1253 1221/768/1221
vt 0.9636090 0.8550450
f 1212/769/1212 1256/761/1256 1223/763/1223
vt 0.6077590 0.5142990
vt 0.6183890 0.5153260
vt 0.6099490 0.5164370
f 1218/770/1218 1241/771/1241 1240/772/1240
vt 0.1601250 0.1976870
f 1166/773/1166 1180/740/1180 1171/742/1171
vt 0.1547040 0.1980300
vt 0.1602850 0.1924950
f 1171/742/1171 1176/774/1176 4826/775/4826
vt 0.1654560 0.1966010
vt 0.1625260 0.1944840
f 1181/776/1181 1177/777/1177 4826/775/4826
f 1166/773/1166 1171/742/1171 1177/777/1177
f 1177/777/1177 1171/742/1171 4826/775/4826
vt 0.1679100 0.1924040
f 4714/778/4714 1181/776/1181 4826/775/4826
vt 0.6782920 0.5416670
vt 0.6782920 0.5355500
vt 0.6735890 0.5361420
f 1252/779/1252 1155/780/1155 1157/781/1157
vt 0.9676740 0.8450890
f 1256/761/1256 1251/782/1251 1260/762/1260
vt 0.1662790 0.2034090
vt 0.1649830 0.2013790
vt 0.1703530 0.2011670
f 1169/783/1169 1163/784/1163 5207/785/5207
vt 0.9614090 0.7531770
vt 0.9575340 0.7579610
vt 0.9623350 0.7580360
f 1161/786/1161 1167/787/1167 1182/788/1182
vt 0.6122240 0.5051580
vt 0.6181760 0.5048010
vt 0.6167380 0.5119880
f 1232/789/1232 1228/790/1228 1226/791/1226
vt 0.6108880 0.5131720
f 1227/792/1227 1226/791/1226 1241/771/1241
f 1232/789/1232 1226/791/1226 1227/792/1227
f 1226/791/1226 1228/790/1228 1241/771/1241
f 1210/752/1210 1185/756/1185 1197/749/1197
vt 0.8945310 0.6089450
f 1230/793/1230 1195/757/1195 1242/746/1242
f 1218/770/1218 1232/789/1232 1227/792/1227
f 1227/792/1227 1241/771/1241 1218/770/1218
vt 0.9603130 0.7603210
f 1182/788/1182 1167/787/1167 1178/794/1178
f 4447/741/4447 1180/740/1180 1169/783/1169
vt 0.5135630 0.4733230
vt 0.5128570 0.4803570
vt 0.5196840 0.4793310
f 1186/795/1186 1209/796/1209 1204/797/1204
vt 0.5108540 0.4755640
f 1247/798/1247 1209/796/1209 1186/795/1186
vt 0.5209360 0.4751100
f 1198/799/1198 1186/795/1186 1204/797/1204
vt 0.3499220 0.3535760
f 1192/800/1192 1185/756/1185 1194/755/1194
vt 0.3499220 0.3758580
vt 0.3467140 0.3759360
f 1208/801/1208 1213/802/1213 1199/750/1199
f 1169/783/1169 1180/740/1180 1163/784/1163
vt 0.7652820 0.2419730
vt 0.7631700 0.2408590
vt 0.7642370 0.2369290
f 1162/803/1162 1179/804/1179 1165/805/1165
vt 0.8304930 0.2590290
vt 0.8447290 0.2560400
vt 0.8303900 0.2557340
f 544/806/544 529/807/529 512/808/512
vt 0.8137800 0.2581090
f 544/806/544 512/808/512 543/809/543
vt 0.8295560 0.2649420
vt 0.8187290 0.2664960
f 589/810/589 543/809/543 586/811/586
vt 0.8237010 0.2681220
vt 0.8175410 0.2686870
f 594/812/594 586/811/586 593/813/593
vt 0.8084010 0.2617130
f 543/809/543 4044/814/4044 586/811/586
vt 0.8202100 0.2837790
vt 0.8178340 0.2794900
f 5631/815/5631 593/813/593 600/816/600
vt 0.7996680 0.2575570
f 543/809/543 534/817/534 4044/814/4044
vt 0.8118680 0.2795290
f 600/816/600 593/813/593 601/818/601
f 589/810/589 544/806/544 543/809/543
f 594/812/594 589/810/589 586/811/586
vt 0.8386730 0.2671120
f 5047/819/5047 589/810/589 594/812/594
f 5631/815/5631 594/812/594 593/813/593
vt 0.8106670 0.2831100
f 600/816/600 601/818/601 599/820/599
f 5631/815/5631 600/816/600 599/820/599
vt 0.8412680 0.2357200
vt 0.8290390 0.2348940
f 513/821/513 516/822/516 512/808/512
f 529/807/529 513/821/513 512/808/512
vt 0.8564200 0.2241680
vt 0.8416600 0.2252590
f 529/807/529 572/823/572 568/824/568
f 529/807/529 568/824/568 513/821/513
vt 0.8539670 0.2539260
f 548/825/548 572/823/572 529/807/529
vt 0.8388140 0.2290870
f 513/821/513 515/826/515 516/822/516
vt 0.8292700 0.2296840
f 516/822/516 515/826/515 554/827/554
vt 0.8810860 0.7022170
vt 0.8726490 0.7006880
vt 0.8812700 0.7006880
f 602/828/602 607/829/607 596/830/596
vt 0.3431750 0.7799910
vt 0.3312810 0.7786790
vt 0.3292930 0.7801990
f 3815/831/3815 730/832/730 1682/833/1682
vt 0.6077420 0.3204350
vt 0.6122190 0.3454480
vt 0.6155740 0.3193380
f 749/834/749 746/835/746 801/836/801
vt 0.6192400 0.3442070
vt 0.6247030 0.3206480
f 801/836/801 744/837/744 728/838/728
f 744/837/744 801/836/801 746/835/746
vt 0.6082750 0.3464280
f 710/839/710 746/835/746 749/834/749
vt 0.0290110 0.3886920
vt 0.0223000 0.4139010
vt 0.0305110 0.4135900
f 708/840/708 711/841/711 868/842/868
vt 0.0208230 0.4119240
f 708/840/708 748/843/748 711/841/711
vt 0.4683460 0.0173200
vt 0.4721790 0.0141440
f 872/844/872 1012/845/1012 866/446/866
vt 0.0375260 0.4142960
vt 0.0387410 0.4125880
f 868/842/868 864/846/864 715/847/715
vt 0.3763650 0.3424400
vt 0.3730310 0.3471350
vt 0.3780080 0.3426370
f 865/848/865 1013/849/1013 714/850/714
f 866/446/866 1008/445/1008 872/844/872
vt 0.0340670 0.3894980
f 706/851/706 868/842/868 715/847/715
vt 0.1127230 0.1442060
vt 0.1070270 0.1211060
vt 0.1079940 0.1453590
f 720/852/720 756/853/756 752/854/752
vt 0.1009400 0.1211630
f 756/853/756 753/855/753 752/854/752
vt 0.0976400 0.1453190
f 752/854/752 753/855/753 1011/856/1011
vt 0.0450280 0.4119880
vt 0.0385710 0.3883300
f 1010/857/1010 754/858/754 715/847/715
f 754/858/754 706/851/706 715/847/715
f 706/851/706 708/840/708 868/842/868
vt 0.4924100 0.8521660
vt 0.4888990 0.8559330
vt 0.4910310 0.8583430
f 742/859/742 747/860/747 924/861/924
vt 0.6947490 0.3473360
vt 0.6926130 0.3445920
vt 0.6906480 0.3459640
f 716/862/716 745/863/745 929/864/929
vt 0.1366040 0.4852550
vt 0.1364080 0.4894140
vt 0.1339990 0.4854150
f 934/865/934 928/866/928 631/867/631
vt 0.5020050 0.8534750
vt 0.4980910 0.8526920
vt 0.5009880 0.8577100
f 717/868/717 927/869/927 933/870/933
vt 0.4927180 0.8539800
f 742/859/742 924/861/924 930/871/930
vt 0.4330890 0.0751120
vt 0.4316520 0.0724550
vt 0.4368710 0.0724450
f 932/872/932 630/873/630 621/874/621
vt 0.5032270 0.8592520
f 717/868/717 933/870/933 757/875/757
vt 0.4953450 0.8623400
vt 0.4950010 0.8649370
f 757/875/757 879/876/879 707/877/707
f 933/870/933 879/876/879 757/875/757
vt 0.4384800 0.0749240
f 932/872/932 621/874/621 878/878/878
vt 0.5000090 0.8639450
f 755/879/755 757/875/757 707/877/707
vt 0.4896430 0.8616680
f 879/876/879 924/861/924 709/880/709
vt 0.4021950 0.5782530
vt 0.4054360 0.5754650
vt 0.4000780 0.5757850
f 624/881/624 925/882/925 877/883/877
vt 0.4061050 0.5782800
f 629/884/629 925/882/925 624/881/624
vt 0.9138230 0.0634720
vt 0.9119300 0.0573180
vt 0.9057670 0.0599650
f 632/885/632 628/886/628 623/887/623
f 924/861/924 747/860/747 709/880/709
f 879/876/879 709/880/709 707/877/707
vt 0.9081480 0.0648920
f 622/888/622 632/885/632 623/887/623
vt 0.1830760 0.2536540
vt 0.1861290 0.2556900
vt 0.1860460 0.2513030
f 876/889/876 620/890/620 625/891/625
vt 0.1336210 0.4896790
f 631/867/631 928/866/928 627/892/627
vt 0.7321430 0.7905180
vt 0.7338390 0.7874080
vt 0.7293230 0.7880820
f 626/893/626 931/894/931 926/895/926
f 484/279/484 470/270/470 500/640/500
f 484/279/484 486/268/486 470/270/470
vt 0.7917610 0.3438290
vt 0.7855880 0.3836570
f 389/896/389 497/466/497 496/897/496
vt 0.7870920 0.3389090
f 487/898/487 389/896/389 496/897/496
vt 0.8088720 0.3386600
vt 0.8041120 0.3437290
vt 0.7981450 0.3373190
f 381/899/381 388/900/388 391/901/391
f 388/900/388 389/896/389 391/901/391
vt 0.6809600 0.1472290
vt 0.6908770 0.1593430
f 502/902/502 483/903/483 500/640/500
f 391/901/391 389/896/389 487/898/487
f 500/640/500 508/642/508 502/902/502
vt 0.6726910 0.1590450
f 483/903/483 502/902/502 488/904/488
vt 0.7978300 0.3262690
f 487/898/487 504/905/504 391/901/391
vt 0.6712820 0.1425030
f 502/902/502 508/642/508 411/906/411
vt 0.6674020 0.1461550
f 503/907/503 502/902/502 411/906/411
vt 0.7841040 0.3260070
f 487/898/487 501/908/501 504/905/504
vt 0.6532130 0.1416990
f 965/909/965 503/907/503 411/906/411
vt 0.6515930 0.1434870
f 376/910/376 503/907/503 965/909/965
f 483/903/483 484/279/484 500/640/500
f 485/461/485 499/280/499 483/903/483
f 499/280/499 484/279/484 483/903/483
f 485/461/485 483/903/483 488/904/488
f 481/320/481 499/280/499 485/461/485
f 495/527/495 485/461/485 488/904/488
vt 0.8138210 0.3271180
vt 0.8112610 0.3228170
vt 0.8296710 0.3248010
f 377/911/377 964/912/964 408/913/408
vt 0.8338090 0.3286300
f 408/913/408 404/914/404 377/911/377
f 381/899/381 391/901/391 504/905/504
f 377/911/377 381/899/381 504/905/504
vt 0.9994580 0.0879130
vt 0.9985980 0.0966340
vt 0.9967680 0.0984390
f 1110/915/1110 1132/916/1132 1093/917/1093
vt 0.8365990 0.9269880
vt 0.8334640 0.9296710
vt 0.8365990 0.9308100
f 1105/918/1105 1089/919/1089 1094/920/1094
vt 0.7965140 0.2380900
vt 0.7843190 0.2380910
f 532/921/532 531/922/531 534/817/534
vt 0.7863270 0.2305320
vt 0.7824930 0.2275610
f 540/923/540 538/924/538 531/922/531
vt 0.8275150 0.2270900
f 512/808/512 516/822/516 552/925/552
vt 0.7976040 0.2273330
vt 0.8019020 0.2081290
vt 0.7984670 0.2120980
f 794/926/794 518/927/518 527/928/527
vt 0.0799650 0.6618060
vt 0.0831980 0.6464440
vt 0.0834200 0.6650110
f 795/929/795 581/930/581 580/931/580
f 534/817/534 794/926/794 532/921/532
vt 0.0819200 0.6699870
f 795/929/795 580/931/580 533/932/533
vt 0.8127700 0.2276510
f 511/933/511 794/926/794 534/817/534
f 543/809/543 511/933/511 534/817/534
vt 0.8144850 0.2087830
f 511/933/511 552/925/552 510/934/510
f 552/925/552 511/933/511 512/808/512
f 543/809/543 512/808/512 511/933/511
vt 0.7974290 0.2132710
vt 0.7957570 0.2313640
f 583/935/583 540/923/540 579/936/579
vt 0.0808190 0.6458600
f 526/937/526 581/930/581 795/929/795
f 532/921/532 579/936/579 540/923/540
f 532/921/532 540/923/540 531/922/531
vt 0.1380410 0.5805540
vt 0.1440750 0.5755490
vt 0.1416640 0.5774110
f 1122/938/1122 1133/939/1133 1139/940/1139
vt 0.8905590 0.4662320
vt 0.8912880 0.4672390
vt 0.8960370 0.4664150
f 1138/941/1138 1134/942/1134 1148/943/1148
vt 0.9992640 0.1030210
f 1132/916/1132 1136/944/1136 1093/917/1093
vt 0.7839400 0.5217890
vt 0.7852650 0.5205500
vt 0.7917890 0.5208800
f 1149/945/1149 1129/946/1129 1142/947/1142
vt 0.1398860 0.5626560
vt 0.1443390 0.5673220
vt 0.1358050 0.5611570
f 1143/948/1143 1130/949/1130 1109/950/1109
vt 0.4973670 0.4836690
vt 0.4987650 0.4849440
vt 0.4996080 0.4774460
f 1135/951/1135 1104/952/1104 1095/953/1095
vt 0.8964300 0.4675080
f 1134/942/1134 1131/954/1131 1148/943/1148
vt 0.4977700 0.4891980
f 1120/955/1120 1104/952/1104 1135/951/1135
vt 0.4996080 0.4912080
f 1120/955/1120 1098/956/1098 1104/952/1104
vt 0.7359010 0.6745790
vt 0.7333770 0.6767320
vt 0.7354940 0.6691050
f 1099/957/1099 1121/958/1121 1125/959/1125
vt 0.2598160 0.5844800
vt 0.2621470 0.5860090
vt 0.2590130 0.5860090
f 1075/960/1075 1119/961/1119 1140/962/1140
vt 0.2193580 0.1799450
vt 0.2157130 0.1863990
f 1080/963/1080 1123/964/1123 1068/722/1068
vt 0.2222840 0.1832260
f 1068/722/1068 1123/964/1123 1067/965/1067
vt 0.2139510 0.1826750
f 1078/966/1078 1123/964/1123 1080/963/1080
vt 0.2279420 0.1868490
vt 0.2291710 0.1858510
f 1067/965/1067 1076/967/1076 1141/968/1141
f 1067/965/1067 1141/968/1141 1068/722/1068
vt 0.1321510 0.5810900
vt 0.1347950 0.5775640
f 1127/969/1127 1122/938/1122 1066/970/1066
f 1081/721/1081 1080/963/1080 1068/722/1068
vt 0.2216840 0.1876910
vt 0.2236600 0.1874780
f 1118/971/1118 1077/972/1077 1067/965/1067
vt 0.3242980 0.5143710
vt 0.3273140 0.5133790
vt 0.3366310 0.5184110
f 1128/973/1128 3858/974/3858 1102/975/1102
f 1083/723/1083 1068/722/1068 1073/724/1073
vt 0.2291290 0.1841710
vt 0.2305000 0.1790810
f 1068/722/1068 1137/976/1137 1147/977/1147
vt 0.5800570 0.7574580
vt 0.5764010 0.7598890
vt 0.5747730 0.7549380
f 1069/978/1069 1150/979/1150 1144/980/1144
vt 0.2292280 0.1737240
vt 0.2260840 0.1734070
f 1068/722/1068 1145/981/1145 1152/982/1152
vt 0.1955200 0.5554050
vt 0.1846400 0.5425790
vt 0.1780260 0.5590570
f 883/983/883 959/984/959 956/985/956
vt 0.0333070 0.3092510
vt 0.0340910 0.2989620
vt 0.0333070 0.2909020
f 640/986/640 882/987/882 641/988/641
vt 0.7606500 0.2760930
vt 0.7632050 0.2848860
vt 0.7656840 0.2894100
f 881/989/881 922/990/922 642/991/642
vt 0.1911410 0.5706530
f 883/983/883 956/985/956 982/992/982
vt 0.9656240 0.9568040
vt 0.9747970 0.9542430
vt 0.9620830 0.9555140
f 639/993/639 957/994/957 880/995/880
vt 0.2057800 0.5624810
f 921/996/921 883/983/883 982/992/982
vt 0.7648940 0.5683610
vt 0.7548070 0.5671250
f 961/701/961 978/997/978 955/998/955
vt 0.7540100 0.5714740
f 978/997/978 977/999/977 955/998/955
vt 0.7356680 0.5706470
f 955/998/955 977/999/977 981/1000/981
vt 0.7407490 0.5731110
f 977/999/977 976/1001/976 981/1000/981
vt 0.1687290 0.5460680
f 959/984/959 962/1002/962 956/985/956
f 961/701/961 987/696/987 978/997/978
vt 0.1789970 0.5327880
f 962/1002/962 959/984/959 692/1003/692
f 987/696/987 980/698/980 978/997/978
vt 0.7606150 0.5830750
f 978/997/978 974/1004/974 977/999/977
vt 0.7696970 0.6209730
f 974/1004/974 980/698/980 973/1005/973
f 980/698/980 974/1004/974 978/997/978
vt 0.7494420 0.5828650
f 974/1004/974 975/1006/975 977/999/977
f 977/999/977 975/1006/975 976/1001/976
vt 0.7285050 0.5751150
f 976/1001/976 424/1007/424 981/1000/981
vt 0.2103860 0.5802790
f 921/996/921 982/992/982 405/1008/405
vt 0.8394280 0.2101030
vt 0.8236020 0.1981610
vt 0.8241100 0.2076740
f 571/1009/571 550/1010/550 935/1011/935
vt 0.8265570 0.2114900
f 571/1009/571 935/1011/935 565/1012/565
f 935/1011/935 550/1010/550 518/927/518
vt 0.7941860 0.1990550
f 550/1010/550 520/1013/520 518/927/518
vt 0.7807740 0.2079290
vt 0.7852430 0.2118050
f 520/1013/520 585/1014/585 542/1015/542
f 511/933/511 518/927/518 794/926/794
f 510/934/510 518/927/518 511/933/511
f 552/925/552 935/1011/935 510/934/510
f 552/925/552 565/1012/565 935/1011/935
vt 0.5095830 0.7555220
vt 0.5094700 0.7332820
vt 0.5085050 0.7472920
f 936/1016/936 519/1017/519 509/1018/509
f 518/927/518 520/1013/520 527/928/527
vt 0.1296820 0.5783530
f 1127/969/1127 1079/1019/1079 1117/725/1117
f 1117/725/1117 1079/1019/1079 1082/726/1082
f 1081/721/1081 1078/966/1078 1080/963/1080
vt 0.8494750 0.2701180
vt 0.8406100 0.2723520
vt 0.8492800 0.2725040
f 724/1020/724 729/1021/729 726/1022/726
vt 0.8533330 0.2949910
f 729/1021/729 743/1023/743 726/1022/726
vt 0.8699760 0.7053760
vt 0.8741670 0.7096880
vt 0.8797850 0.7055640
f 719/1024/719 804/1025/804 723/1026/723
vt 0.8625260 0.2702150
f 721/1027/721 724/1020/724 726/1022/726
vt 0.8847970 0.7089650
f 804/1025/804 1017/1028/1017 723/1026/723
vt 0.8668000 0.7087970
f 804/1025/804 719/1024/719 1024/1029/1024
vt 0.8584630 0.2945120
f 726/1022/726 718/1030/718 721/1027/721
vt 0.3716970 0.3576280
vt 0.3731390 0.3541300
f 1023/1031/1023 751/1032/751 1013/849/1013
vt 0.8633190 0.2946600
f 718/1030/718 758/1033/758 721/1027/721
f 743/1023/743 718/1030/718 726/1022/726
vt 0.5861690 0.0510490
f 1106/733/1106 1151/732/1151 1146/1034/1146
vt 0.4728360 0.2685590
vt 0.4705340 0.2556170
vt 0.4662730 0.2600380
f 2070/1035/2070 950/1036/950 946/1037/946
vt 0.1691790 0.4725490
f 731/576/731 902/575/902 905/1038/905
vt 0.1749360 0.4796550
f 731/576/731 905/1038/905 1681/1039/1681
vt 0.1738230 0.4808670
vt 0.1715540 0.4856160
f 1680/1040/1680 905/1038/905 785/1041/785
vt 0.1604340 0.4864240
vt 0.1548330 0.4804600
f 734/1042/734 905/1038/905 562/1043/562
f 785/1041/785 905/1038/905 734/1042/734
vt 0.1484030 0.4725280
f 562/1043/562 905/1038/905 736/1044/736
vt 0.1425750 0.4799300
f 562/1043/562 736/1044/736 737/1045/737
vt 0.7591460 0.2470420
f 904/1046/904 903/577/903 735/587/735
vt 0.7767920 0.2677980
f 739/1047/739 735/587/735 914/584/914
vt 0.7755190 0.2968310
f 914/584/914 916/1048/916 739/1047/739
f 735/587/735 911/585/911 914/584/914
vt 0.1368480 0.4709080
f 737/1045/737 736/1044/736 741/1049/741
vt 0.8353020 0.3419540
f 370/525/370 383/526/383 375/1050/375
vt 0.8323440 0.3454830
f 375/1050/375 373/1051/373 370/525/370
f 375/1050/375 383/526/383 377/911/377
f 377/911/377 404/914/404 375/1050/375
vt 0.8469990 0.3315760
f 384/1052/384 375/1050/375 404/914/404
vt 0.8308080 0.3760090
f 375/1050/375 372/1053/372 373/1051/373
vt 0.8460100 0.3428050
f 372/1053/372 375/1050/375 380/1054/380
f 384/1052/384 380/1054/380 375/1050/375
vt 0.8609030 0.3454750
f 384/1052/384 430/1055/430 380/1054/380
vt 0.8474120 0.3481300
vt 0.8350200 0.4087650
vt 0.8375730 0.3838530
f 428/1056/428 379/1057/379 382/1058/382
f 428/1056/428 382/1058/382 380/1054/380
vt 0.8240790 0.4077220
f 372/1053/372 371/1059/371 373/1051/373
f 373/1051/373 371/1059/371 370/525/370
f 380/1054/380 382/1058/382 372/1053/372
vt 0.3686970 0.3607760
f 809/1060/809 813/468/813 1023/1031/1023
f 813/468/813 805/469/805 1023/1031/1023
vt 0.3685120 0.3495190
f 857/478/857 1022/1061/1022 873/479/873
vt 0.3652490 0.3534590
f 812/1062/812 1022/1061/1022 857/478/857
f 1023/1031/1023 1013/849/1013 873/479/873
vt 0.2908990 0.2880190
f 811/1063/811 856/471/856 860/470/860
vt 0.0200340 0.5579040
f 814/474/814 810/1064/810 808/475/808
vt 0.3799410 0.3595910
f 1023/1031/1023 722/1065/722 751/1032/751
vt 0.0158160 0.5656210
f 789/1066/789 808/475/808 810/1064/810
vt 0.0085920 0.5638720
f 789/1066/789 810/1064/810 858/1067/858
f 790/481/790 832/501/832 807/503/807
vt 0.7823100 0.2903370
f 739/1047/739 916/1048/916 549/1068/549
vt 0.7753650 0.3202610
f 521/1069/521 916/1048/916 900/710/900
f 549/1068/549 916/1048/916 521/1069/521
vt 0.7755270 0.1980430
f 585/1014/585 520/1013/520 907/1070/907
f 521/1069/521 900/710/900 908/662/908
vt 0.4573310 0.2667910
f 946/1037/946 906/1071/906 2070/1035/2070
f 900/710/900 909/636/909 908/662/908
f 900/710/900 896/637/896 909/636/909
vt 0.4428830 0.2542130
f 906/1071/906 946/1037/946 584/1072/584
f 916/1048/916 914/584/914 642/991/642
vt 0.1764040 0.1924400
vt 0.1870880 0.1992110
f 649/1073/649 637/692/637 643/1074/643
f 914/584/914 650/586/650 642/991/642
vt 0.4659090 0.3138380
vt 0.4575810 0.3146020
vt 0.4494510 0.3138380
f 923/1075/923 953/1076/953 895/1077/895
f 922/990/922 894/709/894 642/991/642
vt 0.7628110 0.3018850
f 894/709/894 954/1078/954 885/708/885
vt 0.2565210 0.0477400
vt 0.2738620 0.0490650
vt 0.2558440 0.0358280
f 616/1079/616 612/1080/612 608/1081/608
vt 0.5726520 0.3168980
vt 0.5897340 0.3189200
vt 0.5894120 0.3168960
f 617/1082/617 786/1083/786 613/1084/613
vt 0.5762940 0.3191900
f 3547/1085/3547 786/1083/786 617/1082/617
vt 0.0922920 0.9827000
vt 0.0922180 0.9684500
vt 0.0945370 0.9814360
f 611/1086/611 614/1087/614 733/1088/733
vt 0.0946790 0.9682840
f 614/1087/614 788/1089/788 733/1088/733
vt 0.7911700 0.5068890
vt 0.7907380 0.5122430
vt 0.7880090 0.5074930
f 732/1090/732 561/1091/561 610/1092/610
vt 0.2740410 0.0344350
f 608/1081/608 612/1080/612 609/1093/609
vt 0.2496750 0.0396810
f 1699/1094/1699 616/1079/616 608/1081/608
vt 0.2490630 0.0339480
f 1699/1094/1699 608/1081/608 1704/1095/1704
vt 0.2599250 0.0318790
f 608/1081/608 618/1096/618 1704/1095/1704
f 608/1081/608 609/1093/609 618/1096/618
vt 0.2795940 0.0314100
f 618/1096/618 609/1093/609 563/1097/563
vt 0.2574980 0.0241490
f 1704/1095/1704 618/1096/618 573/1098/573
vt 0.8679470 0.2167590
vt 0.8633620 0.2040820
f 619/1099/619 560/1100/560 572/823/572
f 642/991/642 894/709/894 916/1048/916
f 916/1048/916 894/709/894 900/710/900
vt 0.7714380 0.2253540
f 585/1014/585 4025/1101/4025 538/924/538
vt 0.2559940 0.8581930
vt 0.2746700 0.8588240
vt 0.2586070 0.8604570
f 539/1102/539 577/1103/577 537/1104/537
vt 0.7869590 0.2124400
f 578/1105/578 542/1015/542 538/924/538
f 538/924/538 542/1015/542 585/1014/585
vt 0.2202390 0.5679200
f 884/716/884 952/1106/952 409/715/409
vt 0.8507610 0.3278710
f 406/1107/406 384/1052/384 404/914/404
f 404/914/404 408/913/408 406/1107/406
vt 0.7112070 0.5779280
vt 0.7153510 0.5740750
f 424/1007/424 385/1108/385 407/1109/407
f 952/1106/952 405/1008/405 409/715/409
f 353/263/353 369/266/369 365/264/365
vt 0.2582430 0.6396360
vt 0.2621470 0.6395260
vt 0.2564570 0.6400120
f 355/1110/355 354/1111/354 351/1112/351
f 374/464/374 378/465/378 381/899/381
f 374/464/374 381/899/381 383/526/383
f 952/1106/952 921/996/921 405/1008/405
vt 0.1302220 0.4799440
f 741/1049/741 524/1113/524 737/1045/737
vt 0.5097880 0.1301280
vt 0.5348210 0.1306600
vt 0.5214920 0.1316020
f 523/1114/523 564/1115/564 738/1116/738
vt 0.8422960 0.1973760
f 740/1117/740 550/1010/550 571/1009/571
vt 0.8419120 0.2073930
f 522/1118/522 740/1117/740 571/1009/571
vt 0.8686930 0.5804610
vt 0.8643860 0.5901330
vt 0.8670630 0.5793260
f 556/1119/556 559/1120/559 566/1121/566
vt 0.8367270 0.2117450
vt 0.8267600 0.2129730
f 554/827/554 558/1122/558 555/1123/555
vt 0.1017330 0.1110850
vt 0.1259410 0.1089780
vt 0.1269580 0.1112680
f 517/1124/517 557/1125/557 567/1126/567
vt 0.8620410 0.5902430
f 559/1120/559 570/1127/570 566/1121/566
vt 0.8651090 0.6023100
vt 0.8686380 0.6082710
f 569/1128/569 559/1120/559 514/1129/514
f 568/824/568 515/826/515 513/821/513
f 558/1122/558 554/827/554 515/826/515
f 568/824/568 522/1118/522 571/1009/571
f 569/1128/569 570/1127/570 559/1120/559
f 568/824/568 572/823/572 522/1118/522
vt 0.1109570 0.1132890
f 551/1130/551 517/1124/517 567/1126/567
vt 0.7855880 0.5854480
vt 0.7825020 0.6153170
f 980/698/980 1000/1131/1000 979/1132/979
f 979/1132/979 991/491/991 973/1005/973
f 991/491/991 979/1132/979 1000/1131/1000
f 973/1005/973 991/491/991 418/522/418
f 988/490/988 991/491/991 1000/1131/1000
f 991/491/991 863/486/863 823/523/823
f 990/484/990 863/486/863 991/491/991
f 991/491/991 823/523/823 418/522/418
vt 0.7385680 0.5868070
f 976/1001/976 975/1006/975 972/1133/972
vt 0.8633470 0.3334370
f 425/1134/425 430/1055/430 384/1052/384
vt 0.8572670 0.3485700
f 430/1055/430 431/1135/431 428/1056/428
f 976/1001/976 972/1133/972 424/1007/424
vt 0.7296840 0.5876580
f 972/1133/972 429/1136/429 424/1007/424
f 981/1000/981 424/1007/424 407/1109/407
f 430/1055/430 428/1056/428 380/1054/380
vt 0.7444150 0.5903360
f 975/1006/975 968/1137/968 972/1133/972
vt 0.7700690 0.6480180
f 973/1005/973 418/522/418 971/1138/971
vt 0.7571310 0.5885390
vt 0.7583210 0.6480930
f 970/1139/970 969/1140/969 968/1137/968
vt 0.7657560 0.6509440
f 971/1138/971 418/522/418 414/1141/414
vt 0.7569870 0.6499160
f 971/1138/971 414/1141/414 412/1142/412
f 969/1140/969 971/1138/971 412/1142/412
f 971/1138/971 969/1140/969 970/1139/970
f 381/899/381 378/465/378 390/514/390
f 381/899/381 390/514/390 388/900/388
f 390/514/390 497/466/497 389/896/389
f 388/900/388 390/514/390 389/896/389
f 973/1005/973 971/1138/971 974/1004/974
f 974/1004/974 971/1138/971 970/1139/970
f 974/1004/974 970/1139/970 975/1006/975
f 975/1006/975 970/1139/970 968/1137/968
vt 0.7664630 0.2047670
f 585/1014/585 947/1143/947 4025/1101/4025
f 572/823/572 560/1100/560 522/1118/522
vt 0.8423280 0.4262800
f 423/508/423 420/1144/420 386/463/386
vt 0.8468590 0.4122450
f 426/1145/426 420/1144/420 423/508/423
f 379/1057/379 426/1145/426 423/508/423
vt 0.8625160 0.4218970
vt 0.8560070 0.4309960
vt 0.8552390 0.4167220
f 417/1146/417 422/1147/422 413/1148/413
f 422/1147/422 420/1144/420 413/1148/413
f 413/1148/413 420/1144/420 426/1145/426
vt 0.7473880 0.6454580
f 412/1142/412 427/1149/427 429/1136/429
vt 0.4682090 0.2539480
f 945/1150/945 946/1037/946 950/1036/950
f 377/911/377 383/526/383 381/899/381
f 583/935/583 578/1105/578 540/923/540
f 520/1013/520 542/1015/542 527/928/527
vt 0.5772620 0.5150860
vt 0.5882010 0.5156720
vt 0.5767150 0.5131440
f 576/1151/576 582/1152/582 541/1153/541
vt 0.5894650 0.5134860
f 541/1153/541 582/1152/582 525/1154/525
f 431/1135/431 430/1055/430 426/1145/426
f 371/1059/371 374/464/374 370/525/370
f 431/1135/431 379/1057/379 428/1056/428
f 426/1145/426 379/1057/379 431/1135/431
vt 0.8208720 0.5774820
vt 0.8165590 0.5661440
f 686/1155/686 992/510/992 664/1156/664
f 412/1142/412 429/1136/429 972/1133/972
f 969/1140/969 412/1142/412 972/1133/972
f 968/1137/968 969/1140/969 972/1133/972
f 379/1057/379 371/1059/371 382/1058/382
f 382/1058/382 371/1059/371 372/1053/372
f 379/1057/379 423/508/423 371/1059/371
f 423/508/423 374/464/374 371/1059/371
f 686/1155/686 683/487/683 992/510/992
f 664/1156/664 992/510/992 984/699/984
f 683/487/683 983/489/983 992/510/992
f 983/489/983 988/490/988 992/510/992
vt 0.1070590 0.1094790
f 553/1157/553 557/1125/557 517/1124/517
f 980/698/980 979/1132/979 973/1005/973
f 986/697/986 1000/1131/1000 980/698/980
f 986/697/986 989/511/989 1000/1131/1000
f 988/490/988 1000/1131/1000 989/511/989
vt 0.2813380 0.1345980
vt 0.2985070 0.1323840
vt 0.2873880 0.1223790
f 3327/1158/3327 3328/1159/3328 5469/1160/5469
vt 0.2258390 0.1308200
vt 0.2268730 0.1425350
vt 0.2557260 0.1145510
f 4419/1161/4419 3318/1162/3318 3322/1163/3322
vt 0.7324180 0.6419680
vt 0.7338470 0.6423120
vt 0.7252520 0.6612300
f 3319/1164/3319 2745/1165/2745 2150/1166/2150
vt 0.7319110 0.6524160
f 2745/1165/2745 5285/1167/5285 2150/1166/2150
vt 0.9295050 0.1520800
vt 0.9372980 0.1539340
vt 0.9375910 0.1520020
f 5290/1168/5290 2746/1169/2746 5721/1170/5721
vt 0.3941010 0.2275990
vt 0.3857090 0.2276230
vt 0.3862820 0.2296240
f 3553/1171/3553 2743/1172/2743 3320/1173/3320
vt 0.3962350 0.2290900
f 3553/1171/3553 3320/1173/3320 4422/1174/4422
vt 0.2427170 0.1441340
f 3318/1162/3318 2151/1175/2151 3322/1163/3322
vt 0.5732330 0.0278980
vt 0.6063740 0.0305440
vt 0.5858280 0.0278910
f 2484/1176/2484 2489/1177/2489 1641/1178/1641
vt 0.7286110 0.6762810
f 5285/1167/5285 1640/1179/1640 2150/1166/2150
vt 0.2797360 0.1395340
f 3327/1158/3327 3323/1180/3323 3328/1159/3328
vt 0.2668330 0.1448530
vt 0.2857370 0.1450390
f 2146/1181/2146 2141/1182/2141 3323/1180/3323
vt 0.2790420 0.1328950
f 3323/1180/3323 3327/1158/3327 5067/1183/5067
vt 0.2739810 0.1193610
f 2146/1181/2146 3323/1180/3323 3324/1184/3324
vt 0.3410100 0.9332020
vt 0.3439640 0.9339890
vt 0.3414860 0.9357830
f 3326/1185/3326 4200/1186/4200 5066/1187/5066
vt 0.6604510 0.9199530
vt 0.6587850 0.9184810
vt 0.6472280 0.9249100
f 5065/1188/5065 4199/1189/4199 5191/1190/5191
f 5067/1183/5067 3324/1184/3324 3323/1180/3323
vt 0.2830420 0.1212210
f 5067/1183/5067 5190/1191/5190 3324/1184/3324
f 3322/1163/3322 2146/1181/2146 3324/1184/3324
f 2151/1175/2151 2146/1181/2146 3322/1163/3322
vt 0.2870020 0.1087980
vt 0.2559290 0.1093160
f 3324/1184/3324 280/1192/280 283/1193/283
f 3324/1184/3324 283/1193/283 3322/1163/3322
vt 0.6188740 0.0347070
vt 0.5987740 0.0347740
f 2486/1194/2486 2489/1177/2489 4894/1195/4894
vt 0.7214430 0.6774440
f 2150/1166/2150 1640/1179/1640 2145/1196/2145
vt 0.7513200 0.1786050
vt 0.7421190 0.1756930
vt 0.7437860 0.1678120
f 257/1197/257 3557/1198/3557 3554/1199/3554
vt 0.6503410 0.0277480
f 2486/1194/2486 2377/1200/2377 2489/1177/2489
vt 0.6811070 0.5974150
vt 0.6528070 0.5962820
vt 0.6729640 0.6013610
f 2488/1201/2488 2374/1202/2374 2138/1203/2138
vt 0.6489670 0.0325560
f 2490/1204/2490 2377/1200/2377 2486/1194/2486
vt 0.6362780 0.6001570
f 2374/1202/2374 2147/1205/2147 2138/1203/2138
vt 0.7331390 0.7313800
vt 0.7268140 0.7232600
vt 0.7222980 0.7016980
f 2149/1206/2149 2142/1207/2142 2140/1208/2140
vt 0.3194200 0.1430500
f 2141/1182/2141 2144/1209/2144 3323/1180/3323
vt 0.7287110 0.6975160
f 2149/1206/2149 2140/1208/2140 2139/1210/2139
vt 0.3168670 0.1359110
f 2144/1209/2144 3334/1211/3334 3323/1180/3323
vt 0.9098810 0.2242390
vt 0.9130990 0.2638370
vt 0.9102150 0.2457620
f 4896/1212/4896 3612/1213/3612 1462/1214/1462
vt 0.0935470 0.3301700
vt 0.0851970 0.3321660
vt 0.0935030 0.3524840
f 1461/1215/1461 2487/1216/2487 4895/1217/4895
f 1640/1179/1640 2139/1210/2139 2140/1208/2140
f 1640/1179/1640 2140/1208/2140 2145/1196/2145
vt 0.1029700 0.3564620
f 4897/1218/4897 1461/1215/1461 4895/1217/4895
vt 0.6915110 0.6021970
f 2488/1201/2488 2138/1203/2138 1639/1219/1639
vt 0.5272860 0.5935560
vt 0.5277560 0.5870740
vt 0.5293490 0.5932030
f 2744/1220/2744 3555/1221/3555 3556/1222/3556
vt 0.3832240 0.2280360
vt 0.2627110 0.2297520
vt 0.3849030 0.2369220
f 5722/1223/5722 5716/1224/5716 5365/1225/5365
vt 0.9345700 0.7820920
vt 0.9392000 0.6514850
vt 0.9379950 0.7821290
f 5364/1226/5364 5291/1227/5291 5289/1228/5289
vt 0.8560660 0.5851770
vt 0.8671400 0.5567050
vt 0.8339500 0.6814800
f 5280/1229/5280 5288/1230/5288 5292/1231/5292
vt 0.2508300 0.3765570
vt 0.1283640 0.3719780
vt 0.1277410 0.3747830
f 4910/1232/4910 1629/1233/1629 4904/1234/4904
vt 0.1045570 0.3794820
f 4910/1232/4910 4904/1234/4904 4900/1235/4900
vt 0.1099820 0.3734820
f 4900/1235/4900 1465/1236/1465 4895/1217/4895
vt 0.5731860 0.0314240
f 4894/1195/4894 2484/1176/2484 4899/1237/4899
f 2489/1177/2489 2484/1176/2484 4894/1195/4894
vt 0.7171750 0.6040470
vt 0.7185700 0.5983000
f 5287/1238/5287 2483/1239/2483 1639/1219/1639
vt 0.3891520 0.2369810
f 5286/1240/5286 5722/1223/5722 5365/1225/5365
vt 0.1098480 0.3469990
vt 0.1151950 0.3727360
f 4904/1234/4904 4906/1241/4906 4902/1242/4902
f 4904/1234/4904 4902/1242/4902 1465/1236/1465
vt 0.1267460 0.3719080
vt 0.1201720 0.3545880
f 4904/1234/4904 1631/1243/1631 1636/1244/1636
f 4904/1234/4904 1636/1244/1636 4906/1241/4906
f 4904/1234/4904 1465/1236/1465 4900/1235/4900
vt 0.8641860 0.5569070
f 2485/1245/2485 5288/1230/5288 5280/1229/5280
vt 0.8601790 0.5572340
f 2485/1245/2485 5280/1229/5280 4898/1246/4898
f 4897/1218/4897 4895/1217/4895 1465/1236/1465
vt 0.2210060 0.1236560
f 3316/1247/3316 4419/1161/4419 3322/1163/3322
vt 0.7514950 0.1658070
f 3550/1248/3550 257/1197/257 3554/1199/3554
vt 0.4762480 0.0363830
vt 0.4851330 0.0398860
vt 0.4840850 0.0339750
f 3134/1249/3134 1464/1250/1464 4901/1251/4901
vt 0.4772790 0.0334180
f 1881/1252/1881 3134/1249/3134 4901/1251/4901
vt 0.9198840 0.2385780
vt 0.9133620 0.2025020
f 3133/1253/3133 3612/1213/3612 1463/1254/1463
f 1463/1254/1463 3612/1213/3612 4896/1212/4896
vt 0.3887130 0.2499860
vt 0.5020440 0.2475110
vt 0.3446340 0.2480050
f 2378/1255/2378 2381/1256/2381 5073/1257/5073
vt 0.0888650 0.3118720
vt 0.0771860 0.3077370
f 3611/1258/3611 2491/1259/2491 2487/1216/2487
vt 0.1084420 0.3126750
f 4909/1260/4909 2491/1259/2491 3611/1258/3611
f 1461/1215/1461 3611/1258/3611 2487/1216/2487
vt 0.4985210 0.0562900
vt 0.4882680 0.0480310
vt 0.4863860 0.0496500
f 5468/1261/5468 4198/1262/4198 3325/1263/3325
vt 0.4978370 0.0540980
f 4202/1264/4202 4198/1262/4198 5468/1261/5468
vt 0.6483930 0.9224530
f 4199/1189/4199 4201/1265/4201 5191/1190/5191
f 3324/1184/3324 5190/1191/5190 280/1192/280
vt 0.6362120 0.9234030
vt 0.6304670 0.9203280
vt 0.6196530 0.9189440
f 281/1266/281 5466/1267/5466 275/1268/275
vt 0.5248940 0.0566370
vt 0.5138290 0.0545200
f 5470/1269/5470 5467/1270/5467 5468/1261/5468
vt 0.3650670 0.5356780
vt 0.3640460 0.5399790
vt 0.3636280 0.5179850
f 5164/1271/5164 5459/1272/5459 5462/1273/5462
vt 0.5251490 0.0677550
f 5458/1274/5458 5470/1269/5470 5468/1261/5468
f 5467/1270/5467 4202/1264/4202 5468/1261/5468
vt 0.3657210 0.5187940
f 4510/1275/4510 5164/1271/5164 5462/1273/5462
f 4201/1265/4201 5466/1267/5466 281/1266/281
f 4201/1265/4201 281/1266/281 5191/1190/5191
vt 0.5039560 0.0698650
f 5458/1274/5458 5468/1261/5468 5461/1276/5461
vt 0.2996250 0.1243830
f 5469/1160/5469 3328/1159/3328 5460/1277/5460
f 3323/1180/3323 3334/1211/3334 3328/1159/3328
vt 0.4606970 0.0817790
vt 0.4634290 0.0761740
vt 0.4556320 0.0807370
f 1866/1278/1866 3335/1279/3335 2160/1280/2160
vt 0.3216920 0.2513080
vt 0.3087900 0.2523030
vt 0.3144460 0.2512310
f 2375/1281/2375 5070/1282/5070 2148/1283/2148
vt 0.3225720 0.1379920
f 3334/1211/3334 2144/1209/2144 5071/1284/5071
f 5073/1257/5073 5070/1282/5070 2375/1281/2375
vt 0.3046190 0.2491530
f 5073/1257/5073 3337/1285/3337 5070/1282/5070
vt 0.3135960 0.2550440
f 2143/1286/2143 2148/1283/2148 5070/1282/5070
vt 0.5274380 0.5014170
vt 0.5188210 0.4955690
vt 0.5088170 0.4909330
f 1863/1287/1863 5165/1288/5165 3331/1289/3331
vt 0.6402800 0.8079810
vt 0.6224270 0.8039850
vt 0.6376100 0.7888330
f 3332/1290/3332 4180/1291/4180 1862/1292/1862
vt 0.5094420 0.4886410
vt 0.5054920 0.4822270
vt 0.5036310 0.4828550
f 4509/1293/4509 5166/1294/5166 3329/1295/3329
vt 0.3687300 0.5129000
f 5167/1296/5167 4510/1275/4510 5462/1273/5462
f 5165/1288/5165 4509/1293/4509 3331/1289/3331
f 3331/1289/3331 4509/1293/4509 3329/1295/3329
vt 0.6230460 0.8110900
f 1867/1297/1867 4180/1291/4180 3332/1290/3332
vt 0.3197140 0.1290040
f 3334/1211/3334 1868/1298/1868 3328/1159/3328
vt 0.3041930 0.1248100
f 3328/1159/3328 1868/1298/1868 3333/1299/3333
vt 0.3681270 0.5103810
f 5167/1296/5167 5462/1273/5462 3330/1300/3330
vt 0.6486870 0.5195700
vt 0.6466020 0.5342720
vt 0.6460150 0.5260580
f 172/1301/172 4421/1302/4421 3315/1303/3315
vt 0.8254320 0.6844440
f 4898/1246/4898 5280/1229/5280 5278/1304/5278
vt 0.2398580 0.3826380
f 5277/1305/5277 4910/1232/4910 4900/1235/4900
vt 0.9370030 0.6525810
vt 0.9369840 0.6599470
f 5366/1306/5366 5291/1227/5291 5717/1307/5717
vt 0.8298330 0.6842970
f 5281/1308/5281 5280/1229/5280 5292/1231/5292
f 5281/1308/5281 5278/1304/5278 5280/1229/5280
vt 0.8486370 0.6941060
f 5281/1308/5281 5292/1231/5292 5284/1309/5284
vt 0.5028850 0.5383780
vt 0.4904940 0.5532970
vt 0.5025240 0.5349170
f 5282/1310/5282 5283/1311/5283 5279/1312/5279
vt 0.8452300 0.6879430
f 5284/1309/5284 5292/1231/5292 3287/1313/3287
vt 0.1649050 0.0426290
vt 0.1522570 0.0391760
vt 0.1624860 0.0458450
f 3286/1314/3286 5293/1315/5293 326/1316/326
vt 0.2982100 0.2226540
f 2743/1172/2743 335/1317/335 5722/1223/5722
vt 0.2621980 0.2230110
f 5719/1318/5719 5716/1224/5716 335/1317/335
f 335/1317/335 5716/1224/5716 5722/1223/5722
f 5717/1307/5717 5291/1227/5291 5364/1226/5364
vt 0.1513790 0.0415470
f 326/1316/326 5293/1315/5293 5368/1319/5368
vt 0.7503060 0.1845390
f 111/1320/111 3557/1198/3557 257/1197/257
vt 0.7562920 0.2249150
vt 0.7523310 0.1887260
f 90/1321/90 3557/1198/3557 103/1322/103
vt 0.7560960 0.2014070
f 103/1322/103 96/1323/96 90/1321/90
f 111/1320/111 103/1322/103 3557/1198/3557
vt 0.5272320 0.6708300
vt 0.5283610 0.6845010
f 332/1324/332 2744/1220/2744 88/1325/88
f 2744/1220/2744 3556/1222/3556 88/1325/88
vt 0.4104280 0.2182790
vt 0.4004470 0.2268990
f 246/1326/246 3553/1171/3553 4420/1327/4420
vt 0.4076030 0.2170890
f 246/1326/246 265/1328/265 3553/1171/3553
vt 0.7592330 0.1578750
f 3554/1199/3554 266/1329/266 3550/1248/3550
vt 0.9069230 0.5006020
vt 0.8767810 0.4952230
vt 0.8769180 0.4871330
f 1749/1330/1749 1746/1331/1746 2014/1332/2014
vt 0.2441480 0.3961690
vt 0.2738530 0.3840630
f 1752/1333/1752 4930/1334/4930 5277/1305/5277
vt 0.9649820 0.6298680
vt 0.9527490 0.6582760
vt 0.9526160 0.6434590
f 2705/1335/2705 2012/1336/2012 2013/1337/2013
vt 0.9084290 0.4859820
vt 0.8784710 0.4702390
f 1753/1338/1753 2014/1332/2014 4929/1339/4929
f 1749/1330/1749 2014/1332/2014 1753/1338/1753
vt 0.8741880 0.5061250
f 3945/1340/3945 2014/1332/2014 1746/1331/1746
vt 0.4911490 0.5437420
f 5283/1311/5283 1751/1341/1751 5279/1312/5279
vt 0.4821120 0.5575850
f 5283/1311/5283 1750/1342/1750 1751/1341/1751
vt 0.2529700 0.2285310
f 5719/1318/5719 5369/1343/5369 5716/1224/5716
vt 0.2403290 0.1833950
vt 0.2430630 0.1908750
vt 0.2510740 0.1948650
f 2704/1344/2704 3944/1345/3944 2924/1346/2924
vt 0.6258820 0.4960200
vt 0.6182240 0.4998340
vt 0.6279000 0.4982870
f 154/1347/154 313/1348/313 317/1349/317
vt 0.0290680 0.6193320
vt 0.0372560 0.6193140
vt 0.0289530 0.6174030
f 5684/1350/5684 1957/1351/1957 158/1352/158
vt 0.0461560 0.6259610
f 297/1353/297 1957/1351/1957 5684/1350/5684
vt 0.5780360 0.8455700
vt 0.5802250 0.8445520
vt 0.5801800 0.8497710
f 5685/1354/5685 153/1355/153 211/1356/211
vt 0.6172400 0.4963600
f 1960/1357/1960 313/1348/313 154/1347/154
vt 0.3575210 0.4806320
vt 0.3665530 0.4786950
vt 0.3952560 0.4768220
f 5655/1358/5655 1962/1359/1962 1965/1360/1965
vt 0.1416360 0.2077870
vt 0.1385130 0.1710950
vt 0.1431570 0.1720230
f 2230/1361/2230 3051/1362/3051 5656/1363/5656
vt 0.8722340 0.2897720
vt 0.8693480 0.2893040
vt 0.8684370 0.2905560
f 341/1364/341 3982/1365/3982 2106/1366/2106
vt 0.0619480 0.6222180
f 297/1353/297 1956/1367/1956 1957/1351/1957
vt 0.3296370 0.4802860
vt 0.3264010 0.4862980
vt 0.3231560 0.4882740
f 2105/1368/2105 3980/1369/3980 83/1370/83
vt 0.3289040 0.4765150
f 2105/1368/2105 83/1370/83 1958/1371/1958
vt 0.1422660 0.1346650
vt 0.1425100 0.1327720
vt 0.1462450 0.1335930
f 2098/1372/2098 343/1373/343 2104/1374/2104
vt 0.6300900 0.4770370
vt 0.6322720 0.4734550
vt 0.6344040 0.4835630
f 2103/1375/2103 1959/1376/1959 1955/1377/1955
f 5656/1363/5656 2098/1372/2098 2104/1374/2104
vt 0.3477620 0.4771920
f 1954/1378/1954 5655/1358/5655 2105/1368/2105
f 5656/1363/5656 3051/1362/3051 2098/1372/2098
vt 0.0772450 0.6286080
f 297/1353/297 1968/1379/1968 1956/1367/1956
f 1962/1359/1962 5655/1358/5655 1954/1378/1954
vt 0.0883630 0.6226980
f 1968/1379/1968 1961/1380/1961 1956/1367/1956
vt 0.3261130 0.4767690
f 1958/1371/1958 83/1370/83 316/1381/316
vt 0.1430150 0.3856230
vt 0.3002050 0.4182560
vt 0.2021610 0.3926200
f 342/1382/342 1737/1383/1737 3981/1384/3981
vt 0.3730180 0.4348550
vt 0.3536890 0.4481670
vt 0.3605570 0.4275520
f 5680/1385/5680 5682/1386/5682 294/1387/294
vt 0.3530600 0.4494010
vt 0.3407220 0.4372500
f 5682/1386/5682 1967/1388/1967 296/1389/296
f 294/1387/294 5682/1386/5682 296/1389/296
vt 0.1065150 0.6247730
vt 0.1179850 0.6176640
f 5687/1390/5687 1963/1391/1963 1961/1380/1961
f 5687/1390/5687 1961/1380/1961 1968/1379/1968
vt 0.3613790 0.4566970
vt 0.3708630 0.4515930
f 1966/1392/1966 5682/1386/5682 5062/1393/5062
vt 0.1762120 0.0487730
vt 0.1855570 0.0442630
f 3284/1394/3284 3291/1395/3291 326/1316/326
f 3291/1395/3291 3286/1314/3286 326/1316/326
vt 0.8584270 0.6938020
f 3290/1396/3290 5284/1309/5284 3287/1313/3287
vt 0.0129010 0.2284210
vt 0.0175670 0.2242430
vt 0.0169470 0.2418400
f 2925/1397/2925 2928/1398/2928 2918/1399/2918
vt 0.5970960 0.0844390
vt 0.4777130 0.0794850
vt 0.5391970 0.0833240
f 5363/1400/5363 5498/1401/5498 5481/1402/5481
vt 0.4502420 0.2428410
f 5073/1257/5073 2381/1256/2381 5499/1403/5499
vt 0.5027410 0.2459450
f 2381/1256/2381 2825/1404/2825 5499/1403/5499
vt 0.5320150 0.7949270
vt 0.5358970 0.7956390
vt 0.5310540 0.8248580
f 2367/1405/2367 2380/1406/2380 2371/1407/2371
vt 0.5550020 0.5080520
vt 0.5448030 0.5048470
f 1860/1408/1860 3689/1409/3689 1863/1287/1863
vt 0.5353390 0.0525600
f 258/1410/258 5467/1270/5467 5470/1269/5470
f 3689/1409/3689 5165/1288/5165 1863/1287/1863
vt 0.3675990 0.5487560
f 5164/1271/5164 3690/1411/3690 5459/1272/5459
vt 0.6210220 0.7177890
vt 0.6369130 0.7377330
vt 0.6187350 0.7405590
f 4174/1412/4174 1865/1413/1865 1850/1414/1850
vt 0.6391890 0.7127610
f 4174/1412/4174 1853/1415/1853 1865/1413/1865
vt 0.3573480 0.6055840
vt 0.3553960 0.6147160
vt 0.3568370 0.6018890
f 1276/1416/1276 5020/1417/5020 344/1418/344
vt 0.5770330 0.5050150
vt 0.5799740 0.5063530
vt 0.5975670 0.4992230
f 1274/1419/1274 1864/1420/1864 5021/1421/5021
vt 0.4005000 0.4443570
vt 0.3995790 0.4334480
vt 0.4143650 0.4334350
f 5019/1422/5019 164/1423/164 345/1424/345
vt 0.6023420 0.4989170
f 1864/1420/1864 1852/1425/1852 5021/1421/5021
vt 0.3527860 0.6176970
f 5020/1417/5020 5018/1426/5018 344/1418/344
vt 0.6365760 0.7615500
f 1865/1413/1865 1861/1427/1861 1850/1414/1850
f 1864/1420/1864 1274/1419/1274 1860/1408/1860
vt 0.5641880 0.0590760
vt 0.5629390 0.0494900
vt 0.5478230 0.0524810
f 346/1428/346 163/1429/163 167/1430/167
f 1860/1408/1860 1274/1419/1274 3689/1409/3689
vt 0.1447990 0.7175710
vt 0.1462530 0.7192820
vt 0.1673170 0.7201600
f 1275/1431/1275 347/1432/347 3692/1433/3692
vt 0.1746320 0.7175730
f 3691/1434/3691 1275/1431/1275 3692/1433/3692
vt 0.5526390 0.0629960
f 3693/1435/3693 167/1430/167 5458/1274/5458
f 5470/1269/5470 5458/1274/5458 167/1430/167
f 167/1430/167 258/1410/258 5470/1269/5470
vt 0.1850450 0.7179410
f 3691/1434/3691 3692/1433/3692 5457/1436/5457
f 3693/1435/3693 346/1428/346 167/1430/167
vt 0.3882780 0.4412990
f 164/1423/164 5019/1422/5019 349/1437/349
vt 0.3542080 0.6311470
f 4132/1438/4132 5018/1426/5018 5020/1417/5020
vt 0.5296120 0.9694470
vt 0.5283580 0.8296760
f 2371/1407/2371 2492/1439/2492 2369/1440/2369
vt 0.5350280 0.9712500
f 2371/1407/2371 2376/1441/2376 2492/1439/2492
f 2380/1406/2380 2376/1441/2376 2371/1407/2371
vt 0.4020040 0.0889310
vt 0.4057630 0.0931320
vt 0.4280320 0.0878600
f 2164/1442/2164 1855/1443/1855 4178/1444/4178
vt 0.4299520 0.0913020
f 4178/1444/4178 1855/1443/1855 4176/1445/4176
vt 0.9324310 0.3102550
vt 0.9397480 0.2924250
vt 0.9406530 0.3178120
f 2873/1446/2873 2163/1447/2163 4177/1448/4177
vt 0.6001440 0.0788350
vt 0.5420480 0.0791830
f 3338/1449/3338 5072/1450/5072 5363/1400/5363
vt 0.3264300 0.1340640
f 5071/1284/5071 3339/1451/3339 3334/1211/3334
vt 0.3227480 0.1320050
f 3339/1451/3339 2161/1452/2161 3334/1211/3334
vt 0.9316980 0.3480350
vt 0.9349680 0.3354470
vt 0.9384010 0.3497390
f 2041/1453/2041 2159/1454/2159 3336/1455/3336
vt 0.5986960 0.0860090
f 5363/1400/5363 2050/1456/2050 3338/1449/3338
vt 0.9330680 0.3557040
f 2041/1453/2041 3336/1455/3336 2049/1457/2049
vt 0.8326980 0.5631200
vt 0.8422280 0.5648320
vt 0.8407660 0.5707190
f 5501/1458/5501 2042/1459/2042 2048/1460/2048
vt 0.8313580 0.5502150
f 5501/1458/5501 2039/1461/2039 2042/1459/2042
vt 0.8466760 0.5373830
f 2039/1461/2039 2038/1462/2038 2042/1459/2042
vt 0.8340830 0.5316000
f 2039/1461/2039 2036/1463/2036 2038/1462/2038
f 4177/1448/4177 2159/1454/2159 2873/1446/2873
vt 0.9427680 0.3448690
f 2159/1454/2159 4177/1448/4177 2162/1464/2162
vt 0.4488910 0.0874290
f 4179/1465/4179 4178/1444/4178 4176/1445/4176
vt 0.6730480 0.5503510
vt 0.6683780 0.5454070
vt 0.6571320 0.5424310
f 2037/1466/2037 2158/1467/2158 2040/1468/2040
vt 0.6979000 0.5552510
vt 0.6883270 0.5507720
f 2037/1466/2037 2166/1469/2166 2874/1470/2874
f 2874/1470/2874 2158/1467/2158 2037/1466/2037
f 1866/1278/1866 2160/1280/2160 4179/1465/4179
f 2160/1280/2160 4178/1444/4178 4179/1465/4179
f 3336/1455/3336 2159/1454/2159 2162/1464/2162
vt 0.3875410 0.7777010
vt 0.3929020 0.7599240
vt 0.4085460 0.7604470
f 5492/1471/5492 5503/1472/5503 2047/1473/2047
vt 0.4032120 0.8079770
vt 0.3870840 0.8077280
f 5482/1474/5482 5483/1475/5483 2047/1473/2047
f 5072/1450/5072 5498/1401/5498 5363/1400/5363
vt 0.5961230 0.0859910
f 5363/1400/5363 5481/1402/5481 2046/1476/2046
vt 0.6231080 0.7024040
vt 0.6413050 0.7018090
f 1859/1477/1859 5692/1478/5692 1853/1415/1853
f 4174/1412/4174 1859/1477/1859 1853/1415/1853
vt 0.6067370 0.4942020
f 1852/1425/1852 4131/1479/4131 5021/1421/5021
vt 0.6145590 0.4914020
f 1852/1425/1852 5690/1480/5690 4131/1479/4131
vt 0.0638180 0.2315850
vt 0.0574250 0.2277810
vt 0.0466300 0.2251530
f 348/1481/348 271/1482/271 162/1483/162
vt 0.3564750 0.6415620
vt 0.3520360 0.6334260
f 5676/1484/5676 5022/1485/5022 4132/1438/4132
vt 0.3879920 0.4512820
f 5019/1422/5019 5023/1486/5023 349/1437/349
vt 0.6178800 0.4830870
vt 0.6154810 0.4840140
f 5677/1487/5677 4130/1488/4130 5690/1480/5690
f 5690/1480/5690 4130/1488/4130 4131/1479/4131
vt 0.3803230 0.4459890
f 349/1437/349 5023/1486/5023 5064/1489/5064
f 4132/1438/4132 5022/1485/5022 5018/1426/5018
vt 0.3576450 0.6391890
f 4129/1490/4129 5676/1484/5676 4132/1438/4132
vt 0.0751760 0.2324060
vt 0.0738340 0.2302630
f 5063/1491/5063 4475/1492/4475 348/1481/348
f 348/1481/348 4475/1492/4475 271/1482/271
vt 0.6492950 0.5095570
f 293/1493/293 172/1301/172 3315/1303/3315
vt 0.3410090 0.3842130
vt 0.3234450 0.3757650
vt 0.3235480 0.3843710
f 1858/1494/1858 5678/1495/5678 5691/1496/5691
vt 0.0865850 0.2279410
f 5063/1491/5063 5061/1497/5061 4475/1492/4475
vt 0.3829490 0.4568830
f 5023/1486/5023 5679/1498/5679 5064/1489/5064
vt 0.5575710 0.9072910
vt 0.5609540 0.9060460
vt 0.5573580 0.9147550
f 4476/1499/4476 4485/1500/4485 286/1501/286
vt 0.3879080 0.4648470
vt 0.3812830 0.4679160
f 5689/1502/5689 5686/1503/5686 5062/1393/5062
f 5679/1498/5679 5689/1502/5689 5062/1393/5062
vt 0.3907640 0.4626340
f 5689/1502/5689 5679/1498/5679 1857/1504/1857
vt 0.5602380 0.8928340
f 4476/1499/4476 4480/1505/4480 4485/1500/4485
vt 0.0850650 0.2257200
vt 0.0881660 0.2261330
f 4478/1506/4478 5061/1497/5061 4481/1507/4481
vt 0.5573840 0.8956420
f 4480/1505/4480 4476/1499/4476 4479/1508/4479
f 4475/1492/4475 5061/1497/5061 4478/1506/4478
f 5064/1489/5064 5679/1498/5679 5062/1393/5062
vt 0.3722830 0.0853900
vt 0.3480190 0.0809350
vt 0.3661560 0.0886100
f 4171/1509/4171 1856/1510/1856 4173/1511/4173
vt 0.3697210 0.4496220
f 4482/1512/4482 5062/1393/5062 5682/1386/5682
vt 0.3776080 0.4434720
f 5680/1385/5680 4484/1513/4484 5682/1386/5682
f 4482/1512/4482 5682/1386/5682 4484/1513/4484
f 5686/1503/5686 1966/1392/1966 5062/1393/5062
vt 0.9453920 0.6818430
f 2013/1337/2013 2012/1336/2012 2017/1514/2017
vt 0.0102420 0.2469000
vt 0.0043780 0.2705220
vt 0.0041080 0.2656500
f 2703/1515/2703 2696/1516/2696 2011/1517/2011
vt 0.9503960 0.6808330
f 2017/1514/2017 2012/1336/2012 2023/1518/2023
vt 0.6282860 0.5118110
vt 0.6342000 0.4881500
vt 0.6359540 0.4955230
f 2695/1519/2695 2702/1520/2702 2921/1521/2921
vt 0.6339990 0.5084200
f 2695/1519/2695 2921/1521/2921 2929/1522/2929
vt 0.2370530 0.1819280
f 3944/1345/3944 2704/1344/2704 2015/1523/2015
vt 0.9189070 0.4244120
vt 0.9163010 0.3941860
vt 0.9184320 0.3996090
f 2010/1524/2010 2700/1525/2700 2024/1526/2024
vt 0.9168020 0.4198000
f 2697/1527/2697 2700/1525/2700 2010/1524/2010
vt 0.0158630 0.2881670
vt 0.0051240 0.2909180
vt 0.0080360 0.2776320
f 2707/1528/2707 2699/1529/2699 2930/1530/2930
vt 0.6274910 0.5253030
f 2929/1522/2929 2698/1531/2698 2695/1519/2695
vt 0.0168490 0.2744090
f 5648/1532/5648 2707/1528/2707 2930/1530/2930
vt 0.9195270 0.3713050
f 2024/1526/2024 2700/1525/2700 2020/1533/2020
vt 0.6164470 0.5445460
vt 0.6171550 0.5344830
f 2706/1534/2706 2701/1535/2701 2698/1531/2698
f 2701/1535/2701 2695/1519/2695 2698/1531/2698
vt 0.0106800 0.2599900
f 2922/1536/2922 2703/1515/2703 2918/1399/2918
f 2918/1399/2918 2703/1515/2703 2925/1397/2925
vt 0.0169280 0.2580400
f 2922/1536/2922 2918/1399/2918 5754/1537/5754
vt 0.9572000 0.3742440
vt 0.9959920 0.3866050
vt 0.9565080 0.3925760
f 5746/1538/5746 5751/1539/5751 5756/1540/5756
vt 0.9566550 0.4015830
vt 0.9551050 0.4019390
f 5756/1540/5756 5724/1541/5724 5647/1542/5647
f 5754/1537/5754 5648/1532/5648 2922/1536/2922
f 5648/1532/5648 2930/1530/2930 2922/1536/2922
vt 0.9947630 0.4029050
vt 0.9568130 0.4073040
f 5749/1543/5749 5743/1544/5743 5724/1541/5724
f 5724/1541/5724 5743/1544/5743 5647/1542/5647
vt 0.9947960 0.4100970
f 5749/1543/5749 5727/1545/5727 5743/1544/5743
vt 0.9959790 0.3864670
f 5752/1546/5752 5749/1543/5749 5756/1540/5756
vt 0.9607290 0.3974700
f 5749/1543/5749 5723/1547/5723 5756/1540/5756
vt 0.7404380 0.4376220
vt 0.7429820 0.4320100
vt 0.7430560 0.4512120
f 2919/1548/2919 5748/1549/5748 5755/1550/5755
vt 0.9424740 0.0933760
vt 0.9045280 0.0916140
vt 0.9414740 0.0840490
f 5642/1551/5642 5636/1552/5636 5745/1553/5745
vt 0.9982140 0.3741640
f 5751/1539/5751 5746/1538/5746 5637/1554/5637
vt 0.9483850 0.1043380
vt 0.9457820 0.0907180
vt 0.9444370 0.0818520
f 2927/1555/2927 5747/1556/5747 2920/1557/2920
vt 0.9450910 0.0940300
f 2927/1555/2927 5641/1558/5641 5747/1556/5747
vt 0.6180540 0.7612140
vt 0.6195740 0.7849320
f 1854/1559/1854 1861/1427/1861 4175/1560/4175
vt 0.3814160 0.0922160
f 4171/1509/4171 4173/1511/4173 1851/1561/1851
f 2164/1442/2164 1851/1561/1851 1855/1443/1855
f 2164/1442/2164 4171/1509/4171 1851/1561/1851
f 4175/1560/4175 1861/1427/1861 1862/1292/1862
f 4175/1560/4175 1862/1292/1862 4180/1291/4180
f 1854/1559/1854 1850/1414/1850 1861/1427/1861
vt 0.9248420 0.1104720
vt 0.9219660 0.0996570
vt 0.9255090 0.0956460
f 5633/1562/5633 597/1563/597 5626/1564/5626
vt 0.2479340 0.3725060
f 4910/1232/4910 3492/1565/3492 1629/1233/1629
vt 0.9318290 0.1069220
vt 0.9472350 0.1173810
f 368/1566/368 5630/1567/5630 5633/1562/5633
vt 0.9469300 0.1049350
vt 0.9398250 0.1035160
f 5628/1568/5628 368/1566/368 357/1569/357
vt 0.9083460 0.1131280
f 595/1570/595 5633/1562/5633 5630/1567/5630
f 5630/1567/5630 368/1566/368 5628/1568/5628
f 5641/1558/5641 5628/1568/5628 357/1569/357
vt 0.9364820 0.1027610
vt 0.9389520 0.0995690
f 357/1569/357 352/1571/352 361/1572/361
vt 0.4899400 0.9859700
vt 0.4870060 0.9861430
vt 0.4822480 0.9884410
f 356/1573/356 360/1574/360 5639/1575/5639
vt 0.4729620 0.6051220
vt 0.4651250 0.6051220
vt 0.4678120 0.6066510
f 367/1576/367 5624/1577/5624 364/1578/364
vt 0.6542740 0.2831350
vt 0.6548850 0.2776390
vt 0.6563480 0.2756120
f 359/1579/359 363/1580/363 5627/1581/5627
vt 0.9065400 0.0969730
f 5642/1551/5642 5635/1582/5635 5636/1552/5636
f 5626/1564/5626 5635/1582/5635 5642/1551/5642
f 5628/1568/5628 5641/1558/5641 2927/1555/2927
vt 0.6563480 0.2852850
f 359/1579/359 5627/1581/5627 5640/1583/5640
vt 0.3960610 0.7158200
vt 0.3276310 0.7129670
vt 0.3271550 0.7148500
f 2284/1584/2284 2248/1585/2248 2776/1586/2776
vt 0.6564230 0.4275150
vt 0.6566460 0.3586370
vt 0.6585260 0.4280120
f 2280/1587/2280 2286/1588/2286 2777/1589/2777
vt 0.6833510 0.5674270
vt 0.6865440 0.5688270
vt 0.7889230 0.5582250
f 3228/1590/3228 4507/1591/4507 3631/1592/3631
vt 0.5983070 0.7903390
vt 0.6119430 0.7749200
vt 0.5860390 0.8924750
f 4508/1593/4508 4188/1594/4188 3632/1595/3632
vt 0.1426880 0.9566570
vt 0.1527010 0.9439780
vt 0.1550450 0.9293080
f 2251/1596/2251 1300/1597/1300 2256/1598/2256
vt 0.1438510 0.9326950
f 2251/1596/2251 2256/1598/2256 2257/1599/2257
vt 0.1274620 0.9519590
f 2251/1596/2251 2257/1599/2257 2252/1600/2252
vt 0.1191120 0.9232820
vt 0.1413430 0.9206680
vt 0.1376260 0.9131510
f 3020/1601/3020 2268/1602/2268 2999/1603/2999
vt 0.1450680 0.9089670
f 2999/1603/2999 2268/1602/2268 2271/1604/2271
vt 0.1320970 0.9092940
vt 0.1293720 0.9149130
f 2291/1605/2291 1616/1606/1616 2999/1603/2999
vt 0.0510270 0.3887300
vt 0.0385250 0.3771640
vt 0.0449790 0.3818100
f 3021/1607/3021 1618/1608/1618 1604/1609/1604
vt 0.0345970 0.3691220
vt 0.0333610 0.3606870
f 2290/1610/2290 2998/1611/2998 1618/1608/1618
f 3020/1601/3020 2999/1603/2999 1616/1606/1616
vt 0.1527430 0.9143390
f 2256/1598/2256 1306/1612/1306 2257/1599/2257
f 2257/1599/2257 1306/1612/1306 2268/1602/2268
vt 0.1308830 0.9333570
f 2289/1613/2289 2257/1599/2257 2268/1602/2268
vt 0.1588050 0.9234310
f 1294/1614/1294 1306/1612/1306 2256/1598/2256
vt 0.7215380 0.8093520
vt 0.7071710 0.8197890
vt 0.7129070 0.7985830
f 1299/1615/1299 1293/1616/1293 1301/1617/1301
vt 0.7080870 0.8076640
f 1301/1617/1301 1293/1616/1293 2255/1618/2255
vt 0.7192580 0.8676820
f 1293/1616/1293 1299/1615/1299 1286/1619/1286
vt 0.7011040 0.8148410
vt 0.6947710 0.8255990
f 1304/1620/1304 1293/1616/1293 1292/1621/1292
f 2268/1602/2268 1306/1612/1306 2271/1604/2271
vt 0.0991840 0.9286970
f 2289/1613/2289 3020/1601/3020 2283/1622/2283
f 2252/1600/2252 2289/1613/2289 2283/1622/2283
f 2289/1613/2289 2252/1600/2252 2257/1599/2257
f 2289/1613/2289 2268/1602/2268 3020/1601/3020
vt 0.1563710 0.9538530
vt 0.1371120 0.9807620
f 1298/1623/1298 1300/1597/1300 2254/1624/2254
f 2254/1624/2254 1300/1597/1300 2251/1596/2251
vt 0.1546960 0.9690920
f 1309/1625/1309 1298/1623/1298 2254/1624/2254
vt 0.8571400 0.7722600
vt 0.8480960 0.8256510
vt 0.8508860 0.7915710
f 1576/1626/1576 1569/1627/1569 1307/1628/1307
vt 0.8437090 0.8414830
f 1569/1627/1569 4636/1629/4636 1307/1628/1307
vt 0.7998240 0.7487870
vt 0.8010350 0.7593700
vt 0.8018160 0.8149090
f 4637/1630/4637 1297/1631/1297 1308/1632/1308
vt 0.8016570 0.7227940
f 4637/1630/4637 1285/1633/1285 1297/1631/1297
vt 0.8279660 0.7226420
vt 0.8253100 0.7372940
vt 0.8244300 0.7339010
f 2187/1634/2187 3190/1635/3190 2265/1636/2265
vt 0.4121130 0.6774350
vt 0.4199950 0.6794340
vt 0.4117300 0.6826580
f 2186/1637/2186 2266/1638/2266 2196/1639/2196
vt 0.0675820 0.4239610
vt 0.0858150 0.4201870
vt 0.0694930 0.4248290
f 3188/1640/3188 1310/1641/1310 2262/1642/2262
vt 0.1463370 0.9846670
f 1309/1625/1309 2254/1624/2254 2264/1643/2264
vt 0.8557610 0.7649030
f 1576/1626/1576 1307/1628/1307 3187/1644/3187
vt 0.8242210 0.7492040
f 3190/1635/3190 2263/1645/2263 2265/1636/2265
vt 0.0620730 0.4229590
vt 0.0535850 0.4339510
f 3192/1646/3192 3188/1640/3188 3189/1647/3189
f 3188/1640/3188 2262/1642/2262 3189/1647/3189
vt 0.1373290 0.9956100
f 2267/1648/2267 2264/1643/2264 2254/1624/2254
vt 0.8580880 0.7603210
f 3191/1649/3191 1576/1626/1576 3187/1644/3187
vt 0.4160850 0.6851740
f 2266/1638/2266 2261/1650/2261 2196/1639/2196
vt 0.4060940 0.6993040
vt 0.4071530 0.7035850
vt 0.3960200 0.6918090
f 2198/1651/2198 4190/1652/4190 2188/1653/2188
vt 0.5987050 0.7543720
vt 0.5969880 0.7636630
f 4191/1654/4191 4188/1594/4188 4300/1655/4300
vt 0.1181510 0.9853860
vt 0.1114250 0.9871280
vt 0.1183920 0.9931330
f 2259/1656/2259 2197/1657/2197 2195/1658/2195
vt 0.4149850 0.7276630
f 2198/1651/2198 2205/1659/2205 4190/1652/4190
vt 0.4615810 0.1320550
vt 0.4380410 0.1305270
vt 0.4374280 0.1323940
f 4192/1660/4192 2203/1661/2203 4187/1662/4187
vt 0.1068640 0.9627850
f 2259/1656/2259 2288/1663/2288 2197/1657/2197
vt 0.1283850 0.9923950
f 2267/1648/2267 2254/1624/2254 2260/1664/2260
vt 0.1309710 0.9737590
vt 0.1225060 0.9784410
f 2254/1624/2254 2253/1665/2253 2258/1666/2258
f 2260/1664/2260 2254/1624/2254 2258/1666/2258
vt 0.1203070 0.9609110
f 2258/1666/2258 2282/1667/2282 2288/1663/2288
f 2258/1666/2258 2288/1663/2288 2259/1656/2259
vt 0.6045250 0.7759360
f 4188/1594/4188 5203/1668/5203 4300/1655/4300
vt 0.4170620 0.7283080
f 2287/1669/2287 2205/1659/2205 2198/1651/2198
f 2253/1665/2253 2282/1667/2282 2258/1666/2258
f 2252/1600/2252 2282/1667/2282 2253/1665/2253
f 2254/1624/2254 2251/1596/2251 2253/1665/2253
f 2251/1596/2251 2252/1600/2252 2253/1665/2253
f 5203/1668/5203 4188/1594/4188 4508/1593/4508
vt 0.6588320 0.5677390
vt 0.6716980 0.5759210
vt 0.6742100 0.5668840
f 4302/1670/4302 5204/1671/5204 4506/1672/4506
f 5204/1671/5204 4507/1591/4507 4506/1672/4506
vt 0.4068500 0.6928390
f 2188/1653/2188 2196/1639/2196 2194/1673/2194
f 2260/1664/2260 2258/1666/2258 2259/1656/2259
f 2196/1639/2196 2261/1650/2261 2194/1673/2194
f 2260/1664/2260 2259/1656/2259 2195/1658/2195
f 3228/1590/3228 4506/1672/4506 4507/1591/4507
vt 0.4154720 0.8519970
f 2205/1659/2205 2287/1669/2287 2275/1674/2275
vt 0.0760150 0.9394620
f 2288/1663/2288 2282/1667/2282 2277/1675/2277
vt 0.0415100 0.8932510
f 2282/1667/2282 2283/1622/2283 2281/1676/2281
vt 0.0364040 0.9166350
f 2282/1667/2282 2281/1676/2281 2276/1677/2276
vt 0.3973710 0.7137080
f 1611/1678/1611 2248/1585/2248 2284/1584/2284
vt 0.0666440 0.3958960
f 3824/1679/3824 3021/1607/3021 1604/1609/1604
vt 0.6842750 0.1054260
vt 0.6771320 0.1206960
vt 0.6933800 0.1108200
f 1605/1680/1605 1617/1681/1617 1603/1682/1603
vt 0.6983350 0.0915040
vt 0.7017780 0.1033150
f 1610/1683/1610 1605/1680/1605 1608/1684/1608
vt 0.0681070 0.3985290
f 2285/1685/2285 3021/1607/3021 3824/1679/3824
vt 0.6567680 0.4364690
vt 0.6545740 0.4515230
vt 0.6551370 0.4357320
f 3823/1686/3823 1606/1687/1606 1609/1688/1609
vt 0.4003460 0.7150460
f 3822/1689/3822 1611/1678/1611 2284/1584/2284
f 2283/1622/2283 2282/1667/2282 2252/1600/2252
vt 0.5940510 0.7488530
f 4379/1690/4379 4191/1654/4191 4300/1655/4300
vt 0.8448880 0.7526000
vt 0.8443900 0.7393920
vt 0.8464070 0.7496720
f 2189/1691/2189 4193/1692/4193 4377/1693/4377
vt 0.4217980 0.4172560
vt 0.5000290 0.4402850
vt 0.4697620 0.4229470
f 6207/1694/6207 4957/1695/4957 6206/1696/6206
vt 0.7053950 0.6820700
vt 0.7073550 0.6193370
vt 0.7121310 0.6732810
f 2318/1697/2318 2322/1698/2322 6205/1699/6205
vt 0.6959670 0.6463250
f 2318/1697/2318 2317/1700/2317 2322/1698/2322
vt 0.4219170 0.4104580
f 6207/1694/6207 6206/1696/6206 2323/1701/2323
vt 0.2764150 0.0554090
vt 0.2793670 0.0648060
vt 0.2877910 0.0487020
f 4501/1702/4501 4378/1703/4378 4301/1704/4301
vt 0.6632740 0.5598420
f 4302/1670/4302 4506/1672/4506 4500/1705/4500
vt 0.6491140 0.5591200
f 4302/1670/4302 4500/1705/4500 4503/1706/4503
vt 0.2664540 0.0595900
f 4378/1703/4378 4501/1702/4501 5253/1707/5253
vt 0.3441000 0.6211750
vt 0.3454650 0.6144150
vt 0.3374600 0.6143230
f 5254/1708/5254 4502/1709/4502 5274/1710/5274
vt 0.3335880 0.6239250
f 5254/1708/5254 5274/1710/5274 5255/1711/5255
vt 0.3393550 0.6037380
f 5274/1710/5274 4502/1709/4502 4499/1712/4499
vt 0.8448600 0.7648720
f 5197/1713/5197 2189/1691/2189 4377/1693/4377
vt 0.2595620 0.0684930
f 5195/1714/5195 4378/1703/4378 5253/1707/5253
vt 0.8433050 0.7667570
f 2212/1715/2212 2189/1691/2189 5197/1713/5197
vt 0.5403350 0.8204120
vt 0.5419050 0.8178560
vt 0.5406300 0.8306770
f 2211/1716/2211 5196/1717/5196 5150/1718/5150
vt 0.2525010 0.0584280
vt 0.2436480 0.0664100
f 5195/1714/5195 4685/1719/4685 5151/1720/5151
f 5195/1714/5195 5253/1707/5253 4685/1719/4685
f 2186/1637/2186 2196/1639/2196 2188/1653/2188
f 2188/1653/2188 2194/1673/2194 2198/1651/2198
vt 0.3939870 0.6734970
f 2182/1721/2182 2186/1637/2186 2188/1653/2188
vt 0.5962930 0.8891610
f 4188/1594/4188 5201/1722/5201 3632/1595/3632
vt 0.4160320 0.8949120
vt 0.4132370 0.8912010
f 2275/1674/2275 2273/1723/2273 2206/1724/2206
vt 0.7896620 0.5562620
f 3228/1590/3228 3631/1592/3631 3628/1725/3628
vt 0.9950360 0.7183830
vt 0.9970510 0.6152660
vt 0.9970940 0.7181780
f 3624/1726/3624 3227/1727/3227 3629/1728/3629
vt 0.5011000 0.4472240
f 6207/1694/6207 3623/1729/3623 4957/1695/4957
vt 0.0407480 0.1460970
vt 0.0403140 0.1561340
vt 0.0633130 0.1561200
f 2274/1730/2274 5342/1731/5342 5328/1732/5328
vt 0.0107280 0.8981870
vt 0.0157130 0.8869990
f 2272/1733/2272 2276/1677/2276 5341/1734/5341
f 2205/1659/2205 2275/1674/2275 2206/1724/2206
vt 0.9079150 0.3746080
vt 0.9106670 0.3545860
vt 0.9091080 0.4086230
f 5202/1735/5202 2204/1736/2204 2207/1737/2207
vt 0.9092270 0.3468860
f 4189/1738/4189 2204/1736/2204 5202/1735/5202
vt 0.5575100 0.1148390
vt 0.5868500 0.1187740
vt 0.5573440 0.1126170
f 3630/1739/3630 3625/1740/3625 3627/1741/3627
vt 0.5607590 0.1113480
f 3622/1742/3622 3627/1741/3627 3625/1740/3625
vt 0.4243730 0.9361620
vt 0.4215600 0.9359870
f 5327/1743/5327 5143/1744/5143 2206/1724/2206
vt 0.6119140 0.9185660
vt 0.5983450 0.8897200
vt 0.6142060 0.9172770
f 6044/1745/6044 2208/1746/2208 5145/1747/5145
f 2273/1723/2273 5327/1743/5327 2206/1724/2206
f 6044/1745/6044 5201/1722/5201 2208/1746/2208
vt 0.5866890 0.1210150
f 3633/1748/3633 3625/1740/3625 3630/1739/3630
f 2276/1677/2276 2281/1676/2281 5341/1734/5341
vt 0.3370340 0.5968530
vt 0.3375320 0.6043330
f 4499/1712/4499 4505/1749/4505 5276/1750/5276
vt 0.3355990 0.6094160
vt 0.3358580 0.5971310
f 4162/1751/4162 5276/1750/5276 3231/1752/3231
f 4499/1712/4499 5276/1750/5276 5274/1710/5274
f 1603/1682/1603 1608/1684/1608 1605/1680/1605
vt 0.3786200 0.6707620
vt 0.3806600 0.6867570
f 3215/1753/3215 2182/1721/2182 2209/1754/2209
f 2182/1721/2182 2188/1653/2188 2209/1754/2209
vt 0.3662460 0.6857880
f 3215/1753/3215 2209/1754/2209 2184/1755/2184
vt 0.1793280 0.0280060
vt 0.1868830 0.0245090
vt 0.1802110 0.0205390
f 4811/1756/4811 4956/1757/4956 3621/1758/3621
vt 0.5011600 0.4357800
f 6206/1696/6206 4957/1695/4957 6189/1759/6189
vt 0.0277350 0.7080600
vt 0.0232390 0.7039640
vt 0.0200950 0.7041740
f 2314/1760/2314 4160/1761/4160 2324/1762/2324
vt 0.6747890 0.5648140
f 3230/1763/3230 4506/1672/4506 3228/1590/3228
vt 0.9951000 0.6155000
vt 0.9967190 0.6066510
f 3227/1727/3227 6209/1764/6209 3233/1765/3233
vt 0.6414580 0.0856100
vt 0.6399180 0.0894310
vt 0.6414580 0.0936540
f 5275/1766/5275 4504/1767/4504 3232/1768/3232
vt 0.4123600 0.4017930
vt 0.4161190 0.4122310
f 4161/1769/4161 3229/1770/3229 6207/1694/6207
vt 0.0121470 0.6983950
f 6208/1771/6208 2324/1762/2324 4160/1761/4160
f 6209/1764/6209 3227/1727/3227 3624/1726/3624
vt 0.9588670 0.5827440
vt 0.9604230 0.5791280
vt 0.9572880 0.5791280
f 6190/1772/6190 4954/1773/4954 4760/1774/4760
vt 0.0622140 0.2781870
vt 0.0712750 0.2654330
vt 0.0639450 0.2696170
f 3526/1775/3526 4285/1776/4285 4287/1777/4287
vt 0.0789870 0.2768690
f 3526/1775/3526 2432/1778/2432 4285/1776/4285
vt 0.0315250 0.5372930
vt 0.0263130 0.5369300
vt 0.0238660 0.5312780
f 3200/1779/3200 2433/1780/2433 3525/1781/3525
vt 0.0823110 0.2624780
f 4285/1776/4285 2432/1778/2432 4282/1782/4282
vt 0.4974080 0.9780030
vt 0.4849070 0.9675820
vt 0.4863160 0.9775350
f 4283/1783/4283 4284/1784/4284 4286/1785/4286
vt 0.5545820 0.9884780
vt 0.5058580 0.9747720
f 4283/1783/4283 3528/1786/3528 4279/1787/4279
vt 0.1319970 0.2654430
f 2432/1778/2432 3527/1788/3527 4282/1782/4282
vt 0.1376760 0.2808150
f 3524/1789/3524 3527/1788/3527 2432/1778/2432
vt 0.5956160 0.9930450
f 3521/1790/3521 4279/1787/4279 3528/1786/3528
vt 0.1703440 0.5655780
vt 0.1409620 0.5427820
vt 0.1572380 0.5637690
f 1825/1791/1825 1324/1792/1324 2882/1793/2882
vt 0.9254990 0.3545460
vt 0.9254410 0.3854180
vt 0.9230240 0.3528020
f 1328/1794/1328 3757/1795/3757 3880/1796/3880
vt 0.2453060 0.1732730
vt 0.2608020 0.1712440
vt 0.2605980 0.1743690
f 1329/1797/1329 2818/1798/2818 2816/1799/2816
vt 0.1919420 0.5837300
vt 0.2042010 0.6050460
f 3759/1800/3759 1825/1791/1825 2885/1801/2885
vt 0.6212860 0.4331010
vt 0.6168020 0.4713050
vt 0.6079000 0.4605300
f 3758/1802/3758 1330/1803/1330 2817/1804/2817
vt 0.8204050 0.8203840
vt 0.8215660 0.8710410
vt 0.8187740 0.8497440
f 2814/1805/2814 2819/1806/2819 4281/1807/4281
vt 0.6722810 0.0731370
vt 0.6018740 0.0702240
vt 0.6014010 0.0729390
f 2813/1808/2813 2815/1809/2815 2820/1810/2820
vt 0.6186820 0.3833110
f 2812/1811/2812 3758/1802/3758 2817/1804/2817
vt 0.1830040 0.2822830
f 3524/1789/3524 3519/1812/3519 3527/1788/3527
vt 0.6249050 0.4092210
f 2812/1811/2812 1824/1813/1824 3758/1802/3758
vt 0.5727910 0.9825930
f 3521/1790/3521 2811/1814/2811 4279/1787/4279
vt 0.6292650 0.3872700
f 2812/1811/2812 1323/1815/1323 1824/1813/1824
vt 0.7407070 0.0711380
vt 0.7417710 0.0699540
f 2831/1816/2831 1327/1817/1327 2813/1808/2813
vt 0.9875080 0.0402610
vt 0.9897130 0.0405220
vt 0.9933390 0.0676610
f 3539/1818/3539 2829/1819/2829 2810/1820/2810
vt 0.6296940 0.3358510
vt 0.6399590 0.3387660
f 2812/1811/2812 1326/1821/1326 4694/1822/4694
f 4694/1822/4694 1323/1815/1323 2812/1811/2812
vt 0.0660840 0.2141830
vt 0.0108570 0.2053640
vt 0.0080700 0.2077830
f 3523/1823/3523 2434/1824/2434 3199/1825/3199
vt 0.0560290 0.2157120
vt 0.1162300 0.2231660
f 2430/1826/2430 2424/1827/2424 3523/1823/3523
vt 0.6364610 0.9852080
f 3521/1790/3521 3538/1828/3538 2811/1814/2811
vt 0.1816540 0.2665660
f 3527/1788/3527 3519/1812/3519 3522/1829/3522
vt 0.0219440 0.3691590
vt 0.0247670 0.3605390
vt 0.0282150 0.3716510
f 2270/1830/2270 1322/1831/1322 3000/1832/3000
vt 0.6923190 0.8384680
vt 0.6814820 0.8320550
f 1292/1621/1292 1279/1833/1279 1283/1834/1283
vt 0.6890680 0.8188320
f 1292/1621/1292 1283/1834/1283 1305/1835/1305
vt 0.6819270 0.8140550
vt 0.6783230 0.8231010
f 2269/1836/2269 1305/1835/1305 1302/1837/1302
f 1305/1835/1305 1283/1834/1283 1302/1837/1302
vt 0.6725960 0.8152890
f 2269/1836/2269 1302/1837/1302 1321/1838/1321
f 2290/1610/2290 1322/1831/1322 2998/1611/2998
f 3000/1832/3000 1322/1831/1322 2290/1610/2290
vt 0.0247390 0.3510360
f 2998/1611/2998 1322/1831/1322 2992/1839/2992
vt 0.0854380 0.4601320
vt 0.0817030 0.4808740
vt 0.0913140 0.4675540
f 3011/1840/3011 1384/1841/1384 1372/1842/1372
vt 0.0737220 0.4682840
f 3011/1840/3011 3714/1843/3714 1384/1841/1384
vt 0.0659760 0.4899910
f 3719/1844/3719 1384/1841/1384 3714/1843/3714
vt 0.7524520 0.8160350
vt 0.7521070 0.7880950
vt 0.7618390 0.8081550
f 3720/1845/3720 3715/1846/3715 3716/1847/3716
vt 0.7506630 0.8206160
vt 0.7548120 0.8295880
f 1390/1848/1390 3720/1845/3720 3717/1849/3717
vt 0.6956080 0.8621750
vt 0.6662810 0.8394150
f 1279/1833/1279 1320/1850/1320 1295/1851/1295
f 1283/1834/1283 1279/1833/1279 1295/1851/1295
vt 0.6486260 0.8427890
f 1295/1851/1295 1320/1850/1320 1278/1852/1278
vt 0.6415720 0.8629700
f 1320/1850/1320 1277/1853/1277 1278/1852/1278
vt 0.6503650 0.8333590
f 1295/1851/1295 1278/1852/1278 1291/1854/1291
vt 0.0024180 0.3523140
vt 0.0039490 0.3367240
vt 0.0112990 0.3511900
f 1296/1855/1296 1290/1856/1290 2995/1857/2995
vt 0.6656530 0.8245960
f 1283/1834/1283 1295/1851/1295 2994/1858/2994
f 1283/1834/1283 2994/1858/2994 1302/1837/1302
vt 0.6287260 0.8653460
f 1278/1852/1278 1277/1853/1277 1287/1859/1287
vt 0.0806250 0.2207370
vt 0.1201940 0.2260780
f 2427/1860/2427 3733/1861/3733 2424/1827/2424
vt 0.0327710 0.3391760
vt 0.0274040 0.3298700
vt 0.0368610 0.3285590
f 3019/1862/3019 3006/1863/3006 4158/1864/4158
vt 0.0440920 0.3198000
f 4158/1864/4158 3006/1863/3006 1378/1865/1378
vt 0.0236320 0.3196670
f 3008/1866/3008 1378/1865/1378 3006/1863/3006
vt 0.0266970 0.3409560
f 2991/1867/2991 3006/1863/3006 3019/1862/3019
vt 0.0177530 0.3357630
f 3008/1866/3008 3006/1863/3006 2993/1868/2993
f 2991/1867/2991 2993/1868/2993 3006/1863/3006
f 2993/1868/2993 2995/1857/2995 1290/1856/1290
vt 0.0103730 0.3245330
f 2993/1868/2993 1290/1856/1290 3722/1869/3722
f 2993/1868/2993 3722/1869/3722 3008/1866/3008
vt 0.7366420 0.7425510
vt 0.7493220 0.7475340
vt 0.7410850 0.7531490
f 1289/1870/1289 3732/1871/3732 3721/1872/3721
vt 0.7555470 0.7661800
vt 0.7480490 0.7683880
f 3732/1871/3732 3730/1873/3730 3712/1874/3712
vt 0.7386110 0.7645480
f 3721/1872/3721 3712/1874/3712 3007/1875/3007
vt 0.0200410 0.3109230
vt 0.0254960 0.3087970
f 3008/1866/3008 3713/1876/3713 3012/1877/3012
vt 0.7451300 0.7734580
f 3010/1878/3010 3712/1874/3712 3715/1846/3715
f 3712/1874/3712 3721/1872/3721 3732/1871/3732
vt 0.6327640 0.8375290
f 1291/1854/1291 1278/1852/1278 3731/1879/3731
vt 0.7568350 0.7182830
vt 0.7658700 0.7051760
f 3732/1871/3732 1288/1880/1288 3735/1881/3735
f 1278/1852/1278 1287/1859/1287 3731/1879/3731
f 3716/1847/3716 3715/1846/3715 3712/1874/3712
f 3199/1825/3199 2430/1826/2430 3523/1823/3523
vt 0.7683040 0.7477450
vt 0.7689550 0.7941000
f 3730/1873/3730 2426/1882/2426 2431/1883/2431
f 3716/1847/3716 3730/1873/3730 2431/1883/2431
f 3730/1873/3730 3732/1871/3732 2426/1882/2426
f 3730/1873/3730 3716/1847/3716 3712/1874/3712
f 2430/1826/2430 2427/1860/2427 2424/1827/2424
f 3735/1881/3735 2426/1882/2426 3732/1871/3732
f 2992/1839/2992 1322/1831/1322 2995/1857/2995
vt 0.0323420 0.3504980
f 3016/1884/3016 2991/1867/2991 3019/1862/3019
f 2995/1857/2995 2993/1868/2993 2992/1839/2992
f 2992/1839/2992 2993/1868/2993 2991/1867/2991
f 2992/1839/2992 2991/1867/2991 3016/1884/3016
f 1321/1838/1321 1302/1837/1302 2994/1858/2994
vt 0.8860030 0.8912720
vt 0.8914380 0.9084040
vt 0.8800540 0.9055180
f 6210/1885/6210 3018/1886/3018 4159/1887/4159
vt 0.8742370 0.8895300
f 6210/1885/6210 4159/1887/4159 6225/1888/6225
vt 0.8701860 0.9016270
f 6225/1888/6225 4159/1887/4159 3002/1889/3002
vt 0.0428180 0.3224020
f 4158/1864/4158 1378/1865/1378 3001/1890/3001
vt 0.0928010 0.4580000
f 3009/1891/3009 3011/1840/3011 1372/1842/1372
vt 0.1055490 0.4647820
f 1377/1892/1377 3009/1891/3009 1372/1842/1372
vt 0.0570210 0.3140770
f 3001/1890/3001 1378/1865/1378 3003/1893/3003
f 2998/1611/2998 2992/1839/2992 3016/1884/3016
vt 0.8707490 0.3157580
vt 0.8680990 0.3138280
vt 0.8611150 0.3149290
f 3916/1894/3916 3218/1895/3218 3728/1896/3728
vt 0.7666340 0.8323560
vt 0.7546330 0.8415580
f 3717/1849/3717 3729/1897/3729 3724/1898/3724
f 3717/1849/3717 3720/1845/3720 3716/1847/3716
vt 0.7691790 0.8218840
f 3716/1847/3716 2431/1883/2431 3915/1899/3915
f 3717/1849/3717 3716/1847/3716 3915/1899/3915
vt 0.0301650 0.5319130
vt 0.0563730 0.5650420
f 3220/1900/3220 2428/1901/2428 3200/1779/3200
vt 0.8952710 0.3150650
f 2429/1902/2429 3218/1895/3218 3916/1894/3916
f 3717/1849/3717 3915/1899/3915 3729/1897/3729
vt 0.8772490 0.3967020
vt 0.8890970 0.3524760
vt 0.8973100 0.3497800
f 4572/1903/4572 3386/1904/3386 3382/1905/3382
vt 0.8819880 0.4086610
f 3375/1906/3375 4572/1903/4572 3382/1905/3382
vt 0.8809390 0.4170830
f 3375/1906/3375 3378/1907/3378 4572/1903/4572
vt 0.7179350 0.0036290
vt 0.6984860 0.0094730
vt 0.7301000 0.0125140
f 3841/1908/3841 2007/1909/2007 2003/1910/2003
vt 0.7291800 0.0227330
vt 0.7382400 0.0231870
vt 0.7384980 0.0209310
f 3846/1911/3846 6030/1912/6030 2005/1913/2005
vt 0.3603310 0.8260700
vt 0.3613580 0.8331570
vt 0.3589670 0.8324590
f 3845/1914/3845 2006/1915/2006 2008/1916/2008
vt 0.6950200 0.0034130
f 3841/1908/3841 3844/1917/3844 2007/1909/2007
vt 0.5230110 0.9135630
vt 0.5214050 0.9145680
vt 0.5181710 0.8943690
f 3245/1918/3245 3843/1919/3843 3840/1920/3840
vt 0.6899010 0.0216370
vt 0.7293600 0.0251360
f 3579/1921/3579 2396/1922/2396 3846/1911/3846
vt 0.9692130 0.2341190
vt 0.9537530 0.2310720
vt 0.9695760 0.1899390
f 5444/1923/5444 5443/1924/5443 5449/1925/5449
vt 0.9593190 0.1896970
vt 0.9366540 0.1923160
vt 0.9580720 0.1871600
f 5450/1926/5450 5448/1927/5448 3240/1928/3240
vt 0.4221690 0.8949530
vt 0.4234580 0.8733390
vt 0.4246830 0.8725390
f 3241/1929/3241 5447/1930/5447 3242/1931/3242
vt 0.9363890 0.2316950
vt 0.9337920 0.1949740
f 5448/1927/5448 5451/1932/5451 3243/1933/3243
vt 0.9394120 0.2291120
vt 0.9399160 0.1954350
f 5445/1934/5445 5451/1932/5451 5442/1935/5442
f 5451/1932/5451 5448/1927/5448 5442/1935/5442
f 5443/1924/5443 5442/1935/5442 5449/1925/5449
f 5449/1925/5449 5442/1935/5442 5448/1927/5448
f 5449/1925/5449 5448/1927/5448 5450/1926/5450
f 5449/1925/5449 5450/1926/5450 3240/1928/3240
f 5442/1935/5442 5443/1924/5443 5445/1934/5445
vt 0.9601760 0.2349560
f 5446/1936/5446 5451/1932/5451 5445/1934/5445
f 5446/1936/5446 5445/1934/5445 5443/1924/5443
vt 0.2970650 0.2448040
vt 0.3019870 0.2384610
vt 0.2778150 0.2391280
f 2481/1937/2481 3578/1938/3578 3573/1939/3573
vt 0.2637110 0.2483040
f 3755/1940/3755 2481/1937/2481 3573/1939/3573
vt 0.6560040 0.0053460
vt 0.6212330 0.0030920
vt 0.6195100 0.0052690
f 2480/1941/2480 2446/1942/2446 2482/1943/2482
vt 0.6543220 0.0088880
f 2482/1943/2482 3756/1944/3756 2480/1941/2480
vt 0.6768420 0.0215150
vt 0.6862790 0.0248220
vt 0.6867660 0.0232570
f 3664/1945/3664 2398/1946/2398 5476/1947/5476
vt 0.3248430 0.2700490
vt 0.3274350 0.2725540
vt 0.3316170 0.2702550
f 2448/1948/2448 3663/1949/3663 5475/1950/5475
vt 0.9349100 0.2328590
vt 0.9511470 0.2353410
f 5454/1951/5454 5451/1932/5451 3571/1952/3571
vt 0.9792010 0.5831820
vt 0.9781190 0.5674860
vt 0.9807390 0.5652530
f 3570/1953/3570 3577/1954/3577 5453/1955/5453
vt 0.9764760 0.5852380
f 3572/1956/3572 3577/1954/3577 3570/1953/3570
vt 0.6157240 0.0029380
vt 0.6101100 0.0050410
f 5474/1957/5474 3580/1958/3580 2482/1943/2482
f 2482/1943/2482 2446/1942/2446 5474/1957/5474
f 5446/1936/5446 3571/1952/3571 5451/1932/5451
f 3579/1921/3579 2398/1946/2398 2396/1922/2396
vt 0.7441120 0.7948900
vt 0.7463740 0.7907730
vt 0.7447790 0.8250230
f 5452/1959/5452 3576/1960/3576 3842/1961/3842
vt 0.7434490 0.8238180
f 5452/1959/5452 3842/1961/3842 3244/1962/3244
f 5451/1932/5451 5454/1951/5454 3243/1933/3243
f 3579/1921/3579 5476/1947/5476 2398/1946/2398
vt 0.9750380 0.2410950
f 5439/1963/5439 5446/1936/5446 5444/1923/5444
vt 0.9760380 0.1837190
f 5449/1925/5449 3240/1928/3240 5438/1964/5438
f 3571/1952/3571 5446/1936/5446 5439/1963/5439
vt 0.9802370 0.6037020
f 3572/1956/3572 3570/1953/3570 5441/1965/5441
f 5446/1936/5446 5443/1924/5443 5444/1923/5444
f 3846/1911/3846 2396/1922/2396 6030/1912/6030
vt 0.6377230 0.4343950
vt 0.6375900 0.3868040
vt 0.6403120 0.4085070
f 2397/1966/2397 2399/1967/2399 2598/1968/2598
vt 0.1185510 0.6009920
vt 0.0911040 0.5975540
vt 0.1168610 0.6017800
f 5874/1969/5874 3656/1970/3656 2537/1971/2537
vt 0.3886480 0.2129500
vt 0.3857040 0.2134160
vt 0.3865500 0.1963620
f 5618/1972/5618 3389/1973/3389 4639/1974/4639
vt 0.6470820 0.4012430
vt 0.6487930 0.3789010
vt 0.6494660 0.3937070
f 4571/1975/4571 3390/1976/3390 2453/1977/2453
vt 0.2334850 0.2507020
vt 0.2382710 0.2379660
vt 0.2356350 0.2374070
f 3391/1978/3391 3574/1979/3574 2455/1980/2455
vt 0.6830210 0.0029680
vt 0.6830790 0.0067660
f 3655/1981/3655 2480/1941/2480 3392/1982/3392
f 3392/1982/3392 2480/1941/2480 3756/1944/3756
vt 0.6504070 0.3767410
vt 0.6524410 0.3779610
f 3390/1976/3390 5619/1983/5619 3654/1984/3654
vt 0.9885210 0.2352860
vt 0.9803960 0.2407300
vt 0.9814040 0.1844700
f 5430/1985/5430 5434/1986/5434 3310/1987/3310
vt 0.9897900 0.1897150
f 5430/1985/5430 3310/1987/3310 5432/1988/5432
vt 0.9943020 0.2371790
f 5434/1986/5434 5430/1985/5430 5435/1989/5435
vt 0.9931710 0.2355360
f 5435/1989/5435 5430/1985/5430 5428/1990/5428
vt 0.6513250 0.4608000
vt 0.6487200 0.4488540
f 4571/1975/4571 3234/1991/3234 3387/1992/3387
vt 0.5560960 0.2664280
vt 0.4900270 0.2671120
vt 0.4887560 0.2642590
f 2458/1993/2458 3308/1994/3308 3235/1995/3235
vt 0.5574710 0.2641740
f 2458/1993/2458 3235/1995/3235 2454/1996/2454
f 4571/1975/4571 2453/1977/2453 3234/1991/3234
vt 0.9983660 0.2443780
vt 0.9957520 0.1883030
vt 0.9990720 0.1820350
f 2459/1997/2459 5431/1998/5431 3309/1999/3309
f 5435/1989/5435 5431/1998/5431 2459/1997/2459
f 2459/1997/2459 5434/1986/5434 5435/1989/5435
vt 0.2873980 0.0773400
vt 0.2938770 0.0738260
vt 0.2656700 0.0730240
f 2445/2000/2445 2479/2001/2479 3653/2002/3653
f 3391/1978/3391 3755/1940/3755 3574/1979/3574
vt 0.9791580 0.6236660
vt 0.9807990 0.6257700
f 3575/2003/3575 5441/1965/5441 2456/2004/2456
vt 0.4389650 0.3107460
vt 0.4466550 0.3112720
vt 0.4514710 0.3081340
f 5433/2005/5433 2460/2006/2460 2457/2007/2457
vt 0.3296540 0.0752680
vt 0.3269660 0.0734200
f 2479/2001/2479 3662/2008/3662 2447/2009/2447
vt 0.3107660 0.0779590
f 3662/2008/3662 2479/2001/2479 3660/2010/3660
f 2445/2000/2445 3660/2010/3660 2479/2001/2479
f 3310/1987/3310 5439/1963/5439 5438/1964/5438
f 5439/1963/5439 3310/1987/3310 5434/1986/5434
f 5444/1923/5444 5449/1925/5449 5438/1964/5438
f 3575/2003/3575 3572/1956/3572 5441/1965/5441
f 3574/1979/3574 3755/1940/3755 3573/1939/3573
vt 0.4371950 0.3070050
f 5440/2011/5440 5433/2005/5433 2457/2007/2457
f 5439/1963/5439 5444/1923/5444 5438/1964/5438
vt 0.6529460 0.3507660
f 3654/1984/3654 5619/1983/5619 2539/2012/2539
vt 0.1211180 0.5731930
f 5874/1969/5874 3658/2013/3658 3656/1970/3656
vt 0.0865420 0.5768600
f 3658/2013/3658 2444/2014/2444 3656/1970/3656
vt 0.0814400 0.5528310
f 3658/2013/3658 3659/2015/3659 2444/2014/2444
vt 0.5210080 0.8968660
vt 0.5219610 0.8750400
f 3239/2016/3239 3840/1920/3840 5436/2017/5436
f 3239/2016/3239 3245/1918/3245 3840/1920/3840
vt 0.5197930 0.8553140
f 5436/2017/5436 3840/1920/3840 3839/2018/3839
vt 0.5515630 0.0759350
vt 0.5484480 0.0717840
vt 0.5444530 0.0728000
f 4642/2019/4642 3403/2020/3403 3396/2021/3396
vt 0.9148170 0.5533040
vt 0.9154100 0.5576660
vt 0.9118620 0.5600920
f 3395/2022/3395 3398/2023/3398 4641/2024/4641
vt 0.3872120 0.1670900
vt 0.4063060 0.1863020
vt 0.3872030 0.1942680
f 1581/2025/1581 5623/2026/5623 4640/2027/4640
vt 0.8584660 0.9286750
vt 0.8561570 0.9314620
vt 0.8386800 0.9115180
f 4638/2028/4638 3397/2029/3397 1318/2030/1318
vt 0.8426960 0.9069050
f 4638/2028/4638 1318/2030/1318 1579/2031/1579
vt 0.8705970 0.4194250
vt 0.8833290 0.4261480
f 3388/2032/3388 3378/1907/3378 3404/2033/3404
vt 0.3831380 0.1995830
f 4639/1974/4639 3389/1973/3389 3405/2034/3405
f 3388/2032/3388 4572/1903/4572 3378/1907/3378
vt 0.8846170 0.4222470
f 3404/2033/3404 3378/1907/3378 3394/2035/3394
vt 0.0017210 0.8112540
vt 0.0245910 0.8691000
vt 0.0368590 0.7401780
f 4339/2036/4339 4334/2037/4334 4323/2038/4323
vt 0.0123310 0.8681870
vt 0.0054730 0.8337970
f 4355/2039/4355 4339/2036/4339 4325/2040/4325
vt 0.2258650 0.7389700
vt 0.2241300 0.7335850
vt 0.1489300 0.7284640
f 4324/2041/4324 4342/2042/4342 4353/2043/4353
vt 0.2185790 0.7506060
f 4353/2043/4353 1271/2044/1271 4324/2041/4324
vt 0.9679790 0.0342770
vt 0.9823480 0.0326690
vt 0.9813690 0.0194740
f 5929/2045/5929 5325/2046/5325 4341/2047/4341
vt 0.9408650 0.3581120
vt 0.9446660 0.3608840
vt 0.9435110 0.3691210
f 2734/2048/2734 2724/2049/2724 2728/2050/2728
vt 0.9385660 0.3612100
f 2722/2051/2722 2734/2048/2734 2728/2050/2728
vt 0.9041640 0.3642510
vt 0.9001030 0.3647640
vt 0.9004880 0.3546880
f 2723/2052/2723 3581/2053/3581 3282/2054/3282
vt 0.2351330 0.7386150
vt 0.2351740 0.7341980
f 4348/2055/4348 2721/2056/2721 4342/2042/4342
vt 0.9049860 0.3542970
f 2727/2057/2727 2723/2052/2723 3282/2054/3282
vt 0.0457910 0.3525270
vt 0.0410440 0.3416660
vt 0.0457160 0.3412300
f 3582/2058/3582 2726/2059/2726 3283/2060/3283
vt 0.9416440 0.3761470
f 2722/2051/2722 2728/2050/2728 4340/2061/4340
f 4348/2055/4348 4342/2042/4342 4324/2041/4324
vt 0.0409900 0.3534120
f 2731/2062/2731 2726/2059/2726 3582/2058/3582
vt 0.9510920 0.3655170
f 2728/2050/2728 5323/2063/5323 4340/2061/4340
vt 0.9674650 0.0201370
f 5929/2045/5929 4341/2047/4341 5322/2064/5322
vt 0.4076670 0.9977650
vt 0.3056470 0.9967320
vt 0.3071690 0.9980800
f 1597/2065/1597 1269/2066/1269 1600/2067/1600
vt 0.0229350 0.7340460
vt 0.0527040 0.7240030
vt 0.0243930 0.7225250
f 4327/2068/4327 5906/2069/5906 4366/2070/4366
vt 0.6660020 0.5141060
vt 0.6649690 0.5072630
vt 0.6669370 0.5094600
f 4329/2071/4329 4363/2072/4363 2694/2073/2694
vt 0.6804430 0.5091530
f 4329/2071/4329 2694/2073/2694 3788/2074/3788
vt 0.4994190 0.9311900
vt 0.4949570 0.9371050
vt 0.4900590 0.9401500
f 4328/2075/4328 3063/2076/3063 3303/2077/3303
vt 0.5501130 0.6288550
vt 0.5327950 0.5663380
vt 0.5442020 0.5873120
f 5995/2078/5995 5907/2079/5907 5912/2080/5912
vt 0.5428190 0.6984820
f 5903/2081/5903 5907/2079/5907 5995/2078/5995
vt 0.5545190 0.6289460
f 5903/2081/5903 5995/2078/5995 1272/2082/1272
vt 0.5818010 0.0409020
vt 0.6195140 0.0401380
vt 0.5113180 0.0405260
f 5927/2083/5927 5908/2084/5908 5904/2085/5904
vt 0.5331480 0.5394680
vt 0.5359850 0.5621790
f 5907/2079/5907 5324/2086/5324 2808/2087/2808
vt 0.1978910 0.7222030
vt 0.1603740 0.7238790
f 4353/2043/4353 5909/2088/5909 5926/2089/5926
f 4353/2043/4353 4327/2068/4327 4323/2038/4323
f 4353/2043/4353 5926/2089/5926 4327/2068/4327
vt 0.2177230 0.8512550
f 4353/2043/4353 4322/2090/4322 1271/2044/1271
f 4342/2042/4342 5909/2088/5909 4353/2043/4353
vt 0.2222010 0.7219050
f 5326/2091/5326 5909/2088/5909 4342/2042/4342
f 5926/2089/5926 5906/2069/5906 4327/2068/4327
vt 0.4210950 0.3186130
vt 0.4255400 0.3319250
vt 0.4282300 0.3284570
f 2685/2092/2685 5947/2093/5947 2688/2094/2688
vt 0.4276940 0.3134820
vt 0.4172030 0.3180730
f 2692/2095/2692 4364/2096/4364 2685/2092/2685
vt 0.2881100 0.6090210
vt 0.2811560 0.6129700
vt 0.2875440 0.6066510
f 2686/2097/2686 2690/2098/2690 2693/2099/2693
vt 0.4317270 0.3211720
vt 0.4338230 0.3180590
f 2692/2095/2692 2689/2100/2689 3060/2101/3060
vt 0.5730630 0.7359290
vt 0.5581990 0.7275900
vt 0.5523610 0.7001160
f 5946/2102/5946 4365/2103/4365 5902/2104/5902
f 2685/2092/2685 4364/2096/4364 5947/2093/5947
vt 0.5433800 0.5741150
f 5907/2079/5907 5930/2105/5930 5912/2080/5912
vt 0.5458160 0.5816710
f 5912/2080/5912 5930/2105/5930 5918/2106/5918
vt 0.2873100 0.6218200
f 2690/2098/2690 2686/2097/2686 2687/2107/2687
vt 0.2840750 0.6251150
f 2690/2098/2690 2687/2107/2687 5860/2108/5860
vt 0.4416100 0.3315050
vt 0.4332430 0.3319690
f 5846/2109/5846 2689/2100/2689 5861/2110/5861
vt 0.5509910 0.5858000
f 5912/2080/5912 5918/2106/5918 5924/2111/5924
f 4353/2043/4353 4323/2038/4323 4334/2037/4334
vt 0.0129650 0.7351440
vt 0.0015360 0.7821350
f 3299/2112/3299 4346/2113/4346 4339/2036/4339
vt 0.0096570 0.7350070
f 3299/2112/3299 3301/2114/3301 4346/2113/4346
vt 0.4434580 0.4005760
vt 0.4480680 0.4052500
vt 0.4575960 0.4013540
f 2691/2115/2691 3059/2116/3059 3790/2117/3790
vt 0.0971860 0.2043950
vt 0.0938030 0.1986990
vt 0.0938230 0.2028550
f 4952/2118/4952 3061/2119/3061 3064/2120/3064
vt 0.1043960 0.1988260
f 3789/2121/3789 3061/2119/3061 4952/2118/4952
vt 0.4387920 0.3201550
f 3060/2101/3060 2689/2100/2689 5847/2122/5847
f 5847/2122/5847 2689/2100/2689 5846/2109/5846
vt 0.4915810 0.9362510
f 3300/2123/3300 4328/2075/4328 3303/2077/3303
vt 0.4385250 0.3172630
f 3060/2101/3060 5847/2122/5847 3062/2124/3062
vt 0.4926650 0.9391030
f 3303/2077/3303 3063/2076/3063 5848/2125/5848
vt 0.4955710 0.9507820
f 3303/2077/3303 5848/2125/5848 5845/2126/5845
vt 0.4819410 0.3223130
vt 0.4429220 0.3197630
vt 0.4677200 0.3244800
f 4345/2127/4345 3302/2128/3302 5844/2129/5844
f 4323/2038/4323 4327/2068/4327 3299/2112/3299
f 4323/2038/4323 3299/2112/3299 4339/2036/4339
vt 0.6804150 0.5137680
f 4329/2071/4329 3788/2074/3788 4824/2130/4824
vt 0.4988020 0.9449590
f 3063/2076/3063 4328/2075/4328 4825/2131/4825
vt 0.4963040 0.9404400
f 3063/2076/3063 4825/2131/4825 4953/2132/4953
vt 0.1041660 0.2030700
f 3789/2121/3789 4952/2118/4952 4823/2133/4823
vt 0.3188850 0.2899060
vt 0.2992170 0.2867720
vt 0.3076080 0.2956370
f 4579/2134/4579 901/2135/901 3818/2136/3818
vt 0.3105300 0.3057020
f 4585/2137/4585 4579/2134/4579 3818/2136/3818
vt 0.4018540 0.1014370
vt 0.4163850 0.1077070
vt 0.4169950 0.1018960
f 2849/2138/2849 4399/2139/4399 2832/2140/2832
vt 0.4144070 0.1145540
vt 0.4022120 0.1071590
f 4531/2141/4531 4399/2139/4399 4397/2142/4397
vt 0.3990900 0.1354360
vt 0.4107180 0.1366700
f 4397/2142/4397 4408/2143/4408 4402/2144/4402
f 4402/2144/4402 4531/2141/4531 4397/2142/4397
vt 0.3793360 0.1537830
vt 0.3833610 0.1357070
vt 0.3673810 0.1344920
f 3679/2145/3679 3698/2146/3698 4411/2147/4411
vt 0.7891940 0.0469420
vt 0.7904460 0.0301990
vt 0.7909440 0.0314500
f 3697/2148/3697 3678/2149/3678 3785/2150/3785
vt 0.7912780 0.0576560
vt 0.7927120 0.0321650
f 4406/2151/4406 3697/2148/3697 3696/2152/3696
f 3697/2148/3697 3785/2150/3785 3696/2152/3696
vt 0.3956150 0.1491060
vt 0.3850990 0.1235250
vt 0.3845560 0.1491080
f 3783/2153/3783 4405/2154/4405 3695/2155/3695
vt 0.7666720 0.9208810
vt 0.7338240 0.9125650
vt 0.7673170 0.9157740
f 2851/2156/2851 2846/2157/2846 2843/2158/2843
vt 0.7336520 0.9202550
f 2846/2157/2846 2851/2156/2851 2855/2159/2855
vt 0.7338230 0.9265130
f 2855/2159/2855 2851/2156/2851 2852/2160/2852
vt 0.3157690 0.0510910
vt 0.3123820 0.0470270
vt 0.3119700 0.0507730
f 4526/2161/4526 4513/2162/4513 4511/2163/4511
vt 0.3155780 0.0465150
f 4526/2161/4526 4514/2164/4514 4513/2162/4513
vt 0.3140410 0.0568730
vt 0.3238300 0.0509910
f 4526/2161/4526 1716/2165/1716 4523/2166/4523
vt 0.3298140 0.0568920
f 4523/2166/4523 1716/2165/1716 4404/2167/4404
vt 0.3066610 0.0473980
f 4513/2162/4513 1666/2168/1666 4511/2163/4511
vt 0.1928710 0.0735760
vt 0.1878810 0.0803030
vt 0.1835020 0.0820260
f 1715/2169/1715 1667/2170/1667 1686/2171/1686
vt 0.7683050 0.9345230
vt 0.7726720 0.9494760
vt 0.7700510 0.9446400
f 5355/2172/5355 1711/2173/1711 2863/2174/2863
f 4526/2161/4526 4511/2163/4511 1716/2165/1716
vt 0.1926570 0.0780210
f 4512/2175/4512 1667/2170/1667 1715/2169/1715
vt 0.1956300 0.0704040
vt 0.1832410 0.0707090
f 2869/2176/2869 1715/2169/1715 1710/2177/1710
vt 0.3665690 0.4049290
vt 0.3767450 0.4063460
vt 0.3836250 0.4055790
f 1712/2178/1712 5356/2179/5356 2866/2180/2866
vt 0.7674690 0.9376410
f 2860/2181/2860 5355/2172/5355 2863/2174/2863
vt 0.7273210 0.9564180
f 2860/2181/2860 2863/2174/2863 2861/2182/2861
vt 0.4342850 0.1015670
vt 0.4318370 0.1053970
vt 0.4512740 0.1044040
f 2844/2183/2844 4403/2184/4403 1714/2185/1714
vt 0.4523880 0.1013560
f 2844/2183/2844 1714/2185/1714 2868/2186/2868
vt 0.7678920 0.9276890
f 2843/2158/2843 2867/2187/2867 2851/2156/2851
vt 0.5810420 0.0057100
vt 0.5808040 0.0034940
vt 0.5573190 0.0027640
f 5357/2188/5357 2859/2189/2859 2449/2190/2449
vt 0.7336500 0.9290090
f 2852/2160/2852 2867/2187/2867 2858/2191/2858
f 2858/2191/2858 2867/2187/2867 5355/2172/5355
f 2852/2160/2852 2851/2156/2851 2867/2187/2867
vt 0.1810650 0.0768080
f 1715/2169/1715 1686/2171/1686 1665/2192/1665
vt 0.1707590 0.0734560
f 1709/2193/1709 1715/2169/1715 1665/2192/1665
f 1710/2177/1710 1715/2169/1715 1709/2193/1709
f 2832/2140/2832 4403/2184/4403 2844/2183/2844
f 2832/2140/2832 4399/2139/4399 4403/2184/4403
vt 0.3407320 0.0538310
vt 0.3325150 0.0530920
f 4521/2194/4521 4522/2195/4522 4404/2167/4404
vt 0.3454240 0.0569110
f 4521/2194/4521 4404/2167/4404 4398/2196/4398
f 4404/2167/4404 4522/2195/4522 4523/2166/4523
vt 0.3245030 0.0249260
vt 0.3064000 0.0233450
f 4524/2197/4524 1672/2198/1672 4513/2162/4513
vt 0.3046870 0.0336520
f 4513/2162/4513 1692/2199/1692 1666/2168/1666
f 4524/2197/4524 4513/2162/4513 4514/2164/4514
vt 0.3377800 0.0348610
vt 0.3254950 0.0351580
f 4523/2166/4523 4515/2200/4515 3354/2201/3354
f 4523/2166/4523 4524/2197/4524 4514/2164/4514
vt 0.3366050 0.0480230
f 4516/2202/4516 4515/2200/4515 4523/2166/4523
f 3354/2201/3354 4524/2197/4524 4523/2166/4523
f 4523/2166/4523 4514/2164/4514 4526/2161/4526
vt 0.3327150 0.0495000
f 4527/2203/4527 4523/2166/4523 4522/2195/4522
f 4522/2195/4522 4516/2202/4516 4527/2203/4527
vt 0.3426580 0.0491980
f 4398/2196/4398 4529/2204/4529 4521/2194/4521
f 4515/2200/4515 4516/2202/4516 4529/2204/4529
f 4527/2203/4527 4516/2202/4516 4523/2166/4523
f 4529/2204/4529 4516/2202/4516 4521/2194/4521
f 4516/2202/4516 4522/2195/4522 4521/2194/4521
vt 0.3489460 0.0505120
f 4529/2204/4529 4398/2196/4398 4532/2205/4532
vt 0.4174000 0.1154950
f 4402/2144/4402 4528/2206/4528 4531/2141/4531
vt 0.3426310 0.0477190
vt 0.3486240 0.0278740
vt 0.3407630 0.0255900
f 4530/2207/4530 4400/2208/4400 4520/2209/4520
f 4530/2207/4530 4520/2209/4520 4515/2200/4515
f 4513/2162/4513 1672/2198/1672 1692/2199/1692
vt 0.7280560 0.9588930
vt 0.7339550 0.9720680
f 2865/2210/2865 2863/2174/2863 2958/2211/2958
f 2863/2174/2863 1711/2173/1711 2958/2211/2958
vt 0.1613920 0.0706140
f 1707/2212/1707 1710/2177/1710 1709/2193/1709
f 2861/2182/2861 2863/2174/2863 2865/2210/2865
vt 0.4270470 0.5915640
vt 0.4240680 0.5905950
vt 0.4261610 0.5896090
f 2864/2213/2864 5407/2214/5407 2862/2215/2862
vt 0.7339630 0.9351410
f 5355/2172/5355 2450/2216/2450 2858/2191/2858
vt 0.7253520 0.9508760
f 2860/2181/2860 2861/2182/2861 2451/2217/2451
vt 0.3973630 0.1497710
vt 0.3971760 0.1249260
f 1897/2218/1897 4408/2143/4408 4407/2219/4407
vt 0.3623400 0.1534010
f 1808/2220/1808 3679/2145/3679 4411/2147/4411
vt 0.4009900 0.1561050
f 1897/2218/1897 4237/2221/4237 4408/2143/4408
f 3783/2153/3783 1897/2218/1897 4407/2219/4407
f 4407/2219/4407 4405/2154/4405 3783/2153/3783
vt 0.5514400 0.9940190
vt 0.5631960 0.9957950
vt 0.5625100 0.9938000
f 3694/2222/3694 1896/2223/1896 3784/2224/3784
vt 0.5510350 0.9966460
f 3786/2225/3786 1896/2223/1896 3694/2222/3694
vt 0.7749560 0.8775790
vt 0.7676640 0.8991450
vt 0.7760000 0.8657480
f 2850/2226/2850 2836/2227/2836 4752/2228/4752
vt 0.7675600 0.9106960
f 2850/2226/2850 2833/2229/2833 2836/2227/2836
f 4397/2142/4397 4399/2139/4399 2849/2138/2849
vt 0.9500860 0.7618650
vt 0.9516790 0.7511470
vt 0.9540380 0.7554210
f 3903/2230/3903 4396/2231/4396 2848/2232/2848
f 4407/2219/4407 4408/2143/4408 4397/2142/4397
vt 0.3855450 0.1051190
f 4407/2219/4407 4397/2142/4397 3902/2233/3902
f 3902/2233/3902 4405/2154/4405 4407/2219/4407
vt 0.0578270 0.0369800
vt 0.0678010 0.0284550
vt 0.0394760 0.0351020
f 1784/2234/1784 4409/2235/4409 1791/2236/1791
vt 0.0695970 0.0341070
f 1783/2237/1783 4409/2235/4409 1784/2234/1784
vt 0.3717000 0.1049580
vt 0.3616360 0.1055920
f 4411/2147/4411 4413/2238/4413 1790/2239/1790
vt 0.9536350 0.7761950
f 3903/2230/3903 2848/2232/2848 4374/2240/4374
vt 0.9502310 0.7751440
f 4412/2241/4412 3903/2230/3903 4374/2240/4374
f 3902/2233/3902 4413/2238/4413 4411/2147/4411
vt 0.0570400 0.0076770
vt 0.0584640 0.0094280
vt 0.0688710 0.0141550
f 2847/2242/2847 4750/2243/4750 5210/2244/5210
f 3902/2233/3902 3698/2146/3698 4405/2154/4405
f 3902/2233/3902 4411/2147/4411 3698/2146/3698
vt 0.1878150 0.0971500
f 1667/2170/1667 1691/2245/1691 1686/2171/1686
vt 0.1802690 0.0850900
f 1686/2171/1686 1691/2245/1691 1673/2246/1673
f 1686/2171/1686 1673/2246/1673 1665/2192/1665
vt 0.1920700 0.1060200
vt 0.1898300 0.1169330
f 1691/2245/1691 1671/2247/1671 1695/2248/1695
vt 0.1751010 0.0973290
f 1691/2245/1691 1695/2248/1695 1694/2249/1694
vt 0.5192610 0.5281200
vt 0.5199170 0.5311110
vt 0.5339740 0.5280980
f 1697/2250/1697 4582/2251/4582 3811/2252/3811
vt 0.5328150 0.5311110
f 4582/2251/4582 4583/2253/4583 3811/2252/3811
vt 0.9606310 0.9278610
vt 0.9726430 0.9319350
vt 0.9815780 0.9293490
f 3355/2254/3355 4525/2255/4525 3353/2256/3353
vt 0.3388800 0.0044540
vt 0.3382450 0.0123300
f 4520/2209/4520 1891/2257/1891 3641/2258/3641
vt 0.3469410 0.0247520
f 1891/2257/1891 4520/2209/4520 4401/2259/4401
vt 0.3251460 0.0122220
vt 0.3250650 0.0045980
f 3352/2260/3352 4519/2261/4519 4524/2197/4524
vt 0.4807650 0.4592610
vt 0.4693780 0.4594350
vt 0.4820790 0.4613460
f 3644/2262/3644 3351/2263/3351 3642/2264/3642
vt 0.4707380 0.4620210
f 3642/2264/3642 3351/2263/3351 3356/2265/3356
vt 0.9605080 0.9312370
f 3355/2254/3355 3350/2266/3350 4525/2255/4525
f 4520/2209/4520 3641/2258/3641 4515/2200/4515
vt 0.3367330 0.0114510
f 1891/2257/1891 4519/2261/4519 3643/2267/3643
f 3643/2267/3643 4519/2261/4519 3352/2260/3352
vt 0.3267460 0.0126210
f 4515/2200/4515 3641/2258/3641 3357/2268/3357
f 4515/2200/4515 3357/2268/3357 3354/2201/3354
vt 0.3258580 0.2971440
vt 0.3230250 0.3060240
vt 0.3259930 0.3068540
f 4573/2269/4573 4581/2270/4581 1696/2271/1696
vt 0.3108430 0.0042050
f 4524/2197/4524 4519/2261/4519 4574/2272/4574
vt 0.1930200 0.1262890
f 1671/2247/1671 4575/2273/4575 1695/2248/1695
f 4581/2270/4581 4579/2134/4579 4585/2137/4585
f 1672/2198/1672 4524/2197/4524 4574/2272/4574
f 4579/2134/4579 4581/2270/4581 4573/2269/4573
vt 0.6803090 0.9589430
vt 0.6901950 0.9605880
vt 0.6750350 0.9504080
f 1890/2274/1890 1899/2275/1899 4517/2276/4517
vt 0.6871020 0.9672870
f 1892/2277/1892 1899/2275/1899 1890/2274/1890
vt 0.6780440 0.9447180
f 4576/2278/4576 4517/2276/4517 1899/2275/1899
vt 0.3416490 0.2873360
vt 0.3371480 0.2861100
f 4579/2134/4579 4578/2279/4578 912/2280/912
vt 0.3414800 0.2966890
f 4578/2279/4578 4579/2134/4579 4518/2281/4518
f 4518/2281/4518 4579/2134/4579 4573/2269/4573
vt 0.7139010 0.9809860
vt 0.7063970 0.9884190
vt 0.7252310 0.9983890
f 1911/2282/1911 3677/2283/3677 1809/2284/1809
vt 0.7016230 0.9739260
vt 0.6921490 0.9831900
vt 0.7006330 0.9894190
f 1894/2285/1894 1895/2286/1895 3787/2287/3787
f 1899/2275/1899 1894/2285/1894 1911/2282/1911
vt 0.6938900 0.9760250
f 1894/2285/1894 1899/2275/1899 4238/2288/4238
f 1892/2277/1892 4238/2288/4238 1899/2275/1899
f 1894/2285/1894 3787/2287/3787 3677/2283/3677
f 1911/2282/1911 1894/2285/1894 3677/2283/3677
f 1891/2257/1891 3643/2267/3643 3641/2258/3641
vt 0.3472830 0.0046570
f 4401/2259/4401 4236/2289/4236 1891/2257/1891
f 4237/2221/4237 4402/2144/4402 4408/2143/4408
vt 0.4160740 0.6573120
vt 0.4174910 0.6469100
vt 0.4172450 0.6667880
f 1893/2290/1893 1889/2291/1889 4239/2292/4239
f 4238/2288/4238 1895/2286/1895 1894/2285/1894
f 2846/2157/2846 2833/2229/2833 2843/2158/2843
vt 0.7338080 0.9099440
f 2835/2293/2835 2833/2229/2833 2846/2157/2846
vt 0.4241650 0.5820250
vt 0.4275030 0.5749630
vt 0.4269060 0.5831050
f 5405/2294/5405 2857/2295/2857 2452/2296/2452
vt 0.1682680 0.9635280
vt 0.1743730 0.9483940
vt 0.1708550 0.9672730
f 5558/2297/5558 5170/2298/5170 5568/2299/5568
vt 0.3337330 0.9372690
vt 0.3214220 0.9288620
vt 0.3241890 0.9261830
f 5172/2300/5172 5561/2301/5561 5307/2302/5307
vt 0.2941290 0.4866430
vt 0.2825980 0.5102420
vt 0.3001880 0.5150380
f 1365/2303/1365 1396/2304/1396 1354/2305/1354
vt 0.3227800 0.9215140
vt 0.3287480 0.9029480
f 5304/2306/5304 1355/2307/1355 5307/2302/5307
vt 0.3029000 0.5095580
f 5302/2308/5302 1365/2303/1365 1354/2305/1354
vt 0.4363800 0.0936540
vt 0.4379480 0.0966240
vt 0.4359650 0.0967740
f 5306/2309/5306 5560/2310/5560 5136/2311/5136
vt 0.3052020 0.9243890
vt 0.3157560 0.9172420
f 5561/2301/5561 2584/2312/2584 1364/2313/1364
vt 0.3122160 0.9549860
vt 0.3052340 0.9322710
f 5567/2314/5567 6100/2315/6100 5561/2301/5561
f 6100/2315/6100 2584/2312/2584 5561/2301/5561
vt 0.3200250 0.9226640
f 5561/2301/5561 1364/2313/1364 5183/2316/5183
vt 0.9698770 0.0624730
vt 0.9741430 0.0557350
vt 0.9730140 0.0616550
f 5140/2317/5140 5559/2318/5559 5182/2319/5182
vt 0.9665940 0.0734030
vt 0.9677200 0.0715820
vt 0.9620690 0.0708750
f 5141/2320/5141 5303/2321/5303 5305/2322/5305
f 5183/2316/5183 1364/2313/1364 5304/2306/5304
vt 0.9847180 0.5864680
vt 0.9859350 0.5844870
vt 0.9870690 0.5875380
f 5139/2323/5139 5181/2324/5181 5301/2325/5301
vt 0.2039770 0.0984630
vt 0.2039340 0.1030820
vt 0.1970660 0.0962260
f 2682/2326/2682 3222/2327/3222 2679/2328/2679
vt 0.3810000 0.3470950
vt 0.3808840 0.3516890
vt 0.3909370 0.3471060
f 2678/2329/2678 3370/2330/3370 2683/2331/2683
vt 0.3908170 0.3519110
f 3223/2332/3223 2683/2331/2683 3370/2330/3370
vt 0.3638030 0.0580470
vt 0.3637530 0.0504560
vt 0.3549270 0.0567320
f 3169/2333/3169 3221/2334/3221 5513/2335/5513
vt 0.1961850 0.1038380
f 2679/2328/2679 3222/2327/3222 3167/2336/3167
vt 0.3551400 0.0507880
f 3371/2337/3371 5513/2335/5513 3221/2334/3221
vt 0.2957290 0.9875500
vt 0.2901670 0.9967540
vt 0.2979260 0.9970620
f 2673/2338/2673 2684/2339/2684 2680/2340/2680
vt 0.2894250 0.8369250
vt 0.2958690 0.8323440
vt 0.2802570 0.8469790
f 3126/2341/3126 3770/2342/3770 3090/2343/3090
vt 0.2906850 0.8242660
vt 0.2953850 0.8206410
f 3534/2344/3534 2674/2345/2674 3770/2342/3770
vt 0.3012180 0.8287740
f 3770/2342/3770 2674/2345/2674 2681/2346/2681
vt 0.6212290 0.0157300
vt 0.6197180 0.0245840
vt 0.6231790 0.0240440
f 3088/2347/3088 3095/2348/3095 3089/2349/3089
vt 0.4489260 0.4462870
vt 0.4558410 0.4547300
vt 0.4500140 0.4551490
f 2550/2350/2550 3128/2351/3128 2553/2352/2553
vt 0.4565750 0.4447040
f 3128/2351/3128 2550/2350/2550 3125/2353/3125
vt 0.2833190 0.8394930
vt 0.2843230 0.8302240
f 3514/2354/3514 3130/2355/3130 3126/2341/3126
vt 0.0241440 0.6888970
vt 0.0245290 0.6942680
vt 0.0147620 0.6890310
f 3510/2356/3510 3174/2357/3174 3344/2358/3344
vt 0.0144190 0.6959030
f 3174/2357/3174 3513/2359/3513 3344/2358/3344
vt 0.2629310 0.7604660
vt 0.2564150 0.7548410
vt 0.2637150 0.7542050
f 3091/2360/3091 3346/2361/3346 3512/2362/3512
f 3090/2343/3090 3514/2354/3514 3126/2341/3126
vt 0.2781840 0.8435560
f 3092/2363/3092 3514/2354/3514 3090/2343/3090
vt 0.4732320 0.9571370
vt 0.4733820 0.9520470
vt 0.4829780 0.9572110
f 2552/2364/2552 3531/2365/3531 2548/2366/2548
vt 0.4809100 0.9521000
f 2548/2366/2548 3531/2365/3531 2554/2367/2554
vt 0.4493390 0.6862560
vt 0.4583650 0.6861480
vt 0.4580950 0.6914080
f 2555/2368/2555 3530/2369/3530 3532/2370/3532
vt 0.4482580 0.6924480
f 2555/2368/2555 3532/2370/3532 3772/2371/3772
vt 0.5312830 0.7255010
vt 0.5387560 0.7272610
vt 0.5378250 0.7321720
f 3124/2372/3124 2549/2373/2549 2556/2374/2556
vt 0.5308050 0.7333650
f 3124/2372/3124 2556/2374/2556 3771/2375/3771
vt 0.2559910 0.7590780
f 3456/2376/3456 3346/2361/3346 3091/2360/3091
vt 0.2902400 0.9876120
f 2673/2338/2673 2676/2377/2676 2684/2339/2684
vt 0.9048680 0.4142560
vt 0.9053850 0.4184340
vt 0.8958470 0.4126620
f 1765/2378/1765 2908/2379/2908 1764/2380/1764
vt 0.4318820 0.4814570
vt 0.4290930 0.4780550
vt 0.4427930 0.4815520
f 3097/2381/3097 1471/2382/1471 3087/2383/3087
vt 0.4430540 0.4787930
f 1471/2382/1471 1479/2384/1479 3087/2383/3087
vt 0.4616650 0.6520070
vt 0.4565890 0.6430530
vt 0.4613340 0.6429070
f 3170/2385/3170 3345/2386/3345 3454/2387/3454
vt 0.3569060 0.9679420
vt 0.3727830 0.9418460
vt 0.3725870 0.9702540
f 5551/2388/5551 5486/2389/5486 5557/2390/5557
vt 0.3541470 0.9398440
vt 0.3591390 0.9362580
f 5551/2388/5551 2907/2391/2907 1766/2392/1766
vt 0.3662800 0.9389190
f 5484/2393/5484 5551/2388/5551 1766/2392/1766
vt 0.2102120 0.2483560
vt 0.2097970 0.2577130
vt 0.2042360 0.2572180
f 2564/2394/2564 2560/2395/2560 3306/2396/3306
vt 0.8769680 0.0418030
vt 0.8865040 0.0405260
vt 0.8881880 0.0475680
f 3120/2397/3120 3275/2398/3275 3116/2399/3116
vt 0.0323520 0.2257200
vt 0.0275110 0.2251510
vt 0.0268540 0.2162880
f 3305/2400/3305 3478/2401/3478 3472/2402/3472
vt 0.0339630 0.2175000
f 3479/2403/3479 3305/2400/3305 3472/2402/3472
vt 0.8777310 0.0468270
f 3121/2404/3121 3120/2397/3120 3116/2399/3116
vt 0.3380510 0.8050620
vt 0.3267450 0.8004740
vt 0.3324180 0.7966770
f 3117/2405/3117 3476/2406/3476 3123/2407/3123
vt 0.7410180 0.0748130
vt 0.7307510 0.0778930
vt 0.7490730 0.0750000
f 5519/2408/5519 5549/2409/5549 3477/2410/3477
vt 0.5795320 0.0715150
vt 0.5842270 0.0762560
vt 0.5856970 0.0714870
f 3475/2411/3475 2561/2412/2561 5518/2413/5518
vt 0.5793460 0.0762570
f 3304/2414/3304 2561/2412/2561 3475/2411/3475
vt 0.3235900 0.7965650
f 3476/2406/3476 5548/2415/5548 3123/2407/3123
vt 0.2359370 0.4266930
vt 0.2301410 0.4215190
vt 0.2347890 0.4195250
f 5539/2416/5539 3119/2417/3119 3122/2418/3122
vt 0.9758310 0.0454840
vt 0.9772970 0.0503080
vt 0.9820960 0.0505870
f 3437/2419/3437 3618/2420/3618 3428/2421/3428
vt 0.4278360 0.8978440
vt 0.4331510 0.9027550
vt 0.4285060 0.9022610
f 2677/2422/2677 5514/2423/5514 3372/2424/3372
vt 0.3010390 0.8165010
vt 0.3060020 0.8078520
vt 0.3074380 0.8127990
f 5515/2425/5515 5547/2426/5547 3431/2427/3431
vt 0.9834220 0.0454080
f 3430/2428/3430 3437/2419/3437 3428/2421/3428
vt 0.3144980 0.8088730
f 3431/2427/3431 5547/2426/5547 3438/2429/3438
vt 0.7328790 0.0745410
f 3439/2430/3439 5549/2409/5549 5519/2408/5519
vt 0.0631470 0.4684000
vt 0.0582180 0.4685810
vt 0.0633840 0.4771610
f 3417/2431/3417 5540/2432/5540 3276/2433/3276
vt 0.6742410 0.9971090
vt 0.6800320 0.9981340
vt 0.6816040 0.9915670
f 5477/2434/5477 3423/2435/3423 5541/2436/5541
vt 0.0561030 0.4770670
f 3276/2433/3276 5540/2432/5540 3422/2437/3422
vt 0.2313030 0.4265680
f 3419/2438/3419 3119/2417/3119 5539/2416/5539
vt 0.3400010 0.7928110
f 5542/2439/5542 3123/2407/3123 5548/2415/5548
vt 0.6630180 0.9951290
f 5477/2434/5477 5541/2436/5541 5510/2440/5510
vt 0.6815740 0.9868060
f 5541/2436/5541 5546/2441/5546 5510/2440/5510
vt 0.3664100 0.5594890
vt 0.3595680 0.5678850
vt 0.3669980 0.5691220
f 3432/2442/3432 3780/2443/3780 3425/2444/3425
vt 0.2753980 0.1917970
vt 0.2672410 0.1978620
vt 0.2763020 0.1995420
f 3434/2445/3434 3436/2446/3436 3441/2447/3441
vt 0.3609990 0.5588210
f 3780/2443/3780 3432/2442/3432 3429/2448/3429
vt 0.6702740 0.1835950
vt 0.6701550 0.1928460
vt 0.6650800 0.1838200
f 3781/2449/3781 3427/2450/3427 3435/2451/3435
vt 0.2663580 0.1926390
f 3617/2452/3617 3436/2446/3436 3434/2445/3434
vt 0.6646450 0.1909830
f 3427/2450/3427 3616/2453/3616 3435/2451/3435
vt 0.2753260 0.8263060
vt 0.2834510 0.8278270
vt 0.2788030 0.8313070
f 1357/2454/1357 3127/2455/3127 3175/2456/3175
vt 0.7817400 0.5332570
vt 0.7812840 0.5279050
vt 0.7755940 0.5281320
f 3511/2457/3511 3176/2458/3176 3131/2459/3131
vt 0.4210810 0.1835280
vt 0.4226430 0.1781150
vt 0.4151540 0.1781080
f 2551/2460/2551 3129/2461/3129 3533/2462/3533
f 2674/2345/2674 3127/2455/3127 1357/2454/1357
f 2674/2345/2674 1357/2454/1357 5515/2425/5515
f 3534/2344/3534 3127/2455/3127 2674/2345/2674
f 1357/2454/1357 5547/2426/5547 5515/2425/5515
vt 0.2693490 0.8362450
f 5175/2463/5175 1357/2454/1357 3175/2456/3175
vt 0.6022080 0.4732380
vt 0.6067380 0.4733550
vt 0.5999330 0.4680680
f 3508/2464/3508 3172/2465/3172 3173/2466/3173
vt 0.6082870 0.4677040
f 3173/2466/3173 3172/2465/3172 5177/2467/5177
vt 0.4159320 0.1834930
f 3533/2462/3533 3529/2468/3529 2551/2460/2551
vt 0.4328060 0.8953630
f 2677/2422/2677 2675/2469/2675 5514/2423/5514
vt 0.1770130 0.9959470
vt 0.1782160 0.9948600
vt 0.1711950 0.9833050
f 2910/2470/2910 1918/2471/1918 1474/2472/1474
vt 0.1597850 0.9845040
vt 0.1616420 0.9951550
f 1478/2473/1478 2906/2474/2906 1474/2472/1474
vt 0.1734330 0.9830770
f 1474/2472/1474 1918/2471/1918 1919/2475/1919
vt 0.8981020 0.4162830
f 2908/2379/2908 1477/2476/1477 1764/2380/1764
vt 0.9528100 0.6277270
vt 0.9409310 0.6320690
vt 0.9419280 0.5876380
f 1920/2477/1920 1916/2478/1916 5173/2479/5173
vt 0.9530730 0.5855100
vt 0.9541540 0.6256770
f 1920/2477/1920 1480/2480/1480 1475/2481/1475
vt 0.8837120 0.4560410
vt 0.9073950 0.4411020
vt 0.8706350 0.4518320
f 4535/2482/4535 5174/2483/5174 1917/2484/1917
f 1480/2480/1480 1920/2477/1920 5173/2479/5173
vt 0.3564150 0.7870620
vt 0.3550590 0.7806950
vt 0.3757850 0.7761510
f 5511/2485/5511 5545/2486/5545 5507/2487/5507
vt 0.3649330 0.7702740
f 5507/2487/5507 5545/2486/5545 2781/2488/2781
vt 0.3470710 0.7932990
vt 0.3481530 0.7841950
vt 0.3495160 0.7926030
f 5478/2489/5478 5508/2490/5508 5522/2491/5522
vt 0.9111400 0.4482640
vt 0.9089310 0.4393960
f 5174/2483/5174 5176/2492/5176 3096/2493/3096
vt 0.9430640 0.5848560
vt 0.9517860 0.5840950
f 5173/2479/5173 3093/2494/3093 3086/2495/3086
f 3086/2495/3086 1480/2480/1480 5173/2479/5173
vt 0.8853890 0.4587920
vt 0.8867000 0.4611550
vt 0.9020570 0.4559080
f 4720/2496/4720 5180/2497/5180 1359/2498/1359
vt 0.5160950 0.5402690
vt 0.5101980 0.5491250
vt 0.5174150 0.5496290
f 5178/2499/5178 3455/2500/3455 3094/2501/3094
f 4535/2482/4535 4720/2496/4720 1359/2498/1359
f 5174/2483/5174 4535/2482/4535 5176/2492/5176
f 4535/2482/4535 1359/2498/1359 5176/2492/5176
vt 0.4564570 0.6518440
f 3170/2385/3170 3509/2502/3509 3345/2386/3345
vt 0.5100020 0.5403440
f 5178/2499/5178 3171/2503/3171 3455/2500/3455
vt 0.8783670 0.2923780
vt 0.8781960 0.2874320
vt 0.8877030 0.2874520
f 3118/2504/3118 3418/2505/3418 3277/2506/3277
vt 0.2941760 0.5215680
f 1354/2305/1354 1396/2304/1396 1348/2507/1348
vt 0.3185100 0.9547740
f 5551/2388/5551 5566/2508/5566 5172/2300/5172
vt 0.8593480 0.4401700
vt 0.8632540 0.4590520
vt 0.8620290 0.4519660
f 2905/2509/2905 5171/2510/5171 2909/2511/2909
f 5171/2510/5171 4535/2482/4535 1917/2484/1917
f 5172/2300/5172 2907/2391/2907 5551/2388/5551
f 2909/2511/2909 5171/2510/5171 1917/2484/1917
f 2910/2470/2910 1474/2472/1474 2906/2474/2906
vt 0.3311580 0.9148190
f 5172/2300/5172 5307/2302/5307 5179/2512/5179
vt 0.8816940 0.4592250
f 5171/2510/5171 5180/2497/5180 4626/2513/4626
f 5171/2510/5171 4626/2513/4626 4535/2482/4535
vt 0.2983810 0.5245880
f 1354/2305/1354 1348/2507/1348 1362/2514/1362
vt 0.3351460 0.8962560
vt 0.3296590 0.8946740
vt 0.3324940 0.8922560
f 1358/2515/1358 1347/2516/1347 4671/2517/4671
vt 0.0779780 0.2445960
vt 0.0777400 0.2421410
vt 0.0747850 0.2442030
f 1349/2518/1349 5413/2519/5413 4668/2520/4668
f 5307/2302/5307 1355/2307/1355 5179/2512/5179
f 5180/2497/5180 4720/2496/4720 4626/2513/4626
f 5179/2512/5179 1355/2307/1355 1358/2515/1358
vt 0.8005550 0.5372320
vt 0.8040750 0.5372070
vt 0.8043380 0.5422210
f 4533/2521/4533 4717/2522/4717 4721/2523/4721
vt 0.6499910 0.2110950
vt 0.6497360 0.2082310
vt 0.6450130 0.2104770
f 4718/2524/4718 4534/2525/4534 4625/2526/4625
vt 0.6452760 0.2068040
f 4625/2526/4625 4534/2525/4534 4537/2527/4537
vt 0.5660370 0.0690930
vt 0.5685740 0.0648740
vt 0.5645920 0.0646370
f 4719/2528/4719 4624/2529/4624 4722/2530/4722
vt 0.8000470 0.5426470
f 4533/2521/4533 4721/2523/4721 4536/2531/4536
vt 0.9720230 0.0560250
f 5559/2318/5559 5140/2317/5140 5137/2532/5137
vt 0.9611370 0.0725490
f 5138/2533/5138 5141/2320/5141 5305/2322/5305
vt 0.3148410 0.9753530
vt 0.3144940 0.9703850
vt 0.3046570 0.9773890
f 5517/2534/5517 2562/2535/2562 3546/2536/3546
vt 0.3054600 0.9695220
f 3546/2536/3546 2562/2535/2562 2565/2537/2565
vt 0.4850480 0.2272520
vt 0.4902300 0.2264770
vt 0.4819910 0.2204320
f 2563/2538/2563 3481/2539/3481 3545/2540/3545
vt 0.2050720 0.2483860
f 2564/2394/2564 3306/2396/3306 3480/2541/3480
vt 0.3320230 0.8091530
f 3476/2406/3476 3117/2405/3117 3473/2542/3473
vt 0.3256070 0.8129400
vt 0.3461670 0.8098210
f 3544/2543/3544 3473/2542/3473 5512/2544/5512
f 3473/2542/3473 3117/2405/3117 5512/2544/5512
vt 0.4897530 0.2196430
f 3545/2540/3545 3481/2539/3481 3474/2545/3474
vt 0.3439690 0.8002020
vt 0.3499200 0.7960290
f 3420/2546/3420 5478/2489/5478 5520/2547/5520
vt 0.3200290 0.8168570
vt 0.3202770 0.8050810
f 3440/2548/3440 5516/2549/5516 3544/2543/3544
vt 0.3131920 0.8209080
vt 0.3070930 0.8231680
f 3426/2550/3426 3168/2551/3168 3431/2427/3431
f 3426/2550/3426 3440/2548/3440 3544/2543/3544
f 3168/2551/3168 3426/2550/3426 2681/2346/2681
vt 0.7426030 0.6542600
vt 0.7433130 0.6614260
vt 0.7506540 0.6550200
f 3424/2552/3424 3782/2553/3782 3442/2554/3442
vt 0.7479660 0.6623860
f 3433/2555/3433 3442/2554/3442 3782/2553/3782
f 3440/2548/3440 3438/2429/3438 5516/2549/5516
f 3168/2551/3168 5515/2425/5515 3431/2427/3431
f 3090/2343/3090 3770/2342/3770 2681/2346/2681
vt 0.2838920 0.8562660
f 3090/2343/3090 2681/2346/2681 5489/2556/5489
vt 0.3553300 0.5238890
vt 0.3510370 0.5181310
vt 0.3486220 0.5247870
f 3873/2557/3873 1921/2558/1921 2544/2559/2544
vt 0.9119600 0.5256040
vt 0.9151560 0.5015210
vt 0.9154790 0.5244910
f 1924/2560/1924 2502/2561/2502 2499/2562/2499
vt 0.3548540 0.5148380
f 1929/2563/1929 1921/2558/1921 3873/2557/3873
vt 0.6825500 0.4073420
vt 0.6858670 0.4770250
vt 0.6777400 0.4362460
f 1928/2564/1928 2504/2565/2504 2501/2566/2501
vt 0.6940820 0.4766990
f 1928/2564/1928 1926/2567/1926 2504/2565/2504
vt 0.6742230 0.4042520
f 1928/2564/1928 2501/2566/2501 1925/2568/1925
vt 0.5504080 0.8924790
vt 0.5508390 0.8887640
vt 0.5589730 0.8812680
f 2500/2569/2500 2497/2570/2497 2496/2571/2496
vt 0.5498840 0.8727320
vt 0.5504080 0.8363980
f 2497/2570/2497 2503/2572/2503 2505/2573/2505
f 2500/2569/2500 2503/2572/2503 2497/2570/2497
vt 0.5609930 0.8404640
f 2496/2571/2496 2505/2573/2505 2511/2574/2511
vt 0.5612890 0.8823890
f 2496/2571/2496 2511/2574/2511 2495/2575/2495
f 2497/2570/2497 2505/2573/2505 2496/2571/2496
vt 0.5617020 0.9535270
vt 0.5716500 0.9347410
vt 0.5724780 0.9493280
f 2545/2576/2545 1574/2577/1574 1572/2578/1572
vt 0.5745170 0.9660560
f 3196/2579/3196 2545/2576/2545 1572/2578/1572
vt 0.3384100 0.5516800
f 3873/2557/3873 2544/2559/2544 3212/2580/3212
vt 0.5530400 0.9493400
vt 0.5603350 0.9710020
f 2543/2581/2543 2545/2576/2545 3211/2582/3211
vt 0.3470380 0.5555160
f 3872/2583/3872 3873/2557/3873 3212/2580/3212
f 2500/2569/2500 2496/2571/2496 2495/2575/2495
vt 0.5500650 0.9387480
vt 0.5629970 0.9362660
f 2543/2581/2543 1922/2584/1922 2531/2585/2531
vt 0.7622140 0.5230870
vt 0.7641340 0.5059430
vt 0.7649630 0.5240780
f 2522/2586/2522 2498/2587/2498 2493/2588/2493
vt 0.7615500 0.5080220
f 2522/2586/2522 1923/2589/1923 2498/2587/2498
vt 0.7341820 0.4240390
vt 0.7327510 0.4095990
vt 0.7362850 0.3526350
f 2510/2590/2510 3049/2591/3049 2494/2592/2494
vt 0.5657490 0.9222590
vt 0.5737270 0.8687240
f 2520/2593/2520 1577/2594/1577 1574/2577/1574
vt 0.7339130 0.3520370
f 2494/2592/2494 3049/2591/3049 2521/2595/2521
f 2543/2581/2543 2531/2585/2531 2545/2576/2545
f 1922/2584/1922 2520/2593/2520 2531/2585/2531
f 2531/2585/2531 2520/2593/2520 1574/2577/1574
f 2531/2585/2531 1574/2577/1574 2545/2576/2545
vt 0.7021830 0.5412890
f 1926/2567/1926 2506/2596/2506 2504/2565/2504
vt 0.2244580 0.1520700
vt 0.2099250 0.1669860
vt 0.2602510 0.1660330
f 1566/2597/1566 1564/2598/1564 1568/2599/1568
vt 0.3209170 0.1509230
vt 0.3126850 0.1646110
f 1573/2600/1573 1568/2599/1568 1575/2601/1575
vt 0.0594610 0.4110290
vt 0.0459820 0.4335530
f 1571/2602/1571 3192/1646/3192 3194/2603/3194
vt 0.3367580 0.1590680
vt 0.3326950 0.1654960
f 1570/2604/1570 1575/2601/1575 3193/2605/3193
f 1573/2600/1573 1575/2601/1575 1570/2604/1570
vt 0.0485500 0.4224320
f 3195/2606/3195 1571/2602/1571 3194/2603/3194
vt 0.5648060 0.8456910
f 2520/2593/2520 3050/2607/3050 1577/2594/1577
vt 0.2677510 0.1508260
f 1578/2608/1578 1568/2599/1568 1573/2600/1573
f 1578/2608/1578 1566/2597/1566 1568/2599/1568
vt 0.5553590 0.7739350
f 2505/2573/2505 2532/2609/2532 2511/2574/2511
vt 0.9562500 0.9028230
vt 0.9559460 0.8749340
vt 0.9584050 0.8746420
f 5311/2610/5311 3045/2611/3045 2534/2612/2534
vt 0.5731100 0.8129160
f 3050/2607/3050 1567/2613/1567 1577/2594/1577
vt 0.2749300 0.0968430
vt 0.2728380 0.0982950
vt 0.3328710 0.0985420
f 2533/2614/2533 3046/2615/3046 2509/2616/2509
vt 0.7359760 0.4800100
vt 0.7338470 0.4802980
f 3047/2617/3047 5312/2618/5312 2510/2590/2510
f 2510/2590/2510 5312/2618/5312 3049/2591/3049
vt 0.5592340 0.7756190
f 3050/2607/3050 5314/2619/5314 1567/2613/1567
vt 0.7076230 0.5342110
f 1926/2567/1926 1940/2620/1940 2506/2596/2506
vt 0.5456990 0.7742950
f 2505/2573/2505 2508/2621/2508 2532/2609/2532
vt 0.6361870 0.9605290
vt 0.6190840 0.9493600
vt 0.6270780 0.9675270
f 1938/2622/1938 1936/2623/1936 2507/2624/2507
vt 0.9584500 0.9031200
f 2515/2625/2515 5311/2610/5311 2534/2612/2534
vt 0.5621770 0.7627300
vt 0.5697320 0.7710690
f 5620/2626/5620 2527/2627/2527 1567/2613/1567
f 5314/2619/5314 5620/2626/5620 1567/2613/1567
vt 0.1743580 0.1500030
vt 0.1739740 0.1677120
f 2526/2628/2526 1580/2629/1580 1566/2597/1566
f 1566/2597/1566 1580/2629/1580 1564/2598/1564
vt 0.0689200 0.9531580
vt 0.0799620 0.9553460
vt 0.0778150 0.9841260
f 1834/2630/1834 1423/2631/1423 1446/2632/1446
vt 0.9144310 0.0193630
vt 0.8958970 0.0066870
vt 0.8925600 0.0137810
f 1448/2633/1448 1447/2634/1447 1444/2635/1444
vt 0.9099720 0.0140750
f 1451/2636/1451 1447/2634/1447 1448/2633/1448
vt 0.0605030 0.9856260
f 1446/2632/1446 1450/2637/1450 1834/2630/1834
vt 0.8293410 0.0320340
vt 0.8401390 0.0143000
vt 0.8154300 0.0223350
f 1413/2638/1413 1415/2639/1415 1408/2640/1408
vt 0.0770930 0.6834890
vt 0.0769260 0.6879990
vt 0.0750730 0.6881960
f 4945/2641/4945 6087/2642/6087 4950/2643/4950
vt 0.2645980 0.7418430
vt 0.2625940 0.7242080
vt 0.2467740 0.7173110
f 5343/2644/5343 6088/2645/6088 6085/2646/6085
vt 0.2622980 0.7449590
vt 0.2719640 0.7427320
f 2580/2647/2580 6102/2648/6102 5343/2644/5343
vt 0.8903070 0.0063780
f 1447/2634/1447 1468/2649/1468 1444/2635/1444
vt 0.6252570 0.1658530
vt 0.6241090 0.1525020
vt 0.6235840 0.1657490
f 2569/2650/2569 2568/2651/2568 1469/2652/1469
vt 0.8815600 0.8014640
vt 0.8796510 0.7998170
vt 0.8868530 0.7992800
f 2570/2653/2570 5348/2654/5348 2576/2655/2576
vt 0.6197390 0.1743400
vt 0.6246850 0.1711430
f 2569/2650/2569 2572/2656/2572 5347/2657/5347
vt 0.1739380 0.0678090
vt 0.1684820 0.0660760
vt 0.1684240 0.0609970
f 3960/2658/3960 3411/2659/3411 2987/2660/2987
vt 0.2364210 0.0904070
vt 0.3122660 0.0887030
vt 0.3424020 0.0867910
f 3025/2661/3025 3033/2662/3033 3036/2663/3036
vt 0.1738230 0.0595730
f 2990/2664/2990 3960/2658/3960 2987/2660/2987
vt 0.1104100 0.4551390
vt 0.1149390 0.4639010
vt 0.1154790 0.4548430
f 3410/2665/3410 3607/2666/3607 2985/2667/2985
vt 0.2345790 0.7130090
vt 0.2334170 0.7072820
vt 0.2325920 0.7111740
f 5332/2668/5332 3032/2669/3032 4311/2670/4311
vt 0.1287650 0.1554300
vt 0.1306100 0.1477650
vt 0.1242480 0.1465360
f 6086/2671/6086 3031/2672/3031 5333/2673/5333
vt 0.9183030 0.3405980
vt 0.9158460 0.3411380
vt 0.9159940 0.3379230
f 6047/2674/6047 5330/2675/5330 4312/2676/4312
vt 0.0259230 0.9159470
vt 0.0225190 0.9157770
vt 0.0239990 0.9204570
f 4596/2677/4596 4618/2678/4618 4594/2679/4594
vt 0.4249960 0.7199630
vt 0.4246190 0.7255070
vt 0.4279710 0.7199370
f 4592/2680/4592 4498/2681/4498 4595/2682/4595
vt 0.2596970 0.7160320
f 6085/2646/6085 3035/2683/3035 3032/2669/3032
vt 0.4288220 0.7246990
f 4597/2684/4597 4595/2682/4595 4498/2681/4498
vt 0.7805960 0.5033720
vt 0.7770020 0.5043100
vt 0.7750520 0.4762470
f 4598/2685/4598 4497/2686/4497 3961/2687/3961
vt 0.7821390 0.5083890
f 3034/2688/3034 4598/2685/4598 3961/2687/3961
vt 0.7696120 0.5193210
vt 0.7674310 0.4785420
f 4497/2686/4497 1660/2689/1660 1661/2690/1661
f 3961/2687/3961 4497/2686/4497 1661/2690/1661
vt 0.4530950 0.0515540
vt 0.4467750 0.0601450
vt 0.4459830 0.0510280
f 3165/2691/3165 3962/2692/3962 3415/2693/3415
vt 0.4526690 0.0597620
f 3409/2694/3409 3962/2692/3962 3165/2691/3165
vt 0.7655950 0.4762420
f 1661/2690/1661 3414/2695/3414 3961/2687/3961
vt 0.2798040 0.7173850
f 6088/2645/6088 2663/2696/2663 3035/2683/3035
vt 0.2857710 0.6958560
vt 0.2816760 0.7088350
f 2663/2696/2663 1879/2697/1879 2401/2698/2401
vt 0.7785300 0.5196740
vt 0.7795150 0.5068530
f 3034/2688/3034 2664/2699/2664 4619/2700/4619
f 4598/2685/4598 3034/2688/3034 4619/2700/4619
vt 0.0205610 0.2499070
vt 0.0240770 0.2489750
vt 0.0234330 0.2545890
f 4620/2701/4620 4496/2702/4496 4591/2703/4591
vt 0.0207300 0.2547640
f 4593/2704/4593 4620/2701/4620 4591/2703/4591
f 6088/2645/6088 3035/2683/3035 6085/2646/6085
vt 0.7686240 0.5237310
f 2664/2699/2664 2402/2705/2402 1660/2689/1660
f 4619/2700/4619 2664/2699/2664 4497/2686/4497
f 4497/2686/4497 2664/2699/2664 1660/2689/1660
vt 0.8673990 0.0093540
vt 0.8654080 0.0011580
vt 0.8602720 0.0036050
f 1417/2706/1417 1424/2707/1424 1833/2708/1833
f 1415/2639/1415 1417/2706/1417 1833/2708/1833
vt 0.0556340 0.9473700
vt 0.0547180 0.9529860
f 1414/2709/1414 1834/2630/1834 1838/2710/1838
vt 0.9982690 0.7405230
vt 0.9788220 0.7416190
vt 0.9948980 0.7334980
f 1466/2711/1466 1404/2712/1404 1445/2713/1445
vt 0.9787660 0.7553360
f 1466/2711/1466 2567/2714/2567 1404/2712/1404
vt 0.9983820 0.7692430
f 1466/2711/1466 1427/2715/1427 2567/2714/2567
vt 0.9786870 0.7695680
f 1427/2715/1427 1470/2716/1470 2567/2714/2567
vt 0.6170650 0.1725160
f 1409/2717/1409 2569/2650/2569 1469/2652/1469
vt 0.9935020 0.7778970
f 1416/2718/1416 1470/2716/1470 1427/2715/1427
vt 0.9761360 0.7775010
f 1416/2718/1416 1411/2719/1411 1470/2716/1470
f 2572/2656/2572 2569/2650/2569 1409/2717/1409
vt 0.8709630 0.0007030
f 1417/2706/1417 1428/2720/1428 1424/2707/1424
vt 0.8708520 0.0277260
f 1410/2721/1410 1417/2706/1417 1413/2638/1413
f 1417/2706/1417 1415/2639/1415 1413/2638/1413
vt 0.5882270 0.1790710
vt 0.5802360 0.1752680
f 2575/2722/2575 1409/2717/1409 1412/2723/1412
vt 0.0859870 0.1962010
vt 0.0950040 0.1932400
vt 0.1080300 0.1845210
f 5339/2724/5339 2574/2725/2574 5335/2726/5335
f 1409/2717/1409 2575/2722/2575 2572/2656/2572
vt 0.6082580 0.1791170
f 2575/2722/2575 5338/2727/5338 2572/2656/2572
vt 0.5767380 0.1803360
f 2579/2728/2579 2575/2722/2575 1412/2723/1412
vt 0.5873350 0.1809130
f 5336/2729/5336 2575/2722/2575 2579/2728/2579
vt 0.2700590 0.7484260
f 1406/2730/1406 6102/2648/6102 2580/2647/2580
vt 0.0649500 0.1640100
f 5337/2731/5337 5339/2724/5339 5335/2726/5335
vt 0.5678090 0.1752660
f 1412/2723/1412 1405/2732/1405 2579/2728/2579
vt 0.4096770 0.6675700
vt 0.4004180 0.6671750
vt 0.3985110 0.6691600
f 4313/2733/4313 4434/2734/4434 6046/2735/6046
vt 0.6508620 0.7294020
vt 0.6507870 0.7665870
vt 0.6487500 0.7323990
f 5329/2736/5329 5331/2737/5331 5142/2738/5142
vt 0.1187560 0.1567100
vt 0.1302160 0.1850430
f 5334/2739/5334 5344/2740/5344 6086/2671/6086
f 5337/2731/5337 5334/2739/5334 5333/2673/5333
f 5335/2726/5335 5334/2739/5334 5337/2731/5337
vt 0.6481630 0.7663420
f 6045/2741/6045 5142/2738/5142 5331/2737/5331
f 5334/2739/5334 6086/2671/6086 5333/2673/5333
vt 0.1191600 0.1830070
f 2581/2742/2581 5344/2740/5344 5334/2739/5334
f 5335/2726/5335 2581/2742/2581 5334/2739/5334
vt 0.0863240 0.9555060
vt 0.0857350 0.9824670
f 1423/2631/1423 1429/2743/1429 1467/2744/1467
f 1423/2631/1423 1467/2744/1467 1446/2632/1446
vt 0.0141270 0.6036060
vt 0.0163120 0.6068470
vt 0.0032330 0.5979370
f 3144/2745/3144 1335/2746/1335 3251/2747/3251
vt 0.7827090 0.8182120
vt 0.7953320 0.9255620
vt 0.7915040 0.9249040
f 2174/2748/2174 2178/2749/2178 2180/2750/2180
vt 0.4713300 0.9634650
vt 0.4604230 0.9694540
vt 0.4750930 0.9763240
f 3885/2751/3885 3877/2752/3877 4288/2753/4288
vt 0.4685520 0.9770590
f 4288/2753/4288 3877/2752/3877 3203/2754/3203
vt 0.5970040 0.3104010
vt 0.6064410 0.2701210
vt 0.5930770 0.2703700
f 2887/2755/2887 2889/2756/2889 2886/2757/2886
vt 0.6047550 0.3109750
f 5859/2758/5859 2889/2756/2889 2887/2755/2887
vt 0.2548310 0.6032270
vt 0.2440890 0.6064760
vt 0.2479050 0.6170990
f 3875/2759/3875 3886/2760/3886 2892/2761/2892
vt 0.0133530 0.5213270
vt 0.0039500 0.5110560
vt 0.0248350 0.5054730
f 3204/2762/3204 3876/2763/3876 3205/2764/3205
vt 0.0155500 0.4736030
vt 0.0278360 0.4945520
f 3209/2765/3209 3206/2766/3206 3876/2763/3876
f 3876/2763/3876 3206/2766/3206 3205/2764/3205
vt 0.2911200 0.5863760
f 3210/2767/3210 3875/2759/3875 2892/2761/2892
vt 0.2845790 0.6025690
vt 0.2549850 0.6165440
f 3887/2768/3887 3210/2767/3210 5838/2769/5838
f 3210/2767/3210 2892/2761/2892 5838/2769/5838
vt 0.2324910 0.0613400
vt 0.2411040 0.0549340
f 2214/2770/2214 5151/1720/5151 4686/2771/4686
f 5151/1720/5151 4685/1719/4685 4686/2771/4686
vt 0.3359430 0.6324080
vt 0.3410580 0.6268480
f 4687/2772/4687 4684/2773/4684 5255/1711/5255
f 4684/2773/4684 5254/1708/5254 5255/1711/5255
vt 0.6270060 0.6966040
vt 0.6302220 0.6850860
vt 0.6311500 0.6963690
f 3140/2774/3140 3143/2775/3143 3250/2776/3250
vt 0.6528560 0.3184570
vt 0.6653230 0.3159360
vt 0.6589340 0.3286130
f 3542/2777/3542 1336/2778/1336 4691/2779/4691
vt 0.6632390 0.3316940
f 4691/2779/4691 1336/2778/1336 1333/2780/1333
vt 0.6711250 0.3253800
f 1336/2778/1336 2177/2781/2177 1333/2780/1333
vt 0.6675380 0.4696070
f 2177/2781/2177 2175/2782/2175 1333/2780/1333
vt 0.4481210 0.3002250
vt 0.4472690 0.3035810
vt 0.5878600 0.3128480
f 2878/2783/2878 1332/2784/1332 2176/2785/2176
vt 0.6694590 0.4761880
vt 0.6677270 0.4850600
f 1339/2786/1339 1346/2787/1346 2175/2782/2175
vt 0.5872400 0.3102970
f 2884/2788/2884 2176/2785/2176 2887/2755/2887
f 2878/2783/2878 2176/2785/2176 2884/2788/2884
vt 0.6275000 0.2921230
vt 0.6357060 0.2708080
f 2889/2756/2889 5853/2789/5853 2890/2790/2890
f 2889/2756/2889 5859/2758/5859 5853/2789/5853
f 3192/1646/3192 3189/1647/3189 3194/2603/3194
vt 0.0462300 0.4446690
f 3194/2603/3194 3189/1647/3189 2185/2791/2185
vt 0.0321180 0.4312070
f 3213/2792/3213 3194/2603/3194 2185/2791/2185
vt 0.0239450 0.4501880
vt 0.0387760 0.4620540
f 3198/2793/3198 2185/2791/2185 2183/2794/2183
vt 0.3246430 0.6313950
vt 0.3262640 0.6255040
vt 0.3171660 0.6328330
f 5259/2795/5259 5271/2796/5271 5268/2797/5268
vt 0.3308760 0.6366180
f 4085/2798/4085 4687/2772/4687 5259/2795/5259
vt 0.0675170 0.4498790
vt 0.0762560 0.4541100
vt 0.0821030 0.4491830
f 4086/2799/4086 5260/2800/5260 5463/2801/5463
vt 0.3308970 0.6247780
f 5259/2795/5259 5256/2802/5256 5271/2796/5271
f 5259/2795/5259 5255/1711/5255 5256/2802/5256
f 4687/2772/4687 5255/1711/5255 5259/2795/5259
vt 0.8632450 0.5000550
vt 0.8647320 0.4948240
vt 0.8651620 0.5063490
f 5273/2803/5273 2559/2804/2559 5269/2805/5269
vt 0.0656640 0.7076120
vt 0.0569220 0.7083280
vt 0.0548110 0.7106730
f 2339/2806/2339 5270/2807/5270 2350/2808/2350
vt 0.3316800 0.6190320
f 5272/2809/5272 5271/2796/5271 5256/2802/5256
f 5274/1710/5274 5276/1750/5276 4162/1751/4162
f 5274/1710/5274 4162/1751/4162 5272/2809/5272
f 5255/1711/5255 5274/1710/5274 5256/2802/5256
f 5256/2802/5256 5274/1710/5274 5272/2809/5272
vt 0.3331230 0.6147140
f 5272/2809/5272 4162/1751/4162 2557/2810/2557
vt 0.0323240 0.4754190
f 3209/2765/3209 3214/2811/3214 3206/2766/3206
vt 0.3526400 0.6739470
vt 0.3564560 0.6875640
vt 0.3522890 0.6822210
f 3723/2812/3723 2193/2813/2193 3725/2814/3725
vt 0.3482210 0.6681810
vt 0.3617480 0.6685140
f 2190/2815/2190 3208/2816/3208 3723/2812/3723
f 3208/2816/3208 2193/2813/2193 3723/2812/3723
f 3209/2765/3209 2183/2794/2183 3214/2811/3214
f 3208/2816/3208 3215/1753/3215 2184/1755/2184
vt 0.7832320 0.9199650
vt 0.7856580 0.9353980
vt 0.7836970 0.9318200
f 2215/2817/2215 2210/2818/2210 5149/2819/5149
vt 0.3614620 0.6881790
f 2209/1754/2209 2213/2820/2213 2184/1755/2184
f 3208/2816/3208 2184/1755/2184 2193/2813/2193
vt 0.0362950 0.7084700
vt 0.0422630 0.7111650
f 2350/2808/2350 2558/2821/2558 2327/2822/2327
f 5270/2807/5270 2558/2821/2558 2350/2808/2350
f 4160/1761/4160 2314/1760/2314 2558/2821/2558
vt 0.6963090 0.6167820
f 2315/2823/2315 2322/1698/2322 2317/1700/2317
vt 0.6827800 0.6138850
vt 0.6816130 0.6343310
vt 0.6700290 0.6152970
f 2326/2824/2326 2332/2825/2332 2349/2826/2349
vt 0.6718530 0.6423220
f 2336/2827/2336 2349/2826/2349 2332/2825/2332
vt 0.6589380 0.6185720
vt 0.6646070 0.6754520
f 2340/2828/2340 2336/2827/2336 2338/2829/2338
f 2349/2826/2349 2336/2827/2336 2340/2828/2340
f 2326/2824/2326 2315/2823/2315 2332/2825/2332
f 2315/2823/2315 2317/1700/2317 2332/2825/2332
f 2558/2821/2558 2314/1760/2314 2327/2822/2327
vt 0.7697200 0.8620510
vt 0.7753380 0.8475760
vt 0.7668280 0.8632620
f 3402/2830/3402 3836/2831/3836 4705/2832/4705
vt 0.7731310 0.8470900
f 3224/2833/3224 4705/2832/4705 3836/2831/3836
vt 0.7451090 0.8483170
f 3224/2833/3224 4701/2834/4701 4705/2832/4705
vt 0.7446720 0.8683890
f 4699/2835/4699 4705/2832/4705 4701/2834/4701
vt 0.6523140 0.4745730
f 3387/1992/3387 3234/1991/3234 3837/2836/3837
vt 0.3676260 0.6309830
vt 0.3803480 0.6273050
vt 0.3659580 0.6260500
f 4702/2837/4702 3252/2838/3252 3141/2839/3141
vt 0.6528060 0.9839450
vt 0.6689550 0.9715900
vt 0.6614780 0.9664370
f 4276/2840/4276 3249/2841/3249 3543/2842/3543
vt 0.3629690 0.6287620
f 3248/2843/3248 4702/2837/4702 3141/2839/3141
vt 0.9910340 0.0114400
f 3540/2844/3540 2829/1819/2829 3539/1818/3539
vt 0.3544670 0.8629830
vt 0.3610870 0.8950290
vt 0.3567770 0.8950070
f 2002/2845/2002 3258/2846/3258 3835/2847/3835
vt 0.6539210 0.4766820
vt 0.6547810 0.4749970
f 3225/2848/3225 3837/2836/3837 3255/2849/3255
vt 0.0184090 0.5699830
vt 0.0025980 0.5937410
vt 0.0155880 0.5699890
f 3257/2850/3257 4703/2851/4703 3226/2852/3226
vt 0.3581990 0.8658800
f 2002/2845/2002 2006/1915/2006 2000/2853/2000
vt 0.9279910 0.6695640
vt 0.9256350 0.6982780
vt 0.9259770 0.6693190
f 2830/2854/2830 3541/2855/3541 1325/2856/1325
vt 0.1058460 0.5147580
vt 0.1055340 0.5258110
f 1324/1792/1324 4696/2857/4696 3882/2858/3882
vt 0.3914720 0.6597720
vt 0.4089780 0.6613650
vt 0.3934190 0.6262710
f 3261/2859/3261 1553/2860/1553 3253/2861/3253
vt 0.3727470 0.6576910
f 3256/2862/3256 3252/2838/3252 4702/2837/4702
f 3261/2859/3261 3252/2838/3252 3256/2862/3256
vt 0.4049480 0.6257200
f 1553/2860/1553 1549/2863/1549 3253/2861/3253
vt 0.7305370 0.8391240
vt 0.7279040 0.8271930
vt 0.7324880 0.8101690
f 2001/2864/2001 3260/2865/3260 3259/2866/3259
f 2002/2845/2002 2000/2853/2000 3258/2846/3258
vt 0.6682490 0.9595340
f 3249/2841/3249 1334/2867/1334 3543/2842/3543
f 3542/2777/3542 4691/2779/4691 4694/1822/4694
f 3542/2777/3542 4694/1822/4694 1326/1821/1326
vt 0.4433970 0.3022970
f 2878/2783/2878 4693/2868/4693 1332/2784/1332
vt 0.5111000 0.5803960
vt 0.5162700 0.5823970
vt 0.5163530 0.5858080
f 4692/2869/4692 2879/2870/2879 2881/2871/2881
vt 0.4644630 0.2819310
vt 0.4485760 0.2974480
vt 0.5196960 0.2737170
f 3883/2872/3883 2880/2873/2880 2883/2874/2883
vt 0.4996270 0.5978000
f 4692/2869/4692 2881/2871/2881 4695/2875/4695
vt 0.5090290 0.6056480
f 2881/2871/2881 3884/2876/3884 4695/2875/4695
vt 0.7331310 0.8708190
vt 0.7272990 0.8490160
f 2001/2864/2001 2004/2877/2004 1554/2878/1554
f 3260/2865/3260 2001/2864/2001 1554/2878/1554
vt 0.9934780 0.1893790
f 5428/1990/5428 5430/1985/5430 5429/2879/5429
vt 0.7575680 0.0028030
vt 0.7628820 0.0154880
f 3838/2880/3838 2003/1910/2003 3833/2881/3833
vt 0.9544340 0.4779800
vt 0.9585130 0.4752110
vt 0.9587840 0.4959660
f 3311/2882/3311 5437/2883/5437 3236/2884/3236
vt 0.7605250 0.0019570
f 3237/2885/3237 3838/2880/3838 3833/2881/3833
vt 0.9554560 0.4954730
f 3307/2886/3307 3311/2882/3311 3236/2884/3236
f 5432/1988/5432 3310/1987/3310 3309/1999/3309
vt 0.5218280 0.8533140
f 3238/2887/3238 5436/2017/5436 3839/2018/3839
f 5429/2879/5429 5432/1988/5432 5431/1998/5431
f 5431/1998/5431 5432/1988/5432 3309/1999/3309
f 5431/1998/5431 5428/1990/5428 5429/2879/5429
f 5429/2879/5429 5430/1985/5430 5432/1988/5432
f 5435/1989/5435 5428/1990/5428 5431/1998/5431
f 3838/2880/3838 3841/1908/3841 2003/1910/2003
vt 0.3578820 0.8378780
f 2002/2845/2002 2009/2888/2009 2006/1915/2006
vt 0.1994470 0.2311390
vt 0.1993850 0.2002800
vt 0.2032420 0.2297240
f 1882/2889/1882 1885/2890/1885 3136/2891/3136
vt 0.2041680 0.1990400
f 1885/2890/1885 3132/2892/3132 3136/2891/3136
vt 0.0141190 0.3889580
vt 0.0044810 0.3621610
vt 0.0108040 0.3608400
f 4905/2893/4905 1883/2894/1883 4903/2895/4903
vt 0.0069080 0.3913910
f 4905/2893/4905 1884/2896/1884 1883/2894/1883
vt 0.9218140 0.2038990
f 3135/2897/3135 3133/1253/3133 1463/1254/1463
vt 0.9218680 0.2615000
f 3133/1253/3133 1458/2898/1458 3612/1213/3612
vt 0.0410730 0.2667050
vt 0.0483990 0.2664750
vt 0.0405110 0.2714980
f 3139/2899/3139 1888/2900/1888 1460/2901/1460
vt 0.0492550 0.2739420
f 1460/2901/1460 1888/2900/1888 3610/2902/3610
vt 0.0982160 0.3132970
f 4909/1260/4909 3611/1258/3611 1887/2903/1887
vt 0.8914470 0.0563100
vt 0.8882320 0.1169850
vt 0.8858570 0.1007450
f 1630/2904/1630 4908/2905/4908 1637/2906/1637
vt 0.1177230 0.3132380
f 4892/2907/4892 2491/1259/2491 4909/1260/4909
vt 0.1126340 0.3304890
f 4909/1260/4909 1887/2903/1887 1638/2908/1638
vt 0.8859730 0.0779200
f 1630/2904/1630 1637/2906/1637 1635/2909/1635
f 4906/1241/4906 1636/1244/1636 1638/2908/1638
vt 0.1852820 0.1405230
vt 0.1931460 0.1417850
vt 0.1925740 0.1371500
f 3912/2910/3912 5353/2911/5353 4095/2912/4095
vt 0.2050110 0.1418070
f 4095/2912/4095 5353/2911/5353 4932/2913/4932
vt 0.2068940 0.1370430
f 4932/2913/4932 3537/2914/3537 4095/2912/4095
vt 0.3077380 0.6170480
vt 0.3024090 0.6185900
vt 0.3082540 0.6201900
f 4089/2915/4089 4096/2916/4096 6020/2917/6020
vt 0.2994270 0.6123000
f 6018/2918/6018 4096/2916/4096 4089/2915/4089
vt 0.3211890 0.6180930
vt 0.3139160 0.6208680
vt 0.3240240 0.6189990
f 5015/2919/5015 6019/2920/6019 6024/2921/6024
vt 0.3106340 0.6228230
f 4096/2916/4096 3536/2922/3536 6019/2920/6019
vt 0.8591970 0.1973980
vt 0.8613440 0.1933280
vt 0.8616770 0.1999240
f 4092/2923/4092 6021/2924/6021 5016/2925/5016
vt 0.8589230 0.1898610
f 4092/2923/4092 4090/2926/4090 6021/2924/6021
vt 0.5263270 0.7960690
vt 0.5251680 0.8225050
f 2360/2927/2360 2367/1405/2367 2362/2928/2362
vt 0.2486970 0.3407590
vt 0.2483460 0.3349850
vt 0.2347570 0.3362950
f 4911/2929/4911 4924/2930/4924 2742/2931/2742
vt 0.2361300 0.3314350
f 4925/2932/4925 2742/2931/2742 4924/2930/4924
vt 0.2344990 0.3407930
f 4911/2929/4911 2742/2931/2742 4931/2933/4931
vt 0.2578850 0.3464200
vt 0.2643890 0.3345060
f 4923/2934/4923 2021/2935/2021 4924/2930/4924
f 4911/2929/4911 4923/2934/4923 4924/2930/4924
f 4924/2930/4924 2021/2935/2021 4925/2932/4925
vt 0.2328340 0.3075560
f 2021/2935/2021 2361/2936/2361 4925/2932/4925
vt 0.5282830 0.8271410
f 4884/2937/4884 2371/1407/2371 2369/1440/2369
vt 0.1522520 0.1540050
vt 0.1586340 0.1524100
vt 0.1572690 0.1807690
f 2363/2938/2363 2372/2939/2372 2741/2940/2741
vt 0.1533270 0.1795700
f 4926/2941/4926 2363/2938/2363 2741/2940/2741
f 2367/1405/2367 2371/1407/2371 2362/2928/2362
vt 0.2260960 0.3102260
f 4931/2933/4931 2742/2931/2742 4883/2942/4883
vt 0.2291570 0.3102070
f 2742/2931/2742 2373/2943/2373 4883/2942/4883
vt 0.2598370 0.3084320
f 2021/2935/2021 2359/2944/2359 2361/2936/2361
f 6019/2920/6019 3536/2922/3536 6024/2921/6024
vt 0.2234960 0.3088850
vt 0.1445310 0.3318670
f 4883/2942/4883 2370/2945/2370 4886/2946/4886
vt 0.7391180 0.2611220
vt 0.7080000 0.2604550
vt 0.7058270 0.2687840
f 1773/2947/1773 1771/2948/1771 4890/2949/4890
vt 0.7402780 0.2697090
vt 0.7273090 0.2707730
f 1767/2950/1767 4890/2949/4890 4887/2951/4887
vt 0.1309790 0.3298330
vt 0.1253510 0.3401940
f 4888/2952/4888 4892/2907/4892 4879/2953/4879
vt 0.1167290 0.3139790
f 4879/2953/4879 4892/2907/4892 3069/2954/3069
vt 0.3682590 0.4891420
vt 0.3368450 0.4891040
vt 0.3352410 0.4973520
f 2247/2955/2247 1948/2956/1948 1952/2957/1952
vt 0.1519220 0.3420040
vt 0.1586820 0.3345400
f 4852/2958/4852 4885/2959/4885 4886/2946/4886
vt 0.1483510 0.3454900
f 1950/2960/1950 4852/2958/4852 4886/2946/4886
vt 0.1381880 0.3126280
f 4886/2946/4886 2370/2945/2370 3043/2961/3043
vt 0.3699320 0.4961580
f 3042/2962/3042 2247/2955/2247 1952/2957/1952
vt 0.1428710 0.3293730
f 3043/2961/3043 1953/2963/1953 4886/2946/4886
vt 0.1275340 0.3127250
f 3043/2961/3043 2370/2945/2370 4891/2964/4891
vt 0.3209350 0.1142660
vt 0.3287310 0.1131940
vt 0.3292650 0.1226100
f 2246/2965/2246 3044/2966/3044 4889/2967/4889
vt 0.3213180 0.1205320
f 1770/2968/1770 2246/2965/2246 4889/2967/4889
f 4891/2964/4891 2370/2945/2370 4892/2907/4892
f 2370/2945/2370 2491/1259/2491 4892/2907/4892
f 4888/2952/4888 4891/2964/4891 4892/2907/4892
vt 0.0800220 0.0881230
vt 0.0782980 0.0805150
vt 0.0803090 0.0803310
f 4907/2969/4907 3071/2970/3071 4893/2971/4893
vt 0.0716130 0.0859880
f 1627/2972/1627 3071/2970/3071 4907/2969/4907
vt 0.8948760 0.0970340
vt 0.8956070 0.1143400
f 1625/2973/1625 1626/2974/1626 4908/2905/4908
vt 0.2077740 0.3333690
f 4882/2975/4882 4883/2942/4883 4886/2946/4886
f 4885/2959/4885 4882/2975/4882 4886/2946/4886
f 4931/2933/4931 4883/2942/4883 4882/2975/4882
vt 0.2148060 0.3416760
f 4931/2933/4931 4882/2975/4882 4853/2976/4853
vt 0.0714370 0.0809610
f 1627/2972/1627 3075/2977/3075 3071/2970/3071
vt 0.8985110 0.1119390
f 3073/2978/3073 1626/2974/1626 1625/2973/1625
vt 0.4100240 0.8918490
vt 0.4053440 0.9067490
vt 0.4065560 0.8772940
f 1624/2979/1624 2912/2980/2912 3074/2981/3074
f 1625/2973/1625 4908/2905/4908 1630/2904/1630
vt 0.0126410 0.4153080
vt 0.0047490 0.4190480
f 1886/2982/1886 3138/2983/3138 1884/2896/1884
f 1886/2982/1886 1884/2896/1884 4905/2893/4905
f 1638/2908/1638 1887/2903/1887 4906/1241/4906
vt 0.1991870 0.1741130
f 1885/2890/1885 3137/2984/3137 3132/2892/3132
vt 0.2044050 0.1725150
f 3132/2892/3132 3137/2984/3137 1459/2985/1459
f 1767/2950/1767 1773/2947/1773 4890/2949/4890
vt 0.6028650 0.3515530
vt 0.6097300 0.3492170
vt 0.6091170 0.3790350
f 2245/2986/2245 1772/2987/1772 1775/2988/1775
vt 0.1981490 0.3438450
f 4855/2989/4855 4885/2959/4885 4852/2958/4852
vt 0.6963170 0.2682660
vt 0.7031100 0.2675380
vt 0.6996430 0.2691070
f 1054/2990/1054 4153/2991/4153 1055/2992/1055
vt 0.1270120 0.1995620
vt 0.1276700 0.1911460
vt 0.1298830 0.1975640
f 5037/2993/5037 5042/2994/5042 1052/2995/1052
vt 0.9326730 0.5924980
vt 0.9287550 0.5913610
vt 0.9252760 0.5922430
f 5126/2996/5126 5026/2997/5026 5041/2998/5041
vt 0.3015710 0.6113330
f 4089/2915/4089 6014/2999/6014 6018/2918/6018
vt 0.3057260 0.0826380
vt 0.3039870 0.0838390
vt 0.3103720 0.0844450
f 4148/3000/4148 4980/3001/4980 4149/3002/4149
vt 0.7798390 0.9412780
vt 0.7799670 0.9442550
vt 0.7866590 0.9490710
f 4971/3003/4971 4093/3004/4093 4146/3005/4146
vt 0.7358220 0.1981380
vt 0.7382870 0.1961310
vt 0.7339340 0.1967230
f 4967/3006/4967 4972/3007/4972 4151/3008/4151
vt 0.3130880 0.0830210
f 4149/3002/4149 4973/3009/4973 4148/3000/4148
vt 0.7423290 0.1969170
f 4967/3006/4967 5045/3010/5045 4972/3007/4972
vt 0.1315460 0.1904560
f 5042/2994/5042 5044/3011/5044 1052/2995/1052
vt 0.7772310 0.0149790
vt 0.7780640 0.0182750
vt 0.7757230 0.0123360
f 5046/3012/5046 5040/3013/5040 4970/3014/4970
vt 0.7798920 0.9315750
f 4971/3003/4971 6013/3015/6013 4093/3004/4093
vt 0.7779110 0.9355280
f 4091/3016/4091 4093/3004/4093 6013/3015/6013
vt 0.7757780 0.0168270
f 5040/3013/5040 4071/3017/4071 4970/3014/4970
vt 0.6563480 0.3016060
vt 0.6657520 0.3016060
vt 0.6623260 0.3023700
f 6012/3018/6012 4969/3019/4969 4070/3020/4070
vt 0.7796600 0.0215170
f 5025/3021/5025 4071/3017/4071 5040/3013/5040
vt 0.1360760 0.3011020
vt 0.1409530 0.3023700
vt 0.1414660 0.3010110
f 1053/3022/1053 4966/3023/4966 4152/3024/4152
vt 0.5404200 0.9430500
vt 0.5387930 0.9366430
vt 0.5417340 0.9418280
f 4982/3025/4982 4216/3026/4216 4984/3027/4984
vt 0.7872260 0.0011470
vt 0.7835830 0.0029310
vt 0.7816860 0.0035910
f 4985/3028/4985 1042/3029/1042 4979/3030/4979
vt 0.5442150 0.9475370
f 4981/3031/4981 4982/3025/4982 4984/3027/4984
vt 0.5431760 0.9481360
f 4981/3031/4981 4145/3032/4145 4982/3025/4982
vt 0.8137790 0.4751100
vt 0.8248980 0.4661610
vt 0.8282750 0.4781610
f 6119/3033/6119 6117/3034/6117 2030/3035/2030
vt 0.1035580 0.7037300
vt 0.1017530 0.6849010
vt 0.0995060 0.6959170
f 2043/3036/2043 6120/3037/6120 2033/3038/2033
vt 0.8161330 0.4909040
f 2032/3039/2032 6119/3033/6119 2030/3035/2030
vt 0.1112080 0.7016250
f 2043/3036/2043 6122/3040/6122 6120/3037/6120
vt 0.8353350 0.4924450
vt 0.8225520 0.5086080
f 2032/3039/2032 2026/3041/2026 2025/3042/2025
vt 0.8360340 0.5080640
f 2025/3042/2025 2026/3041/2026 2029/3043/2029
f 2032/3039/2032 2030/3035/2030 2026/3041/2026
vt 0.7990950 0.4964590
vt 0.8097270 0.5055120
f 2045/3044/2045 2032/3039/2032 2034/3045/2034
f 2034/3045/2034 2032/3039/2032 2025/3042/2025
vt 0.7978580 0.5167530
f 5538/3046/5538 2045/3044/2045 2034/3045/2034
vt 0.8172910 0.5268340
f 2035/3047/2035 2034/3045/2034 2025/3042/2025
vt 0.8501510 0.4935590
vt 0.8491300 0.5118180
f 2029/3043/2029 2028/3048/2028 2165/3049/2165
vt 0.7181350 0.5547770
vt 0.7158940 0.5516300
f 2027/3050/2027 2157/3051/2157 2166/1469/2166
vt 0.9323680 0.2861520
f 2873/1446/2873 2156/3052/2156 2163/1447/2163
f 2035/3047/2035 2025/3042/2025 2036/1463/2036
f 2036/1463/2036 2029/3043/2029 2165/3049/2165
f 2036/1463/2036 2165/3049/2165 2038/1462/2038
f 2036/1463/2036 2025/3042/2025 2029/3043/2029
f 2166/1469/2166 2157/3051/2157 2874/1470/2874
f 2026/3041/2026 2028/3048/2028 2029/3043/2029
vt 0.3946850 0.4551440
vt 0.3927000 0.4663460
vt 0.3889150 0.4549620
f 2170/3053/2170 5671/3054/5671 4172/3055/4172
vt 0.3978520 0.4678910
f 5665/3056/5665 5671/3054/5671 2170/3053/2170
vt 0.9362560 0.2452680
vt 0.9438400 0.2412670
vt 0.9387460 0.2517160
f 2056/3057/2056 5664/3058/5664 2171/3059/2171
vt 0.8489550 0.4540230
vt 0.8337820 0.4538590
vt 0.8479680 0.4441660
f 2054/3060/2054 6116/3061/6116 5670/3062/5670
vt 0.8366480 0.4630640
f 6116/3061/6116 2054/3060/2054 2031/3063/2031
vt 0.9321530 0.2561560
f 2167/3064/2167 2056/3057/2056 2171/3059/2171
vt 0.9340210 0.2676480
vt 0.9406950 0.2743390
f 2156/3052/2156 2172/3065/2172 4170/3066/4170
vt 0.7368970 0.5504520
f 2168/3067/2168 2157/3051/2157 2027/3050/2027
f 2156/3052/2156 4170/3066/4170 2163/1447/2163
f 6117/3034/6117 2031/3063/2031 2030/3035/2030
vt 0.8481750 0.4730690
f 2030/3035/2030 2169/3068/2169 2026/3041/2026
vt 0.7456710 0.5442560
f 2157/3051/2157 2168/3067/2168 2173/3069/2173
f 2054/3060/2054 2169/3068/2169 2031/3063/2031
f 2026/3041/2026 2169/3068/2169 2028/3048/2028
f 2169/3068/2169 2030/3035/2030 2031/3063/2031
f 6117/3034/6117 6116/3061/6116 2031/3063/2031
vt 0.5790080 0.3231760
vt 0.5517320 0.3197790
vt 0.5785120 0.3255250
f 4354/3070/4354 4326/3071/4326 3832/3072/3832
vt 0.5470910 0.3251870
f 4326/3071/4326 5818/3073/5818 3832/3072/3832
vt 0.5440010 0.3676010
vt 0.5857250 0.3772680
vt 0.5836730 0.3684160
f 5806/3074/5806 5805/3075/5805 5803/3076/5803
vt 0.7023760 0.9445190
vt 0.7129670 0.9386180
vt 0.7056420 0.9286230
f 5778/3077/5778 5772/3078/5772 5790/3079/5790
vt 0.5785380 0.3368630
f 3832/3072/3832 5818/3073/5818 5771/3080/5771
vt 0.6493070 0.5823040
vt 0.6508420 0.5858720
vt 0.6611370 0.5800380
f 5777/3081/5777 3831/3082/3831 5770/3083/5770
vt 0.6986480 0.9148030
vt 0.7032280 0.9239970
vt 0.7027120 0.9141050
f 5788/3084/5788 5776/3085/5776 2110/3086/2110
vt 0.3298570 0.1374520
vt 0.3283580 0.1431520
vt 0.3256270 0.1425130
f 5787/3087/5787 5765/3088/5765 5774/3089/5774
vt 0.0307340 0.6953850
vt 0.0317530 0.6907490
vt 0.0320620 0.6967400
f 5789/3090/5789 5769/3091/5769 5775/3092/5775
vt 0.5882190 0.3386460
vt 0.5539720 0.3469140
vt 0.5880940 0.3469840
f 5773/3093/5773 5814/3094/5814 2107/3095/2107
f 5773/3093/5773 5771/3080/5771 5814/3094/5814
vt 0.5906120 0.3580890
vt 0.5700990 0.3492920
f 3067/3096/3067 5815/3097/5815 5803/3076/5803
vt 0.5481090 0.3550140
f 5815/3097/5815 5807/3098/5807 5803/3076/5803
vt 0.0297630 0.9412370
vt 0.0318930 0.9401040
vt 0.0223350 0.9331040
f 3065/3099/3065 2109/3100/2109 5816/3101/5816
vt 0.5896320 0.3725310
f 4467/3102/4467 5803/3076/5803 5805/3075/5805
f 3067/3096/3067 5803/3076/5803 4467/3102/4467
f 5771/3080/5771 5818/3073/5818 5814/3094/5814
vt 0.0359210 0.9436740
f 4465/3103/4465 2109/3100/2109 3065/3099/3065
vt 0.2121150 0.5522890
vt 0.2078610 0.5399510
vt 0.2037500 0.5414630
f 4466/3104/4466 4464/3105/4464 3066/3106/3066
vt 0.5898210 0.3841970
f 4467/3102/4467 5805/3075/5805 4460/3107/4460
vt 0.5323530 0.3150500
f 4326/3071/4326 4338/3108/4338 5818/3073/5818
vt 0.3985110 0.5319190
vt 0.3961600 0.5316610
vt 0.3969980 0.5194950
f 4337/3109/4337 5813/3110/5813 5819/3111/5819
vt 0.5119050 0.3183170
vt 0.4970440 0.3248490
vt 0.5172230 0.3255810
f 4336/3112/4336 4344/3113/4344 5811/3114/5811
vt 0.6474490 0.5797580
vt 0.6410450 0.5753840
vt 0.6486380 0.5849720
f 3825/3115/3825 4333/3116/4333 4356/3117/4356
vt 0.3080060 0.1102300
vt 0.3072970 0.1071660
vt 0.3024320 0.1068400
f 5029/3118/5029 3826/3119/3826 3159/3120/3159
vt 0.3079360 0.1164570
f 5029/3118/5029 3159/3120/3159 3828/3121/3828
vt 0.6563950 0.5765570
vt 0.6504410 0.5784970
f 3830/3122/3830 4333/3116/4333 5030/3123/5030
f 4333/3116/4333 3825/3115/3825 5030/3123/5030
f 3825/3115/3825 4356/3117/4356 5777/3081/5777
f 5777/3081/5777 4356/3117/4356 3831/3082/3831
vt 0.6986320 0.9377610
vt 0.6900070 0.9392110
vt 0.6968870 0.9418990
f 5768/3124/5768 5779/3125/5779 3158/3126/3158
vt 0.3028460 0.1162160
f 3159/3120/3159 3156/3127/3156 3828/3121/3828
vt 0.6979910 0.9462790
f 3158/3126/3158 3827/3128/3827 5768/3124/5768
f 5768/3124/5768 3827/3128/3827 5778/3077/5778
vt 0.7006720 0.9279740
f 5767/3129/5767 5779/3125/5779 5768/3124/5768
f 5767/3129/5767 5768/3124/5768 5790/3079/5790
f 5778/3077/5778 5790/3079/5790 5768/3124/5768
f 5776/3085/5776 5767/3129/5767 5790/3079/5790
vt 0.6613920 0.9354690
vt 0.6980050 0.9241170
f 3565/3130/3565 5766/3131/5766 5788/3084/5788
vt 0.6875790 0.9347720
f 3565/3130/3565 5784/3132/5784 5766/3131/5766
vt 0.6892380 0.9336760
f 5785/3133/5785 5779/3125/5779 5767/3129/5767
f 5785/3133/5785 5767/3129/5767 5766/3131/5766
f 5766/3131/5766 5767/3129/5767 5776/3085/5776
vt 0.5381910 0.3715130
f 5806/3074/5806 5800/3134/5800 5805/3075/5805
vt 0.5219950 0.3611690
f 5806/3074/5806 5798/3135/5798 5800/3134/5800
vt 0.5105360 0.3699500
f 5798/3135/5798 5824/3136/5824 5800/3134/5800
vt 0.4856650 0.3603800
f 5796/3137/5796 5824/3136/5824 5798/3135/5798
vt 0.0528610 0.3432030
vt 0.0602390 0.3398090
vt 0.0603260 0.3556170
f 5849/3138/5849 5797/3139/5797 5808/3140/5808
vt 0.5158960 0.3457610
vt 0.5120950 0.3542790
f 5810/3141/5810 5850/3142/5850 5814/3094/5814
vt 0.0560900 0.3651810
f 5808/3140/5808 5817/3143/5817 5849/3138/5849
f 5818/3073/5818 5810/3141/5810 5814/3094/5814
f 5818/3073/5818 5811/3114/5811 5810/3141/5810
vt 0.4915710 0.3463540
f 5810/3141/5810 5832/3144/5832 5850/3142/5850
f 5850/3142/5850 5796/3137/5796 5798/3135/5798
vt 0.8984940 0.0578020
f 1630/2904/1630 1634/3145/1634 1625/2973/1625
vt 0.9641670 0.9152610
vt 0.9617220 0.8916270
vt 0.9717000 0.9171180
f 3615/3146/3615 4880/3147/4880 2914/3148/2914
vt 0.4538440 0.6309700
vt 0.4497850 0.6372520
vt 0.4539940 0.6380360
f 1628/3149/1628 2913/3150/2913 1633/3151/1633
vt 0.4480420 0.6319070
f 2913/3150/2913 1628/3149/1628 3613/3152/3613
vt 0.1362020 0.3610660
vt 0.1326640 0.3538720
f 4878/3153/4878 3802/3154/3802 4879/2953/4879
vt 0.1340440 0.3712860
f 4879/2953/4879 3614/3155/3614 4878/3153/4878
vt 0.1424190 0.3589160
f 4662/3156/4662 3802/3154/3802 4878/3153/4878
vt 0.2217250 0.0704700
vt 0.2207840 0.0628710
vt 0.2230060 0.0626590
f 5200/3157/5200 4870/3158/4870 3798/3159/3798
vt 0.1479070 0.3641500
vt 0.1399720 0.3643850
f 4871/3160/4871 5199/3161/5199 3614/3155/3614
vt 0.4149630 0.4766770
vt 0.4083590 0.4697500
vt 0.4205070 0.4757450
f 5198/3162/5198 3797/3163/3797 3804/3164/3804
f 5199/3161/5199 4878/3153/4878 3614/3155/3614
vt 0.9093360 0.9640950
vt 0.9116630 0.9698010
vt 0.9090390 0.9693300
f 4782/3165/4782 4877/3166/4877 3803/3167/3803
vt 0.2251190 0.0740920
vt 0.2231910 0.0753930
f 5200/3157/5200 3805/3168/3805 4876/3169/4876
vt 0.9606480 0.4531530
vt 0.9618130 0.4565210
vt 0.9702180 0.4610250
f 4265/3170/4265 2979/3171/2979 4261/3172/4261
vt 0.9731690 0.4565990
f 4261/3172/4261 4136/3173/4136 4265/3170/4265
vt 0.1526990 0.3571010
vt 0.1573800 0.3526200
vt 0.1503060 0.3519870
f 4875/3174/4875 4138/3175/4138 3795/3176/3795
vt 0.5270730 0.0041320
vt 0.5214830 0.0018860
vt 0.5270490 0.0013110
f 4390/3177/4390 4394/3178/4394 4386/3179/4386
vt 0.1584360 0.3614630
f 4138/3175/4138 4875/3174/4875 4135/3180/4135
vt 0.1529290 0.3494730
f 4138/3175/4138 4270/3181/4270 3795/3176/3795
vt 0.4079090 0.4618070
vt 0.4121880 0.4604940
f 4874/3182/4874 3796/3183/3796 3797/3163/3797
vt 0.9805100 0.7153260
vt 0.9861540 0.7184540
vt 0.9872300 0.7165350
f 3800/3184/3800 4391/3185/4391 4387/3186/4387
vt 0.1383470 0.3555820
f 4389/3187/4389 3802/3154/3802 4662/3156/4662
vt 0.7812320 0.6706840
vt 0.7797990 0.6727690
vt 0.7842290 0.6726920
f 3807/3188/3807 4440/3189/4440 4436/3190/4436
vt 0.1468770 0.3597850
vt 0.1455900 0.3545130
f 4441/3191/4441 4393/3192/4393 4389/3187/4389
vt 0.4117250 0.4693130
f 3797/3163/3797 3806/3193/3806 3804/3164/3804
vt 0.3729000 0.2946530
vt 0.3710890 0.2979260
vt 0.3735400 0.2980540
f 4437/3194/4437 4663/3195/4663 4783/3196/4783
vt 0.4149060 0.4724230
f 3804/3164/3804 3806/3193/3806 4439/3197/4439
vt 0.4177540 0.4704540
f 4439/3197/4439 4784/3198/4784 3804/3164/3804
vt 0.9117000 0.9636180
f 4782/3165/4782 4664/3199/4664 4877/3166/4877
f 3796/3183/3796 3806/3193/3806 3797/3163/3797
vt 0.7760550 0.6705150
f 4392/3200/4392 4440/3189/4440 3807/3188/3807
vt 0.1434570 0.3612810
f 4441/3191/4441 4662/3156/4662 4438/3201/4438
f 4441/3191/4441 4389/3187/4389 4662/3156/4662
vt 0.1372830 0.3453980
f 1769/3202/1769 4888/2952/4888 4879/2953/4879
vt 0.6441860 0.8191900
vt 0.6331010 0.8217140
vt 0.6609920 0.8248900
f 5168/3203/5168 4881/3204/4881 3068/3205/3068
vt 0.9721790 0.8626680
vt 0.9666300 0.8783920
vt 0.9664190 0.8629530
f 3072/3206/3072 5169/3207/5169 3070/3208/3070
vt 0.9701990 0.8923010
f 5169/3207/5169 2911/3209/2911 4880/3147/4880
f 3802/3154/3802 1769/3202/1769 4879/2953/4879
f 3072/3206/3072 2911/3209/2911 5169/3207/5169
f 4270/3181/4270 4852/2958/4852 1950/2960/1950
vt 0.9764600 0.4605080
vt 0.9785240 0.4537010
f 4261/3172/4261 4272/3210/4272 4269/3211/4269
f 4261/3172/4261 4269/3211/4269 4136/3173/4136
f 3795/3176/3795 4270/3181/4270 3802/3154/3802
vt 0.4207000 0.4648660
vt 0.4212380 0.4617910
f 4388/3212/4388 3796/3183/3796 3801/3213/3801
f 1950/2960/1950 1769/3202/1769 4270/3181/4270
vt 0.4132140 0.4648230
f 4395/3214/4395 3796/3183/3796 4388/3212/4388
f 4270/3181/4270 1769/3202/1769 3802/3154/3802
f 3806/3193/3806 3796/3183/3796 4395/3214/4395
vt 0.4097790 0.9316800
vt 0.4061300 0.9322450
f 2912/2980/2912 1632/3215/1632 2915/3216/2915
f 2912/2980/2912 1624/2979/1624 1632/3215/1632
f 2911/3209/2911 2914/3148/2914 4880/3147/4880
vt 0.1708340 0.3510130
vt 0.1587940 0.3475430
vt 0.1617070 0.3500350
f 4488/3217/4488 4271/3218/4271 4258/3219/4258
f 4488/3217/4488 4852/2958/4852 4271/3218/4271
f 4270/3181/4270 4271/3218/4271 4852/2958/4852
vt 0.9628340 0.4677030
vt 0.9670190 0.4682280
vt 0.9682140 0.4660650
f 4255/3220/4255 4486/3221/4486 4256/3222/4256
vt 0.3427860 0.9264430
vt 0.3407060 0.9280780
vt 0.3368350 0.9278020
f 4650/3223/4650 4657/3224/4657 4648/3225/4648
vt 0.1750440 0.3495910
f 4647/3226/4647 4852/2958/4852 4488/3217/4488
vt 0.9626060 0.4644240
f 4262/3227/4262 4256/3222/4256 4261/3172/4261
vt 0.9777940 0.7051540
vt 0.9777530 0.7107100
vt 0.9800160 0.7104990
f 4259/3228/4259 2982/3229/2982 4263/3230/4263
vt 0.1669670 0.3506700
f 4488/3217/4488 4258/3219/4258 4257/3231/4257
vt 0.1828310 0.3493750
f 4656/3232/4656 4855/2989/4855 4852/2958/4852
f 4647/3226/4647 4656/3232/4656 4852/2958/4852
vt 0.3472970 0.9293670
f 4677/3233/4677 4657/3224/4657 4650/3223/4650
vt 0.9502270 0.5783640
vt 0.9453160 0.5790480
vt 0.9507490 0.5802340
f 2983/3234/2983 2976/3235/2976 4264/3236/4264
vt 0.8059370 0.7175200
vt 0.8058180 0.7236910
vt 0.8142030 0.7149020
f 1947/3237/1947 1774/3238/1774 1951/3239/1951
vt 0.8145040 0.7250600
f 1768/3240/1768 1951/3239/1951 1774/3238/1774
vt 0.7529280 0.2964680
vt 0.7584900 0.2899150
vt 0.7576080 0.2976830
f 2977/3241/2977 2974/3242/2974 2980/3243/2980
vt 0.9251330 0.6125220
vt 0.9266940 0.6052460
vt 0.9251060 0.6048970
f 2981/3244/2981 2975/3245/2975 4260/3246/4260
vt 0.7536500 0.2903480
f 2984/3247/2984 2974/3242/2974 2977/3241/2977
vt 0.9761820 0.7059900
f 2973/3248/2973 2982/3229/2982 4259/3228/4259
vt 0.6708000 0.4963950
vt 0.6679790 0.4986130
f 1340/3249/1340 5802/3250/5802 1346/2787/1346
vt 0.5851020 0.3975130
vt 0.5646260 0.3919640
vt 0.5801190 0.3983840
f 1345/3251/1345 5801/3252/5801 5858/3253/5858
f 1346/2787/1346 1339/2786/1339 1340/3249/1340
vt 0.6012060 0.3130620
f 2887/2755/2887 1344/3254/1344 5859/2758/5859
vt 0.5973130 0.3138380
f 2176/2785/2176 1343/3255/1343 2887/2755/2887
vt 0.5594290 0.4010860
f 5858/3253/5858 5801/3252/5801 5852/3256/5852
vt 0.2782840 0.4842120
vt 0.2360870 0.5047170
f 1365/2303/1365 1356/3257/1356 1353/3258/1353
f 1365/2303/1365 1353/3258/1353 1396/2304/1396
vt 0.2833300 0.4840280
f 2583/3259/2583 1356/3257/1356 1365/2303/1365
vt 0.2574750 0.4733160
f 2583/3259/2583 1382/3260/1382 1356/3257/1356
vt 0.6144390 0.1328290
vt 0.6099620 0.1289780
vt 0.5922740 0.1275420
f 1437/3261/1437 1379/3262/1379 1383/3263/1383
vt 0.6218180 0.1390670
f 1437/3261/1437 1403/3264/1403 1379/3262/1379
vt 0.2453760 0.4568660
vt 0.2435260 0.4560400
vt 0.2448310 0.4613110
f 1402/3265/1402 2760/3266/2760 1386/3267/1386
vt 0.2353510 0.4656220
vt 0.2152400 0.4767850
f 1386/3267/1386 1400/3268/1400 1398/3269/1398
vt 0.2161380 0.4831470
vt 0.2197000 0.4909060
f 1386/3267/1386 1397/3270/1397 1352/3271/1352
vt 0.2547130 0.4686040
f 1381/3272/1381 1352/3271/1352 1382/3260/1382
f 1398/3269/1398 1397/3270/1397 1386/3267/1386
f 1356/3257/1356 1382/3260/1382 1353/3258/1353
f 1381/3272/1381 1386/3267/1386 1352/3271/1352
vt 0.2509290 0.4654510
f 1402/3265/1402 1386/3267/1386 1380/3273/1380
vt 0.4150130 0.5155870
vt 0.4145210 0.4996180
vt 0.4156410 0.5136680
f 5609/3274/5609 5601/3275/5601 5058/3276/5058
vt 0.3228650 0.3333670
vt 0.3365620 0.3286850
vt 0.3178740 0.3256170
f 5576/3277/5576 5579/3278/5579 2341/3279/2341
vt 0.6663670 0.7554590
vt 0.6539770 0.7386560
vt 0.6618340 0.7389710
f 2342/3280/2342 5578/3281/5578 2337/3282/2337
vt 0.6929760 0.8065210
vt 0.6922270 0.8103360
vt 0.6908310 0.8061930
f 4804/3283/4804 4975/3284/4975 5602/3285/5602
vt 0.6547280 0.7290320
f 5603/3286/5603 2337/3282/2337 5578/3281/5578
vt 0.9230710 0.9795970
vt 0.9246680 0.9769600
vt 0.9256120 0.9781700
f 4965/3287/4965 4962/3288/4962 5582/3289/5582
vt 0.9803430 0.2483680
vt 0.9822090 0.2495950
vt 0.9909870 0.2465600
f 5581/3290/5581 5186/3291/5186 5604/3292/5604
vt 0.3287220 0.3415000
f 5579/3278/5579 5576/3277/5576 5586/3293/5586
vt 0.3387620 0.3322400
f 5586/3293/5586 5148/3294/5148 5579/3278/5579
vt 0.9244350 0.9814410
f 5147/3295/5147 4965/3287/4965 5582/3289/5582
vt 0.9305300 0.2432760
vt 0.9294160 0.2448220
vt 0.9314260 0.2445090
f 4963/3296/4963 5184/3297/5184 5580/3298/5580
vt 0.2282980 0.4339470
vt 0.2281740 0.4318840
vt 0.1977360 0.4465580
f 5415/3299/5415 5416/3300/5416 5417/3301/5417
vt 0.1980470 0.4486320
f 5415/3299/5415 5417/3301/5417 5419/3302/5419
vt 0.2280410 0.4298930
f 5416/3300/5416 1394/3303/1394 5417/3301/5417
vt 0.2085710 0.5115990
vt 0.2341880 0.5126750
f 1351/3304/1351 1395/3305/1395 1353/3258/1353
vt 0.2031360 0.5273000
f 1351/3304/1351 5189/3306/5189 1395/3305/1395
vt 0.2018680 0.4438890
f 5417/3301/5417 1394/3303/1394 5188/3307/5188
f 1353/3258/1353 1352/3271/1352 1351/3304/1351
f 1396/2304/1396 1353/3258/1353 1395/3305/1395
vt 0.2880930 0.4343100
f 1394/3303/1394 5416/3300/5416 1350/3308/1350
vt 0.2873440 0.4362480
f 1350/3308/1350 5416/3300/5416 5414/3309/5414
vt 0.1985530 0.4872900
f 1397/3270/1397 1387/3310/1387 1352/3271/1352
vt 0.1800260 0.5001390
f 1352/3271/1352 1367/3311/1367 1351/3304/1351
f 1387/3310/1387 1367/3311/1367 1352/3271/1352
vt 0.9154290 0.7407620
vt 0.9167310 0.7266710
vt 0.9180990 0.7249990
f 1388/3312/1388 2773/3313/2773 1366/3314/1366
f 1353/3258/1353 1382/3260/1382 1352/3271/1352
f 1348/2507/1348 1396/2304/1396 1395/3305/1395
vt 0.8848710 0.7163160
vt 0.8577500 0.7136940
vt 0.8576420 0.7159670
f 3808/3315/3808 2788/3316/2788 5592/3317/5592
vt 0.3620040 0.3200910
vt 0.3592190 0.3180580
vt 0.3489220 0.3226980
f 4845/3318/4845 5059/3319/5059 5606/3320/5606
vt 0.4360290 0.2894700
vt 0.3619270 0.3143900
f 2789/3321/2789 5610/3322/5610 4845/3318/4845
vt 0.5049980 0.6603680
vt 0.5072180 0.6628670
vt 0.5085080 0.6604700
f 4844/3323/4844 4250/3324/4250 5057/3325/5057
vt 0.4894200 0.4170490
vt 0.4931680 0.4154830
vt 0.4918440 0.4128350
f 4252/3326/4252 4249/3327/4249 4846/3328/4846
vt 0.2649500 0.5875380
vt 0.2668500 0.5879370
vt 0.2652830 0.5902800
f 5060/3329/5060 4248/3330/4248 4251/3331/4251
vt 0.3609360 0.3168560
f 5610/3322/5610 4253/3332/4253 4845/3318/4845
vt 0.2640320 0.5894130
f 5060/3329/5060 4251/3331/4251 5608/3333/5608
vt 0.3078140 0.6372400
vt 0.1580880 0.6098270
vt 0.1580180 0.6130770
f 5427/3334/5427 2787/3335/2787 5422/3336/5422
vt 0.3064480 0.6357760
f 5427/3334/5427 5258/3337/5258 2787/3335/2787
vt 0.8033290 0.3016870
vt 0.8054550 0.3036950
vt 0.9097830 0.3017390
f 5257/3338/5257 2790/3339/2790 2786/3340/2786
vt 0.0232640 0.5800690
vt 0.0202290 0.5775750
vt 0.0216580 0.5761480
f 5068/3341/5068 4805/3342/4805 5605/3343/5605
vt 0.3512340 0.3263540
vt 0.3388120 0.3269680
f 5148/3294/5148 4974/3344/4974 5185/3345/5185
vt 0.9280430 0.2427370
vt 0.9267340 0.2445020
f 4964/3346/4964 5146/3347/5146 5184/3297/5184
vt 0.0231790 0.5829030
vt 0.0202280 0.5807680
f 4976/3348/4976 4803/3349/4803 5068/3341/5068
vt 0.3479840 0.3273310
f 4974/3344/4974 5069/3350/5069 5185/3345/5185
f 5185/3345/5185 5069/3350/5069 5606/3320/5606
f 4963/3296/4963 4964/3346/4964 5184/3297/5184
f 4803/3349/4803 4805/3342/4805 5068/3341/5068
vt 0.6944350 0.8084730
f 4804/3283/4804 4802/3351/4802 4975/3284/4975
f 4845/3318/4845 4974/3344/4974 2789/3321/2789
vt 0.3483700 0.3349530
f 4974/3344/4974 5593/3352/5593 2789/3321/2789
f 4974/3344/4974 4845/3318/4845 5606/3320/5606
vt 0.9107310 0.3041230
f 2786/3340/2786 2790/3339/2790 5591/3353/5591
f 5586/3293/5586 5593/3352/5593 5148/3294/5148
f 5593/3352/5593 4974/3344/4974 5148/3294/5148
vt 0.8859270 0.7138010
f 3808/3315/3808 5263/3354/5263 2788/3316/2788
vt 0.1112980 0.6105360
vt 0.1105300 0.6141550
f 2787/3335/2787 5262/3355/5262 5420/3356/5420
vt 0.2256290 0.4468210
vt 0.2002440 0.4593280
f 5421/3357/5421 5415/3299/5415 5423/3358/5423
f 5415/3299/5415 5419/3302/5419 5423/3358/5423
f 2787/3335/2787 5420/3356/5420 5422/3336/5422
f 5414/3309/5414 5416/3300/5416 5415/3299/5415
vt 0.8696670 0.8256620
vt 0.8509060 0.8834510
vt 0.8590270 0.8171070
f 6231/3359/6231 2750/3360/2750 3151/3361/3151
vt 0.8808370 0.8099740
f 6227/3362/6227 6231/3359/6231 3151/3361/3151
vt 0.7248670 0.0389480
vt 0.7145490 0.0561870
vt 0.7264160 0.0395100
f 2775/3363/2775 6229/3364/6229 3150/3365/3150
vt 0.8838260 0.8440180
f 6227/3362/6227 6218/3366/6218 6231/3359/6231
f 1838/2710/1838 1834/2630/1834 1450/2637/1450
vt 0.8248090 0.0067130
vt 0.8134950 0.0106530
f 1415/2639/1415 1425/3367/1425 1418/3368/1418
vt 0.8371500 0.0101130
f 1425/3367/1425 1415/2639/1415 1837/3369/1837
vt 0.0484490 0.9854090
vt 0.0387270 0.9533080
f 1838/2710/1838 1836/3370/1836 1426/3371/1426
f 1838/2710/1838 1450/2637/1450 1836/3370/1836
vt 0.4575800 0.4904820
vt 0.4560890 0.4868990
vt 0.4646390 0.4779250
f 5372/3372/5372 5375/3373/5375 5380/3374/5380
vt 0.4656350 0.4858120
f 5372/3372/5372 5380/3374/5380 5370/3375/5370
vt 0.2970520 0.7915640
vt 0.3049020 0.7810310
vt 0.2888370 0.7873380
f 5381/3376/5381 5374/3377/5374 1457/3378/1457
vt 0.5381860 0.1805080
vt 0.5486700 0.1653640
vt 0.5513320 0.1961010
f 5376/3379/5376 6094/3380/6094 1456/3381/1456
vt 0.2997340 0.7545370
vt 0.2894230 0.7593620
f 1457/3378/1457 6095/3382/6095 1422/3383/1422
vt 0.4840390 0.4953690
f 2719/3384/2719 5372/3372/5372 5370/3375/5370
vt 0.3018230 0.9429950
f 5567/2314/5567 6099/3385/6099 6100/2315/6100
vt 0.2795370 0.7515120
f 6095/3382/6095 1419/3386/1419 1422/3383/1422
vt 0.8126400 0.0004360
f 1418/3368/1418 1425/3367/1425 1421/3387/1421
vt 0.9468160 0.0162000
vt 0.9358640 0.0127580
vt 0.9330910 0.0194670
f 1438/3388/1438 1453/3389/1453 1440/3390/1440
vt 0.9470880 0.0063100
f 1455/3391/1455 1453/3389/1453 1438/3388/1438
vt 0.9453150 0.0244990
f 1438/3388/1438 1440/3390/1440 1434/3392/1434
f 1440/3390/1440 1448/2633/1448 1434/3392/1434
vt 0.2801210 0.7971240
f 5381/3376/5381 1457/3378/1457 6098/3393/6098
vt 0.2808160 0.7935870
f 1457/3378/1457 1439/3394/1439 6098/3393/6098
vt 0.0233250 0.9831810
vt 0.0239630 0.9548720
f 1454/3395/1454 1420/3396/1420 1426/3371/1426
vt 0.0361060 0.9844780
f 1426/3371/1426 1452/3397/1452 1454/3395/1454
vt 0.2974680 0.9632750
vt 0.2953440 0.9553410
f 5371/3398/5371 5379/3399/5379 5567/2314/5567
f 5379/3399/5379 6099/3385/6099 5567/2314/5567
f 1452/3397/1452 1426/3371/1426 1836/3370/1836
vt 0.2683250 0.7993210
vt 0.2720550 0.7938520
vt 0.2667720 0.7936760
f 6101/3400/6101 1433/3401/1433 1432/3402/1432
f 6098/3393/6098 1439/3394/1439 1433/3401/1433
f 6098/3393/6098 1433/3401/1433 6101/3400/6101
vt 0.2658310 0.7978400
f 6101/3400/6101 1432/3402/1432 2585/3403/2585
vt 0.9377740 0.0339800
f 1434/3392/1434 1448/2633/1448 1430/3404/1430
vt 0.9239830 0.0152640
f 1453/3389/1453 1835/3405/1835 1440/3390/1440
vt 0.0459970 0.9900010
vt 0.0515420 0.9908310
f 1441/3406/1441 1450/2637/1450 1449/3407/1449
vt 0.9222500 0.0391740
f 1430/3404/1430 1448/2633/1448 1442/3408/1442
f 1836/3370/1836 1450/2637/1450 1441/3406/1441
vt 0.3206090 0.9649510
f 2720/3409/2720 5371/3398/5371 5567/2314/5567
f 5551/2388/5551 2720/3409/2720 5567/2314/5567
vt 0.3110450 0.7731360
vt 0.3074540 0.7555870
f 5378/3410/5378 5411/3411/5411 6095/3382/6095
f 1415/2639/1415 1418/3368/1418 1408/2640/1408
vt 0.2770670 0.7470710
vt 0.2738880 0.7512440
f 1419/3386/1419 6103/3412/6103 1407/3413/1407
f 6095/3382/6095 6103/3412/6103 1419/3386/1419
vt 0.2909740 0.7361700
vt 0.2690940 0.7235720
vt 0.2700850 0.7267370
f 6092/3414/6092 4946/3415/4946 4944/3416/4944
vt 0.4177250 0.6219420
vt 0.4080450 0.6144940
vt 0.4180850 0.6158310
f 4948/3417/4948 6091/3418/6091 2666/3419/2666
vt 0.3107280 0.7305840
f 6095/3382/6095 5411/3411/5411 6096/3420/6096
vt 0.3109110 0.7032080
f 6092/3414/6092 6095/3382/6095 6106/3421/6106
vt 0.4604840 0.0518390
vt 0.4733540 0.0534450
vt 0.4590100 0.0441050
f 6093/3422/6093 6105/3423/6105 2665/3424/2665
vt 0.2427640 0.0379080
vt 0.2389900 0.0391690
vt 0.2399340 0.0348680
f 4941/3425/4941 4947/3426/4947 4949/3427/4949
vt 0.0333070 0.5781910
vt 0.0305480 0.5781450
vt 0.0328150 0.5798930
f 6089/3428/6089 4940/3429/4940 4951/3430/4951
f 6102/2648/6102 6092/3414/6092 4944/3416/4944
f 5343/2644/5343 6102/2648/6102 4944/3416/4944
vt 0.2415690 0.0424130
f 4941/3425/4941 4943/3431/4943 4947/3426/4947
vt 0.7417710 0.8344800
vt 0.7339420 0.8344810
vt 0.7354560 0.8386060
f 5345/3432/5345 4942/3433/4942 4939/3434/4939
vt 0.7388730 0.8405960
f 6090/3435/6090 5345/3432/5345 4939/3434/4939
f 6102/2648/6102 6095/3382/6095 6092/3414/6092
vt 0.5737000 0.1329330
f 1443/3436/1443 1437/3261/1437 1383/3263/1383
vt 0.9759790 0.7332980
f 1445/2713/1445 1404/2712/1404 1436/3437/1436
vt 0.8869860 0.0315320
f 1444/2635/1444 1435/3438/1435 1448/2633/1448
f 1448/2633/1448 1435/3438/1435 1442/3408/1442
vt 0.5706710 0.1275050
f 1443/3436/1443 1383/3263/1383 2582/3439/2582
vt 0.5531280 0.1285270
vt 0.5609620 0.1271940
f 2586/3440/2586 2582/3439/2582 1363/3441/1363
vt 0.5545980 0.1345850
f 1431/3442/1431 2582/3439/2582 2586/3440/2586
f 1431/3442/1431 1443/3436/1443 2582/3439/2582
vt 0.3156300 0.7722990
vt 0.3140530 0.7758700
f 5382/3443/5382 5378/3410/5378 5373/3444/5373
vt 0.4395600 0.5011460
vt 0.4455860 0.4932140
vt 0.4487790 0.4981630
f 5408/3445/5408 5377/3446/5377 5383/3447/5383
vt 0.3113190 0.7605890
f 5409/3448/5409 5411/3411/5411 5378/3410/5378
vt 0.4737520 0.5042060
f 5387/3449/5387 5372/3372/5372 2719/3384/2719
f 5383/3447/5383 5372/3372/5372 5387/3449/5387
f 6088/2645/6088 4946/3415/4946 2663/2696/2663
vt 0.3548340 0.9757830
f 5386/3450/5386 2720/3409/2720 5551/2388/5551
vt 0.4870490 0.5026750
vt 0.5176820 0.5107970
f 5384/3451/5384 2719/3384/2719 5385/3452/5385
vt 0.3165590 0.7136690
vt 0.3189390 0.7022130
f 5396/3453/5396 5401/3454/5401 6096/3420/6096
vt 0.4295510 0.5264050
vt 0.4334490 0.5080990
vt 0.4335790 0.5231760
f 6097/3455/6097 5412/3456/5412 5410/3457/5410
f 5384/3451/5384 5387/3449/5387 2719/3384/2719
f 6096/3420/6096 5401/3454/5401 6106/3421/6106
f 6106/3421/6106 6095/3382/6095 6096/3420/6096
vt 0.3120330 0.6956840
f 2663/2696/2663 6104/3458/6104 1879/2697/1879
vt 0.0193970 0.5168890
vt 0.0140220 0.5327600
f 3202/3459/3202 4289/3460/4289 3204/2762/3204
vt 0.0556590 0.2818450
f 3526/1775/3526 4287/1777/4287 3201/3461/3201
f 3204/2762/3204 3205/2764/3205 3202/3459/3202
vt 0.0248060 0.5192140
f 3217/3462/3217 3200/1779/3200 3525/1781/3525
f 3525/1781/3525 3202/3459/3202 3217/3462/3217
f 4286/1785/4286 4284/1784/4284 4288/2753/4288
vt 0.4937240 0.9600870
f 3881/3463/3881 3885/2751/3885 4284/1784/4284
f 4284/1784/4284 3885/2751/3885 4288/2753/4288
f 3217/3462/3217 3202/3459/3202 3205/2764/3205
vt 0.2169860 0.6053140
f 3886/2760/3886 3879/3464/3879 2892/2761/2892
vt 0.2169400 0.6115080
f 3879/3464/3879 2888/3465/2888 2892/2761/2892
f 4283/1783/4283 4279/1787/4279 3881/3463/3881
vt 0.1909000 0.1933970
vt 0.1939810 0.1936840
vt 0.1916690 0.2113970
f 4280/3466/4280 2821/3467/2821 3878/3468/3878
vt 0.1954190 0.2103330
f 2821/3467/2821 1331/3469/1331 3878/3468/3878
f 4284/1784/4284 4283/1783/4283 3881/3463/3881
f 3879/3464/3879 2885/1801/2885 2888/3465/2888
f 2886/2757/2886 2884/2788/2884 2887/2755/2887
f 3879/3464/3879 3759/1800/3759 2885/1801/2885
f 2878/2783/2878 2884/2788/2884 2886/2757/2886
f 1825/1791/1825 2882/1793/2882 2885/1801/2885
f 2883/2874/2883 2878/2783/2878 2886/2757/2886
f 2882/1793/2882 1324/1792/1324 3882/2858/3882
f 2880/2873/2880 2878/2783/2878 2883/2874/2883
f 3206/2766/3206 3217/3462/3217 3205/2764/3205
vt 0.6084970 0.4774570
vt 0.5904300 0.4751790
vt 0.6031030 0.4784150
f 3216/3470/3216 3207/3471/3207 2191/3472/2191
f 3217/3462/3217 3220/1900/3220 3200/1779/3200
vt 0.7475780 0.8394710
f 3726/3473/3726 3717/1849/3717 3724/1898/3724
vt 0.6154750 0.4780130
f 3216/3470/3216 2191/3472/2191 3727/3474/3727
vt 0.7624460 0.8411340
f 2192/3475/2192 3724/1898/3724 3729/1897/3729
vt 0.6195140 0.4751530
f 3727/3474/3727 3219/3476/3219 3216/3470/3216
vt 0.7453720 0.7105530
vt 0.7403900 0.7133870
vt 0.7404220 0.7061740
f 5152/3477/5152 1526/3478/1526 1522/3479/1522
vt 0.7456900 0.7054640
f 3918/3480/3918 5152/3477/5152 1522/3479/1522
vt 0.4785970 0.8585370
vt 0.4719780 0.8409930
vt 0.4971610 0.7275470
f 1528/3481/1528 1521/3482/1521 1524/3483/1524
vt 0.7773890 0.7889750
f 2180/2750/2180 1523/3484/1523 2174/2748/2174
vt 0.7762780 0.7696020
f 4462/3485/4462 2174/2748/2174 1523/3484/1523
vt 0.7814670 0.7767540
f 2174/2748/2174 4462/3485/4462 1338/3486/1338
vt 0.4795880 0.7206300
vt 0.4885190 0.7255490
f 1521/3482/1521 4458/3487/4458 1267/3488/1267
vt 0.4616650 0.8406770
vt 0.4810450 0.7029880
f 1527/3489/1527 4840/3490/4840 4458/3487/4458
f 1527/3489/1527 4458/3487/4458 1521/3482/1521
vt 0.2234080 0.4204380
vt 0.2233410 0.4254120
vt 0.2171140 0.4254480
f 4047/3491/4047 4742/3492/4742 4676/3493/4676
vt 0.1740700 0.7011810
vt 0.1689980 0.6976620
vt 0.1679930 0.7017530
f 3076/3494/3076 4743/3495/4743 3079/3496/3079
vt 0.2166880 0.4205970
f 4047/3491/4047 4676/3493/4676 4186/3497/4186
vt 0.2529300 0.5482300
vt 0.2499470 0.5450430
vt 0.2582290 0.5516690
f 4049/3498/4049 4185/3499/4185 1525/3500/1525
vt 0.2339020 0.5588640
f 1525/3500/1525 4185/3499/4185 4463/3501/4463
vt 0.4928760 0.7197140
f 1267/3488/1267 4048/3502/4048 1524/3483/1524
vt 0.1737080 0.6976660
f 4675/3503/4675 4743/3495/4743 3076/3494/3076
vt 0.4128910 0.6038850
vt 0.4126480 0.5994780
vt 0.4167450 0.6024470
f 4744/3504/4744 4739/3505/4739 3080/3506/3080
vt 0.5788980 0.8636920
vt 0.5841780 0.8651840
vt 0.5788910 0.8697830
f 1266/3507/1266 4737/3508/4737 4046/3509/4046
vt 0.5842050 0.8697770
f 4046/3509/4046 4737/3508/4737 4741/3510/4741
f 1521/3482/1521 1267/3488/1267 1524/3483/1524
vt 0.4787270 0.8536840
f 1528/3481/1528 1524/3483/1524 2181/3511/2181
vt 0.5018420 0.6172980
vt 0.5019590 0.6219420
vt 0.4985270 0.6183370
f 4740/3512/4740 3497/3513/3497 4747/3514/4747
vt 0.3195420 0.8380010
vt 0.3174370 0.8422810
vt 0.3240500 0.8376510
f 3493/3515/3493 3496/3516/3496 4736/3517/4736
vt 0.6561330 0.8047870
vt 0.6561650 0.8102510
vt 0.6509580 0.8062250
f 3495/3518/3495 3494/3519/3494 4457/3520/4457
vt 0.6563480 0.8146020
vt 0.6511180 0.8121280
f 4738/3521/4738 1268/3522/1268 3494/3519/3494
f 4457/3520/4457 3494/3519/3494 1268/3522/1268
vt 0.2193620 0.5579780
f 4463/3501/4463 4466/3104/4466 4461/3523/4461
vt 0.0819050 0.8914200
vt 0.0853030 0.8881330
vt 0.0797950 0.8881330
f 4716/3524/4716 3499/3525/3499 4183/3526/4183
vt 0.7278840 0.7626380
vt 0.7330190 0.7586310
vt 0.7278050 0.7555220
f 4184/3527/4184 4181/3528/4181 4456/3529/4456
vt 0.7330030 0.7621810
f 4674/3530/4674 4181/3528/4181 4184/3527/4184
vt 0.4166090 0.5983900
f 4739/3505/4739 4748/3531/4748 3080/3506/3080
vt 0.0864410 0.8917140
f 3499/3525/3499 4716/3524/4716 4746/3532/4746
vt 0.2974610 0.5680630
vt 0.2914550 0.5668220
vt 0.2910530 0.5726250
f 4745/3533/4745 4715/3534/4715 3078/3535/3078
vt 0.2976190 0.5726760
f 4745/3533/4745 3078/3535/3078 3081/3536/3081
vt 0.3119850 0.5510140
vt 0.3107370 0.5478790
vt 0.3119030 0.5060020
f 3024/3537/3024 2615/3538/2615 3027/3539/3027
vt 0.1306470 0.6706290
vt 0.1627050 0.6867920
vt 0.1725230 0.6813620
f 6111/3540/6111 6112/3541/6112 3026/3542/3026
f 3026/3542/3026 4311/2670/4311 3032/2669/3032
vt 0.2132600 0.7083510
f 6112/3541/6112 2057/3543/2057 3026/3542/3026
f 2057/3543/2057 4311/2670/4311 3026/3542/3026
vt 0.2323180 0.7129290
f 4311/2670/4311 2057/3543/2057 4432/3544/4432
vt 0.0041520 0.9636320
vt 0.0037880 0.9697370
vt 0.0033590 0.9514760
f 5240/3545/5240 4220/3546/4220 6041/3547/6041
vt 0.6799400 0.7907540
vt 0.6957180 0.7910740
vt 0.6769210 0.7920800
f 2301/3548/2301 2303/3549/2303 2307/3550/2307
vt 0.6162570 0.0570630
vt 0.5910340 0.0584370
vt 0.6040340 0.0614270
f 2306/3551/2306 2302/3552/2302 6040/3553/6040
vt 0.5802540 0.0565740
f 2302/3552/2302 4380/3554/4380 6040/3553/6040
vt 0.6901370 0.7802690
f 2292/3555/2292 2303/3549/2303 2301/3548/2301
vt 0.9765420 0.6554220
vt 0.9727100 0.6534380
vt 0.9895610 0.6320660
f 3028/3556/3028 6110/3557/6110 3023/3558/3023
vt 0.5435510 0.4572830
vt 0.5702390 0.4978480
vt 0.5679110 0.4628630
f 6171/3559/6171 3636/3560/3636 6168/3561/6168
vt 0.5574780 0.4546420
vt 0.5605020 0.4558280
f 4819/3562/4819 6168/3561/6168 4683/3563/4683
vt 0.5474390 0.4570440
f 4083/3564/4083 6171/3559/6171 4819/3562/4819
f 6171/3559/6171 6168/3561/6168 4819/3562/4819
vt 0.4313890 0.9913860
vt 0.4289780 0.9947580
vt 0.4313650 0.9484030
f 3626/3565/3626 3634/3566/3634 3640/3567/3640
vt 0.5383020 0.4634410
vt 0.5302980 0.4688010
f 3636/3560/3636 6195/3568/6195 6199/3569/6199
f 3636/3560/3636 6171/3559/6171 6195/3568/6195
vt 0.6355460 0.1136290
vt 0.6355870 0.1162180
f 3637/3570/3637 3625/1740/3625 3639/3571/3639
vt 0.5870280 0.1164900
f 3637/3570/3637 6198/3572/6198 3625/1740/3625
vt 0.0048790 0.9473370
f 6041/3547/6041 4223/3573/4223 5240/3545/5240
vt 0.7392180 0.2787530
vt 0.7205390 0.2808360
vt 0.7347290 0.3014950
f 5239/3574/5239 4224/3575/4224 5241/3576/5241
vt 0.7424990 0.2983210
vt 0.7294080 0.3133610
f 4564/3577/4564 5241/3576/5241 4165/3578/4165
f 5239/3574/5239 5241/3576/5241 4564/3577/4564
vt 0.7190830 0.3107920
f 5241/3576/5241 4224/3575/4224 5242/3579/5242
f 5241/3576/5241 5242/3579/5242 4165/3578/4165
vt 0.9599670 0.6587910
vt 0.9615350 0.6510920
f 6123/3580/6123 5252/3581/5252 6110/3557/6110
vt 0.7011880 0.3054540
vt 0.6968300 0.3011230
vt 0.7101200 0.3141080
f 5243/3582/5243 5249/3583/5249 4169/3584/4169
vt 0.6980970 0.3087210
f 4169/3584/4169 5249/3583/5249 6126/3585/6126
f 5243/3582/5243 4169/3584/4169 5242/3579/5242
vt 0.7275590 0.9069400
vt 0.7271290 0.8929930
vt 0.7292320 0.9072870
f 4168/3586/4168 6125/3587/6125 2052/3588/2052
vt 0.1282670 0.6764080
f 5250/3589/5250 6112/3541/6112 6111/3540/6111
vt 0.9698880 0.6745920
vt 0.9796060 0.6875920
f 6121/3590/6121 6110/3557/6110 6118/3591/6118
vt 0.9807440 0.6654630
f 3028/3556/3028 4140/3592/4140 6110/3557/6110
f 4140/3592/4140 6118/3591/6118 6110/3557/6110
f 6110/3557/6110 6121/3590/6121 6123/3580/6123
vt 0.7031050 0.2775400
f 4224/3575/4224 5247/3593/5247 5243/3582/5243
f 4224/3575/4224 5243/3582/5243 5242/3579/5242
vt 0.7959450 0.5017630
vt 0.7942790 0.4931000
f 2051/3594/2051 6124/3595/6124 2045/3044/2045
vt 0.9502950 0.1695860
vt 0.9515260 0.1675220
vt 0.9517940 0.1823800
f 4167/3596/4167 2053/3597/2053 4166/3598/4166
vt 0.7960190 0.5089590
f 4164/3599/4164 2051/3594/2051 2045/3044/2045
vt 0.3552630 0.7384190
vt 0.3545570 0.7252150
vt 0.3588860 0.7419850
f 4163/3600/4163 2044/3601/2044 5537/3602/5537
f 4165/3578/4165 5242/3579/5242 4169/3584/4169
vt 0.5689620 0.4578430
f 4627/3603/4627 4683/3563/4683 6168/3561/6168
vt 0.9880030 0.5683780
vt 0.9855820 0.5690170
vt 0.9825280 0.5239310
f 2061/3604/2061 2058/3605/2058 2059/3606/2059
vt 0.9792430 0.5106610
f 2059/3606/2059 2058/3605/2058 6113/3607/6113
vt 0.3950330 0.3883480
vt 0.4461260 0.3845440
vt 0.4021480 0.3863600
f 4763/3608/4763 2062/3609/2062 2060/3610/2060
vt 0.9886360 0.5716200
vt 0.9864960 0.5728620
f 3638/3611/3638 2791/3612/2791 2061/3604/2061
vt 0.6392920 0.1152100
f 3637/3570/3637 3639/3571/3639 2063/3613/2063
f 2791/3612/2791 2058/3605/2058 2061/3604/2061
vt 0.5731940 0.4954260
vt 0.5927720 0.4509040
f 3636/3560/3636 2064/3614/2064 4765/3615/4765
vt 0.2154230 0.7117480
f 2794/3616/2794 4432/3544/4432 2057/3543/2057
vt 0.4214610 0.9467050
vt 0.4217330 0.9418060
vt 0.4257150 0.9457360
f 6169/3617/6169 4602/3618/4602 3181/3619/3181
vt 0.5734230 0.4637760
f 6168/3561/6168 3636/3560/3636 4604/3620/4604
vt 0.6073240 0.9732330
vt 0.5926210 0.9658570
f 6044/1745/6044 4435/3621/4435 2793/3622/2793
vt 0.3593040 0.3848090
f 4763/3608/4763 2060/3610/2060 2065/3623/2065
vt 0.5913490 0.4381020
vt 0.6031840 0.4214430
vt 0.5925940 0.4322010
f 6164/3624/6164 4768/3625/4768 4382/3626/4382
vt 0.2113540 0.1923270
vt 0.2166930 0.1961010
vt 0.2159230 0.1899850
f 6162/3627/6162 4764/3628/4764 4766/3629/4766
vt 0.8586230 0.8092130
vt 0.8591270 0.7963180
vt 0.8601100 0.8115440
f 6042/3630/6042 5248/3631/5248 4225/3632/4225
vt 0.6927050 0.2718620
vt 0.6927320 0.2886500
f 5247/3593/5247 4383/3633/4383 4769/3634/4769
f 5243/3582/5243 5247/3593/5247 4769/3634/4769
vt 0.6107480 0.4027070
vt 0.6078320 0.4140170
f 5245/3635/5245 4768/3625/4768 2067/3636/2067
vt 0.9822950 0.4830880
vt 0.9827440 0.4762000
vt 0.9869070 0.4651850
f 2066/3637/2066 5251/3638/5251 5244/3639/5244
f 2066/3637/2066 2059/3606/2059 5251/3638/5251
f 2059/3606/2059 6113/3607/6113 5251/3638/5251
vt 0.3656840 0.3873690
f 4767/3640/4767 4763/3608/4763 2065/3623/2065
vt 0.5900030 0.0613750
f 4380/3554/4380 5246/3641/5246 6040/3553/6040
vt 0.8581590 0.7924600
vt 0.8601100 0.7840210
f 4381/3642/4381 4384/3643/4384 5248/3631/5248
vt 0.5709920 0.0463380
vt 0.5732630 0.0511900
f 6161/3644/6161 4385/3645/4385 4380/3554/4380
f 6161/3644/6161 4380/3554/4380 2302/3552/2302
vt 0.7047300 0.7903790
vt 0.7084400 0.7924310
f 2304/3646/2304 6160/3647/6160 2303/3549/2303
vt 0.5835400 0.4415710
f 6164/3624/6164 6165/3648/6165 4765/3615/4765
f 3636/3560/3636 4765/3615/4765 6165/3648/6165
f 4604/3620/4604 3636/3560/3636 6165/3648/6165
vt 0.2072880 0.2287390
vt 0.2106700 0.2314870
vt 0.2095370 0.2262890
f 4607/3649/4607 4629/3650/4629 3185/3651/3185
vt 0.5748640 0.4595670
f 6165/3648/6165 4608/3652/4608 4604/3620/4604
vt 0.1749360 0.5978410
vt 0.1702410 0.5967410
vt 0.1722450 0.6045570
f 4630/3653/4630 4605/3654/4605 6180/3655/6180
vt 0.5806490 0.4326150
f 2300/3656/2300 6165/3648/6165 6164/3624/6164
vt 0.7061920 0.7821730
vt 0.7103230 0.7899670
f 2299/3657/2299 6163/3658/6163 2304/3646/2304
vt 0.1673200 0.6037550
f 6180/3655/6180 4605/3654/4605 6166/3659/6166
vt 0.4259400 0.9413990
f 3181/3619/3181 4602/3618/4602 3184/3660/3184
vt 0.2537280 0.4274820
vt 0.2585150 0.4269880
vt 0.2567190 0.4231790
f 4603/3661/4603 4606/3662/4606 3183/3663/3183
vt 0.7611270 0.1942830
vt 0.7654730 0.1914950
vt 0.7610200 0.1892980
f 3179/3664/3179 3180/3665/3180 3186/3666/3186
vt 0.2081790 0.5904730
vt 0.2105470 0.5867810
vt 0.2069280 0.5867810
f 4628/3667/4628 3182/3668/3182 3178/3669/3178
vt 0.2126210 0.5912670
f 6167/3670/6167 3182/3668/3182 4628/3667/4628
vt 0.2125260 0.2285400
f 4629/3650/4629 3177/3671/3177 3185/3651/3185
vt 0.6996200 0.7818760
f 2298/3672/2298 2299/3657/2299 2304/3646/2304
f 2298/3672/2298 2304/3646/2304 2303/3549/2303
f 2298/3672/2298 2303/3549/2303 2292/3555/2292
vt 0.6917990 0.7685920
vt 0.7031970 0.7680510
f 2298/3672/2298 2295/3673/2295 2325/3674/2325
f 2295/3673/2295 2298/3672/2298 2292/3555/2292
f 2325/3674/2325 2299/3657/2299 2298/3672/2298
vt 0.5646300 0.4468500
vt 0.5766090 0.4432320
vt 0.5649560 0.4407390
f 6174/3675/6174 6181/3676/6181 2329/3677/2329
vt 0.7112450 0.7666380
vt 0.7117240 0.7771720
f 2325/3674/2325 2328/3678/2328 6179/3679/6179
f 6181/3676/6181 6165/3648/6165 2300/3656/2300
f 2325/3674/2325 6179/3679/6179 2299/3657/2299
vt 0.5464660 0.4480860
vt 0.5617370 0.4535410
f 6178/3680/6178 4958/3681/4958 6174/3675/6174
f 4958/3681/4958 6181/3676/6181 6174/3675/6174
vt 0.5346740 0.4455930
vt 0.5426520 0.4391410
f 6182/3682/6182 6178/3680/6178 2320/3683/2320
f 2320/3683/2320 6178/3680/6178 6174/3675/6174
vt 0.7095160 0.7420090
vt 0.7147200 0.7547640
f 2319/3684/2319 6175/3685/6175 2328/3678/2328
vt 0.9651250 0.9478450
vt 0.9679950 0.9464230
vt 0.9668940 0.9503390
f 3750/3686/3750 4679/3687/4679 3754/3688/3754
vt 0.9701240 0.9503720
f 4679/3687/4679 4960/3689/4960 3754/3688/3754
vt 0.9683480 0.9797570
vt 0.9660550 0.9831720
vt 0.9694580 0.9832000
f 3752/3690/3752 4818/3691/4818 4680/3692/4680
vt 0.1843780 0.5981330
f 4681/3693/4681 4630/3653/4630 6180/3655/6180
vt 0.5636520 0.4552980
f 4958/3681/4958 4682/3694/4682 6181/3676/6181
vt 0.7939940 0.7543470
vt 0.7742910 0.7562650
f 1342/3695/1342 4462/3485/4462 4459/3696/4459
vt 0.7783120 0.7512590
f 4459/3696/4459 5804/3697/5804 1342/3695/1342
vt 0.5686510 0.3883620
vt 0.5589070 0.3877740
f 5801/3252/5801 1341/3698/1341 5864/3699/5864
f 1342/3695/1342 1338/3486/1338 4462/3485/4462
vt 0.5484990 0.3827180
f 5805/3075/5805 5800/3134/5800 5822/3700/5822
f 1341/3698/1341 5822/3700/5822 5864/3699/5864
f 5822/3700/5822 1341/3698/1341 5805/3075/5805
vt 0.8088100 0.9848990
vt 0.8299070 0.9705400
vt 0.8115050 0.9762630
f 5863/3701/5863 5836/3702/5836 5851/3703/5851
vt 0.5533520 0.3876180
vt 0.5527340 0.4070500
f 5866/3704/5866 5854/3705/5854 5801/3252/5801
vt 0.3075630 0.5890430
f 3891/3706/3891 3210/2767/3210 3887/2768/3887
vt 0.5166250 0.3819840
vt 0.4886800 0.3998170
vt 0.5018350 0.4072380
f 5835/3707/5835 3890/3708/3890 3888/3709/3888
vt 0.5308100 0.3941490
vt 0.5332730 0.4273730
f 5834/3710/5834 5837/3711/5837 5854/3705/5854
f 5837/3711/5837 5834/3710/5834 3888/3709/3888
vt 0.5380990 0.4295040
f 5854/3705/5854 5837/3711/5837 2891/3712/2891
vt 0.5021950 0.3797510
f 5835/3707/5835 5868/3713/5868 3890/3708/3890
vt 0.8552500 0.9897630
vt 0.8663100 0.9845300
vt 0.8506370 0.9812670
f 5843/3714/5843 5856/3715/5856 5867/3716/5867
vt 0.8329950 0.9896540
f 5821/3717/5821 5843/3714/5843 5867/3716/5867
f 5867/3716/5867 5836/3702/5836 5863/3701/5863
vt 0.5263600 0.3836400
vt 0.5387320 0.3861330
f 5822/3700/5822 5869/3718/5869 5865/3719/5865
vt 0.8935410 0.9831940
f 5856/3715/5856 1943/3720/1943 5867/3716/5867
vt 0.8614150 0.9396170
f 1943/3720/1943 3889/3721/3889 5867/3716/5867
vt 0.8884710 0.9398340
f 1943/3720/1943 5871/3722/5871 3889/3721/3889
vt 0.4816080 0.3675590
vt 0.4995270 0.3784100
f 5824/3136/5824 5826/3723/5826 5842/3724/5842
vt 0.8343760 0.9935790
vt 0.8442150 0.9958940
f 5820/3725/5820 5825/3726/5825 5843/3714/5843
vt 0.5383090 0.3735250
f 5799/3727/5799 5824/3136/5824 5822/3700/5822
vt 0.4711380 0.3765350
vt 0.4511450 0.3809060
vt 0.4870750 0.3821320
f 5823/3728/5823 4293/3729/4293 5855/3730/5855
vt 0.5141310 0.9105330
vt 0.5070990 0.9379970
vt 0.5093690 0.9250410
f 5857/3731/5857 4292/3732/4292 1946/3733/1946
vt 0.7266500 0.3581320
vt 0.7254170 0.3688390
vt 0.7061210 0.3707240
f 1944/3734/1944 4290/3735/4290 1942/3736/1942
f 5842/3724/5842 5823/3728/5823 5855/3730/5855
f 5842/3724/5842 5826/3723/5826 5823/3728/5823
vt 0.6778930 0.3623620
vt 0.7094340 0.3579250
f 1942/3736/1942 3871/3737/3871 1945/3738/1945
vt 0.2214550 0.2590690
vt 0.2218660 0.2542050
vt 0.2255790 0.2565390
f 3935/3739/3935 3932/3740/3932 3651/3741/3651
vt 0.9815330 0.7240980
vt 0.9810600 0.7274900
vt 0.9779010 0.7275110
f 3933/3742/3933 4062/3743/4062 4426/3744/4426
vt 0.6308310 0.3040360
vt 0.6343770 0.3052920
vt 0.6299810 0.3081260
f 4425/3745/4425 5153/3746/5153 4013/3747/4013
vt 0.6339050 0.3092510
f 5153/3746/5153 3919/3748/3919 4013/3747/4013
vt 0.2247600 0.2617530
f 3935/3739/3935 3651/3741/3651 3647/3749/3647
vt 0.1082110 0.2062360
vt 0.1132440 0.2069700
vt 0.1059870 0.2115300
f 3648/3750/3648 3650/3751/3650 3646/3752/3646
vt 0.9779130 0.7229030
f 3652/3753/3652 3933/3742/3933 4426/3744/4426
vt 0.1090550 0.2149860
f 3650/3751/3650 4012/3754/4012 3646/3752/3646
vt 0.7456900 0.7158590
vt 0.7407470 0.7182720
f 4060/3755/4060 1541/3756/1541 1526/3478/1526
f 5152/3477/5152 4060/3755/4060 1526/3478/1526
vt 0.1140660 0.2128160
f 3650/3751/3650 4424/3757/4424 4012/3754/4012
vt 0.6340290 0.3010870
f 4059/3758/4059 5153/3746/5153 4425/3745/4425
vt 0.2214640 0.2631870
f 3935/3739/3935 3647/3749/3647 4454/3759/4454
vt 0.9955370 0.2522120
vt 0.9954680 0.2589000
vt 0.9919180 0.2553500
f 3920/3760/3920 4452/3761/4452 3645/3762/3645
vt 0.9927320 0.2595840
f 4452/3761/4452 3649/3763/3649 3645/3762/3645
vt 0.9913360 0.2506320
f 4011/3764/4011 3920/3760/3920 3645/3762/3645
f 4322/2090/4322 4353/2043/4353 4334/2037/4334
f 4334/2037/4334 4339/2036/4339 4355/2039/4355
vt 0.9272860 0.9271980
vt 0.9186160 0.8856680
vt 0.9525860 0.9293220
f 3393/3765/3393 6034/3766/6034 1312/3767/1312
vt 0.8966190 0.3255410
vt 0.9049220 0.3320700
f 3386/1904/3386 3834/3768/3834 3383/3769/3383
vt 0.9103640 0.3294170
vt 0.9116000 0.3258200
f 6035/3770/6035 3834/3768/3834 3401/3771/3401
f 6035/3770/6035 3383/3769/3383 3834/3768/3834
vt 0.4251050 0.1955270
vt 0.4257050 0.1991430
vt 0.4213490 0.2019530
f 6036/3772/6036 3400/3773/3400 4706/3774/4706
f 3382/1905/3382 3386/1904/3386 3383/3769/3383
vt 0.3299660 0.4161560
vt 0.3656390 0.4168430
vt 0.3613050 0.4145970
f 3377/3775/3377 3374/3776/3374 6033/3777/6033
vt 0.9183990 0.9267660
vt 0.9151490 0.9231470
vt 0.9187440 0.9242390
f 3379/3778/3379 3376/3779/3376 6032/3780/6032
f 3379/3778/3379 6032/3780/6032 3393/3765/3393
vt 0.8896780 0.3762880
f 3373/3781/3373 3375/1906/3375 3382/1905/3382
vt 0.3233050 0.4140170
f 6031/3782/6031 3377/3775/3377 6033/3777/6033
f 3393/3765/3393 6032/3780/6032 6034/3766/6034
vt 0.3885190 0.4163540
f 3381/3783/3381 6033/3777/6033 3374/3776/3374
vt 0.3974530 0.4156870
f 6033/3777/6033 3381/3783/3381 3791/3784/3791
vt 0.9178090 0.8365260
vt 0.9508340 0.8654070
f 6034/3766/6034 3794/3785/3794 1282/3786/1282
vt 0.9522000 0.8289620
vt 0.9219560 0.8319580
f 3738/3787/3738 1282/3786/1282 6037/3788/6037
f 1282/3786/1282 3794/3785/3794 6037/3788/6037
vt 0.9240860 0.8283950
vt 0.9512490 0.8239480
f 3738/3787/3738 2422/3789/2422 2420/3790/2420
vt 0.3166340 0.3857840
vt 0.3184220 0.3875600
vt 0.3167870 0.4010280
f 3384/3791/3384 3793/3792/3793 3380/3793/3380
vt 0.2558790 0.7741550
vt 0.2581260 0.7751560
vt 0.2574160 0.7778890
f 3792/3794/3792 3385/3795/3385 6038/3796/6038
vt 0.1825530 0.2086650
vt 0.1866720 0.2069400
vt 0.1796620 0.2057540
f 2423/3797/2423 6039/3798/6039 4707/3799/4707
f 3738/3787/3738 6037/3788/6037 2422/3789/2422
vt 0.1559230 0.2208480
f 2423/3797/2423 4707/3799/4707 3517/3800/3517
vt 0.1614400 0.2251960
f 2423/3797/2423 3517/3800/3517 2419/3801/2419
vt 0.7652220 0.6656050
vt 0.7696050 0.6663310
vt 0.7677930 0.6798270
f 3737/3802/3737 2421/3803/2421 2425/3804/2425
f 2419/3801/2419 3517/3800/3517 2424/1827/2424
f 3735/1881/3735 3737/3802/3737 2425/3804/2425
vt 0.1058990 0.2189670
f 2424/1827/2424 3517/3800/3517 3520/3805/3520
vt 0.2550680 0.2841040
vt 0.2429950 0.2634810
vt 0.2365890 0.2649820
f 4704/3806/4704 4698/3807/4698 4273/3808/4273
vt 0.2274500 0.2853120
f 3518/3809/3518 4704/3806/4704 4273/3808/4273
f 2424/1827/2424 3520/3805/3520 3523/1823/3523
f 4276/2840/4276 3543/2842/3543 3538/1828/3538
vt 0.7409480 0.8692290
f 4699/2835/4699 4701/2834/4701 4275/3810/4275
vt 0.6707790 0.9734750
f 4700/3811/4700 3249/2841/3249 4276/2840/4276
vt 0.6421860 0.9943990
f 4277/3812/4277 4276/2840/4276 3538/1828/3538
vt 0.6507990 0.9898090
f 4274/3813/4274 4276/2840/4276 4277/3812/4277
vt 0.2259600 0.2677550
f 3518/3809/3518 4278/3814/4278 3519/1812/3519
f 3519/1812/3519 4278/3814/4278 3522/1829/3522
f 3518/3809/3518 4273/3808/4273 4278/3814/4278
f 3521/1790/3521 4277/3812/4277 3538/1828/3538
vt 0.6549350 0.9852020
f 4697/3815/4697 4276/2840/4276 4274/3813/4274
vt 0.3202820 0.4515720
vt 0.3239050 0.4404340
vt 0.3147420 0.4438440
f 3991/3816/3991 3956/3817/3956 3967/3818/3967
vt 0.3433100 0.2061910
vt 0.3482260 0.2089620
vt 0.3621240 0.1959420
f 3866/3819/3866 3990/3820/3990 3867/3821/3867
vt 0.6629130 0.7990630
vt 0.6671790 0.8005380
vt 0.6805270 0.7993170
f 3864/3822/3864 3861/3823/3861 3953/3824/3953
vt 0.3202070 0.2130870
f 3990/3820/3990 3866/3819/3866 3952/3825/3952
vt 0.3306650 0.2165260
f 3952/3825/3952 3955/3826/3955 3990/3820/3990
vt 0.3101760 0.4344930
vt 0.3092640 0.4286490
f 3989/3827/3989 3956/3817/3956 1723/3828/1723
vt 0.3113680 0.4432840
f 3967/3818/3967 3989/3827/3989 3969/3829/3969
f 3967/3818/3967 3956/3817/3956 3989/3827/3989
vt 0.8756780 0.5897880
vt 0.8754520 0.5738040
vt 0.9025380 0.5703060
f 1725/3830/1725 1730/3831/1730 1729/3832/1729
vt 0.8954660 0.5962150
vt 0.9087800 0.5904270
f 1722/3833/1722 1725/3830/1725 1735/3834/1735
vt 0.3263610 0.4322640
f 1723/3828/1723 3956/3817/3956 1726/3835/1726
f 1735/3834/1735 1725/3830/1725 1729/3832/1729
vt 0.2349860 0.1895890
vt 0.2305020 0.1894800
vt 0.2302290 0.2264990
f 3463/3836/3463 2939/3837/2939 2130/3838/2130
vt 0.8944810 0.5088490
f 1742/3839/1742 1746/1331/1746 1749/1330/1749
vt 0.9069830 0.5140780
f 1749/1330/1749 2240/3840/2240 1742/3839/1742
vt 0.8769660 0.5092000
f 1738/3841/1738 3945/1340/3945 1746/1331/1746
f 1742/3839/1742 1738/3841/1738 1746/1331/1746
vt 0.2486550 0.1990670
vt 0.2412610 0.1922030
f 1740/3842/1740 3944/1345/3944 1739/3843/1739
vt 0.4816390 0.5728300
f 5283/1311/5283 2243/3844/2243 1750/1342/1750
vt 0.8655130 0.7004930
vt 0.8648660 0.6980070
f 2244/3845/2244 5284/1309/5284 3289/3846/3289
vt 0.2986830 0.4136150
f 1737/1383/1737 3979/3847/3979 3981/1384/3981
vt 0.2952510 0.4090360
vt 0.3075660 0.3953860
f 3976/3848/3976 3979/3847/3979 216/3849/216
vt 0.2480620 0.3995000
f 3979/3847/3979 3976/3848/3976 85/3850/85
vt 0.3042470 0.3930190
f 3976/3848/3976 216/3849/216 219/3851/219
vt 0.1924570 0.0471990
f 3291/1395/3291 3284/1394/3284 329/3852/329
vt 0.5016350 0.6405230
vt 0.4864570 0.6270370
vt 0.4900180 0.6222040
f 1736/3853/1736 1728/3854/1728 218/3855/218
vt 0.4753730 0.5936120
f 1750/1342/1750 2243/3844/2243 1744/3856/1744
vt 0.8946610 0.5368020
f 2240/3840/2240 1743/3857/1743 1742/3839/1742
vt 0.9064150 0.5350340
f 1745/3858/1745 1743/3857/1743 2240/3840/2240
vt 0.4803020 0.5942380
f 2237/3859/2237 1744/3856/1744 2243/3844/2243
vt 0.0109060 0.1599380
vt 0.0058300 0.1490270
vt 0.0109250 0.1411420
f 1847/3860/1847 2242/3861/2242 3288/3862/3288
vt 0.4765220 0.5708600
f 1750/1342/1750 1744/3856/1744 2241/3863/2241
vt 0.0056090 0.1649240
f 2239/3864/2239 2242/3861/2242 1847/3860/1847
vt 0.8767630 0.5262860
f 1741/3865/1741 1738/3841/1738 1742/3839/1742
f 1743/3857/1743 1741/3865/1741 1742/3839/1742
vt 0.4784920 0.6117370
f 1734/3866/1734 218/3855/218 1728/3854/1728
f 2237/3859/2237 218/3855/218 1734/3866/1734
vt 0.9061220 0.5569620
f 1733/3867/1733 1743/3857/1743 1745/3858/1745
vt 0.8919650 0.5506780
f 1733/3867/1733 1058/3868/1058 1743/3857/1743
f 2237/3859/2237 1734/3866/1734 1744/3856/1744
vt 0.0090520 0.1825510
vt 0.0068060 0.1907520
vt 0.0053370 0.1789430
f 238/3869/238 217/3870/217 2238/3871/2238
vt 0.2068090 0.0406920
f 329/3852/329 1848/3872/1848 3291/1395/3291
f 1733/3867/1733 1729/3832/1729 1058/3868/1058
vt 0.0105810 0.1725270
f 236/3873/236 2239/3864/2239 1847/3860/1847
vt 0.2110270 0.0426090
f 233/3874/233 1848/3872/1848 329/3852/329
vt 0.3136910 0.2187340
vt 0.2823330 0.2153800
vt 0.2948490 0.2192940
f 1727/3875/1727 3948/3876/3948 1731/3877/1731
vt 0.8756810 0.5579920
vt 0.8733710 0.5586500
f 1732/3878/1732 1730/3831/1730 3949/3879/3949
vt 0.2686750 0.2102420
vt 0.2583560 0.2036370
f 1748/3880/1748 3948/3876/3948 3947/3881/3947
vt 0.2757190 0.2094230
f 3948/3876/3948 4427/3882/4427 3947/3881/3947
vt 0.8747160 0.5454520
f 1747/3883/1747 1732/3878/1732 3949/3879/3949
f 3947/3881/3947 2924/1346/2924 3944/1345/3944
f 3947/3881/3947 4427/3882/4427 2924/1346/2924
vt 0.5029040 0.6375950
f 3978/3884/3978 1736/3853/1736 218/3855/218
f 1732/3878/1732 1747/3883/1747 1058/3868/1058
f 1730/3831/1730 1732/3878/1732 1729/3832/1729
f 1729/3832/1729 1732/3878/1732 1058/3868/1058
f 3947/3881/3947 3944/1345/3944 1740/3842/1740
f 1058/3868/1058 1747/3883/1747 1743/3857/1743
f 1743/3857/1743 1747/3883/1747 1741/3865/1741
vt 0.8734110 0.5326810
f 1747/3883/1747 3946/3885/3946 1741/3865/1741
vt 0.9094010 0.1466980
vt 0.9084520 0.1334280
vt 0.9452530 0.1455690
f 2940/3886/2940 5048/3887/5048 2126/3888/2126
vt 0.9470680 0.1337110
f 2126/3888/2126 5048/3887/5048 4430/3889/4430
vt 0.2344550 0.2271070
f 3461/3890/3461 3463/3836/3463 2130/3838/2130
vt 0.1232530 0.8985140
vt 0.1360390 0.8989460
vt 0.1361800 0.8930550
f 4429/3891/4429 4431/3892/4431 4428/3893/4428
vt 0.1187500 0.9057850
f 2127/3894/2127 4431/3892/4431 4429/3891/4429
vt 0.1027260 0.9021180
f 2115/3895/2115 2127/3894/2127 4429/3891/4429
vt 0.1091980 0.8965590
f 3950/3896/3950 2115/3895/2115 4429/3891/4429
f 3950/3896/3950 4429/3891/4429 4428/3893/4428
vt 0.0869270 0.8979760
f 3950/3896/3950 3954/3897/3954 2115/3895/2115
f 4430/3889/4430 5048/3887/5048 5630/1567/5630
vt 0.1545380 0.8935000
vt 0.1498730 0.8964550
f 2926/3898/2926 4431/3892/4431 5629/3899/5629
vt 0.3004300 0.2146470
f 3952/3825/3952 3951/3900/3951 1727/3875/1727
f 3951/3900/3951 4427/3882/4427 3948/3876/3948
f 3948/3876/3948 1727/3875/1727 3951/3900/3951
f 3955/3826/3955 3952/3825/3952 1727/3875/1727
vt 0.1588650 0.8886430
f 2926/3898/2926 2923/3901/2923 4428/3893/4428
f 5630/1567/5630 5628/1568/5628 2927/1555/2927
f 4431/3892/4431 2926/3898/2926 4428/3893/4428
vt 0.0809710 0.0252160
vt 0.1004340 0.0240510
vt 0.0788610 0.0195510
f 6074/3902/6074 6066/3903/6066 5662/3904/5662
vt 0.0957120 0.0251150
f 6066/3903/6066 6074/3902/6074 6084/3905/6084
vt 0.3850130 0.5318470
vt 0.4199240 0.5660820
vt 0.3658220 0.6226030
f 5657/3906/5657 5666/3907/5666 5661/3908/5661
vt 0.3700970 0.6217250
f 5666/3907/5666 6075/3909/6075 5661/3908/5661
vt 0.4735080 0.0906380
vt 0.4639300 0.0965990
vt 0.5023600 0.0906370
f 6064/3910/6064 2235/3911/2235 1871/3912/1871
vt 0.7185160 0.0325100
vt 0.6863530 0.0419790
vt 0.7197160 0.0393200
f 2405/3913/2405 1839/3914/1839 1063/3915/1063
vt 0.1466460 0.2094380
f 2100/3916/2100 2230/1361/2230 5656/1363/5656
vt 0.3935510 0.4815790
f 2099/3917/2099 5655/1358/5655 1965/1360/1965
vt 0.0466980 0.5363080
vt 0.0372260 0.5289480
vt 0.0381670 0.5062280
f 2231/3918/2231 3504/3919/3504 3054/3920/3054
vt 0.1845030 0.6430940
vt 0.2069490 0.6464180
vt 0.2079220 0.6364160
f 3997/3921/3997 4785/3922/4785 4790/3923/4790
vt 0.1860000 0.6345840
f 3997/3921/3997 4790/3923/4790 1059/3924/1059
vt 0.2470860 0.6427720
f 3505/3925/3505 4790/3923/4790 4785/3922/4785
vt 0.0460770 0.5010760
f 2231/3918/2231 3054/3920/3054 3052/3926/3052
vt 0.2255160 0.6467250
f 3053/3927/3053 3505/3925/3505 4785/3922/4785
vt 0.1355950 0.4103070
vt 0.1472760 0.3943370
f 342/1382/342 4786/3928/4786 3999/3929/3999
vt 0.0466250 0.4634410
f 3052/3926/3052 3054/3920/3054 2097/3930/2097
vt 0.1310850 0.4029630
f 4786/3928/4786 342/1382/342 2096/3931/2096
vt 0.0388730 0.4806010
f 3054/3920/3054 4787/3932/4787 2097/3930/2097
vt 0.3816980 0.0670090
vt 0.3436520 0.0712490
vt 0.3712370 0.0698960
f 5663/3933/5663 5658/3934/5658 2102/3935/2102
vt 0.1203840 0.6211350
f 5687/1390/5687 1969/3936/1969 1963/1391/1963
vt 0.3146550 0.1058870
vt 0.3557800 0.1066510
vt 0.3569750 0.1058870
f 6071/3937/6071 6077/3938/6077 5667/3939/5667
vt 0.2570470 0.6606830
vt 0.2864380 0.6766260
vt 0.2913540 0.6585890
f 6109/3940/6109 6082/3941/6082 6076/3942/6076
vt 0.4030830 0.4706950
f 5669/3943/5669 5657/3906/5657 5665/3056/5665
vt 0.4090530 0.5116550
f 6070/3944/6070 5666/3907/5666 5669/3943/5669
vt 0.1484750 0.6463440
f 6073/3945/6073 6109/3940/6109 6076/3942/6076
vt 0.4092830 0.2828980
vt 0.3718790 0.2827860
vt 0.3602170 0.2906020
f 6072/3946/6072 6083/3947/6083 6108/3948/6108
f 5669/3943/5669 5666/3907/5666 5657/3906/5657
vt 0.3511590 0.0793930
f 5672/3949/5672 1856/1510/1856 4171/1509/4171
vt 0.4006420 0.4635200
f 2055/3950/2055 5669/3943/5669 5665/3056/5665
vt 0.3805740 0.0741300
vt 0.3909880 0.0711410
f 1971/3951/1971 5673/3952/5673 5663/3933/5663
vt 0.0984880 0.6552850
vt 0.0993790 0.6405340
f 6115/3953/6115 6073/3945/6073 5668/3954/5668
vt 0.3795780 0.0707120
f 2102/3935/2102 1964/3955/1964 5663/3933/5663
vt 0.3932820 0.4735080
vt 0.3959560 0.4692320
f 1970/3956/1970 5689/1502/5689 5674/3957/5674
vt 0.3418740 0.3781680
vt 0.3377920 0.3766020
f 5675/3958/5675 5688/3959/5688 1858/1494/1858
f 5663/3933/5663 1964/3955/1964 1971/3951/1971
f 1970/3956/1970 5686/1503/5686 5689/1502/5689
vt 0.1845810 0.6626640
f 6069/3960/6069 6082/3941/6082 6073/3945/6073
vt 0.0953170 0.0200320
vt 0.1027240 0.0199610
f 6061/3961/6061 6066/3903/6066 2233/3962/2233
f 5662/3904/5662 6066/3903/6066 6061/3961/6061
vt 0.2963690 0.6711100
vt 0.2864810 0.6831440
f 6104/3458/6104 6060/3963/6060 2236/3964/2236
vt 0.2840110 0.6902780
f 2236/3964/2236 6063/3965/6063 6104/3458/6104
vt 0.3230820 0.6787300
f 6104/3458/6104 6058/3966/6058 6060/3963/6060
vt 0.3304470 0.6839840
vt 0.3368660 0.6661970
f 6058/3966/6058 5404/3967/5404 6055/3968/6055
vt 0.3312990 0.6570140
f 6058/3966/6058 6055/3968/6055 6059/3969/6059
vt 0.4291830 0.6700690
vt 0.4385330 0.6639740
vt 0.4378570 0.6678150
f 1877/3970/1877 1880/3971/1880 6062/3972/6062
f 1879/2697/1879 6104/3458/6104 6063/3965/6063
vt 0.4391280 0.7078420
f 1877/3970/1877 6062/3972/6062 1869/3973/1869
vt 0.7409050 0.4026740
vt 0.7405950 0.3994450
vt 0.7501130 0.3966980
f 1876/3974/1876 2404/3975/2404 1878/3976/1878
vt 0.4312210 0.7081300
f 1873/3977/1873 1877/3970/1877 1869/3973/1869
vt 0.9426990 0.0512350
vt 0.9429810 0.0431910
vt 0.9203920 0.0435550
f 2114/3978/2114 2125/3979/2125 2123/3980/2123
vt 0.3378030 0.6447170
vt 0.3424830 0.6531900
f 2118/3981/2118 6059/3969/6059 6056/3982/6056
vt 0.9639050 0.0660450
vt 0.9600720 0.0509000
f 2120/3983/2120 2117/3984/2117 2114/3978/2114
vt 0.9403150 0.0591180
f 2120/3983/2120 2114/3978/2114 2113/3985/2113
vt 0.3161300 0.6424210
f 2121/3986/2121 6059/3969/6059 2118/3981/2118
f 2114/3978/2114 2123/3980/2123 2113/3985/2113
vt 0.2678880 0.5301590
vt 0.2747680 0.5308590
vt 0.2745850 0.5383390
f 3506/3987/3506 1842/3988/1842 2409/3989/2409
vt 0.2691460 0.5380430
f 4791/3990/4791 3506/3987/3506 2409/3989/2409
vt 0.6518230 0.2712490
vt 0.6507220 0.2979940
vt 0.6463000 0.2793130
f 1846/3991/1846 2406/3992/2406 4788/3993/4788
vt 0.6467850 0.2498290
f 4792/3994/4792 1846/3991/1846 4788/3993/4788
vt 0.6822360 0.0342390
f 1845/3995/1845 1839/3914/1839 2405/3913/2405
vt 0.6603070 0.0326200
f 2410/3996/2410 1839/3914/1839 1845/3995/1845
vt 0.6583860 0.0400830
f 2410/3996/2410 1843/3997/1843 1839/3914/1839
vt 0.6522450 0.2511360
f 2411/3998/2411 1846/3991/1846 4792/3994/4792
vt 0.2446040 0.6345570
f 4793/3999/4793 4790/3923/4790 3505/3925/3505
vt 0.3308420 0.3644110
vt 0.3432630 0.3385040
f 3809/4000/3809 5590/4001/5590 5586/3293/5586
vt 0.2837940 0.3242920
vt 0.2777700 0.3191360
vt 0.2749190 0.3252480
f 2308/4002/2308 2311/4003/2311 4994/4004/4994
vt 0.6660760 0.7842750
vt 0.6744870 0.7836620
vt 0.6675060 0.7911730
f 2309/4005/2309 2297/4006/2297 2312/4007/2312
vt 0.6216350 0.0570050
f 4221/4008/4221 2306/3551/2306 6040/3553/6040
f 2307/3550/2307 2312/4007/2312 2297/4006/2297
vt 0.6744490 0.7731890
vt 0.6650520 0.7720270
f 2342/3280/2342 2296/4009/2296 5614/4010/5614
f 2296/4009/2296 2309/4005/2309 5614/4010/5614
vt 0.0130850 0.9687140
vt 0.0089400 0.9605900
vt 0.0117710 0.9565210
f 5600/4011/5600 5574/4012/5574 5615/4013/5615
vt 0.2863370 0.3350000
vt 0.2968730 0.3283260
f 5597/4014/5597 5616/4015/5616 2308/4002/2308
vt 0.8789180 0.7388560
vt 0.8812190 0.7343270
vt 0.8812350 0.7461700
f 5594/4016/5594 5598/4017/5598 4996/4018/4996
vt 0.3438100 0.8307460
vt 0.3533350 0.8080050
vt 0.3536810 0.8291690
f 5562/4019/5562 4556/4020/4556 3406/4021/3406
vt 0.3037030 0.1866060
vt 0.2940710 0.1844520
vt 0.2829210 0.1867690
f 5563/4022/5563 3040/4023/3040 4558/4024/4558
vt 0.2815720 0.3377970
f 5599/4025/5599 2308/4002/2308 4994/4004/4994
vt 0.2924580 0.3470520
vt 0.2999980 0.3346150
f 5587/4026/5587 5575/4027/5575 5597/4014/5597
vt 0.3586540 0.1782990
f 5563/4022/5563 2357/4028/2357 3040/4023/3040
vt 0.2874380 0.3503750
vt 0.2728910 0.3346870
f 4544/4029/4544 5599/4025/5599 5595/4030/5595
vt 0.3561410 0.5682740
vt 0.3514960 0.5673850
vt 0.3557050 0.5634160
f 4755/4031/4755 3849/4032/3849 4543/4033/4543
vt 0.2889460 0.3481170
f 4542/4034/4542 5587/4026/5587 5597/4014/5597
vt 0.2667190 0.3097850
f 5595/4030/5595 4994/4004/4994 5611/4035/5611
vt 0.9434260 0.7321280
vt 0.9410030 0.7446090
vt 0.9420030 0.7208760
f 3041/4036/3041 5596/4037/5596 5612/4038/5612
vt 0.6293720 0.0485300
f 4997/4039/4997 2306/3551/2306 4221/4008/4221
vt 0.2745000 0.3191570
f 4994/4004/4994 4219/4040/4219 5611/4035/5611
vt 0.7473510 0.2758300
vt 0.7474280 0.2887970
f 4222/4041/4222 4564/3577/4564 5613/4042/5613
vt 0.3870600 0.4210410
vt 0.3924010 0.4231250
vt 0.3777520 0.4233680
f 2310/4043/2310 2305/4044/2305 4995/4045/4995
vt 0.2632810 0.1828730
f 4558/4024/4558 3040/4023/3040 4562/4046/4562
f 4222/4041/4222 5239/3574/5239 4564/3577/4564
vt 0.9455330 0.7083330
f 4566/4047/4566 3041/4036/3041 5612/4038/5612
vt 0.3020970 0.3427520
f 5587/4026/5587 4822/4048/4822 5575/4027/5575
vt 0.3144880 0.3346870
f 4822/4048/4822 2347/4049/2347 5575/4027/5575
vt 0.3517970 0.5637960
f 3849/4032/3849 3851/4050/3851 4543/4033/4543
vt 0.3765370 0.4937320
vt 0.3806010 0.4913860
vt 0.3765030 0.4887620
f 3856/4051/3856 3850/4052/3850 3848/4053/3848
vt 0.2723350 0.4720950
vt 0.2770340 0.4718530
vt 0.2736330 0.4679360
f 3852/4054/3852 3854/4055/3854 5589/4056/5589
vt 0.4241150 0.5010360
vt 0.4204770 0.5037640
vt 0.4206620 0.5004530
f 3853/4057/3853 5588/4058/5588 4545/4059/4545
vt 0.6590390 0.7592820
vt 0.6593340 0.7536580
f 2348/4060/2348 5577/4061/5577 2342/3280/2342
f 2348/4060/2348 2342/3280/2342 5614/4010/5614
f 2347/4049/2347 5616/4015/5616 5575/4027/5575
vt 0.2853220 0.3864360
vt 0.2890230 0.3882450
f 3038/4062/3038 2872/4063/2872 5595/4030/5595
f 2872/4063/2872 4544/4029/4544 5595/4030/5595
vt 0.2897750 0.3540880
vt 0.3153400 0.3483890
f 4754/4064/4754 2872/4063/2872 4730/4065/4730
f 2872/4063/2872 4754/4064/4754 4544/4029/4544
vt 0.2943770 0.3515400
f 4242/4066/4242 4754/4064/4754 4730/4065/4730
vt 0.3293290 0.8925680
vt 0.3292420 0.8752990
vt 0.3335610 0.8710950
f 5565/4067/5565 4567/4068/4567 4560/4069/4560
vt 0.8373820 0.2858810
vt 0.8345370 0.2843220
vt 0.8361470 0.2823880
f 2351/4070/2351 3037/4071/3037 2356/4072/2356
vt 0.3595140 0.1809680
f 4561/4073/4561 2357/4028/2357 5563/4022/5563
vt 0.8355460 0.2870800
f 2351/4070/2351 2871/4074/2871 3037/4071/3037
vt 0.3630010 0.1802320
vt 0.3618900 0.1777520
f 4568/4075/4568 2354/4076/2354 2357/4028/2357
f 4568/4075/4568 2357/4028/2357 4561/4073/4561
vt 0.9451620 0.7908330
vt 0.9435080 0.7961480
f 5596/4037/5596 2355/4077/2355 3039/4078/3039
f 3041/4036/3041 2355/4077/2355 5596/4037/5596
vt 0.0301650 0.5976890
vt 0.0275940 0.6014770
f 5262/3355/5262 2352/4079/2352 4569/4080/4569
vt 0.9639690 0.7161790
vt 0.9664970 0.6700110
vt 0.9664450 0.7163290
f 2353/4081/2353 3810/4082/3810 2870/4083/2870
vt 0.3209960 0.3495200
f 2872/4063/2872 3809/4000/3809 5571/4084/5571
vt 0.9638110 0.6723100
f 2353/4081/2353 5264/4085/5264 3810/4082/3810
f 3809/4000/3809 5586/3293/5586 5571/4084/5571
vt 0.3173970 0.3515280
f 2872/4063/2872 5571/4084/5571 4489/4086/4489
f 5586/3293/5586 5576/3277/5576 5571/4084/5571
vt 0.1617130 0.9031080
vt 0.1582170 0.9026740
vt 0.1608680 0.9063460
f 5573/4087/5573 3901/4088/3901 4490/4089/4490
vt 0.7508410 0.7142240
vt 0.7505600 0.7113480
vt 0.7540980 0.7132440
f 4418/4090/4418 4415/4091/4415 5319/4092/5319
vt 0.8515910 0.5487210
vt 0.8515470 0.5467040
vt 0.8544640 0.5482410
f 4414/4093/4414 4417/4094/4417 4820/4095/4820
vt 0.8484180 0.6800450
vt 0.8462110 0.6827340
vt 0.8449960 0.6798940
f 4821/4096/4821 4416/4097/4416 5320/4098/5320
vt 0.7543100 0.7108300
f 4415/4091/4415 4799/4099/4799 5319/4092/5319
vt 0.8546240 0.5508410
f 4800/4100/4800 4414/4093/4414 4820/4095/4820
vt 0.6904660 0.5400160
vt 0.6865120 0.5393580
vt 0.6885660 0.5368090
f 3900/4101/3900 5583/4102/5583 3893/4103/3893
vt 0.7603290 0.1828210
vt 0.7564610 0.1813800
vt 0.7592860 0.1780830
f 3897/4104/3897 3898/4105/3898 3894/4106/3894
vt 0.8032520 0.7034330
vt 0.8036830 0.7000000
vt 0.8008680 0.6996120
f 3892/4107/3892 5585/4108/5585 4729/4109/4729
vt 0.3030090 0.3467670
vt 0.3185630 0.3457170
vt 0.3060050 0.3439500
f 4801/4110/4801 5584/4111/5584 5321/4112/5321
f 5571/4084/5571 5576/3277/5576 5584/4111/5584
vt 0.6879750 0.5424310
f 3900/4101/3900 5572/4113/5572 5583/4102/5583
f 4730/4065/4730 5584/4111/5584 4801/4110/4801
f 5576/3277/5576 2347/4049/2347 5584/4111/5584
f 5321/4112/5321 5584/4111/5584 2347/4049/2347
f 4822/4048/4822 5321/4112/5321 2347/4049/2347
vt 0.1815940 0.2238140
vt 0.1777040 0.2241990
vt 0.1775600 0.2207690
f 4240/4114/4240 3855/4115/3855 3847/4116/3847
f 4730/4065/4730 4801/4110/4801 4242/4066/4242
vt 0.2786700 0.4676300
f 3854/4055/3854 4241/4117/4241 5589/4056/5589
vt 0.1816370 0.2196880
f 4240/4114/4240 3847/4116/3847 4753/4118/4753
f 5587/4026/5587 4242/4066/4242 4801/4110/4801
f 4801/4110/4801 4822/4048/4822 5587/4026/5587
vt 0.4314260 0.6593560
vt 0.4280110 0.6615430
vt 0.4275850 0.6585260
f 4491/4119/4491 3899/4120/3899 3896/4121/3896
vt 0.7992430 0.7036740
f 3895/4122/3895 3892/4107/3892 4729/4109/4729
f 2872/4063/2872 4489/4086/4489 4730/4065/4730
vt 0.7974140 0.7000000
f 4492/4123/4492 3895/4122/3895 4729/4109/4729
f 4569/4080/4569 5420/3356/5420 5262/3355/5262
f 2307/3550/2307 2297/4006/2297 2301/3548/2301
vt 0.6819680 0.7753010
f 2297/4006/2297 2296/4009/2296 2293/4124/2293
f 2297/4006/2297 2293/4124/2293 2292/3555/2292
f 2297/4006/2297 2292/3555/2292 2301/3548/2301
f 2295/3673/2295 2292/3555/2292 2293/4124/2293
f 2342/3280/2342 2293/4124/2293 2296/4009/2296
f 2296/4009/2296 2297/4006/2297 2309/4005/2309
vt 0.6743360 0.6851460
vt 0.6825950 0.6804790
vt 0.6857270 0.7353580
f 2333/4125/2333 2331/4126/2331 2330/4127/2330
vt 0.6924050 0.6888800
vt 0.6967990 0.7311650
f 2316/4128/2316 2313/4129/2313 2330/4127/2330
f 2317/1700/2317 2318/1697/2318 2316/4128/2316
vt 0.6725210 0.7310770
f 2333/4125/2333 2330/4127/2330 2335/4130/2335
vt 0.6823860 0.7602220
f 2294/4131/2294 2295/3673/2295 2293/4124/2293
vt 0.6988620 0.7485960
f 2330/4127/2330 2313/4129/2313 2321/4132/2321
vt 0.6781410 0.7447120
f 2335/4130/2335 2330/4127/2330 2334/4133/2334
f 2337/3282/2337 2338/2829/2338 2335/4130/2335
f 2334/4133/2334 2330/4127/2330 2321/4132/2321
f 2294/4131/2294 2321/4132/2321 2295/3673/2295
f 2334/4133/2334 2321/4132/2321 2294/4131/2294
f 2337/3282/2337 2335/4130/2335 2342/3280/2342
f 2335/4130/2335 2334/4133/2334 2342/3280/2342
f 2334/4133/2334 2294/4131/2294 2342/3280/2342
f 2294/4131/2294 2293/4124/2293 2342/3280/2342
f 2321/4132/2321 2325/3674/2325 2295/3673/2295
vt 0.9183420 0.0630730
vt 0.9226730 0.0740800
vt 0.9395080 0.0633200
f 3407/4134/3407 4559/4135/4559 5529/4136/5529
vt 0.3347420 0.7723670
vt 0.3473280 0.7581050
vt 0.3567450 0.7672030
f 4557/4137/4557 4565/4138/4565 5530/4139/5530
vt 0.7410230 0.3041930
vt 0.7366750 0.3116490
f 4563/4140/4563 4165/3578/4165 4807/4141/4807
vt 0.7484730 0.3067800
f 4563/4140/4563 4807/4141/4807 5528/4142/5528
vt 0.3560990 0.7547580
vt 0.3763590 0.7493770
vt 0.3794220 0.7576260
f 4806/4143/4806 5536/4144/5536 5534/4145/5534
vt 0.0006700 0.1539490
vt 0.0019610 0.1097000
vt 0.0032190 0.1105240
f 3408/4146/3408 5527/4147/5527 2784/4148/2784
vt 0.2761560 0.8180370
vt 0.2823210 0.8163170
vt 0.2733240 0.8163230
f 2782/4149/2782 5531/4150/5531 5524/4151/5524
vt 0.3707390 0.7700670
f 5525/4152/5525 5530/4139/5530 5534/4145/5534
vt 0.3577290 0.7695620
f 2783/4153/2783 5530/4139/5530 2781/2488/2781
f 5530/4139/5530 4806/4143/4806 5534/4145/5534
f 4806/4143/4806 5537/3602/5537 5536/4144/5536
f 4806/4143/4806 4163/3600/4163 5537/3602/5537
vt 0.0024030 0.2223960
f 2784/4148/2784 1360/4154/1360 3408/4146/3408
vt 0.5401010 0.1032820
vt 0.6541830 0.1084880
vt 0.6062110 0.1032780
f 1361/4155/1361 2785/4156/2785 5550/4157/5550
vt 0.6583940 0.1040270
f 5550/4157/5550 2785/4156/2785 2780/4158/2780
f 5507/2487/5507 2781/2488/2781 5525/4152/5525
f 4560/4069/4560 5562/4019/5562 3406/4021/3406
f 1358/2515/1358 4560/4069/4560 3406/4021/3406
vt 0.2870060 0.4384440
vt 0.2928540 0.4429170
f 5414/3309/5414 5564/4159/5564 4669/4160/4669
f 4671/2517/4671 4560/4069/4560 1358/2515/1358
vt 0.3322250 0.8902420
f 4670/4161/4670 5565/4067/5565 4560/4069/4560
vt 0.2669830 0.4483890
f 4570/4162/4570 5415/3299/5415 5421/3357/5421
f 5564/4159/5564 5414/3309/5414 5415/3299/5415
f 4570/4162/4570 5564/4159/5564 5415/3299/5415
f 2318/1697/2318 2319/3684/2319 2316/4128/2316
f 2325/3674/2325 2321/4132/2321 2328/3678/2328
f 2319/3684/2319 2328/3678/2328 2321/4132/2321
f 2313/4129/2313 2319/3684/2319 2321/4132/2321
f 2316/4128/2316 2319/3684/2319 2313/4129/2313
vt 0.0202090 0.1660020
vt 0.0304520 0.1860510
vt 0.0418630 0.1738240
f 2278/4163/2278 2770/4164/2770 5340/4165/5340
vt 0.0452150 0.1846850
f 2770/4164/2770 5346/4166/5346 5340/4165/5340
vt 0.0372800 0.1977890
f 2770/4164/2770 1612/4167/1612 5346/4166/5346
vt 0.0423270 0.1937680
f 1612/4167/1612 5352/4168/5352 5346/4166/5346
vt 0.8704320 0.7727290
vt 0.8757010 0.7739670
vt 0.8778030 0.7889360
f 5350/4169/5350 2754/4170/2754 2753/4171/2753
vt 0.0433970 0.1974300
f 5352/4168/5352 1612/4167/1612 2755/4172/2755
vt 0.8808600 0.7685710
f 5350/4169/5350 2756/4173/2756 2754/4170/2754
vt 0.8450370 0.7152760
vt 0.8602840 0.7474930
vt 0.8418120 0.7143890
f 2778/4174/2778 2771/4175/2771 2279/4176/2279
f 2753/4171/2753 5348/2654/5348 5350/4169/5350
vt 0.0728510 0.2093560
vt 0.0476290 0.1909280
f 5349/4177/5349 5346/4166/5346 5351/4178/5351
f 5340/4165/5340 5342/1731/5342 2278/4163/2278
vt 0.4289490 0.9474280
f 3634/3566/3634 2792/4179/2792 3640/3567/3640
vt 0.5363130 0.4500560
vt 0.5256980 0.4545860
f 6193/4180/6193 3619/4181/3619 6199/3569/6199
f 3622/1742/3622 3625/1740/3625 6198/3572/6198
vt 0.5992370 0.9172730
f 6044/1745/6044 2793/3622/2793 3635/4182/3635
f 5201/1722/5201 6044/1745/6044 3632/1595/3632
f 3632/1595/3632 6044/1745/6044 3635/4182/3635
f 5342/1731/5342 5337/2731/5337 5328/1732/5328
vt 0.0772760 0.2042980
f 5346/4166/5346 5349/4177/5349 2573/4183/2573
f 5342/1731/5342 5340/4165/5340 5337/2731/5337
f 5340/4165/5340 5346/4166/5346 5337/2731/5337
f 5346/4166/5346 5339/2724/5339 5337/2731/5337
f 5346/4166/5346 2573/4183/2573 5339/2724/5339
vt 0.0382680 0.5936540
vt 0.0726340 0.5912360
vt 0.0155550 0.5881320
f 5144/4184/5144 6048/4185/6048 6043/4186/6043
f 5328/1732/5328 5337/2731/5337 5333/2673/5333
vt 0.0724350 0.5885290
f 4433/4187/4433 6043/4186/6043 6048/4185/6048
vt 0.7599930 0.1288530
vt 0.7452910 0.1151440
vt 0.7346940 0.1295090
f 1622/4188/1622 1602/4189/1602 1621/4190/1621
vt 0.7827530 0.1261680
vt 0.7782280 0.1132360
f 1602/4189/1602 1615/4191/1615 2769/4192/2769
f 1602/4189/1602 1622/4188/1622 1615/4191/1615
vt 0.7633080 0.1026570
f 1607/4193/1607 1602/4189/1602 2769/4192/2769
vt 0.7676700 0.0910420
f 1607/4193/1607 2769/4192/2769 2249/4194/2249
vt 0.6446190 0.0393290
vt 0.6584800 0.0571240
vt 0.6459290 0.0386410
f 2250/4195/2250 2768/4196/2768 2779/4197/2779
vt 0.9826900 0.8911910
vt 0.9827140 0.8678840
vt 0.9883590 0.8669390
f 1614/4198/1614 1623/4199/1623 4004/4200/4004
vt 0.6939990 0.1208600
f 1602/4189/1602 1619/4201/1619 1621/4190/1621
f 1602/4189/1602 1607/4193/1607 1608/1684/1608
f 2249/4194/2249 1608/1684/1608 1607/4193/1607
vt 0.6782840 0.1262340
f 1617/1681/1617 2997/4202/2997 1619/4201/1619
f 1603/1682/1603 1617/1681/1617 1619/4201/1619
vt 0.6918700 0.1295230
f 1619/4201/1619 4010/4203/4010 1621/4190/1621
f 1610/1683/1610 1608/1684/1608 2249/4194/2249
f 1603/1682/1603 1602/4189/1602 1608/1684/1608
f 1619/4201/1619 1602/4189/1602 1603/1682/1603
vt 0.5153820 0.4445340
vt 0.5255500 0.4478900
vt 0.5239230 0.4453270
f 4814/4204/4814 5120/4205/5120 5032/4206/5032
vt 0.5147300 0.4408540
f 5194/4207/5194 4814/4204/4814 5032/4206/5032
vt 0.4915930 0.4602990
vt 0.4894200 0.4617440
vt 0.4913350 0.4634100
f 5033/4208/5033 5121/4209/5121 4795/4210/4795
vt 0.5267040 0.4441450
f 5194/4207/5194 5032/4206/5032 6204/4211/6204
vt 0.4933390 0.4617440
f 5033/4208/5033 4795/4210/4795 4798/4212/4798
vt 0.3950760 0.4296050
vt 0.3987250 0.4307000
vt 0.3980020 0.4291080
f 4815/4213/4815 5192/4214/5192 4829/4215/4829
vt 0.6688920 0.5194950
vt 0.6692780 0.5222190
vt 0.6669290 0.5221900
f 4810/4216/4810 4830/4217/4830 5193/4218/5193
vt 0.5133340 0.4454080
vt 0.5218710 0.4547960
f 4812/4219/4812 3620/4220/3620 6193/4180/6193
f 4812/4219/4812 6193/4180/6193 5120/4205/5120
f 4812/4219/4812 5120/4205/5120 4814/4204/4814
vt 0.6892810 0.0796360
vt 0.6919760 0.0782780
vt 0.6882910 0.0768350
f 4809/4221/4809 4813/4222/4813 4828/4223/4828
vt 0.4196340 0.7078890
vt 0.4185760 0.7106270
vt 0.4174460 0.7073400
f 4794/4224/4794 5122/4225/5122 6200/4226/6200
vt 0.4186760 0.7056790
f 4794/4224/4794 6200/4226/6200 4797/4227/4797
vt 0.5634230 0.2303920
vt 0.5751180 0.2216310
vt 0.5583720 0.2256090
f 6130/4228/6130 6144/4229/6144 4723/4230/4723
vt 0.5683570 0.2222550
vt 0.5643320 0.2235000
f 4723/4230/4723 6127/4231/6127 6128/4232/6128
vt 0.5543460 0.2415900
f 6135/4233/6135 6130/4228/6130 4723/4230/4723
vt 0.5853990 0.2304900
f 6130/4228/6130 6135/4233/6135 6143/4234/6143
vt 0.5720200 0.2210920
f 6144/4229/6144 6145/4235/6145 6127/4231/6127
f 4723/4230/4723 6144/4229/6144 6127/4231/6127
f 6130/4228/6130 6143/4234/6143 6144/4229/6144
vt 0.0092950 0.4366140
vt 0.0137150 0.4419210
vt 0.0137150 0.4530540
f 5003/4236/5003 5013/4237/5013 4833/4238/4833
vt 0.0096060 0.4585180
f 5003/4236/5003 4833/4238/4833 6142/4239/6142
vt 0.6101220 0.2384910
vt 0.6093270 0.2296080
f 6136/4240/6136 5004/4241/5004 6143/4234/6143
vt 0.5467820 0.2580790
vt 0.6340540 0.2633070
f 1831/4242/1831 2225/4243/2225 6135/4233/6135
vt 0.5920910 0.1446750
vt 0.4660620 0.1440420
vt 0.5520850 0.1475420
f 4587/4244/4587 2226/4245/2226 1832/4246/1832
vt 0.1088830 0.3904990
vt 0.1166060 0.3890250
vt 0.1169100 0.4100330
f 1827/4247/1827 1830/4248/1830 6133/4249/6133
vt 0.7496080 0.8719420
vt 0.7496080 0.8825230
vt 0.7430420 0.8824080
f 6134/4250/6134 6137/4251/6137 6140/4252/6140
vt 0.5619110 0.1482230
f 4587/4244/4587 1832/4246/1832 4589/4253/4589
vt 0.8820470 0.7216380
vt 0.8734410 0.7214980
vt 0.8730410 0.7257420
f 6000/4254/6000 3744/4255/3744 6002/4256/6002
vt 0.8820160 0.7260400
f 6000/4254/6000 6002/4256/6002 6001/4257/6001
vt 0.8729790 0.7333260
vt 0.8702130 0.7432280
vt 0.8734120 0.7360730
f 6003/4258/6003 3745/4259/3745 4297/4260/4297
vt 0.6271340 0.2277000
vt 0.6250490 0.2176510
vt 0.6224520 0.2208920
f 5010/4261/5010 4471/4262/4471 4443/4263/4443
vt 0.2963240 0.0226270
vt 0.3011260 0.0288890
vt 0.2990480 0.0306260
f 4712/4264/4712 6139/4265/6139 5011/4266/5011
vt 0.6153180 0.2250700
vt 0.6247990 0.2302300
vt 0.6196680 0.2243120
f 4774/4267/4774 6138/4268/6138 4711/4269/4711
f 5004/4241/5004 6138/4268/6138 4774/4267/4774
vt 0.8934580 0.7233380
f 6000/4254/6000 6001/4257/6001 6011/4270/6011
vt 0.6377180 0.2285620
vt 0.6328300 0.2184650
f 5010/4261/5010 5999/4271/5999 6010/4272/6010
f 5010/4261/5010 6010/4272/6010 4471/4262/4471
vt 0.2934300 0.0245730
f 5011/4266/5011 4442/4273/4442 4712/4264/4712
vt 0.2923120 0.0215950
f 4712/4264/4712 4442/4273/4442 5009/4274/5009
vt 0.6196550 0.2199750
f 4774/4267/4774 4711/4269/4711 5008/4275/5008
vt 0.6213850 0.2166210
f 4774/4267/4774 5008/4275/5008 5005/4276/5005
vt 0.3055580 0.4614250
vt 0.3163520 0.4640500
f 3973/4277/3973 3994/4278/3994 3991/3816/3991
vt 0.3116800 0.4558840
f 3973/4277/3973 3991/3816/3991 3972/4279/3972
vt 0.3043460 0.4586670
vt 0.3101080 0.4526630
f 6148/4280/6148 3972/4279/3972 3971/4281/3971
vt 0.6565810 0.2366430
vt 0.6652080 0.2283070
vt 0.6615610 0.2285530
f 6149/4282/6149 3970/4283/3970 3749/4284/3749
vt 0.2971050 0.4628740
f 3992/4285/3992 3994/4278/3994 3973/4277/3973
f 3973/4277/3973 3972/4279/3972 6148/4280/6148
vt 0.6527420 0.2331660
f 3739/4286/3739 6149/4282/6149 3749/4284/3749
vt 0.6377770 0.2431420
f 6131/4287/6131 6136/4240/6136 6135/4233/6135
vt 0.6442700 0.2374490
f 3343/4288/3343 6149/4282/6149 3739/4286/3739
f 3992/4285/3992 3973/4277/3973 6148/4280/6148
vt 0.2962690 0.4595850
f 3992/4285/3992 6148/4280/6148 3340/4289/3340
vt 0.6439080 0.2341240
f 3343/4288/3343 3739/4286/3739 3742/4290/3742
vt 0.7896040 0.4661200
vt 0.7951070 0.4711140
vt 0.8004160 0.4663510
f 6004/4291/6004 3740/4292/3740 3746/4293/3746
vt 0.7870310 0.4709580
f 3740/4292/3740 6004/4291/6004 3743/4294/3743
vt 0.3615140 0.0256250
vt 0.3641840 0.0388950
vt 0.3631600 0.0423960
f 6132/4295/6132 3341/4296/3341 3741/4297/3741
f 6131/4287/6131 3742/4290/3742 6136/4240/6136
f 6136/4240/6136 3742/4290/3742 6138/4268/6138
f 6138/4268/6138 3742/4290/3742 5999/4271/5999
f 6138/4268/6138 5999/4271/5999 5010/4261/5010
f 6136/4240/6136 6138/4268/6138 5004/4241/5004
vt 0.6637480 0.2150290
f 3749/4284/3749 3970/4283/3970 3764/4298/3764
vt 0.2904810 0.0271480
vt 0.2906980 0.0258320
f 4472/4299/4472 4998/4300/4998 4442/4273/4442
vt 0.8021400 0.4710330
f 3746/4293/3746 3740/4292/3740 3748/4301/3748
vt 0.3012420 0.6572040
vt 0.2991100 0.6631080
f 6060/3963/6060 6052/4302/6052 5659/4303/5659
f 6060/3963/6060 6058/3966/6058 6052/4302/6052
vt 0.9507040 0.0715490
vt 0.9510160 0.0760530
vt 0.9497900 0.0745670
f 5660/4304/5660 6051/4305/6051 2224/4306/2224
vt 0.8130120 0.9083190
vt 0.8022290 0.8814080
vt 0.8143090 0.9077610
f 6049/4307/6049 2131/4308/2131 2222/4309/2222
vt 0.8078370 0.8785140
f 2222/4309/2222 2131/4308/2131 2137/4310/2137
vt 0.3593590 0.2027790
vt 0.3805200 0.1847310
f 3995/4311/3995 3958/4312/3958 3990/3820/3990
f 3990/3820/3990 3958/4312/3958 3867/3821/3867
vt 0.3780190 0.1801260
f 3867/3821/3867 3958/4312/3958 6050/4313/6050
vt 0.8069150 0.9069220
f 6049/4307/6049 3957/4314/3957 2131/4308/2131
vt 0.3122510 0.4799790
f 3992/4285/3992 3959/4315/3959 3994/4278/3994
vt 0.2927470 0.4801210
f 3959/4315/3959 3992/4285/3992 2132/4316/2132
vt 0.8143490 0.7308670
vt 0.8047540 0.8745890
vt 0.8065400 0.7608370
f 2101/4317/2101 2227/4318/2227 4586/4319/4586
vt 0.3637810 0.6220620
vt 0.3683020 0.5985980
f 2099/3917/2099 2223/4320/2223 2136/4321/2136
f 2225/4243/2225 6131/4287/6131 6135/4233/6135
f 2101/4317/2101 2137/4310/2137 2227/4318/2227
f 5661/3908/5661 2223/4320/2223 5657/3906/5657
vt 0.5582390 0.7496920
vt 0.5857910 0.7450400
vt 0.5639050 0.7451170
f 3342/4322/3342 2133/4323/2133 3993/4324/3993
vt 0.3646200 0.0147540
f 2135/4325/2135 3341/4296/3341 6132/4295/6132
vt 0.5871560 0.7502140
f 2134/4326/2134 2133/4323/2133 3342/4322/3342
vt 0.3613270 0.0150260
f 6132/4295/6132 2228/4327/2228 2135/4325/2135
f 2099/3917/2099 5657/3906/5657 2223/4320/2223
f 6052/4302/6052 6059/3969/6059 2121/3986/2121
vt 0.6626180 0.5378440
vt 0.6568210 0.5307590
vt 0.6604270 0.5292100
f 6053/4328/6053 2119/4329/2119 3868/4330/3868
f 6058/3966/6058 6059/3969/6059 6052/4302/6052
vt 0.8725510 0.7436800
f 4297/4260/4297 3745/4259/3745 4296/4331/4296
vt 0.8792900 0.7305620
f 4546/4332/4546 6003/4258/6003 4297/4260/4297
f 6003/4258/6003 4546/4332/4546 6001/4257/6001
vt 0.8926350 0.7277740
f 6011/4270/6011 6001/4257/6001 6009/4333/6009
vt 0.8094950 0.0934580
vt 0.8139460 0.1287840
vt 0.8057320 0.1296200
f 2934/4334/2934 2935/4335/2935 2937/4336/2937
vt 0.7924670 0.0855020
vt 0.7990890 0.1321460
f 2823/4337/2823 2937/4336/2937 3464/4338/3464
vt 0.5475880 0.2273950
f 4723/4230/4723 6128/4232/6128 6152/4339/6152
vt 0.3397790 0.4614130
vt 0.3407100 0.4547890
vt 0.3484180 0.4633580
f 2382/4340/2382 4727/4341/4727 6153/4342/6153
vt 0.3481640 0.4526870
f 4727/4341/4727 4724/4343/4724 6153/4342/6153
vt 0.8875670 0.1626330
vt 0.8853140 0.1706930
vt 0.9157460 0.1639980
f 1817/4344/1817 1823/4345/1823 2608/4346/2608
vt 0.8089850 0.7322090
f 4586/4319/4586 2232/4347/2232 2101/4317/2101
vt 0.1182280 0.6263680
vt 0.1197780 0.6313230
vt 0.1452000 0.6307720
f 2610/4348/2610 1818/4349/1818 2609/4350/2609
vt 0.5800100 0.1481950
vt 0.5983600 0.1487970
f 4587/4244/4587 3058/4351/3058 3507/4352/3507
vt 0.6098760 0.1429200
f 4587/4244/4587 3507/4352/3507 2229/4353/2229
vt 0.0521160 0.8879970
vt 0.0730850 0.8986720
vt 0.0715090 0.8947150
f 3869/4354/3869 2112/4355/2112 3862/4356/3862
vt 0.6526420 0.5119950
f 3868/4330/3868 2119/4329/2119 2111/4357/2111
f 2112/4355/2112 2115/3895/2115 3954/3897/3954
vt 0.6570430 0.5037880
vt 0.6592630 0.5119060
f 3868/4330/3868 3863/4358/3863 3865/4359/3865
f 3862/4356/3862 2112/4355/2112 3954/3897/3954
vt 0.9060550 0.0418880
vt 0.9163410 0.0519820
f 2123/3980/2123 2128/4360/2128 2116/4361/2116
vt 0.4725900 0.6777670
vt 0.4799800 0.6840620
vt 0.4629200 0.6724100
f 2824/4362/2824 3462/4363/3462 2122/4364/2122
vt 0.4881910 0.6910440
f 2122/4364/2122 3462/4363/3462 2129/4365/2129
vt 0.7855160 0.0867690
f 2823/4337/2823 3464/4338/3464 3460/4366/3460
f 2113/3985/2113 2123/3980/2123 2116/4361/2116
vt 0.8026530 0.0938580
f 2934/4334/2934 2937/4336/2937 2822/4367/2822
vt 0.4643150 0.6695440
f 2122/4364/2122 2933/4368/2933 2824/4362/2824
vt 0.9574800 0.8127910
vt 0.9573850 0.7946490
vt 0.9650350 0.8057280
f 3777/4369/3777 4001/4370/4001 1840/4371/1840
vt 0.4848730 0.8958560
vt 0.4849800 0.9262170
vt 0.4913750 0.9241780
f 1826/4372/1826 4726/4373/4726 2383/4374/2383
vt 0.1080310 0.4210570
f 1827/4247/1827 6133/4249/6133 4728/4375/4728
vt 0.1159690 0.4229210
f 6133/4249/6133 4725/4376/4725 4728/4375/4728
vt 0.4914170 0.8934850
f 1826/4372/1826 2383/4374/2383 1644/4377/1644
vt 0.7706080 0.9690800
vt 0.7703950 0.9765030
vt 0.7630950 0.9765870
f 1829/4378/1829 1828/4379/1828 1642/4380/1642
vt 0.5713050 0.1490690
vt 0.5588490 0.1644580
f 1822/4381/1822 4589/4253/4589 6159/4382/6159
vt 0.1401170 0.4667430
vt 0.1195420 0.4642020
vt 0.1526720 0.4654410
f 6158/4383/6158 4588/4384/4588 6151/4385/6151
vt 0.1218010 0.4568810
f 6151/4385/6151 4588/4384/4588 1643/4386/1643
vt 0.5665690 0.1655790
f 1822/4381/1822 6159/4382/6159 6154/4387/6154
vt 0.1534420 0.4569770
f 6151/4385/6151 1643/4386/1643 2384/4388/2384
vt 0.2825240 0.5294820
f 3506/3987/3506 3057/4389/3057 1842/3988/1842
vt 0.3106820 0.9108440
vt 0.2761760 0.9150020
vt 0.3009470 0.9138240
f 3055/4390/3055 4000/4391/4000 3779/4392/3779
f 3058/4351/3058 4587/4244/4587 4589/4253/4589
f 4589/4253/4589 1822/4381/1822 3058/4351/3058
vt 0.5905770 0.1487520
vt 0.5787820 0.1622040
f 1844/4393/1844 3058/4351/3058 3778/4394/3778
vt 0.5861520 0.1598160
f 1844/4393/1844 3778/4394/3778 1841/4395/1841
vt 0.7607470 0.9690350
f 1829/4378/1829 1642/4380/1642 4590/4396/4590
vt 0.8679380 0.5329890
vt 0.8593490 0.5272070
vt 0.8678820 0.5281070
f 2611/4397/2611 1821/4398/1821 1816/4399/1816
vt 0.8588760 0.5347900
f 3056/4400/3056 1821/4398/1821 2611/4397/2611
vt 0.4551240 0.8638980
vt 0.4616020 0.8462780
f 1531/4401/1531 1527/3489/1527 1540/4402/1540
vt 0.4710180 0.8492680
f 1536/4403/1536 1531/4401/1531 1540/4402/1540
vt 0.4163000 0.6940390
vt 0.4126180 0.6938070
vt 0.4127180 0.6993700
f 3931/4404/3931 3936/4405/3936 1538/4406/1538
vt 0.4199950 0.6994570
f 1539/4407/1539 3931/4404/3931 1538/4406/1538
vt 0.4215910 0.6939830
f 3931/4404/3931 1539/4407/1539 4061/4408/4061
vt 0.5783120 0.9027570
vt 0.5833780 0.9002250
vt 0.5831980 0.9063360
f 1537/4409/1537 3934/4410/3934 4453/4411/4453
vt 0.5785000 0.9086390
f 1537/4409/1537 4453/4411/4453 1520/4412/1520
vt 0.7447120 0.4100620
vt 0.7395200 0.4124720
vt 0.7397900 0.4080730
f 1519/4413/1519 4451/4414/4451 3917/4415/3917
f 1531/4401/1531 1536/4403/1536 1528/3481/1528
f 1528/3481/1528 1536/4403/1536 1521/3482/1521
vt 0.4977790 0.8748650
vt 0.4666800 0.8963380
vt 0.4855600 0.8692790
f 3142/4416/3142 1550/4417/1550 1532/4418/1532
f 1550/4417/1550 1528/3481/1528 1532/4418/1532
vt 0.6247860 0.6846260
vt 0.6302060 0.6773510
f 3143/2775/3143 1533/4419/1533 1337/4420/1337
vt 0.6266280 0.6740670
f 1529/4421/1529 1337/4420/1337 1533/4419/1533
vt 0.6312700 0.6732790
f 2179/4422/2179 1337/4420/1337 1529/4421/1529
vt 0.7923460 0.9300410
f 2178/2749/2178 1530/4423/1530 2180/2750/2180
vt 0.4490530 0.9008730
vt 0.4499750 0.8823150
f 1545/4424/1545 1534/4425/1534 1550/4417/1550
f 1550/4417/1550 1534/4425/1534 1528/3481/1528
f 1534/4425/1534 1531/4401/1531 1528/3481/1528
vt 0.2240150 0.8794630
vt 0.1988140 0.8807010
vt 0.2138730 0.8962680
f 4357/4426/4357 4319/4427/4319 4128/4428/4128
vt 0.6128230 0.0107290
vt 0.5840470 0.0101640
vt 0.5848490 0.0145880
f 2415/4429/2415 1483/4430/1483 4127/4431/4127
vt 0.3985270 0.9205040
vt 0.4000780 0.9399850
vt 0.3987390 0.9364360
f 4126/4432/4126 4318/4433/4318 2416/4434/2416
vt 0.4439980 0.8720400
vt 0.4406670 0.8683690
vt 0.4516150 0.8615880
f 1482/4435/1482 1485/4436/1485 1493/4437/1493
f 1531/4401/1531 1482/4435/1482 1493/4437/1493
f 1534/4425/1534 1482/4435/1482 1531/4401/1531
vt 0.5572040 0.0213700
f 2155/4438/2155 4127/4431/4127 1483/4430/1483
vt 0.4473570 0.8988740
f 3313/4439/3313 1482/4435/1482 1534/4425/1534
vt 0.4401360 0.8986190
f 3313/4439/3313 1543/4440/1543 1482/4435/1482
vt 0.5591660 0.0245970
f 2155/4438/2155 4107/4441/4107 4127/4431/4127
vt 0.5743860 0.7782210
vt 0.5759350 0.7744930
vt 0.5835860 0.7980760
f 1542/4442/1542 2154/4443/2154 1481/4444/1481
vt 0.5889070 0.8013640
f 2154/4443/2154 1484/4445/1484 1481/4444/1481
vt 0.4472330 0.9018500
vt 0.4420740 0.9014760
f 1546/4446/1546 2153/4447/2153 1543/4440/1543
f 1546/4446/1546 1543/4440/1543 3313/4439/3313
vt 0.5057480 0.0076670
vt 0.5145240 0.0179300
vt 0.5308050 0.0077550
f 4108/4448/4108 4124/4449/4124 4125/4450/4125
vt 0.2336370 0.8924930
f 4122/4451/4122 4357/4426/4357 4128/4428/4128
vt 0.2396580 0.8696790
vt 0.2252200 0.8675170
vt 0.2380730 0.8833970
f 4315/4452/4315 4330/4453/4330 4123/4454/4123
f 4330/4453/4330 4357/4426/4357 4123/4454/4123
vt 0.5067130 0.0168440
f 4108/4448/4108 4317/4455/4317 4124/4449/4124
vt 0.4808310 0.8896730
f 3254/4456/3254 1550/4417/1550 3142/4416/3142
f 1533/4419/1533 3143/2775/3143 3140/2774/3140
vt 0.9248660 0.6283460
vt 0.9274720 0.6275430
vt 0.9356370 0.6433180
f 1544/4457/1544 3314/4458/3314 1535/4459/1535
vt 0.5549030 0.0234910
f 2155/4438/2155 4106/4460/4106 4107/4441/4107
vt 0.4499790 0.9054670
f 1552/4461/1552 1545/4424/1545 1550/4417/1550
vt 0.4537010 0.9603830
vt 0.4439010 0.9269810
vt 0.4531640 0.9210190
f 2395/4462/2395 2392/4463/2392 2221/4464/2221
vt 0.4565050 0.9574720
f 6029/4465/6029 2395/4462/2395 2221/4464/2221
vt 0.0171060 0.9403350
vt 0.0191300 0.9644600
vt 0.0161800 0.9900660
f 2597/4466/2597 1596/4467/1596 4109/4468/4109
vt 0.6445940 0.4736410
f 2397/1966/2397 2598/1968/2598 4110/4469/4110
vt 0.7315510 0.8733370
f 2004/2877/2004 6028/4470/6028 1554/2878/1554
vt 0.7469360 0.6895300
vt 0.7571650 0.6958350
vt 0.7447460 0.6906600
f 1593/4471/1593 1589/4472/1589 4114/4473/4114
vt 0.7597770 0.6991480
f 4114/4473/4114 1589/4472/1589 3500/4474/3500
vt 0.9360300 0.5050170
vt 0.9355550 0.4706440
vt 0.9513710 0.5043730
f 1594/4475/1594 1595/4476/1595 1588/4477/1588
vt 0.9211650 0.6944050
vt 0.9176380 0.6568400
vt 0.9227220 0.6928560
f 1587/4478/1587 1583/4479/1583 3503/4480/3503
vt 0.9503500 0.4687870
f 1582/4481/1582 1588/4477/1588 1595/4476/1595
vt 0.7938600 0.0144740
vt 0.7979940 0.0219700
vt 0.7955990 0.0289380
f 4314/4482/4314 2468/4483/2468 4331/4484/4331
vt 0.9344890 0.5057510
f 1595/4476/1595 1594/4475/1594 4115/4485/4115
vt 0.4836760 0.0077450
vt 0.4887340 0.0192000
vt 0.4944210 0.0148780
f 4112/4486/4112 4116/4487/4116 4104/4488/4104
vt 0.2487160 0.8810250
vt 0.2519710 0.8705520
f 4102/4489/4102 4117/4490/4117 4123/4454/4123
f 4117/4490/4117 4315/4452/4315 4123/4454/4123
vt 0.4760220 0.9387610
f 2221/4464/2221 1555/4491/1555 6029/4465/6029
f 1552/4461/1552 1555/4491/1555 2221/4464/2221
vt 0.6429080 0.4734310
f 2394/4492/2394 2397/1966/2397 4110/4469/4110
vt 0.9781160 0.8122330
vt 0.9691410 0.8117480
vt 0.9703510 0.8286480
f 2217/4493/2217 4111/4494/4111 2152/4495/2152
vt 0.5440880 0.0099900
f 4113/4496/4113 4106/4460/4106 2155/4438/2155
vt 0.7356790 0.6862270
vt 0.7451700 0.6884190
f 2218/4497/2218 2393/4498/2393 4114/4473/4114
vt 0.9259410 0.6235480
f 1551/4499/1551 3314/4458/3314 1544/4457/1544
vt 0.9780310 0.8289120
f 1548/4500/1548 2217/4493/2217 2152/4495/2152
vt 0.9359560 0.6130100
f 1551/4499/1551 2220/4501/2220 3314/4458/3314
f 1550/4417/1550 1555/4491/1555 1552/4461/1552
vt 0.3944270 0.0353850
vt 0.4062040 0.0463960
vt 0.4103050 0.0461080
f 2219/4502/2219 1547/4503/1547 3312/4504/3312
vt 0.5008770 0.0074860
vt 0.5011630 0.0170980
f 4105/4505/4105 4103/4506/4103 4108/4448/4108
f 4108/4448/4108 4103/4506/4103 4317/4455/4317
f 4112/4486/4112 4104/4488/4104 4105/4505/4105
vt 0.2446420 0.8838570
f 4316/4507/4316 4102/4489/4102 4123/4454/4123
f 3614/3155/3614 4135/3180/4135 4871/3160/4871
vt 0.0095850 0.1184080
vt 0.0094030 0.1114080
vt 0.0078640 0.1167810
f 4872/4508/4872 4873/4509/4873 3799/4510/3799
vt 0.1669420 0.3663420
f 4135/3180/4135 3614/3155/3614 4869/4511/4869
f 4135/3180/4135 4875/3174/4875 4871/3160/4871
f 4869/4511/4869 3614/3155/3614 1629/1233/1629
vt 0.6409270 0.5540520
vt 0.6437750 0.5521970
vt 0.6418520 0.5627510
f 4133/4512/4133 4267/4513/4267 4137/4514/4137
vt 0.7150960 0.9246960
vt 0.7237130 0.9275240
vt 0.7254150 0.9249400
f 4064/4515/4064 4213/4516/4213 4077/4517/4077
vt 0.7148280 0.9274820
f 4217/4518/4217 4213/4516/4213 4064/4515/4064
vt 0.7995630 0.4502790
vt 0.7933530 0.4393380
vt 0.7973530 0.4525030
f 4063/4519/4063 4078/4520/4078 4076/4521/4076
vt 0.9471810 0.6581110
f 2013/1337/2013 2017/1514/2017 4928/4522/4928
f 5277/1305/5277 4930/1334/4930 4910/1232/4910
vt 0.2707060 0.3639360
f 4930/1334/4930 2016/4523/2016 4910/1232/4910
vt 0.2524450 0.3700620
f 2016/4523/2016 4922/4524/4922 4910/1232/4910
vt 0.2560160 0.3585040
vt 0.2519360 0.3508010
f 4934/4525/4934 4911/2929/4911 3910/4526/3910
vt 0.8174710 0.4545660
vt 0.8240600 0.4540290
vt 0.8232440 0.4479680
f 3914/4527/3914 3911/4528/3911 4097/4529/4097
vt 0.2456520 0.3428940
f 3910/4526/3910 4911/2929/4911 5354/4530/5354
f 4911/2929/4911 4931/2933/4931 5354/4530/5354
vt 0.2601210 0.3628070
f 2016/4523/2016 4933/4531/4933 4922/4524/4922
f 4934/4525/4934 4933/4531/4933 4923/2934/4923
vt 0.2499590 0.3677190
f 4934/4525/4934 4927/4532/4927 4933/4531/4933
vt 0.8058260 0.4560210
vt 0.8115680 0.4537700
f 4072/4533/4072 3914/4527/3914 4066/4534/4066
f 4072/4533/4072 4066/4534/4066 4063/4519/4063
f 4072/4533/4072 4063/4519/4063 4076/4521/4076
f 4911/2929/4911 4934/4525/4934 4923/2934/4923
vt 0.7900290 0.7952700
vt 0.7903950 0.7870250
vt 0.7941200 0.7860990
f 3904/4535/3904 3909/4536/3909 3913/4537/3913
vt 0.8192570 0.4497290
f 6017/4538/6017 3914/4527/3914 4097/4529/4097
vt 0.9610790 0.6182160
vt 0.9706210 0.6182830
vt 0.9656160 0.6156070
f 5017/4539/5017 4080/4540/4080 4147/4541/4147
vt 0.3258010 0.6100230
f 5015/2919/5015 6024/2921/6024 4079/4542/4079
vt 0.3282770 0.6098020
f 4079/4542/4079 6024/2921/6024 6027/4543/6027
vt 0.9585620 0.6152470
f 4147/4541/4147 4094/4544/4094 5017/4539/5017
f 4933/4531/4933 2016/4523/2016 4923/2934/4923
f 2016/4523/2016 2021/2935/2021 4923/2934/4923
vt 0.2149970 0.1403920
f 3537/2914/3537 4932/2913/4932 4864/4545/4864
vt 0.4036590 0.9497280
vt 0.4073510 0.9531160
vt 0.4103690 0.9483540
f 3535/4546/3535 4863/4547/4863 6023/4548/6023
f 3492/1565/3492 4869/4511/4869 1629/1233/1629
vt 0.2298340 0.3684480
f 3492/1565/3492 3487/4549/3487 4869/4511/4869
vt 0.2246440 0.3619600
vt 0.2103670 0.3607240
f 3487/4549/3487 3489/4550/3489 4553/4551/4553
vt 0.7910140 0.4437390
f 4076/4521/4076 4078/4520/4078 3490/4552/3490
vt 0.8455590 0.9398360
vt 0.8409850 0.9496750
vt 0.8411610 0.9394300
f 3491/4553/3491 3488/4554/3488 3486/4555/3486
vt 0.8458920 0.9488490
f 3488/4554/3488 3491/4553/3491 6025/4556/6025
vt 0.7914340 0.4386890
f 4078/4520/4078 6026/4557/6026 3490/4552/3490
vt 0.2509950 0.3626400
vt 0.2426590 0.3692720
f 4927/4532/4927 3905/4558/3905 3906/4559/3906
f 4922/4524/4922 3492/1565/3492 4910/1232/4910
f 4927/4532/4927 3492/1565/3492 4922/4524/4922
f 4927/4532/4927 3906/4559/3906 3492/1565/3492
vt 0.8419840 0.9321180
f 3486/4555/3486 3908/4560/3908 3491/4553/3491
vt 0.8463620 0.9319220
f 3908/4560/3908 4075/4561/4075 3491/4553/3491
f 3492/1565/3492 3906/4559/3906 3487/4549/3487
f 4927/4532/4927 4934/4525/4934 3905/4558/3905
f 4933/4531/4933 4927/4532/4927 4922/4524/4922
vt 0.7935890 0.7964270
f 3904/4535/3904 3913/4537/3913 4073/4562/4073
vt 0.7901750 0.8075180
f 3907/4563/3907 3904/4535/3904 4073/4562/4073
vt 0.7945460 0.8084630
f 3907/4563/3907 4073/4562/4073 4074/4564/4074
f 3910/4526/3910 3905/4558/3905 4934/4525/4934
vt 0.2015590 0.3598530
vt 0.1932290 0.3628000
f 4553/4551/4553 4209/4565/4209 4867/4566/4867
vt 0.8530560 0.1945720
vt 0.8524960 0.1894300
vt 0.8507050 0.1935940
f 4243/4567/4243 4868/4568/4868 4653/4569/4653
vt 0.6763980 0.5259270
vt 0.6788300 0.5238900
vt 0.6751570 0.5233180
f 4654/4570/4654 4913/4571/4913 4244/4572/4244
vt 0.4219220 0.6150610
vt 0.4216710 0.6122440
vt 0.4243730 0.6129860
f 4914/4573/4914 4540/4574/4540 4247/4575/4247
vt 0.6038290 0.1090320
vt 0.6101100 0.1089490
vt 0.6064720 0.1109260
f 4134/4576/4134 4231/4577/4231 4268/4578/4268
vt 0.1661570 0.3645400
f 4869/4511/4869 4230/4579/4230 4135/3180/4135
vt 0.3209900 0.8617700
vt 0.3165320 0.8628240
vt 0.3158220 0.8671550
f 4555/4580/4555 5131/4581/5131 4552/4582/4552
vt 0.3095120 0.8672360
vt 0.3080030 0.8635730
f 4210/4583/4210 5131/4581/5131 4781/4584/4781
f 3487/4549/3487 4553/4551/4553 4867/4566/4867
f 3487/4549/3487 4867/4566/4867 4869/4511/4869
vt 0.5203640 0.9308390
vt 0.5146190 0.9290090
vt 0.5150330 0.9313790
f 4644/4585/4644 4245/4586/4245 4541/4587/4541
vt 0.5229760 0.9292370
f 4305/4588/4305 4245/4586/4245 4644/4585/4644
vt 0.9743620 0.4913360
vt 0.9716870 0.4879820
vt 0.9730250 0.4819800
f 4266/4589/4266 4229/4590/4229 4233/4591/4233
vt 0.1867490 0.3626570
f 4867/4566/4867 4246/4592/4246 4869/4511/4869
vt 0.1781560 0.3617820
f 4246/4592/4246 4303/4593/4303 4869/4511/4869
f 4552/4582/4552 5131/4581/5131 4210/4583/4210
vt 0.3398850 0.9224540
vt 0.3430120 0.9221460
vt 0.3414080 0.9231530
f 4643/4594/4643 4538/4595/4538 4659/4596/4659
vt 0.3401000 0.9251620
f 4659/4596/4659 4650/3223/4650 4649/4597/4649
vt 0.3390000 0.9246080
f 4646/4598/4646 4649/4597/4649 4648/3225/4648
f 4649/4597/4649 4646/4598/4646 4643/4594/4643
vt 0.1790620 0.3554100
f 4645/4599/4645 4647/3226/4647 4488/3217/4488
f 4262/3227/4262 4255/3220/4255 4256/3222/4256
f 4659/4596/4659 4649/4597/4649 4643/4594/4643
vt 0.9561830 0.4626690
f 4232/4600/4232 4255/3220/4255 4262/3227/4262
vt 0.0395770 0.1249630
vt 0.0400690 0.1215860
vt 0.0419280 0.1211770
f 4915/4601/4915 4916/4602/4916 4661/4603/4661
vt 0.1999970 0.3498780
f 4209/4565/4209 4731/4604/4731 4867/4566/4867
vt 0.0419280 0.1250000
f 4539/4605/4539 4915/4601/4915 4661/4603/4661
vt 0.3078090 0.8542900
vt 0.3017280 0.8519250
vt 0.3052010 0.8552500
f 5127/4606/5127 4734/4607/4734 4732/4608/4732
vt 0.2015470 0.3558760
vt 0.2021470 0.3522530
f 4207/4609/4207 5133/4610/5133 4731/4604/4731
vt 0.3561690 0.9082150
vt 0.3565040 0.9254420
vt 0.3525200 0.9247840
f 4866/4611/4866 3674/4612/3674 4920/4613/4920
vt 0.5511640 0.4247950
vt 0.5519030 0.4355640
vt 0.5502950 0.4322440
f 3676/4614/3676 4658/4615/4658 4678/4616/4678
vt 0.6873630 0.5252410
f 4921/4617/4921 4913/4571/4913 4654/4570/4654
vt 0.8549980 0.4840960
vt 0.8549100 0.4935090
vt 0.8536680 0.4843130
f 4918/4618/4918 4651/4619/4651 4660/4620/4660
vt 0.3086630 0.8584720
f 5127/4606/5127 4732/4608/4732 5134/4621/5134
vt 0.3044700 0.8635920
f 4210/4583/4210 4781/4584/4781 4205/4622/4205
f 4781/4584/4781 5134/4621/5134 4205/4622/4205
vt 0.0270380 0.6127680
vt 0.0325240 0.6127680
vt 0.0293340 0.6142970
f 4733/4623/4733 4208/4624/4208 4206/4625/4206
vt 0.1937160 0.3501330
f 4867/4566/4867 4731/4604/4731 3675/4626/3675
f 4731/4604/4731 4656/3232/4656 3675/4626/3675
vt 0.1942340 0.3462470
f 4731/4604/4731 4735/4627/4735 4656/3232/4656
f 4855/2989/4855 4656/3232/4656 4735/4627/4735
f 3674/4612/3674 4677/3233/4677 4920/4613/4920
vt 0.3501220 0.9091610
f 4866/4611/4866 4920/4613/4920 4655/4628/4655
f 4920/4613/4920 4677/3233/4677 4650/3223/4650
vt 0.1887390 0.3594680
vt 0.1902970 0.3506950
vt 0.1817040 0.3591870
f 4912/4629/4912 4919/4630/4919 4917/4631/4917
vt 0.1837860 0.3516590
f 4919/4630/4919 4652/4632/4652 4917/4631/4917
vt 0.9593350 0.4603150
f 4232/4600/4232 2978/4633/2978 4265/3170/4265
f 4232/4600/4232 4262/3227/4262 2978/4633/2978
vt 0.3390830 0.9217980
f 4646/4598/4646 4304/4634/4304 4643/4594/4643
vt 0.1732750 0.3598090
f 4303/4593/4303 4645/4599/4645 4235/4635/4235
f 4235/4635/4235 4645/4599/4645 4488/3217/4488
vt 0.4554210 0.9795580
vt 0.4556370 0.9687690
vt 0.4568150 0.9711730
f 4234/4636/4234 4487/4637/4487 4254/4638/4254
f 4869/4511/4869 4235/4635/4235 4230/4579/4230
vt 0.6014890 0.4869630
vt 0.6072770 0.4877520
vt 0.6027550 0.4850920
f 4709/4639/4709 4778/4640/4778 5132/4641/5132
f 4303/4593/4303 4235/4635/4235 4869/4511/4869
vt 0.2248360 0.3479090
vt 0.2189570 0.3465760
f 4865/4642/4865 4931/2933/4931 4860/4643/4860
vt 0.8464630 0.9589950
f 6022/4644/6022 3488/4554/3488 6025/4556/6025
vt 0.2152000 0.3539070
f 4554/4645/4554 3489/4550/3489 4865/4642/4865
f 3489/4550/3489 4554/4645/4554 4553/4551/4553
vt 0.2141510 0.3495610
vt 0.2123760 0.3523310
f 4554/4645/4554 5129/4646/5129 4673/4647/4673
f 4860/4643/4860 4931/2933/4931 4853/2976/4853
vt 0.8436340 0.9629070
f 4862/4648/4862 3488/4554/3488 6022/4644/6022
f 4860/4643/4860 5129/4646/5129 4865/4642/4865
f 4865/4642/4865 5129/4646/5129 4554/4645/4554
f 4265/3170/4265 2978/4633/2978 2979/3171/2979
vt 0.3178780 0.8582330
f 4555/4580/4555 4672/4649/4672 5131/4581/5131
vt 0.8095110 0.4512470
f 4066/4534/4066 4067/4650/4067 4063/4519/4063
vt 0.8004100 0.4486610
f 4067/4650/4067 4218/4651/4218 4063/4519/4063
vt 0.2943590 0.6035930
vt 0.2923280 0.6051730
f 4069/4652/4069 4065/4653/4065 6018/2918/6018
f 6018/2918/6018 6014/2999/6014 4069/4652/4069
vt 0.5412460 0.9363300
vt 0.5443370 0.9296460
vt 0.5428790 0.9334840
f 4989/4654/4989 4992/4655/4992 5034/4656/5034
vt 0.1240560 0.2089930
vt 0.1233980 0.2050870
vt 0.1277740 0.2081790
f 4993/4657/4993 5036/4658/5036 5035/4659/5035
vt 0.1279080 0.2152300
vt 0.1192710 0.2070800
f 4215/4660/4215 4068/4661/4068 4993/4657/4993
vt 0.1197620 0.1945150
vt 0.1203270 0.1990220
f 4068/4661/4068 6016/4662/6016 5027/4663/5027
f 4068/4661/4068 5027/4663/5027 4993/4657/4993
f 5027/4663/5027 5036/4658/5036 4993/4657/4993
vt 0.1224880 0.1954200
f 5027/4663/5027 5124/4664/5124 5037/2993/5037
vt 0.1309390 0.2144670
f 4993/4657/4993 4990/4665/4990 4215/4660/4215
vt 0.7788390 0.0234630
f 6015/4666/6015 4071/3017/4071 5025/3021/5025
vt 0.7872260 0.0240830
vt 0.7829740 0.0225610
f 5028/4667/5028 5025/3021/5025 5125/4668/5125
vt 0.1222660 0.1916330
f 5027/4663/5027 6016/4662/6016 5024/4669/5024
f 5036/4658/5036 5027/4663/5027 5037/2993/5037
f 4650/3223/4650 4648/3225/4648 4649/4597/4649
vt 0.1271730 0.2047820
f 5039/4670/5039 5037/2993/5037 1052/2995/1052
f 5124/4664/5124 5042/2994/5042 5037/2993/5037
f 4066/4534/4066 3914/4527/3914 6017/4538/6017
vt 0.7948280 0.9478680
vt 0.7971120 0.9476540
f 4983/4671/4983 4146/3005/4146 4212/4672/4212
f 5036/4658/5036 5039/4670/5039 5035/4659/5035
vt 0.1302160 0.2054890
f 5035/4659/5035 5039/4670/5039 1046/4673/1046
vt 0.1300010 0.2086060
f 5035/4659/5035 1046/4673/1046 4991/4674/4991
f 5039/4670/5039 5036/4658/5036 5037/2993/5037
vt 0.7797170 0.0772450
vt 0.7878160 0.0764890
vt 0.7848600 0.0774890
f 4780/4675/4780 4856/4676/4856 5135/4677/5135
vt 0.3157700 0.8558130
f 4672/4649/4672 4851/4678/4851 5131/4581/5131
vt 0.3146080 0.8602270
f 5131/4581/5131 4851/4678/4851 4770/4679/4770
f 4984/3027/4984 4216/3026/4216 4989/4654/4989
vt 0.8016560 0.9393330
f 4983/4671/4983 4212/4672/4212 4214/4680/4214
vt 0.9713310 0.6161000
f 4211/4681/4211 4147/4541/4147 4080/4540/4080
vt 0.9431910 0.3539290
vt 0.9484080 0.3570260
f 2734/2048/2734 2736/4682/2736 2730/4683/2730
vt 0.9511640 0.3533110
f 2730/4683/2730 2736/4682/2736 2740/4684/2740
vt 0.0566810 0.0245750
vt 0.0618050 0.0203270
vt 0.0546340 0.0197750
f 3583/4685/3583 2733/4686/2733 2729/4687/2729
f 2728/2050/2728 2730/4683/2730 5323/2063/5323
f 2736/4682/2736 2734/2048/2734 2722/2051/2722
f 5323/2063/5323 2730/4683/2730 2740/4684/2740
vt 0.5166010 0.9885080
vt 0.5211820 0.9875450
vt 0.5174050 0.9927090
f 2725/4688/2725 2732/4689/2732 3584/4690/3584
vt 0.9212520 0.6307210
f 1583/4479/1583 5793/4691/5793 3503/4480/3503
vt 0.0178030 0.9260090
f 2597/4466/2597 1590/4692/1590 1596/4467/1596
vt 0.9350090 0.4248730
f 1591/4693/1591 1582/4481/1582 1595/4476/1595
vt 0.9506410 0.4287560
f 1591/4693/1591 5873/4694/5873 1582/4481/1582
vt 0.9122800 0.9301170
vt 0.9098240 0.9264800
vt 0.8840630 0.9297690
f 2800/4695/2800 2916/4696/2916 5988/4697/5988
vt 0.3467070 0.1489720
vt 0.3378690 0.1204530
vt 0.3507130 0.1487820
f 2799/4698/2799 2803/4699/2803 2805/4700/2805
vt 0.8840610 0.9330610
f 2800/4695/2800 5988/4697/5988 2806/4701/2806
vt 0.1224370 0.5467900
vt 0.1061330 0.5445920
f 5880/4702/5880 3666/4703/3666 3659/2015/3659
vt 0.0763360 0.5413820
f 3666/4703/3666 3661/4704/3661 3659/2015/3659
vt 0.9128650 0.9272110
f 2800/4695/2800 5318/4705/5318 2916/4696/2916
vt 0.4181030 0.0661310
vt 0.4185160 0.0673560
vt 0.4584630 0.0665100
f 2387/4706/2387 5294/4707/5294 2596/4708/2596
vt 0.9359650 0.3819130
vt 0.9510850 0.3824170
f 5296/4709/5296 1584/4710/1584 1591/4693/1591
vt 0.9195790 0.5726520
vt 0.9214160 0.5723110
f 1585/4711/1585 4194/4712/4194 5793/4691/5793
vt 0.3006330 0.9852130
vt 0.3360390 0.9888140
vt 0.3671980 0.9854090
f 4195/4713/4195 4361/4714/4361 5794/4715/5794
vt 0.1994440 0.0724510
vt 0.2096640 0.0709190
vt 0.2091540 0.0744620
f 2903/4716/2903 2802/4717/2802 2797/4718/2797
vt 0.4508550 0.0683290
f 2596/4708/2596 5294/4707/5294 1592/4719/1592
vt 0.1981330 0.0593780
vt 0.2098800 0.0538350
f 2802/4717/2802 2738/4720/2738 2386/4721/2386
f 2802/4717/2802 2903/4716/2903 2738/4720/2738
vt 0.9590460 0.0322370
vt 0.9551870 0.0197010
f 2904/4722/2904 5929/2045/5929 2739/4723/2739
vt 0.7209260 0.9594110
vt 0.7052030 0.9608140
vt 0.7200010 0.9613820
f 2388/4724/2388 1586/4725/1586 5295/4726/5295
vt 0.7042480 0.9592990
f 4197/4727/4197 1586/4725/1586 2388/4724/2388
vt 0.1894610 0.0537890
vt 0.1930790 0.0530320
f 2738/4720/2738 4370/4728/4370 4196/4729/4196
f 2738/4720/2738 4196/4729/4196 2386/4721/2386
vt 0.1898220 0.0583700
f 2738/4720/2738 2735/4730/2735 4370/4728/4370
vt 0.9170370 0.6175490
f 5872/4731/5872 1585/4711/1585 5793/4691/5793
f 1591/4693/1591 1584/4710/1584 5873/4694/5873
vt 0.7260870 0.0636220
vt 0.7434850 0.0565020
vt 0.7257730 0.0562580
f 5315/4732/5315 3670/4733/3670 2876/4734/2876
vt 0.7936100 0.7377880
vt 0.7919000 0.7215040
vt 0.7940740 0.7227930
f 4101/4735/4101 5316/4736/5316 2801/4737/2801
f 1583/4479/1583 5872/4731/5872 5793/4691/5793
vt 0.7437610 0.0652170
f 3670/4733/3670 5315/4732/5315 4098/4738/4098
vt 0.3514260 0.1104320
vt 0.3506290 0.1089780
f 4099/4739/4099 2803/4699/2803 2385/4740/2385
vt 0.2478820 0.5936770
vt 0.2468420 0.5955130
vt 0.2580490 0.5943610
f 4100/4741/4100 2391/4742/2391 3669/4743/3669
f 5322/2064/5322 2739/4723/2739 5929/2045/5929
vt 0.3976020 0.9886770
f 5794/4715/5794 4361/4714/4361 5792/4744/5792
vt 0.6442560 0.3498540
f 2399/1967/2399 2390/4745/2390 2598/1968/2598
vt 0.6492170 0.0192250
f 2398/1946/2398 3664/1945/3664 3668/4746/3668
vt 0.6469440 0.0240180
f 3668/4746/3668 2389/4747/2389 2398/1946/2398
vt 0.2638260 0.2730060
vt 0.2607520 0.2729190
vt 0.2629380 0.2801070
f 2917/4748/2917 5317/4749/5317 2875/4750/2875
vt 0.5153310 0.5681330
vt 0.5135810 0.5682850
vt 0.5249130 0.5541830
f 3680/4751/3680 2877/4752/2877 3667/4753/3667
vt 0.6534430 0.0862980
vt 0.6538280 0.0843180
vt 0.6383990 0.0764390
f 5879/4754/5879 3681/4755/3681 3665/4756/3665
vt 0.3360470 0.1236810
f 2796/4757/2796 2803/4699/2803 2799/4698/2799
vt 0.5431880 0.5291010
vt 0.5441140 0.5213660
vt 0.5534040 0.5198710
f 5928/4758/5928 2902/4759/2902 2795/4760/2795
vt 0.5498380 0.5399800
f 2798/4761/2798 5324/2086/5324 5928/4758/5928
f 5928/4758/5928 2795/4760/2795 2798/4761/2798
f 2808/2087/2808 5324/2086/5324 2798/4761/2798
vt 0.6532650 0.7085070
vt 0.6494330 0.6236970
f 2338/2829/2338 5607/4762/5607 2346/4763/2346
f 2338/2829/2338 2346/4763/2346 2340/2828/2340
vt 0.6441830 0.0991910
vt 0.5282930 0.0900030
vt 0.5274230 0.0920500
f 1373/4764/1373 5418/4765/5418 5187/4766/5187
vt 0.8809710 0.1066830
vt 0.8806450 0.1432380
vt 0.8788060 0.1067360
f 2772/4767/2772 3153/4768/3153 1368/4769/1368
vt 0.1171060 0.4877540
f 1369/4770/1369 5189/3306/5189 1367/3311/1367
f 1351/3304/1351 1367/3311/1367 5189/3306/5189
f 1369/4770/1369 1377/1892/1377 1372/1842/1372
vt 0.3499210 0.6944530
f 2184/1755/2184 2213/2820/2213 3774/4771/3774
vt 0.3502440 0.6865440
f 1393/4772/1393 2193/2813/2193 3774/4771/3774
f 2184/1755/2184 3774/4771/3774 2193/2813/2193
f 1393/4772/1393 3725/2814/3725 2193/2813/2193
vt 0.0804810 0.4946620
vt 0.0638370 0.5063370
vt 0.0857340 0.5075240
f 1376/4773/1376 1389/4774/1389 1375/4775/1375
vt 0.0612750 0.5153720
vt 0.0688390 0.5186040
f 1375/4775/1375 1392/4776/1392 3775/4777/3775
f 1389/4774/1389 1392/4776/1392 1375/4775/1375
vt 0.3403900 0.7082010
vt 0.3391440 0.7077030
f 3774/4771/3774 2199/4778/2199 1374/4779/1374
f 1384/1841/1384 1376/4773/1376 1375/4775/1375
f 5189/3306/5189 1384/1841/1384 1375/4775/1375
f 1369/4770/1369 1384/1841/1384 5189/3306/5189
vt 0.8792280 0.1752140
f 3153/4768/3153 1371/4780/1371 1368/4769/1368
vt 0.8811790 0.1754730
f 3153/4768/3153 2747/4781/2747 1371/4780/1371
f 1384/1841/1384 3719/1844/3719 1376/4773/1376
f 1376/4773/1376 3719/1844/3719 1389/4774/1389
f 1372/1842/1372 1384/1841/1384 1369/4770/1369
vt 0.0577800 0.5073070
f 1389/4774/1389 3718/4782/3718 1392/4776/1392
vt 0.7726140 0.3467670
vt 0.7718460 0.3410100
vt 0.7731180 0.3397900
f 5426/4783/5426 5464/4784/5464 5267/4785/5267
vt 0.0807870 0.4397120
f 5424/4786/5424 4086/2799/4086 5463/2801/5463
vt 0.0810960 0.4317530
vt 0.0639250 0.4409890
f 4204/4787/4204 3773/4788/3773 5424/4786/5424
vt 0.0806840 0.4293640
f 5417/3301/5417 2202/4789/2202 4204/4787/4204
vt 0.0959970 0.4460920
f 4204/4787/4204 5425/4790/5425 5423/3358/5423
f 5463/2801/5463 5425/4790/5425 5424/4786/5424
f 4204/4787/4204 5424/4786/5424 5425/4790/5425
f 5417/3301/5417 4204/4787/4204 5419/3302/5419
f 5419/3302/5419 4204/4787/4204 5423/3358/5423
vt 0.0754670 0.7002780
vt 0.0748170 0.7028490
f 5266/4791/5266 5270/2807/5270 2345/4792/2345
f 5270/2807/5270 2339/2806/2339 2345/4792/2345
vt 0.7974140 0.3037980
f 2790/3339/2790 5257/3338/5257 2344/4793/2344
f 5258/3337/5258 5427/3334/5427 5268/2797/5268
vt 0.4400460 0.2832570
f 2789/3321/2789 2343/4794/2343 5610/3322/5610
vt 0.7979670 0.3016060
f 5257/3338/5257 5265/4795/5265 2344/4793/2344
vt 0.7731190 0.3337160
f 5267/4785/5267 5464/4784/5464 5261/4796/5261
vt 0.2293310 0.0474230
f 2214/2770/2214 4686/2771/4686 4087/4797/4087
vt 0.0662170 0.4486320
f 5424/4786/5424 3773/4788/3773 4088/4798/4088
vt 0.0562190 0.4467650
f 3773/4788/3773 2216/4799/2216 4088/4798/4088
vt 0.9893900 0.3357920
vt 0.9914700 0.3394890
vt 0.9909620 0.3566450
f 4203/4800/4203 2201/4801/2201 3776/4802/3776
vt 0.6454300 0.0972670
f 1373/4764/1373 2200/4803/2200 5418/4765/5418
vt 0.8657250 0.8822980
vt 0.8572670 0.8929830
f 6233/4804/6233 3002/1889/3002 3004/4805/3004
vt 0.0668380 0.3090130
f 3003/1893/3003 1378/1865/1378 1370/4806/1370
vt 0.0666110 0.3106420
f 3003/1893/3003 1370/4806/1370 2748/4807/2748
f 6231/3359/6231 6233/4804/6233 2750/3360/2750
vt 0.8311160 0.7712030
vt 0.8305900 0.7389270
vt 0.8327800 0.7023210
f 2749/4808/2749 3154/4809/3154 3152/4810/3152
vt 0.8520460 0.8872490
f 6233/4804/6233 3005/4811/3005 2750/3360/2750
vt 0.8308390 0.7017450
f 3152/4810/3152 3154/4809/3154 2774/4812/2774
vt 0.7455760 0.8350330
f 3717/1849/3717 3726/3473/3726 1391/4813/1391
f 2333/4125/2333 2332/2825/2332 2331/4126/2331
f 2336/2827/2336 2332/2825/2332 2333/4125/2333
vt 0.4347900 0.8445330
vt 0.4381180 0.8552810
f 1512/4814/1512 1490/4815/1490 1485/4436/1485
vt 0.4200790 0.8469010
vt 0.4315470 0.8386270
f 1485/4436/1485 2417/4816/2417 1497/4817/1497
f 1485/4436/1485 1497/4817/1497 1512/4814/1512
vt 0.4372070 0.7837750
f 2417/4816/2417 1498/4818/1498 1497/4817/1497
vt 0.1948910 0.8777890
f 4357/4426/4357 4330/4453/4330 2418/4819/2418
vt 0.1651730 0.8787070
f 2418/4819/2418 4330/4453/4330 4358/4820/4358
vt 0.4426420 0.8538050
f 1485/4436/1485 1490/4815/1490 1513/4821/1513
vt 0.4428450 0.8450330
f 1511/4822/1511 1512/4814/1512 1497/4817/1497
vt 0.4495900 0.7996180
f 1513/4821/1513 1511/4822/1511 1506/4823/1506
vt 0.4388100 0.8333580
f 1511/4822/1511 1497/4817/1497 1500/4824/1500
vt 0.4449360 0.8320260
f 1511/4822/1511 1500/4824/1500 1510/4825/1510
f 1511/4822/1511 1510/4825/1510 1506/4823/1506
vt 0.4409520 0.8135840
f 1500/4824/1500 1507/4826/1507 1510/4825/1510
vt 0.4463740 0.8164300
f 1510/4825/1510 1507/4826/1507 1509/4827/1509
vt 0.4618770 0.7379260
f 1485/4436/1485 1513/4821/1513 1496/4828/1496
f 1496/4828/1496 1513/4821/1513 1506/4823/1506
f 1506/4823/1506 1510/4825/1510 1509/4827/1509
vt 0.4767740 0.7030040
f 1493/4437/1493 1485/4436/1485 1492/4829/1492
vt 0.4463920 0.7839390
vt 0.4529980 0.7815190
f 1506/4823/1506 1505/4830/1505 1504/4831/1504
vt 0.4557750 0.7699310
f 1506/4823/1506 1494/4832/1494 1496/4828/1496
f 1506/4823/1506 1504/4831/1504 1494/4832/1494
f 1485/4436/1485 1496/4828/1496 1492/4829/1492
vt 0.4525490 0.7388740
f 1498/4818/1498 1499/4833/1499 1505/4830/1505
vt 0.4418410 0.7846310
f 1486/4834/1486 1498/4818/1498 1505/4830/1505
vt 0.4487390 0.7671220
vt 0.4501410 0.7549070
f 1503/4835/1503 1505/4830/1505 1502/4836/1502
vt 0.4426830 0.7991450
f 1506/4823/1506 1508/4837/1508 1505/4830/1505
f 1508/4837/1508 1486/4834/1486 1505/4830/1505
f 4357/4426/4357 2418/4819/2418 4319/4427/4319
vt 0.4325550 0.8321870
f 1497/4817/1497 1489/4838/1489 1500/4824/1500
f 1489/4838/1489 1486/4834/1486 1500/4824/1500
f 1486/4834/1486 1497/4817/1497 1498/4818/1498
f 1489/4838/1489 1497/4817/1497 1486/4834/1486
f 1507/4826/1507 1508/4837/1508 1506/4823/1506
f 1500/4824/1500 1486/4834/1486 1508/4837/1508
f 1507/4826/1507 1500/4824/1500 1508/4837/1508
f 1509/4827/1509 1507/4826/1507 1506/4823/1506
f 1513/4821/1513 1490/4815/1490 1512/4814/1512
f 1513/4821/1513 1512/4814/1512 1511/4822/1511
vt 0.7864250 0.9761410
vt 0.7641820 0.9916950
vt 0.7821050 0.9858210
f 1908/4839/1908 1802/4840/1802 1915/4841/1915
vt 0.8114980 0.9552680
f 1908/4839/1908 1915/4841/1915 2076/4842/2076
vt 0.8021650 0.9605290
f 920/4843/920 1908/4839/1908 2076/4842/2076
vt 0.8016100 0.9704740
f 2076/4842/2076 1915/4841/1915 2081/4844/2081
vt 0.5022130 0.1135490
vt 0.4817080 0.1150860
vt 0.4905540 0.1211960
f 2077/4845/2077 2080/4846/2080 2084/4847/2084
vt 0.7404970 0.9855370
vt 0.7317740 0.9899490
f 1905/4848/1905 1901/4849/1901 1802/4840/1802
vt 0.7434160 0.9929610
f 1901/4849/1901 1903/4850/1903 1802/4840/1802
vt 0.7622050 0.9846670
f 1905/4848/1905 1802/4840/1802 1907/4851/1907
f 1907/4851/1907 1802/4840/1802 1908/4839/1908
vt 0.0938370 0.0619870
vt 0.0948070 0.0738650
vt 0.1018110 0.0705530
f 1801/4852/1801 5088/4853/5088 1803/4854/1803
vt 0.0960410 0.0802000
f 2094/4855/2094 1803/4854/1803 5088/4853/5088
vt 0.1024970 0.0828140
f 1803/4854/1803 2094/4855/2094 1914/4856/1914
vt 0.4634280 0.1120170
vt 0.4727300 0.1204020
f 1913/4857/1913 4756/4858/4756 2080/4846/2080
vt 0.4549260 0.1169860
f 4756/4858/4756 1913/4857/1913 2093/4859/2093
vt 0.5049050 0.1199710
f 2077/4845/2077 2084/4847/2084 2079/4860/2079
vt 0.0855410 0.0482210
vt 0.1003120 0.0511970
vt 0.1008190 0.0403400
f 1804/4861/1804 1902/4862/1902 1900/4863/1900
vt 0.0924390 0.0514680
f 1796/4864/1796 1902/4862/1902 1804/4861/1804
f 1803/4854/1803 1902/4862/1902 1801/4852/1801
f 1801/4852/1801 1902/4862/1902 1796/4864/1796
vt 0.7184730 0.9775890
f 918/4865/918 1911/2282/1911 1901/4849/1901
f 918/4865/918 1901/4849/1901 1905/4848/1905
vt 0.0510950 0.6910140
vt 0.0593590 0.6922780
vt 0.0584470 0.6855070
f 2095/4866/2095 5090/4867/5090 5081/4868/5081
vt 0.0870470 0.0369020
f 1804/4861/1804 1900/4863/1900 1797/4869/1797
vt 0.0713030 0.0501980
vt 0.0926030 0.0580610
f 1796/4864/1796 1777/4870/1777 1800/4871/1800
vt 0.0908150 0.0344500
f 1900/4863/1900 1810/4872/1810 1797/4869/1797
vt 0.6186410 0.8541640
vt 0.6160240 0.8487560
vt 0.6195140 0.8526390
f 1799/4873/1799 1811/4874/1811 1795/4875/1795
vt 0.1602090 0.1416720
vt 0.1619860 0.1390120
vt 0.1504610 0.1387610
f 1798/4876/1798 1794/4877/1794 1787/4878/1787
vt 0.1494520 0.1408540
f 1805/4879/1805 1798/4876/1798 1787/4878/1787
f 1796/4864/1796 1804/4861/1804 1777/4870/1777
vt 0.0874250 0.0336310
vt 0.0835720 0.0366660
f 1807/4880/1807 1783/2237/1783 1793/4881/1793
f 1809/2284/1809 1901/4849/1901 1911/2282/1911
vt 0.9196800 0.0019710
vt 0.9309390 0.0030710
vt 0.9204970 0.0047120
f 5097/4882/5097 2085/4883/2085 2087/4884/2087
vt 0.4738780 0.1298820
f 4756/4858/4756 2090/4885/2090 2080/4846/2080
vt 0.0301460 0.6880550
vt 0.0280400 0.6787570
vt 0.0267760 0.6796650
f 4757/4886/4757 5118/4887/5118 2091/4888/2091
vt 0.4870700 0.1308690
f 2084/4847/2084 2080/4846/2080 2088/4889/2088
f 2090/4885/2090 2088/4889/2088 2080/4846/2080
f 1527/3489/1527 1531/4401/1531 4840/3490/4840
vt 0.2363500 0.5402940
f 4466/3104/4466 4839/4890/4839 4464/3105/4464
vt 0.7329630 0.7547190
f 4456/3529/4456 4181/3528/4181 3498/4891/3498
vt 0.0772900 0.8922540
f 4716/3524/4716 4183/3526/4183 3077/4892/3077
vt 0.1767240 0.6976300
f 3076/3494/3076 4182/4893/4182 4675/3503/4675
vt 0.2524990 0.5379810
f 4185/3499/4185 4455/4894/4455 4466/3104/4466
f 4185/3499/4185 4466/3104/4466 4463/3501/4463
f 4455/4894/4455 4839/4890/4839 4466/3104/4466
vt 0.0017970 0.5230900
vt 0.0014950 0.5359450
vt 0.0065490 0.5356890
f 1491/4895/1491 1517/4896/1517 4842/4897/4842
vt 0.2246670 0.5340440
f 4839/4890/4839 4843/4898/4843 4464/3105/4464
vt 0.9301020 0.4949260
vt 0.9257310 0.4956710
vt 0.9198660 0.4790290
f 1516/4899/1516 3569/4900/3569 5786/4901/5786
vt 0.0527830 0.9380320
vt 0.0518480 0.9341940
f 4841/4902/4841 1515/4903/1515 4465/3103/4465
vt 0.9228560 0.4741710
f 2108/4904/2108 1516/4899/1516 5786/4901/5786
f 1515/4903/1515 2109/3100/2109 4465/3103/4465
vt 0.0065430 0.5226380
f 4838/4905/4838 1491/4895/1491 4842/4897/4842
vt 0.7342860 0.2275140
vt 0.7198950 0.2275210
vt 0.7202670 0.2321000
f 4332/4906/4332 3829/4907/3829 3157/4908/3157
vt 0.4537100 0.0313640
vt 0.4586630 0.0264830
vt 0.4588530 0.0276810
f 3160/4909/3160 5781/4910/5781 3246/4911/3246
vt 0.4572730 0.0403410
f 3160/4909/3160 3246/4911/3246 3155/4912/3155
vt 0.7324650 0.2318790
f 3247/4913/3247 4332/4906/4332 3157/4908/3157
vt 0.0548700 0.8791670
vt 0.0268700 0.8808150
f 3562/4914/3562 4334/2037/4334 5782/4915/5782
vt 0.6895320 0.9468040
vt 0.6867820 0.9370290
f 4335/4916/4335 5779/3125/5779 5783/4917/5783
vt 0.7333900 0.2327980
f 4332/4906/4332 3247/4913/3247 5780/4918/5780
f 4330/4453/4330 4334/2037/4334 4358/4820/4358
f 4358/4820/4358 4334/2037/4334 3562/4914/3562
vt 0.6592300 0.9372620
f 3565/3130/3565 3564/4919/3564 5784/3132/5784
vt 0.6816540 0.9140120
f 3565/3130/3565 5788/3084/5788 3567/4920/3567
vt 0.4266980 0.6267140
vt 0.4238310 0.6586340
vt 0.4228350 0.6571450
f 1514/4921/1514 3563/4922/3563 3566/4923/3566
vt 0.4238190 0.8145110
vt 0.4405030 0.7129140
f 2417/4816/2417 4359/4924/4359 3561/4925/3561
f 1498/4818/1498 2417/4816/2417 3561/4925/3561
f 1531/4401/1531 1493/4437/1493 1492/4829/1492
f 1531/4401/1531 1492/4829/1492 4840/3490/4840
vt 0.4521230 0.7260500
f 1499/4833/1499 3561/4925/3561 1495/4926/1495
vt 0.4580090 0.7087110
vt 0.4641680 0.7103560
f 1495/4926/1495 1487/4927/1487 1488/4928/1488
f 1495/4926/1495 3561/4925/3561 1487/4927/1487
vt 0.4677640 0.6939770
f 1487/4927/1487 3561/4925/3561 1518/4929/1518
vt 0.4220870 0.6267800
f 3568/4930/3568 1514/4921/1514 3566/4923/3566
f 1496/4828/1496 1495/4926/1495 1488/4928/1488
f 1488/4928/1488 1487/4927/1487 1518/4929/1518
f 1488/4928/1488 1518/4929/1518 1492/4829/1492
f 1496/4828/1496 1499/4833/1499 1495/4926/1495
vt 0.4574230 0.7554560
f 1501/4931/1501 1499/4833/1499 1496/4828/1496
f 1494/4832/1494 1503/4835/1503 1501/4931/1501
f 1494/4832/1494 1501/4931/1501 1496/4828/1496
f 1492/4829/1492 1496/4828/1496 1488/4928/1488
f 1498/4818/1498 3561/4925/3561 1499/4833/1499
f 1502/4836/1502 1499/4833/1499 1501/4931/1501
f 1505/4830/1505 1499/4833/1499 1502/4836/1502
f 1504/4831/1504 1505/4830/1505 1503/4835/1503
f 1503/4835/1503 1502/4836/1502 1501/4931/1501
f 1494/4832/1494 1504/4831/1504 1503/4835/1503
vt 0.6252850 0.1408520
f 2568/2651/2568 2759/4932/2759 1403/3264/1403
vt 0.8996340 0.7995930
vt 0.8988250 0.7973160
vt 0.9120630 0.7939910
f 2566/4933/2566 2577/4934/2577 2758/4935/2758
vt 0.6278810 0.1531190
f 2569/2650/2569 2578/4936/2578 2568/2651/2568
vt 0.8899910 0.8006610
f 2571/4937/2571 2576/2655/2576 2577/4934/2577
f 2576/2655/2576 5348/2654/5348 2753/4171/2753
vt 0.8954090 0.7796670
f 2577/4934/2577 2576/2655/2576 2752/4938/2752
vt 0.8943770 0.7708440
vt 0.8869170 0.7747790
f 2757/4939/2757 2751/4940/2751 2756/4173/2756
f 2576/2655/2576 2753/4171/2753 2751/4940/2751
f 2754/4170/2754 2751/4940/2751 2753/4171/2753
f 2751/4940/2751 2754/4170/2754 2756/4173/2756
f 2758/4935/2758 2752/4938/2752 2757/4939/2757
f 2576/2655/2576 2751/4940/2751 2752/4938/2752
f 2577/4934/2577 2752/4938/2752 2758/4935/2758
f 2752/4938/2752 2751/4940/2751 2757/4939/2757
vt 0.9102760 0.7706330
f 2758/4935/2758 2757/4939/2757 2761/4941/2761
vt 0.9161670 0.7837390
vt 0.9179440 0.7927560
f 2758/4935/2758 1401/4942/1401 1385/4943/1385
vt 0.9052610 0.7646830
vt 0.9139090 0.7641030
f 2761/4941/2761 2763/4944/2763 1399/4945/1399
vt 0.9038480 0.8049290
vt 0.8980940 0.8319140
vt 0.8944240 0.8063080
f 6216/4946/6216 6219/4947/6219 6223/4948/6223
vt 0.8900730 0.8071030
f 6223/4948/6223 6219/4947/6219 6228/4949/6228
vt 0.6952420 0.0663030
vt 0.7062690 0.0622140
vt 0.6861530 0.0660450
f 6215/4950/6215 6221/4951/6221 2767/4952/2767
vt 0.2130300 0.4724940
vt 0.2059920 0.4740360
f 2762/4953/2762 6222/4954/6222 1398/3269/1398
vt 0.9031440 0.8520290
f 6216/4946/6216 6213/4955/6213 6219/4947/6219
f 1398/3269/1398 1387/3310/1387 1397/3270/1397
vt 0.8928950 0.7634620
vt 0.9076590 0.7544740
f 2763/4944/2763 2765/4956/2765 6224/4957/6224
f 2757/4939/2757 2763/4944/2763 2761/4941/2761
vt 0.8754780 0.7613670
f 2756/4173/2756 1613/4958/1613 2765/4956/2765
f 2756/4173/2756 2765/4956/2765 2757/4939/2757
f 2757/4939/2757 2765/4956/2765 2763/4944/2763
vt 0.9134010 0.8038990
vt 0.9108630 0.8311060
f 2766/4959/2766 4002/4960/4002 6216/4946/6216
f 2758/4935/2758 2761/4941/2761 1401/4942/1401
f 1401/4942/1401 2761/4941/2761 1399/4945/1399
f 1398/3269/1398 6222/4954/6222 1387/3310/1387
vt 0.9857580 0.8398410
f 1623/4199/1623 1620/4961/1620 4004/4200/4004
vt 0.9947150 0.8406060
f 1620/4961/1620 4006/4962/4006 4004/4200/4004
f 4002/4960/4002 6213/4955/6213 6216/4946/6216
vt 0.9956630 0.8655500
f 4004/4200/4004 4006/4962/4006 4003/4963/4003
vt 0.9930630 0.8932600
f 4004/4200/4004 4003/4963/4003 2764/4964/2764
f 4004/4200/4004 2764/4964/2764 1614/4198/1614
vt 0.9865300 0.8004200
vt 0.9975690 0.7997280
f 4006/4962/4006 4009/4965/4009 4008/4966/4008
f 4009/4965/4009 4006/4962/4006 1620/4961/1620
f 6219/4947/6219 6218/3366/6218 6227/3362/6227
f 6221/4951/6221 6229/3364/6229 2775/3363/2775
f 1388/3312/1388 6224/4957/6224 2773/3313/2773
vt 0.8040550 0.0205490
f 2468/4483/2468 2469/4967/2469 4331/4484/4331
vt 0.2337700 0.8673560
vt 0.2386330 0.8661330
f 2470/4968/2470 4350/4969/4350 4330/4453/4330
vt 0.5283120 0.7855180
vt 0.5285250 0.7901830
vt 0.5390700 0.7857220
f 2467/4970/2467 3515/4971/3515 3279/4972/3279
vt 0.5391250 0.7907640
f 2475/4973/2475 3279/4972/3279 3515/4971/3515
vt 0.2408760 0.7393480
f 4360/4974/4360 2721/2056/2721 4348/2055/4348
vt 0.2259410 0.8620610
f 4320/4975/4320 4324/2041/4324 1271/2044/1271
vt 0.2494090 0.8670110
vt 0.2510740 0.8593020
f 4121/4976/4121 4369/4977/4369 4350/4969/4350
vt 0.8002670 0.0038790
vt 0.8063920 0.0095090
vt 0.8054830 0.0135820
f 4118/4978/4118 4120/4979/4120 2465/4980/2465
vt 0.8007020 0.0091930
f 4118/4978/4118 2465/4980/2465 2472/4981/2472
vt 0.4893610 0.0274990
vt 0.4905710 0.0321470
vt 0.4917520 0.0324920
f 4119/4982/4119 4351/4983/4351 2461/4984/2461
vt 0.2378710 0.8621070
f 4369/4977/4369 4349/4985/4349 4350/4969/4350
vt 0.4832170 0.0239700
vt 0.4826860 0.0268330
f 4112/4486/4112 3501/4986/3501 4368/4987/4368
f 4112/4486/4112 4368/4987/4368 4116/4487/4116
f 4368/4987/4368 4119/4982/4119 4116/4487/4116
vt 0.4257530 0.9849600
f 5794/4715/5794 5792/4744/5792 3502/4988/3502
vt 0.4236470 0.9873000
f 3502/4988/3502 5792/4744/5792 4367/4989/4367
vt 0.2439750 0.8675560
vt 0.2399370 0.8673050
f 2462/4990/2462 4350/4969/4350 2471/4991/2471
vt 0.2409230 0.8606430
f 4369/4977/4369 4347/4992/4347 4349/4985/4349
vt 0.8022410 0.0131940
f 2465/4980/2465 2469/4967/2469 3280/4993/3280
f 2469/4967/2469 2468/4483/2468 3280/4993/3280
vt 0.5315980 0.4784470
vt 0.5261360 0.4791380
vt 0.5286270 0.4832460
f 2473/4994/2473 2463/4995/2463 2476/4996/2476
vt 0.4200130 0.1556540
vt 0.4251570 0.1571100
vt 0.4243890 0.1541300
f 2477/4997/2477 2464/4998/2464 3281/4999/3281
vt 0.5121090 0.1387610
vt 0.5116990 0.1343460
vt 0.4997010 0.1385440
f 2474/5000/2474 2478/5001/2478 2466/5002/2466
f 4118/4978/4118 2472/4981/2472 4314/4482/4314
f 2472/4981/2472 2468/4483/2468 4314/4482/4314
vt 0.4997610 0.1341760
f 2478/5001/2478 3516/5003/3516 2466/5002/2466
vt 0.3015480 0.9878200
f 4371/5004/4371 4361/4714/4361 4195/4713/4195
f 4347/4992/4347 4360/4974/4360 4348/2055/4348
vt 0.2453810 0.8039420
f 4352/5005/4352 4360/4974/4360 4347/4992/4347
vt 0.2484890 0.7387270
f 4360/4974/4360 4372/5006/4372 2721/2056/2721
vt 0.2484360 0.7337720
f 4372/5006/4372 2737/5007/2737 2721/2056/2721
vt 0.2526600 0.7764540
vt 0.2507930 0.7400220
f 4362/5008/4362 4373/5009/4373 4360/4974/4360
f 4362/5008/4362 4360/4974/4360 4352/5005/4352
vt 0.2530850 0.8265560
f 5791/5010/5791 4362/5008/4362 4352/5005/4352
f 4347/4992/4347 4348/2055/4348 4349/4985/4349
f 5791/5010/5791 4347/4992/4347 4369/4977/4369
f 5791/5010/5791 4352/5005/4352 4347/4992/4347
vt 0.2220280 0.8485670
f 4320/4975/4320 1271/2044/1271 1598/5011/1598
f 4350/4969/4350 4349/4985/4349 4320/4975/4320
f 4350/4969/4350 4320/4975/4320 4330/4453/4330
f 4348/2055/4348 4320/4975/4320 4349/4985/4349
f 4320/4975/4320 4348/2055/4348 4324/2041/4324
vt 0.4315250 0.3607800
vt 0.4260610 0.3628270
vt 0.4290970 0.3676040
f 5862/5012/5862 5961/5013/5961 5828/5014/5828
vt 0.4277050 0.3533900
f 5862/5012/5862 5831/5015/5831 5961/5013/5961
vt 0.4296830 0.3453000
vt 0.4238270 0.3465440
f 5361/5016/5361 5360/5017/5360 5831/5015/5831
f 5796/3137/5796 5862/5012/5862 5826/3723/5826
f 5796/3137/5796 5826/3723/5826 5824/3136/5824
f 5862/5012/5862 5823/3728/5823 5826/3723/5826
vt 0.4473080 0.3716790
f 5862/5012/5862 5828/5014/5828 5841/5018/5841
vt 0.4529910 0.3771430
f 5840/5019/5840 4293/3729/4293 5823/3728/5823
f 5862/5012/5862 5841/5018/5841 5823/3728/5823
vt 0.4433730 0.3783790
f 5840/5019/5840 1999/5020/1999 4293/3729/4293
vt 0.0377400 0.2605510
vt 0.0429020 0.2470230
vt 0.0302500 0.2417440
f 1994/5021/1994 1998/5022/1998 5839/5023/5839
vt 0.4266500 0.3722730
f 5828/5014/5828 1996/5024/1996 5841/5018/5841
vt 0.4658000 0.3461370
vt 0.4787940 0.3521240
f 5832/3144/5832 5833/5025/5833 5795/5026/5795
f 5795/5026/5795 5796/3137/5796 5850/3142/5850
f 5832/3144/5832 5795/5026/5795 5850/3142/5850
f 4344/3113/4344 5832/3144/5832 5810/3141/5810
vt 0.7402040 0.2075690
vt 0.7374150 0.2249070
vt 0.7335720 0.2093670
f 4343/5027/4343 5809/5028/5809 5812/5029/5812
f 4344/3113/4344 5844/2129/5844 5832/3144/5832
vt 0.4400380 0.3530210
f 5795/5026/5795 5830/5030/5830 5862/5012/5862
vt 0.4342210 0.3430460
f 5833/5025/5833 5161/5031/5161 5361/5016/5361
f 5361/5016/5361 5830/5030/5830 5833/5025/5833
f 5846/2109/5846 5861/2110/5861 5833/5025/5833
f 5844/2129/5844 5846/2109/5846 5833/5025/5833
f 5861/2110/5861 5161/5031/5161 5833/5025/5833
f 3302/2128/3302 5846/2109/5846 5844/2129/5844
f 5796/3137/5796 5795/5026/5795 5862/5012/5862
f 5833/5025/5833 5830/5030/5830 5795/5026/5795
f 5844/2129/5844 5833/5025/5833 5832/3144/5832
vt 0.7247180 0.3854160
f 4290/3735/4290 2541/5032/2541 1942/3736/1942
vt 0.7168730 0.3946850
f 1942/3736/1942 2541/5032/2541 1941/5033/1941
vt 0.7240590 0.4024400
f 2541/5032/2541 1934/5034/1934 1941/5033/1941
vt 0.7280670 0.4842820
vt 0.7232740 0.4131150
f 3083/5035/3083 1928/2564/1928 1931/5036/1931
vt 0.1952710 0.2948040
vt 0.1885700 0.2967890
vt 0.2005870 0.2955990
f 2528/5037/2528 1930/5038/1930 1933/5039/1933
vt 0.5093140 0.9582270
vt 0.5152820 0.9713300
vt 0.5130880 0.9692830
f 2542/5040/2542 2529/5041/2529 1932/5042/1932
f 1928/2564/1928 1934/5034/1934 1931/5036/1931
f 1928/2564/1928 3083/5035/3083 1926/2567/1926
vt 0.7249960 0.5460230
f 3083/5035/3083 1935/5043/1935 1926/2567/1926
vt 0.4461370 0.2714220
vt 0.2993420 0.2813470
vt 0.4479880 0.2724640
f 5889/5044/5889 5992/5045/5992 5968/5046/5968
vt 0.5930080 0.6921080
vt 0.5718480 0.5733370
vt 0.6034770 0.6879470
f 5969/5047/5969 5974/5048/5974 5885/5049/5885
vt 0.5849870 0.9757420
vt 0.5847890 0.9805050
vt 0.5801020 0.9800410
f 3602/5050/3602 5970/5051/5970 3937/5052/3937
vt 0.0412260 0.6972360
vt 0.0412700 0.6936210
vt 0.0380660 0.6975940
f 4762/5053/4762 3266/5054/3266 4157/5055/4157
vt 0.5847890 0.9713300
vt 0.5798740 0.9718310
f 3604/5056/3604 3602/5050/3602 4154/5057/4154
vt 0.5971580 0.6968010
vt 0.6033080 0.6960390
vt 0.6036490 0.7317030
f 3601/5058/3601 3606/5059/3606 5962/5060/5962
vt 0.5934060 0.7086830
vt 0.5931380 0.6928030
f 5891/5061/5891 5971/5062/5971 3601/5058/3601
vt 0.5948220 0.0068670
vt 0.5884770 0.0067430
vt 0.5939330 0.0014270
f 5967/5063/5967 3942/5064/3942 3938/5065/3938
vt 0.5798160 0.9761800
f 3602/5050/3602 3937/5052/3937 4761/5066/4761
f 3602/5050/3602 4761/5066/4761 4154/5057/4154
vt 0.2781990 0.8065610
vt 0.2838930 0.8110030
vt 0.2781360 0.8116450
f 4495/5067/4495 5882/5068/5882 5298/5069/5298
vt 0.5961820 0.6876020
f 3943/5070/3943 5969/5047/5969 5885/5049/5885
vt 0.0247760 0.3809010
vt 0.0246870 0.3840070
vt 0.0284810 0.3843180
f 4666/5071/4666 3271/5072/3271 3262/5073/3262
vt 0.5884400 0.0013210
f 3938/5065/3938 3942/5064/3942 4667/5074/4667
vt 0.5842480 0.0011470
f 4667/5074/4667 3942/5064/3942 4494/5075/4494
vt 0.2837640 0.8039580
f 4495/5067/4495 3941/5076/3941 5882/5068/5882
vt 0.0177470 0.2166050
vt 0.0202380 0.2132910
vt 0.0168240 0.2130270
f 3270/5077/3270 4665/5078/4665 4493/5079/4493
vt 0.0305610 0.3809370
f 3262/5073/3262 3939/5080/3939 4666/5071/4666
vt 0.0137920 0.2166170
f 3269/5081/3269 3270/5077/3270 4493/5079/4493
vt 0.0131850 0.2133160
f 3269/5081/3269 4493/5079/4493 5299/5082/5299
vt 0.6230970 0.6107490
vt 0.6265430 0.6105020
vt 0.6231890 0.6150970
f 3268/5083/3268 5297/5084/5297 4623/5085/4623
vt 0.4506010 0.0144840
vt 0.4565700 0.0198310
vt 0.4498810 0.0199950
f 5883/5086/5883 4156/5087/4156 5300/5088/5300
vt 0.6265450 0.6176860
f 4623/5085/4623 5297/5084/5297 4155/5089/4155
vt 0.4558830 0.0143190
f 5883/5086/5883 3605/5090/3605 4156/5087/4156
vt 0.7891270 0.0153780
vt 0.7836030 0.0132590
vt 0.7817760 0.0154860
f 3603/5091/3603 5884/5092/5884 1987/5093/1987
vt 0.6074090 0.6867250
f 3606/5059/3606 1989/5094/1989 5962/5060/5962
vt 0.3189120 0.2824760
vt 0.3231130 0.2823610
f 5968/5046/5968 3703/5095/3703 5973/5096/5973
vt 0.5883020 0.7360950
f 5359/5097/5359 5891/5061/5891 5962/5060/5962
vt 0.0676530 0.2575360
vt 0.0708000 0.2537530
vt 0.0480520 0.2582510
f 1988/5098/1988 1993/5099/1993 1991/5100/1991
vt 0.6105110 0.7222950
vt 0.6078730 0.7294730
f 5962/5060/5962 1995/5101/1995 5827/5102/5827
f 5962/5060/5962 5891/5061/5891 3601/5058/3601
vt 0.6124610 0.7124690
f 1995/5101/1995 1989/5094/1989 1990/5103/1990
f 1991/5100/1991 1993/5099/1993 1998/5022/1998
vt 0.4987990 0.9152620
vt 0.5032460 0.8945130
vt 0.5043410 0.8975330
f 1997/5104/1997 1992/5105/1992 2530/5106/2530
vt 0.5021500 0.9105200
f 1997/5104/1997 2530/5106/2530 2540/5107/2540
f 5962/5060/5962 1989/5094/1989 1995/5101/1995
f 1991/5100/1991 1998/5022/1998 1994/5021/1994
vt 0.0325150 0.3841340
f 3262/5073/3262 3265/5108/3265 3939/5080/3939
vt 0.0437990 0.6967160
f 3940/5109/3940 3266/5054/3266 4762/5053/4762
vt 0.0352960 0.6934670
f 4157/5055/4157 3266/5054/3266 4621/5110/4621
vt 0.5684760 0.4327880
vt 0.5683820 0.4278870
vt 0.5650430 0.4351480
f 3272/5111/3272 3267/5112/3267 3263/5113/3263
vt 0.5612310 0.4309110
f 3264/5114/3264 3263/5113/3263 3267/5112/3267
vt 0.5638370 0.4263220
f 3264/5114/3264 3267/5112/3267 4622/5115/4622
vt 0.2136480 0.2401760
f 1988/5098/1988 3451/5116/3451 1993/5099/1993
vt 0.8421760 0.6716780
vt 0.8421240 0.6645090
vt 0.8473780 0.6685410
f 5886/5117/5886 5972/5118/5972 4609/5119/4609
vt 0.5792480 0.5746210
f 5974/5048/5974 5888/5120/5888 5885/5049/5885
vt 0.5867150 0.5559870
f 5885/5049/5885 3450/5121/3450 1989/5094/1989
vt 0.8903050 0.1406110
vt 0.8921760 0.1350710
vt 0.8857450 0.1350830
f 4228/5122/4228 4054/5123/4054 5887/5124/5887
vt 0.5825000 0.5693010
f 5888/5120/5888 4053/5125/4053 5885/5049/5885
vt 0.8474930 0.6731110
f 5886/5117/5886 4609/5119/4609 4688/5126/4688
vt 0.8862180 0.1406670
f 4228/5122/4228 5887/5124/5887 4689/5127/4689
f 5992/5045/5992 3703/5095/3703 5968/5046/5968
vt 0.5252080 0.7656280
f 1992/5105/1992 2547/5128/2547 2530/5106/2530
vt 0.1087460 0.2949210
f 3082/5129/3082 1930/5038/1930 2528/5037/2528
vt 0.7111970 0.5157770
vt 0.7076680 0.5342930
f 1927/5130/1927 1935/5043/1935 1939/5131/1939
vt 0.5003350 0.9210480
f 1997/5104/1997 2540/5107/2540 4291/5132/4291
vt 0.7193630 0.9077710
vt 0.6564600 0.9102240
vt 0.6883940 0.8796770
f 1313/5133/1313 1281/5134/1281 1303/5135/1303
vt 0.6435000 0.8813360
vt 0.6177160 0.9098650
f 1280/5136/1280 1281/5134/1281 3736/5137/3736
f 1312/3767/1312 6034/3766/6034 1282/3786/1282
vt 0.6155240 0.8835740
f 1287/1859/1287 3736/5137/3736 3734/5138/3734
f 1281/5134/1281 1280/5136/1280 1303/5135/1303
f 1280/5136/1280 3736/5137/3736 1287/1859/1287
f 1277/1853/1277 1280/5136/1280 1287/1859/1287
f 1293/1616/1293 1286/1619/1286 1279/1833/1279
f 1279/1833/1279 1292/1621/1292 1293/1616/1293
f 1286/1619/1286 1320/1850/1320 1279/1833/1279
vt 0.6910740 0.8637900
f 1320/1850/1320 1303/5135/1303 1284/5139/1284
f 1320/1850/1320 1313/5133/1313 1303/5135/1303
f 1284/5139/1284 1303/5135/1303 1280/5136/1280
vt 0.8004110 0.7193970
f 4637/1630/4637 1314/5140/1314 1285/1633/1285
vt 0.8418590 0.8818560
f 1565/5141/1565 4636/1629/4636 1569/1627/1569
vt 0.7244720 0.9070450
vt 0.7226850 0.8757280
f 1317/5142/1317 1313/5133/1313 1315/5143/1315
f 1579/2031/1579 1318/2030/1318 1565/5141/1565
f 1313/5133/1313 1320/1850/1320 1286/1619/1286
f 1286/1619/1286 1315/5143/1315 1313/5133/1313
f 4636/1629/4636 1565/5141/1565 1318/2030/1318
vt 0.8382870 0.8809290
f 1318/2030/1318 1316/5144/1316 4636/1629/4636
vt 0.8931730 0.4299210
vt 0.9126090 0.4319310
f 3399/5145/3399 3394/2035/3394 1311/5146/1311
vt 0.9103190 0.4366310
f 1319/5147/1319 3399/5145/3399 1311/5146/1311
f 1320/1850/1320 1284/5139/1284 1277/1853/1277
f 1284/5139/1284 1280/5136/1280 1277/1853/1277
f 4330/4453/4330 4320/4975/4320 4334/2037/4334
f 4320/4975/4320 4322/2090/4322 4334/2037/4334
vt 0.3305850 0.2584450
vt 0.4346140 0.2603550
vt 0.3356550 0.2573850
f 1270/5148/1270 4321/5149/4321 1601/5150/1601
vt 0.4324170 0.2582350
f 1601/5150/1601 4321/5149/4321 1599/5151/1599
f 4320/4975/4320 1598/5011/1598 4322/2090/4322
vt 0.2142550 0.2434480
f 1988/5098/1988 3449/5152/3449 3451/5116/3451
vt 0.5411780 0.9957950
vt 0.5419280 0.9912080
vt 0.5331500 0.9950260
f 2804/5153/2804 5989/5154/5989 5894/5155/5894
vt 0.5317900 0.9913080
f 5989/5154/5989 5993/5156/5993 5894/5155/5894
vt 0.8448150 0.1327800
vt 0.8464220 0.1367790
vt 0.8419350 0.1368280
f 3700/5157/3700 4614/5158/4614 2966/5159/2966
vt 0.2872260 0.3946780
vt 0.2831720 0.3944500
vt 0.2841880 0.3999680
f 5975/5160/5975 3705/5161/3705 3702/5162/3702
vt 0.8404020 0.1327130
f 2966/5159/2966 4611/5163/4611 3700/5157/3700
vt 0.8474280 0.6640900
f 5972/5118/5972 3701/5164/3701 4609/5119/4609
vt 0.2897020 0.2711050
vt 0.2794090 0.2788830
f 5990/5165/5990 3685/5166/3685 5992/5045/5992
vt 0.5656660 0.5507320
vt 0.5579010 0.5344900
f 5991/5167/5991 3684/5168/3684 3450/5121/3450
vt 0.3410080 0.5731920
vt 0.3381290 0.5771060
vt 0.3492850 0.5735980
f 3452/5169/3452 3448/5170/3448 2524/5171/2524
vt 0.5871720 0.5264460
vt 0.5938710 0.5439320
f 3450/5121/3450 5878/5172/5878 3447/5173/3447
f 3450/5121/3450 3684/5168/3684 5878/5172/5878
vt 0.5772230 0.5639710
vt 0.5704250 0.5681960
f 4050/5174/4050 3704/5175/3704 5991/5167/5991
vt 0.0990470 0.9920350
vt 0.0961640 0.9921840
vt 0.0986190 0.9970990
f 4600/5176/4600 3708/5177/3708 4051/5178/4051
vt 0.2771810 0.4001030
f 3702/5162/3702 3705/5161/3705 3707/5179/3707
vt 0.2755000 0.3946820
f 3707/5179/3707 3705/5161/3705 4052/5180/4052
f 4050/5174/4050 5991/5167/5991 3450/5121/3450
vt 0.1043210 0.9921520
vt 0.1054290 0.9968760
f 4058/5181/4058 4051/5178/4051 4055/5182/4055
vt 0.8929730 0.1403030
f 4057/5183/4057 4054/5123/4054 4228/5122/4228
f 4600/5176/4600 4051/5178/4051 4058/5181/4058
f 4050/5174/4050 3450/5121/3450 4053/5125/4053
f 4053/5125/4053 3450/5121/3450 5885/5049/5885
vt 0.5488100 0.9666570
vt 0.5445480 0.9657360
vt 0.5486420 0.9630640
f 4610/5184/4610 2964/5185/2964 4690/5186/4690
vt 0.5447200 0.9576630
f 2964/5185/2964 2970/5187/2970 4690/5186/4690
vt 0.5487610 0.9585970
f 4690/5186/4690 2970/5187/2970 4227/5188/4227
vt 0.5062380 0.8368660
vt 0.5021450 0.8398920
vt 0.5019590 0.8360090
f 2968/5189/2968 3706/5190/3706 4601/5191/4601
vt 0.5062890 0.8418270
f 4613/5192/4613 3706/5190/3706 2968/5189/2968
vt 0.3454410 0.6833270
vt 0.3412930 0.6875900
vt 0.3372650 0.6844820
f 2965/5193/2965 4612/5194/4612 2967/5195/2967
vt 0.3408370 0.6789390
f 2967/5195/2967 2971/5196/2971 2965/5193/2965
vt 0.6293030 0.1759190
vt 0.6333450 0.1795210
vt 0.6291290 0.1789490
f 4056/5197/4056 2969/5198/2969 4599/5199/4599
vt 0.6333350 0.1741930
f 2972/5200/2972 2969/5198/2969 4056/5197/4056
vt 0.6292520 0.1724400
f 2972/5200/2972 4056/5197/4056 4226/5201/4226
vt 0.5025840 0.8436540
f 3706/5190/3706 4613/5192/4613 3699/5202/3699
vt 0.5822540 0.5207230
vt 0.6080810 0.5291620
f 5878/5172/5878 3657/5203/3657 5875/5204/5875
vt 0.6124610 0.5305290
vt 0.6099010 0.5255170
f 2514/5205/2514 5875/5204/5875 2536/5206/2536
vt 0.7022410 0.1334370
vt 0.6955330 0.1334100
vt 0.7009900 0.1349390
f 3443/5207/3443 5877/5208/5877 5876/5209/5876
vt 0.6059440 0.5361370
f 3445/5210/3445 5875/5204/5875 2514/5205/2514
vt 0.3516830 0.5787630
vt 0.3633880 0.5767170
vt 0.3635450 0.5724130
f 3446/5211/3446 3444/5212/3444 2512/5213/2512
f 2524/5171/2524 3446/5211/3446 2512/5213/2512
f 3447/5173/3447 5878/5172/5878 3445/5210/3445
f 3448/5170/3448 3446/5211/3446 2524/5171/2524
vt 0.5562220 0.5157880
f 5878/5172/5878 5881/5214/5881 3657/5203/3657
f 3685/5166/3685 2917/4748/2917 2875/4750/2875
vt 0.6704100 0.0766990
f 3681/4755/3681 5879/4754/5879 3683/5215/3683
f 5990/5165/5990 2917/4748/2917 3685/5166/3685
vt 0.5252250 0.5836910
f 3682/5216/3682 2877/4752/2877 3680/4751/3680
f 5881/5214/5881 5878/5172/5878 3684/5168/3684
vt 0.3485010 0.1682270
f 2805/4700/2805 2809/5217/2809 2799/4698/2799
vt 0.3514890 0.1716360
f 5911/5218/5911 2809/5217/2809 2805/4700/2805
vt 0.5647330 0.5527550
vt 0.5525780 0.5457200
f 5895/5219/5895 5907/2079/5907 2807/5220/2807
vt 0.3742160 0.1624620
vt 0.3554080 0.1624620
vt 0.3697870 0.1668680
f 5910/5221/5910 5896/5222/5896 5963/5223/5963
vt 0.5502200 0.5607450
vt 0.5546080 0.5630950
f 5964/5224/5964 5895/5219/5895 5954/5225/5954
vt 0.3738960 0.1746940
f 5910/5221/5910 5963/5223/5963 5919/5226/5919
vt 0.5483780 0.5727710
f 5907/2079/5907 5920/5227/5920 5930/2105/5930
f 5918/2106/5918 5930/2105/5930 5920/5227/5920
f 3658/2013/3658 5880/4702/5880 3659/2015/3659
vt 0.4115310 0.1820770
vt 0.4076270 0.1776570
f 2519/5228/2519 5623/2026/5623 5621/5229/5621
vt 0.5186550 0.7573410
f 3453/5230/3453 2547/5128/2547 1992/5105/1992
vt 0.0525170 0.2956990
f 2528/5037/2528 1937/5231/1937 3082/5129/3082
vt 0.0511760 0.2925590
vt 0.0528690 0.2894900
f 3085/5232/3085 2528/5037/2528 2546/5233/2546
vt 0.4106660 0.2038470
vt 0.3971360 0.2090650
f 5623/2026/5623 2535/5234/2535 5617/5235/5617
vt 0.5300860 0.7623860
vt 0.5370210 0.7547410
f 3711/5236/3711 2517/5237/2517 2508/2621/2508
f 2508/2621/2508 2517/5237/2517 2532/2609/2532
vt 0.5527610 0.7548910
vt 0.5418650 0.7453490
vt 0.5433170 0.7425230
f 5622/5238/5622 2513/5239/2513 2538/5240/2538
vt 0.5559530 0.7606230
f 2517/5237/2517 2513/5239/2513 2518/5241/2518
vt 0.5261590 0.7499300
f 2523/5242/2523 2513/5239/2513 2517/5237/2517
f 2547/5128/2547 2523/5242/2523 3711/5236/3711
f 2547/5128/2547 3453/5230/3453 2523/5242/2523
vt 0.0473530 0.2904640
f 3710/5243/3710 3085/5232/3085 2546/5233/2546
f 3711/5236/3711 2523/5242/2523 2517/5237/2517
f 2513/5239/2513 5622/5238/5622 2518/5241/2518
vt 0.6370250 0.3152550
vt 0.6371740 0.2857730
vt 0.6396270 0.3146070
f 2516/5244/2516 5313/5245/5313 5310/5246/5310
f 2517/5237/2517 2518/5241/2518 5314/2619/5314
vt 0.6398240 0.2871080
f 5310/5246/5310 5313/5245/5313 3048/5247/3048
f 5314/2619/5314 2518/5241/2518 5620/2626/5620
f 2528/5037/2528 3085/5232/3085 1937/5231/1937
vt 0.6148140 0.9494940
vt 0.6131800 0.9525520
f 1936/2623/1936 3084/5248/3084 3709/5249/3709
f 1936/2623/1936 3709/5249/3709 2507/2624/2507
vt 0.4049640 0.1679150
f 5621/5229/5621 1581/2025/1581 2525/5250/2525
f 5621/5229/5621 5623/2026/5623 1581/2025/1581
f 5623/2026/5623 5617/5235/5617 4639/1974/4639
vt 0.3642400 0.6577200
vt 0.3579440 0.6591700
vt 0.3687300 0.6563460
f 5965/5251/5965 5952/5252/5952 5976/5253/5976
vt 0.5556740 0.5724510
f 5920/5227/5920 5964/5224/5964 5966/5254/5966
f 5964/5224/5964 5954/5225/5954 5966/5254/5966
vt 0.5501790 0.5804570
f 5918/2106/5918 5920/5227/5920 5923/5255/5923
vt 0.5577960 0.5791290
f 5920/5227/5920 5966/5254/5966 5980/5256/5980
vt 0.6518030 0.4953790
vt 0.6485110 0.4930010
vt 0.6521320 0.4904430
f 5921/5257/5921 5979/5258/5979 5922/5259/5922
vt 0.5576000 0.6290900
f 5903/2081/5903 1272/2082/1272 5986/5260/5986
vt 0.5734310 0.5853580
f 5895/5219/5895 5994/5261/5994 5891/5061/5891
vt 0.5894230 0.7084370
f 5895/5219/5895 5891/5061/5891 5897/5262/5897
vt 0.5854680 0.7190840
f 5359/5097/5359 5893/5263/5893 5891/5061/5891
vt 0.5466170 0.8834470
vt 0.5392080 0.8944010
vt 0.5414530 0.8845080
f 5890/5264/5890 5156/5265/5156 5898/5266/5898
vt 0.5439500 0.8951750
f 5890/5264/5890 5892/5267/5892 5156/5265/5156
vt 0.5416240 0.9150400
vt 0.5458560 0.9122190
vt 0.5411360 0.9181540
f 5162/5268/5162 5358/5269/5358 5362/5270/5362
f 5861/2110/5861 5947/2093/5947 5161/5031/5161
vt 0.6014580 0.5961130
vt 0.6081010 0.5770290
vt 0.6051140 0.5993380
f 5158/5271/5158 5154/5272/5154 5163/5273/5163
vt 0.6037700 0.5770550
f 5950/5274/5950 5154/5272/5154 5158/5271/5158
vt 0.5765340 0.7180650
f 5946/2102/5946 5902/2104/5902 5949/5275/5949
vt 0.5783830 0.7360170
f 5946/2102/5946 5949/5275/5949 5159/5276/5159
vt 0.4267580 0.3418780
f 5947/2093/5947 5160/5277/5160 5161/5031/5161
vt 0.5768850 0.7035160
vt 0.5734720 0.6890690
f 5309/5278/5309 5985/5279/5985 5897/5262/5897
vt 0.5801070 0.7174560
f 5155/5280/5155 5309/5278/5309 5897/5262/5897
vt 0.5693220 0.7067780
f 5902/2104/5902 5901/5281/5901 5155/5280/5155
f 5901/5281/5901 5309/5278/5309 5155/5280/5155
vt 0.6462400 0.1267480
vt 0.6560480 0.1302500
vt 0.6743730 0.1265290
f 5157/5282/5157 5948/5283/5948 5905/5284/5905
vt 0.5678260 0.6891160
vt 0.5660150 0.6801910
f 5942/5285/5942 5939/5286/5939 5985/5279/5985
vt 0.9199380 0.9476300
vt 0.9204550 0.9744930
vt 0.9198840 0.9660570
f 5960/5287/5960 5984/5288/5984 5944/5289/5944
vt 0.9177800 0.9511110
f 5944/5289/5944 5933/5290/5933 5960/5287/5960
vt 0.0589850 0.7007300
vt 0.0536320 0.6998330
vt 0.0571870 0.7052750
f 5956/5291/5956 5997/5292/5997 5943/5293/5943
vt 0.3071910 0.0636960
vt 0.3323800 0.0628050
vt 0.2934950 0.0607800
f 5983/5294/5983 5917/5295/5917 5899/5296/5899
vt 0.5684720 0.6947010
f 5901/5281/5901 5941/5297/5941 5309/5278/5309
vt 0.5710920 0.6743880
f 5985/5279/5985 5939/5286/5939 5955/5298/5955
vt 0.9979980 0.5169190
vt 0.9932940 0.5063770
vt 0.9965180 0.5030230
f 5308/5299/5308 5940/5300/5940 5982/5301/5982
vt 0.9183640 0.9719570
f 5957/5302/5957 5944/5289/5944 5984/5288/5984
f 5358/5269/5358 5156/5265/5156 5892/5267/5892
f 5156/5265/5156 5358/5269/5358 5162/5268/5162
vt 0.5944320 0.7377260
f 5829/5303/5829 5359/5097/5359 5962/5060/5962
vt 0.3430790 0.0624410
vt 0.3797020 0.0607800
f 5914/5304/5914 5951/5305/5951 5917/5295/5917
vt 0.5656630 0.6289610
vt 0.5670610 0.6426400
f 5986/5260/5986 5916/5306/5916 5959/5307/5959
f 5917/5295/5917 5951/5305/5951 5899/5296/5899
vt 0.3217520 0.0638120
f 5958/5308/5958 5917/5295/5917 5983/5294/5983
f 5897/5262/5897 5954/5225/5954 5895/5219/5895
vt 0.5645270 0.6670540
vt 0.5624810 0.6561220
vt 0.5716300 0.6676690
f 5998/5309/5998 5937/5310/5937 5945/5311/5945
f 5901/5281/5901 5937/5310/5937 5941/5297/5941
vt 0.0481970 0.6991590
vt 0.0670060 0.6991590
f 5935/5312/5935 5997/5292/5997 5938/5313/5938
f 5941/5297/5941 5937/5310/5937 5939/5286/5939
f 5997/5292/5997 5956/5291/5956 5938/5313/5938
vt 0.5622380 0.6490240
f 5936/5314/5936 5986/5260/5986 5959/5307/5959
vt 0.5557660 0.6122780
f 5986/5260/5986 5925/5315/5925 5916/5306/5916
vt 0.5601600 0.5965910
vt 0.5631790 0.6158480
f 5925/5315/5925 5932/5316/5932 5915/5317/5915
f 5916/5306/5916 5925/5315/5925 5915/5317/5915
vt 0.5838880 0.1891950
vt 0.6061070 0.1884560
vt 0.5625570 0.1890030
f 5931/5318/5931 5953/5319/5953 5913/5320/5913
vt 0.6003810 0.1890190
f 5931/5318/5931 5978/5321/5978 5953/5319/5953
f 2688/2094/2688 5947/2093/5947 5861/2110/5861
vt 0.0967870 0.7144500
vt 0.0529700 0.7168540
vt 0.0773440 0.7164460
f 5900/5322/5900 5987/5323/5987 5934/5324/5934
f 5986/5260/5986 5901/5281/5901 5903/2081/5903
vt 0.2822050 0.8907860
vt 0.2812590 0.9008920
vt 0.2884280 0.8992640
f 2623/5325/2623 2628/5326/2628 2602/5327/2602
vt 0.7727280 0.4176520
vt 0.7733780 0.4247340
vt 0.7623130 0.4186420
f 2624/5328/2624 3105/5329/3105 2627/5330/2627
vt 0.5932050 0.5151730
vt 0.6006270 0.5148950
vt 0.5989180 0.5096610
f 2592/5331/2592 2625/5332/2625 2601/5333/2601
vt 0.5943450 0.5097620
f 2592/5331/2592 2601/5333/2601 2587/5334/2587
vt 0.7786480 0.3902950
vt 0.7721850 0.4099440
f 2614/5335/2614 3105/5329/3105 2591/5336/2591
f 3105/5329/3105 2624/5328/2624 2591/5336/2591
vt 0.7721110 0.4019360
f 2591/5336/2591 2443/5337/2443 2614/5335/2614
vt 0.7731630 0.4329920
vt 0.7734420 0.4398720
vt 0.7639530 0.4398800
f 2631/5338/2631 3458/5339/3458 2668/5340/2668
vt 0.0345470 0.1388010
vt 0.0347110 0.1441040
vt 0.0250990 0.1373470
f 3104/5341/3104 3107/5342/3107 3101/5343/3101
vt 0.7000680 0.0863210
vt 0.6948740 0.0834430
vt 0.6954290 0.0795650
f 2654/5344/2654 3687/5345/3687 2901/5346/2901
vt 0.7004090 0.0788760
f 3457/5347/3457 2654/5344/2654 2901/5346/2901
f 3105/5329/3105 3458/5339/3458 2631/5338/2631
vt 0.2281830 0.0376330
vt 0.2279650 0.0296790
vt 0.2336540 0.0310080
f 3103/5348/3103 2629/5349/2629 3112/5350/3112
f 2614/5335/2614 3458/5339/3458 3105/5329/3105
vt 0.2336750 0.0360910
f 3103/5348/3103 3112/5350/3112 3108/5351/3108
vt 0.7749290 0.4544050
vt 0.7746540 0.4679540
vt 0.7745960 0.4610010
f 2622/5352/2622 2988/5353/2988 2637/5354/2637
vt 0.5790190 0.8241100
vt 0.5810310 0.8297450
vt 0.5857900 0.8292540
f 2636/5355/2636 2414/5356/2414 3364/5357/3364
vt 0.5864050 0.8238320
f 3468/5358/3468 2636/5355/2636 3364/5357/3364
vt 0.2145770 0.6993260
vt 0.1974260 0.6915550
f 3022/5359/3022 3035/2683/3035 2613/5360/2613
vt 0.7739650 0.4473840
f 2622/5352/2622 2655/5361/2655 3458/5339/3458
vt 0.7736490 0.4537220
f 2622/5352/2622 2637/5354/2637 3467/5362/3467
f 2655/5361/2655 2622/5352/2622 3467/5362/3467
vt 0.7636950 0.4543430
f 2655/5361/2655 3467/5362/3467 2650/5363/2650
f 3034/2688/3034 2622/5352/2622 2614/5335/2614
f 2614/5335/2614 2622/5352/2622 3458/5339/3458
vt 0.7718770 0.3950220
f 2614/5335/2614 2443/5337/2443 3673/5364/3673
vt 0.7808550 0.3680390
vt 0.7762180 0.3614130
f 3029/5365/3029 2614/5335/2614 2616/5366/2616
f 2622/5352/2622 3961/2687/3961 2988/5353/2988
f 3961/2687/3961 2622/5352/2622 3034/2688/3034
vt 0.7748300 0.3626380
vt 0.7697750 0.3587720
f 2617/5367/2617 3673/5364/3673 2620/5368/2620
vt 0.7663320 0.3773250
f 2620/5368/2620 3673/5364/3673 2641/5369/2641
f 3673/5364/3673 2617/5367/2617 2614/5335/2614
vt 0.4783800 0.4870370
vt 0.4782020 0.4819130
vt 0.4871970 0.4817410
f 2588/5370/2588 2600/5371/2600 2604/5372/2604
vt 0.5214730 0.7342120
vt 0.5162910 0.7428010
vt 0.5219710 0.7432800
f 2595/5373/2595 2590/5374/2590 2589/5375/2589
vt 0.2878390 0.8900940
f 2599/5376/2599 2623/5325/2623 2602/5327/2602
vt 0.4876130 0.4862620
f 2594/5377/2594 2588/5370/2588 2604/5372/2604
vt 0.5145610 0.7340210
f 2590/5374/2590 2595/5373/2595 2662/5378/2662
vt 0.7623920 0.4107710
f 2660/5379/2660 2443/5337/2443 2591/5336/2591
vt 0.2098800 0.4625990
vt 0.2101990 0.4670320
vt 0.2155250 0.4673150
f 2441/5380/2441 2439/5381/2439 3359/5382/3359
vt 0.0251480 0.1446270
f 3110/5383/3110 3101/5343/3101 3107/5342/3107
vt 0.2100300 0.1245840
vt 0.2102290 0.1338690
vt 0.2155500 0.1243910
f 3113/5384/3113 3163/5385/3163 3106/5386/3106
vt 0.7647400 0.3888710
f 2641/5369/2641 3673/5364/3673 2646/5387/2646
vt 0.7625880 0.3953250
f 3673/5364/3673 2672/5388/2672 2646/5387/2646
vt 0.2171840 0.4624500
f 3671/5389/3671 2441/5380/2441 3359/5382/3359
vt 0.8273430 0.4330110
vt 0.8260770 0.4427630
vt 0.8334210 0.4327040
f 2635/5390/2635 2651/5391/2651 2412/5392/2412
vt 0.1648550 0.6981310
vt 0.1638750 0.6925280
vt 0.1547050 0.6918380
f 3114/5393/3114 2630/5394/2630 2632/5395/2632
vt 0.1908650 0.8855050
vt 0.0995500 0.8852520
vt 0.0858560 0.8838360
f 3292/5396/3292 2644/5397/2644 3296/5398/3296
vt 0.1657720 0.6423850
vt 0.1678200 0.6353260
vt 0.1602010 0.6351190
f 2603/5399/2603 2626/5400/2626 2661/5401/2661
vt 0.1605700 0.6416730
f 2603/5399/2603 2661/5401/2661 2593/5402/2593
vt 0.7622570 0.4033700
f 2443/5337/2443 2660/5379/2660 3558/5403/3558
vt 0.7586380 0.3570220
f 3558/5403/3558 2660/5379/2660 3294/5404/3294
vt 0.7511580 0.4447200
f 2627/5330/2627 2643/5405/2643 3294/5404/3294
f 2627/5330/2627 3294/5404/3294 2660/5379/2660
vt 0.4159910 0.9685920
vt 0.4245400 0.9682350
vt 0.4177220 0.9606900
f 2633/5406/2633 3100/5407/3100 3161/5408/3161
vt 0.7633330 0.4253100
vt 0.7631200 0.4336160
f 3102/5409/3102 2634/5410/2634 2627/5330/2627
f 2668/5340/2668 2634/5410/2634 2631/5338/2631
f 2634/5410/2634 2643/5405/2643 2627/5330/2627
vt 0.4227100 0.9607180
f 3161/5408/3161 3100/5407/3100 3111/5411/3111
f 3105/5329/3105 3102/5409/3102 2627/5330/2627
vt 0.7217850 0.7371000
vt 0.7283890 0.7359670
vt 0.7234860 0.7462230
f 2895/5412/2895 2667/5413/2667 2899/5414/2899
vt 0.7287190 0.7452470
f 2667/5413/2667 3459/5415/3459 2899/5414/2899
vt 0.1558420 0.6990570
f 3114/5393/3114 2632/5395/2632 3162/5416/3162
vt 0.2155330 0.1335710
f 3106/5386/3106 3163/5385/3163 3109/5417/3109
vt 0.6426390 0.2237870
vt 0.6441060 0.2140670
vt 0.6499500 0.2137790
f 2649/5418/2649 3466/5419/3466 3365/5420/3365
vt 0.6500260 0.2228070
f 2649/5418/2649 3365/5420/3365 3469/5421/3469
vt 0.9255880 0.7087260
vt 0.9154890 0.7156370
vt 0.9161620 0.7087140
f 3686/5422/3686 2658/5423/2658 2898/5424/2898
vt 0.9254290 0.7146470
f 2656/5425/2656 2658/5423/2658 3686/5422/3686
vt 0.7639430 0.4472420
f 2655/5361/2655 2650/5363/2650 2659/5426/2659
vt 0.1174140 0.6618350
f 6068/5427/6068 6073/3945/6073 6115/3953/6115
vt 0.9831250 0.9038080
vt 0.9743390 0.9042820
vt 0.9837970 0.8997320
f 3688/5428/3688 2897/5429/2897 2900/5430/2900
vt 0.9748750 0.8996830
f 2900/5430/2900 2897/5429/2897 2894/5431/2894
f 2641/5369/2641 3294/5404/3294 2620/5368/2620
vt 0.8002040 0.5482180
vt 0.7812100 0.5450540
vt 0.7894570 0.5477150
f 4142/5432/4142 4139/5433/4139 2619/5434/2619
vt 0.7804520 0.5470260
f 2619/5434/2619 4139/5433/4139 2618/5435/2618
vt 0.8761300 0.3459250
vt 0.8852600 0.3484450
vt 0.8850030 0.3413240
f 2442/5436/2442 3560/5437/3560 2437/5438/2437
vt 0.8763380 0.3409340
f 2438/5439/2438 2442/5436/2442 2437/5438/2437
vt 0.1257050 0.1283530
vt 0.1252220 0.1228160
vt 0.1160560 0.1283490
f 3358/5440/3358 2440/5441/2440 3361/5442/3361
vt 0.1162020 0.1232140
f 3361/5442/3361 2440/5441/2440 2436/5443/2436
vt 0.3522360 0.8976560
vt 0.3521710 0.9027070
vt 0.3428230 0.9028250
f 3672/5444/3672 3360/5445/3360 3362/5446/3362
vt 0.6417470 0.1258380
vt 0.6315030 0.1284900
vt 0.6395650 0.1280210
f 2642/5447/2642 4310/5448/4310 4307/5449/4307
vt 0.3427560 0.8962190
f 3672/5444/3672 3362/5446/3362 2670/5450/2670
vt 0.6295080 0.1274250
f 2642/5447/2642 2645/5451/2645 4310/5448/4310
vt 0.1183380 0.6641280
vt 0.2860480 0.6790490
f 4143/5452/4143 6067/5453/6067 6068/5427/6068
vt 0.1922950 0.8835300
f 6079/5454/6079 3292/5396/3292 3296/5398/3296
vt 0.6304860 0.4441950
vt 0.6287120 0.4286340
vt 0.6304860 0.4132260
f 6065/5455/6065 4144/5456/4144 6081/5457/6081
vt 0.7641780 0.3797660
f 2646/5387/2646 3294/5404/3294 4308/5458/4308
f 2672/5388/2672 3558/5403/3558 3294/5404/3294
vt 0.7989950 0.5505110
f 4142/5432/4142 2619/5434/2619 6080/5459/6080
vt 0.1191320 0.6696230
vt 0.1189800 0.6668670
vt 0.1165150 0.6780810
f 3293/5460/3293 6078/5461/6078 2621/5462/2621
vt 0.1705700 0.9274610
vt 0.1722040 0.9204750
vt 0.1656400 0.9272980
f 2435/5463/2435 3559/5464/3559 3363/5465/3363
vt 0.1645600 0.9205820
f 3559/5464/3559 2671/5466/2671 3363/5465/3363
f 2646/5387/2646 2672/5388/2672 3294/5404/3294
vt 0.6959130 0.5715200
vt 0.6940590 0.5734260
vt 0.7041620 0.5722920
f 4309/5467/4309 2647/5468/2647 4306/5469/4306
f 2641/5369/2641 4308/5458/4308 3294/5404/3294
f 6068/5427/6068 6067/5453/6067 6082/3941/6082
vt 0.2371260 0.6791040
vt 0.2553250 0.6788680
f 3297/5470/3297 2234/5471/2234 6078/5461/6078
f 2234/5471/2234 6067/5453/6067 6078/5461/6078
vt 0.7711940 0.5475740
f 2618/5435/2618 4139/5433/4139 3030/5472/3030
vt 0.9868300 0.6930430
f 6118/3591/6118 4140/3592/4140 6114/5473/6114
vt 0.9902100 0.6757570
f 4140/3592/4140 4141/5474/4141 6114/5473/6114
f 6115/3953/6115 4143/5452/4143 6068/5427/6068
vt 0.2947400 0.0113430
vt 0.2981910 0.0134760
vt 0.2889770 0.0139850
f 4999/5475/4999 4773/5476/4773 4775/5477/4775
vt 0.6672640 0.2132490
f 3764/4298/3764 3970/4283/3970 3968/5478/3968
vt 0.2894790 0.0225250
f 5009/4274/5009 4998/4300/4998 5006/5479/5006
f 4442/4273/4442 4998/4300/4998 5009/4274/5009
vt 0.9436790 0.1625120
vt 0.9453390 0.1695650
f 1760/5480/1760 2608/4346/2608 1757/5481/1757
vt 0.5416770 0.2145180
vt 0.5456580 0.2123300
vt 0.5438590 0.2021470
f 1820/5482/1820 4713/5483/4713 1758/5484/1758
vt 0.5434540 0.2183470
f 5209/5485/5209 4713/5483/4713 1820/5482/1820
vt 0.5440850 0.2206980
f 1820/5482/1820 4449/5486/4449 5209/5485/5209
vt 0.5364400 0.2328440
f 6156/5487/6156 4449/5486/4449 1820/5482/1820
vt 0.5472070 0.2163960
f 4713/5483/4713 5209/5485/5209 5206/5488/5206
vt 0.9295930 0.1708380
f 1819/5489/1819 1757/5481/1757 2608/4346/2608
vt 0.5491210 0.2144960
f 5206/5488/5206 1183/5490/1183 4713/5483/4713
f 6152/4339/6152 6128/4232/6128 4449/5486/4449
vt 0.6113280 0.2126210
vt 0.6184040 0.2113360
vt 0.5885490 0.2100560
f 1158/5491/1158 4470/5492/4470 1234/5493/1234
vt 0.8832480 0.7550380
vt 0.8918750 0.7548540
vt 0.8985530 0.7485280
f 3768/5494/3768 3593/5495/3593 3591/5496/3591
vt 0.8883720 0.7527040
f 1091/5497/1091 3768/5494/3768 3591/5496/3591
vt 0.3445710 0.5883560
vt 0.3342510 0.5885680
vt 0.3383340 0.5935700
f 3597/5498/3597 3589/5499/3589 3585/5500/3585
vt 0.3482350 0.5924150
f 3597/5498/3597 3585/5500/3585 3598/5501/3598
vt 0.6345120 0.2097390
f 4471/4262/4471 6010/4272/6010 3600/5502/3600
f 4471/4262/4471 3600/5502/3600 4470/5492/4470
vt 0.6419430 0.2030950
f 4470/5492/4470 3600/5502/3600 3586/5503/3586
vt 0.2883620 0.0111550
f 4999/5475/4999 4775/5477/4775 1156/5504/1156
vt 0.2847970 0.0180120
f 1156/5504/1156 4775/5477/4775 4474/5505/4474
vt 0.8883700 0.7292060
f 6001/4257/6001 4546/4332/4546 4551/5506/4551
vt 0.9515440 0.3476670
vt 0.9540540 0.3485040
vt 0.9537340 0.3393740
f 4548/5507/4548 3760/5508/3760 1114/5509/1114
vt 0.9511680 0.3396250
f 4549/5510/4549 4548/5507/4548 1114/5509/1114
f 6001/4257/6001 4551/5506/4551 6009/4333/6009
f 4470/5492/4470 3586/5503/3586 1234/5493/1234
vt 0.6591830 0.1996530
vt 0.6599210 0.1969960
f 1758/5484/1758 6147/5511/6147 1724/5512/1724
vt 0.2036450 0.4090140
vt 0.1681970 0.3986770
f 1759/5513/1759 1723/3828/1723 3984/5514/3984
vt 0.0737600 0.3258390
vt 0.0699630 0.3315600
vt 0.0698030 0.3207060
f 3769/5515/3769 3763/5516/3763 3964/5517/3964
vt 0.0741290 0.3176610
f 3769/5515/3769 3964/5517/3964 3594/5518/3594
vt 0.3261130 0.5881380
vt 0.3267670 0.5929590
f 3592/5519/3592 3587/5520/3587 3589/5499/3589
vt 0.3201410 0.5914830
f 3587/5520/3587 3592/5519/3592 3965/5521/3965
vt 0.6531650 0.2021720
f 3588/5522/3588 6147/5511/6147 3586/5503/3586
f 3589/5499/3589 3587/5520/3587 3585/5500/3585
vt 0.0742090 0.3369180
f 3769/5515/3769 3765/5523/3765 3763/5516/3763
vt 0.6588450 0.2049190
f 3764/4298/3764 3968/5478/3968 3966/5524/3966
vt 0.3073040 0.4351850
f 3963/5525/3963 3969/3829/3969 3989/3827/3989
vt 0.3068490 0.4325120
f 6146/5526/6146 3963/5525/3963 1723/3828/1723
f 3588/5522/3588 3966/5524/3966 6147/5511/6147
f 3963/5525/3963 3989/3827/3989 1723/3828/1723
vt 0.3991980 0.0979470
vt 0.4053230 0.0977350
vt 0.3944250 0.0968590
f 4473/5527/4473 4469/5528/4469 1159/5529/1159
vt 0.2865110 0.0176230
f 4775/5477/4775 1263/5530/1263 4474/5505/4474
vt 0.2849080 0.0130940
f 1156/5504/1156 4474/5505/4474 1160/5531/1160
vt 0.8978770 0.7370780
vt 0.8973980 0.7453630
f 6008/5532/6008 1086/5533/1086 3591/5496/3591
vt 0.8703590 0.2216660
vt 0.8703790 0.2289760
vt 0.8733950 0.2216060
f 6007/5534/6007 4550/5535/4550 1096/5536/1096
vt 0.2868690 0.0244410
f 4998/4300/4998 4468/5537/4468 4474/5505/4474
vt 0.8734070 0.2286080
f 4550/5535/4550 1111/5538/1111 1096/5536/1096
vt 0.9010360 0.7261600
f 6011/4270/6011 6009/4333/6009 3599/5539/3599
f 4998/4300/4998 4472/4299/4472 4468/5537/4468
f 4998/4300/4998 4474/5505/4474 5006/5479/5006
f 5006/5479/5006 4474/5505/4474 1263/5530/1263
vt 0.9017030 0.7394670
f 3595/5540/3595 6009/4333/6009 6008/5532/6008
vt 0.8997260 0.7293780
f 3599/5539/3599 6009/4333/6009 3596/5541/3596
vt 0.8705350 0.2159790
f 6007/5534/6007 1096/5536/1096 1087/5542/1087
f 3595/5540/3595 6008/5532/6008 3591/5496/3591
f 4551/5506/4551 6008/5532/6008 6009/4333/6009
f 1758/5484/1758 3586/5503/3586 6147/5511/6147
vt 0.0235830 0.0442150
vt 0.0278210 0.0294340
vt 0.0245490 0.0480560
f 1245/5543/1245 1236/5544/1236 1239/5545/1239
vt 0.0278210 0.0684250
f 1239/5545/1239 1236/5544/1236 1754/5546/1754
vt 0.6032970 0.2107670
f 1250/5547/1250 1158/5491/1158 1234/5493/1234
vt 0.5967390 0.2105420
f 1225/5548/1225 1250/5547/1250 1234/5493/1234
vt 0.8632450 0.7280520
vt 0.8648120 0.7228590
vt 0.8648120 0.7366210
f 1173/5549/1173 1220/5550/1220 1756/5551/1756
vt 0.0231190 0.0539890
f 1219/5552/1219 1239/5545/1239 1754/5546/1754
vt 0.5571880 0.2100010
vt 0.5528100 0.2087000
f 1172/5553/1172 1758/5484/1758 4827/5554/4827
vt 0.5502160 0.2185910
f 5206/5488/5206 1164/5555/1164 1183/5490/1183
f 1758/5484/1758 1234/5493/1234 3586/5503/3586
f 4713/5483/4713 4827/5554/4827 1758/5484/1758
vt 0.6130790 0.1640460
vt 0.6119780 0.1671650
vt 0.6180370 0.1571100
f 1255/5556/1255 1258/5557/1258 1249/5558/1249
vt 0.0144980 0.1517580
vt 0.0173390 0.1586390
vt 0.0239030 0.1517580
f 1257/5559/1257 5000/5560/5000 1254/5561/1254
vt 0.0208240 0.1570690
f 1254/5561/1254 5000/5560/5000 1154/5562/1154
vt 0.1932670 0.6310900
vt 0.2006060 0.6292690
vt 0.1923980 0.6296320
f 1170/5563/1170 4617/5564/4617 1174/5565/1174
vt 0.2006350 0.6311420
f 4446/5566/4446 4617/5564/4617 1170/5563/1170
vt 0.5618140 0.2204180
vt 0.5645970 0.2181920
vt 0.5642490 0.2111610
f 5053/5567/5053 5056/5568/5056 1216/5569/1216
vt 0.5579360 0.2199800
f 4616/5570/4616 5053/5567/5053 1216/5569/1216
vt 0.5601730 0.2123590
f 4616/5570/4616 1216/5569/1216 1175/5571/1175
vt 0.5377140 0.2024160
vt 0.5390290 0.1982770
f 4635/5572/4635 1758/5484/1758 3988/5573/3988
vt 0.6700160 0.2012260
vt 0.6683110 0.2062060
vt 0.6724450 0.2091100
f 1168/5574/1168 5205/5575/5205 5208/5576/5208
vt 0.1758460 0.6295860
vt 0.1745390 0.6258060
f 2609/4350/2609 1762/5577/1762 2607/5578/2607
vt 0.1469070 0.6258880
f 4631/5579/4631 2609/4350/2609 2607/5578/2607
vt 0.9127190 0.1728470
f 1819/5489/1819 2608/4346/2608 6155/5580/6155
f 2610/4348/2610 2609/4350/2609 4631/5579/4631
vt 0.6723430 0.2012540
f 5208/5576/5208 4450/5581/4450 1168/5574/1168
vt 0.5428770 0.2390590
f 6156/5487/6156 6157/5582/6157 6152/4339/6152
f 6152/4339/6152 4449/5486/4449 6156/5487/6156
f 2608/4346/2608 1823/4345/1823 6155/5580/6155
vt 0.2804310 0.9044570
f 4000/4391/4000 3055/4390/3055 4632/5583/4632
vt 0.3071070 0.9025420
f 4632/5583/4632 3055/4390/3055 2612/5584/2612
vt 0.9661970 0.7699610
f 4001/4370/4001 1065/5585/1065 1840/4371/1840
vt 0.5172680 0.9614850
vt 0.5152790 0.9563450
vt 0.5173530 0.9476300
f 3998/5586/3998 1064/5587/1064 3986/5588/3986
f 3999/3929/3999 3984/5514/3984 342/1382/342
vt 0.4988240 0.5601710
vt 0.5047450 0.5596480
vt 0.5009750 0.5667200
f 1755/5589/1755 4634/5590/4634 1761/5591/1761
vt 0.5047740 0.5663610
f 1761/5591/1761 4634/5590/4634 2606/5592/2606
vt 0.2501430 0.9026920
vt 0.2496880 0.9096190
f 2605/5593/2605 4633/5594/4633 4632/5583/4632
vt 0.2473360 0.9120160
f 3987/5595/3987 4000/4391/4000 4633/5594/4633
vt 0.9579320 0.7658830
f 4001/4370/4001 3985/5596/3985 1065/5585/1065
f 342/1382/342 1723/3828/1723 1737/1383/1737
f 3984/5514/3984 1723/3828/1723 342/1382/342
f 4000/4391/4000 4632/5583/4632 4633/5594/4633
vt 0.8121530 0.5365850
f 5538/3046/5538 2035/3047/2035 5535/5597/5535
f 5538/3046/5538 2034/3045/2034 2035/3047/2035
vt 0.8882250 0.2910550
f 3273/5598/3273 3118/2504/3118 3277/2506/3277
vt 0.7999960 0.6953370
vt 0.8074200 0.6757210
vt 0.8199100 0.6780250
f 5526/5599/5526 5533/5600/5533 5502/5601/5502
vt 0.8176900 0.6941320
f 5526/5599/5526 5502/5601/5502 5493/5602/5493
vt 0.3850820 0.7792870
f 5507/2487/5507 5525/4152/5525 5494/5603/5494
vt 0.3814070 0.7793560
vt 0.3826470 0.7793570
f 5505/5604/5505 5507/2487/5507 5487/5605/5487
f 5487/5605/5487 5507/2487/5507 5494/5603/5494
f 2039/1461/2039 2035/3047/2035 2036/1463/2036
vt 0.8215640 0.5511520
f 5532/5606/5532 2035/3047/2035 2039/1461/2039
f 5483/1475/5483 5492/1471/5492 2047/1473/2047
f 5532/5606/5532 2039/1461/2039 5501/1458/5501
f 2035/3047/2035 5532/5606/5532 5535/5597/5535
vt 0.3815470 0.7862090
vt 0.3666510 0.9002510
f 5504/5607/5504 5490/5608/5490 5512/2544/5512
f 5512/2544/5512 3117/2405/3117 3420/2546/3420
vt 0.8850800 0.1898520
vt 0.8780280 0.1870620
vt 0.8853340 0.1824080
f 3115/5609/3115 3274/5610/3274 3421/5611/3421
vt 0.8782220 0.1824240
f 3421/5611/3421 3274/5610/3274 3278/5612/3278
f 3420/2546/3420 5520/2547/5520 5512/2544/5512
f 5478/2489/5478 5522/2491/5522 5520/2547/5520
f 5520/2547/5520 5511/2485/5511 5512/2544/5512
vt 0.3703140 0.9383660
f 5544/5613/5544 5487/5605/5487 5494/5603/5494
f 5487/5605/5487 5490/5608/5490 5504/5607/5504
f 5544/5613/5544 5484/2393/5484 5487/5605/5487
f 2681/2346/2681 3426/2550/3426 5512/2544/5512
f 3426/2550/3426 3544/2543/3544 5512/2544/5512
f 5512/2544/5512 5489/2556/5489 2681/2346/2681
vt 0.3779540 0.7809250
f 5511/2485/5511 5507/2487/5507 5506/5614/5506
vt 0.6271610 0.1932520
vt 0.6244110 0.1908760
vt 0.6273510 0.1853980
f 5521/5615/5521 5523/5616/5523 5509/5617/5509
f 5511/2485/5511 5506/5614/5506 5512/2544/5512
vt 0.3872410 0.8962150
f 5496/5618/5496 5483/1475/5483 5482/1474/5482
vt 0.3722280 0.9389700
f 5496/5618/5496 5479/5619/5479 5483/1475/5483
f 5544/5613/5544 5494/5603/5494 5479/5619/5479
f 5479/5619/5479 5494/5603/5494 5483/1475/5483
vt 0.8954480 0.8405390
vt 0.8966160 0.8950050
f 6220/5620/6220 6212/5621/6212 6210/1885/6210
vt 0.8982810 0.8598520
f 6214/5622/6214 6212/5621/6212 6220/5620/6220
f 6220/5620/6220 6210/1885/6210 6218/3366/6218
vt 0.9095330 0.8535920
f 4002/4960/4002 4005/5623/4005 6213/4955/6213
f 4005/5623/4005 6212/5621/6212 6213/4955/6213
vt 0.9054910 0.8955620
f 4007/5624/4007 6212/5621/6212 4005/5623/4005
f 6233/4804/6233 6225/1888/6225 3002/1889/3002
f 6212/5621/6212 3018/1886/3018 6210/1885/6210
f 6218/3366/6218 6225/1888/6225 6233/4804/6233
vt 0.3469040 0.1270590
vt 0.3538400 0.1165900
vt 0.3538400 0.1284960
f 6217/5625/6217 6232/5626/6232 6230/5627/6230
vt 0.8772500 0.8860840
f 6218/3366/6218 6210/1885/6210 6226/5628/6226
f 1619/4201/1619 2997/4202/2997 4010/4203/4010
vt 0.0787620 0.3665900
vt 0.0748430 0.3639930
vt 0.0774790 0.3575680
f 3015/5629/3015 3017/5630/3017 6211/5631/6211
vt 0.9038840 0.9129340
f 4007/5624/4007 3013/5632/3013 6212/5621/6212
vt 0.9830390 0.7866760
f 2996/5633/2996 4008/4966/4008 4009/4965/4009
vt 0.9980410 0.7881090
f 4008/4966/4008 2996/5633/2996 3014/5634/3014
f 5407/2214/5407 2452/2296/2452 2862/2215/2862
vt 0.7345190 0.8974020
vt 0.7674930 0.8874250
f 2836/2227/2836 2839/5635/2839 4749/5636/4749
vt 0.7355380 0.8855640
f 4749/5636/4749 2839/5635/2839 2840/5637/2840
vt 0.9550610 0.1096340
vt 0.9570860 0.1267260
vt 0.9568900 0.1117130
f 5219/5638/5219 5214/5639/5214 5216/5640/5216
vt 0.9909030 0.1227460
f 5216/5640/5216 5214/5639/5214 5218/5641/5218
vt 0.9538430 0.7986390
vt 0.9500090 0.7925480
f 5220/5642/5220 1789/5643/1789 4374/2240/4374
vt 0.0753410 0.0131650
vt 0.0843230 0.0165350
vt 0.0969030 0.0170660
f 4375/5644/4375 5215/5645/5215 5222/5646/5222
vt 0.1052420 0.6360840
vt 0.0988680 0.6330440
vt 0.0924350 0.6378600
f 1792/5647/1792 5221/5648/5221 1812/5649/1812
vt 0.9569100 0.0914970
f 5219/5638/5219 5216/5640/5216 5228/5650/5228
vt 0.0414460 0.0534950
vt 0.0386950 0.0500040
vt 0.0429270 0.0660710
f 1778/5651/1778 1788/5652/1788 1814/5653/1814
vt 0.0792610 0.6348430
f 1812/5649/1812 5221/5648/5221 5223/5654/5223
vt 0.9547370 0.0904350
f 5219/5638/5219 5228/5650/5228 5225/5655/5225
vt 0.9933810 0.0969340
f 5216/5640/5216 5218/5641/5218 5227/5656/5227
vt 0.9902450 0.1398770
vt 0.9580730 0.1431420
vt 0.9918100 0.1563910
f 5212/5657/5212 5211/5658/5211 2841/5659/2841
f 1789/5643/1789 4412/2241/4412 4374/2240/4374
vt 0.0613100 0.0481670
f 1781/5660/1781 1784/2234/1784 1778/5651/1778
f 1784/2234/1784 1791/2236/1791 1778/5651/1778
f 5211/5658/5211 5212/5657/5212 5214/5639/5214
f 4375/5644/4375 2847/2242/2847 5210/2244/5210
vt 0.9562070 0.1362760
f 4376/5661/4376 5211/5658/5211 5214/5639/5214
vt 0.9572110 0.1550600
f 5211/5658/5211 4751/5662/4751 2841/5659/2841
vt 0.7698430 0.8932870
f 2837/5663/2837 2833/2229/2833 2839/5635/2839
vt 0.4318550 0.5373750
vt 0.4438350 0.5287340
vt 0.4333620 0.5440770
f 5397/5664/5397 2842/5665/2842 2838/5666/2838
vt 0.4256570 0.5579940
f 5399/5667/5399 5397/5664/5397 2838/5666/2838
f 1793/4881/1793 1783/2237/1783 1784/2234/1784
f 1777/4870/1777 1781/5660/1781 1778/5651/1778
f 1777/4870/1777 1778/5651/1778 1814/5653/1814
f 5397/5664/5397 6097/3455/6097 5410/3457/5410
vt 0.4447790 0.5214030
f 5397/5664/5397 5410/3457/5410 5398/5668/5398
vt 0.4706280 0.5111710
f 5217/5669/5217 5387/3449/5387 5384/3451/5384
f 5218/5641/5218 5214/5639/5214 5212/5657/5212
vt 0.4588460 0.5121590
f 5388/5670/5388 5387/3449/5387 5217/5669/5217
f 5398/5668/5398 5383/3447/5383 5388/5670/5388
vt 0.4554760 0.5186430
f 5213/5671/5213 5388/5670/5388 5217/5669/5217
f 5397/5664/5397 5388/5670/5388 5213/5671/5213
f 5398/5668/5398 5388/5670/5388 5397/5664/5397
f 5397/5664/5397 5213/5671/5213 2842/5665/2842
f 5410/3457/5410 5383/3447/5383 5398/5668/5398
f 5410/3457/5410 5412/3456/5412 5408/3445/5408
vt 0.4263030 0.5728950
vt 0.4279070 0.5664910
f 2853/5672/2853 5399/5667/5399 2856/5673/2856
vt 0.3256270 0.7213660
vt 0.3424840 0.7216610
vt 0.3306900 0.7213300
f 5403/5674/5403 5402/5675/5402 2854/5676/2854
vt 0.3219130 0.6956730
vt 0.3267130 0.6962260
f 6107/5677/6107 5400/5678/5400 5404/3967/5404
f 5404/3967/5404 6058/3966/6058 6107/5677/6107
vt 0.4291910 0.5566390
vt 0.4285180 0.5589940
f 5399/5667/5399 2834/5679/2834 2845/5680/2845
f 2856/5673/2856 5399/5667/5399 2845/5680/2845
f 2833/2229/2833 2835/2293/2835 2839/5635/2839
f 2834/5679/2834 5399/5667/5399 2838/5666/2838
f 5405/2294/5405 2853/5672/2853 2857/2295/2857
f 5407/2214/5407 5405/2294/5405 2452/2296/2452
vt 0.3337600 0.6756250
f 5404/3967/5404 5406/5681/5406 6055/3968/6055
vt 0.6812070 0.3942540
f 1942/3736/1942 3874/5682/3874 3871/3737/3871
f 1941/5033/1941 1928/2564/1928 3874/5682/3874
f 1934/5034/1934 1928/2564/1928 1941/5033/1941
vt 0.3265210 0.5748100
vt 0.3120070 0.5713770
f 5870/5683/5870 3212/2580/3212 3197/5684/3197
f 3872/2583/3872 3212/2580/3212 5870/5683/5870
vt 0.9090720 0.9407680
f 1943/3720/1943 3870/5685/3870 5871/3722/5871
f 3891/3706/3891 5870/5683/5870 3197/5684/3197
f 1942/3736/1942 1941/5033/1941 3874/5682/3874
f 3197/5684/3197 3210/2767/3210 3891/3706/3891
vt 0.6313100 0.9737320
vt 0.6344180 0.9789950
vt 0.6331190 0.9741690
f 5480/5686/5480 5485/5687/5485 5543/5688/5543
vt 0.3888520 0.9487820
f 5557/2390/5557 5486/2389/5486 2828/5689/2828
vt 0.6119670 0.9742390
f 5485/5687/5485 5480/5686/5480 5497/5690/5497
vt 0.6104780 0.9796930
f 5485/5687/5485 5497/5690/5497 2827/5691/2827
vt 0.3913400 0.9019500
vt 0.3903370 0.9435560
f 5479/5619/5479 5495/5692/5495 5500/5693/5500
vt 0.9554020 0.7110310
vt 0.9494100 0.7061130
f 2023/1518/2023 2018/5694/2018 2022/5695/2022
f 2023/1518/2023 2022/5695/2022 2017/1514/2017
f 5495/5692/5495 5482/1474/5482 5500/5693/5500
vt 0.8268760 0.2872670
vt 0.8249310 0.2864050
vt 0.8270350 0.2826350
f 2826/5696/2826 2379/5697/2379 2364/5698/2364
vt 0.6050230 0.5562640
f 2701/1535/2701 2706/1534/2706 5556/5699/5556
vt 0.6035510 0.5535510
f 5556/5699/5556 2019/5700/2019 2701/1535/2701
vt 0.5921740 0.5686920
f 5556/5699/5556 2368/5701/2368 2019/5700/2019
vt 0.9664520 0.7301900
f 2366/5702/2366 2022/5695/2022 2018/5694/2018
vt 0.9614380 0.7315350
f 2022/5695/2022 2366/5702/2366 2358/5703/2358
vt 0.9117390 0.6804840
vt 0.9113050 0.6594710
vt 0.9116550 0.6719100
f 5750/5704/5750 5737/5705/5737 5725/5706/5725
vt 0.9056130 0.6772430
vt 0.9005620 0.6829000
vt 0.9026020 0.6668200
f 4040/5707/4040 4038/5708/4038 1654/5709/1654
f 4040/5707/4040 1654/5709/1654 5737/5705/5737
vt 0.9965010 0.4204640
vt 0.9964370 0.4315170
vt 0.9933650 0.4255490
f 5736/5710/5736 5763/5711/5763 5734/5712/5734
vt 0.9579440 0.4301670
f 5734/5712/5734 5763/5711/5763 5759/5713/5759
vt 0.8835300 0.6503780
vt 0.9039140 0.6518830
f 4029/5714/4029 4031/5715/4031 1654/5709/1654
vt 0.9070470 0.6456410
f 4031/5715/4031 1650/5716/1650 1654/5709/1654
vt 0.6641580 0.2460920
vt 0.6623040 0.2600670
vt 0.6608470 0.2465060
f 1655/5717/1655 1652/5718/1652 5735/5719/5735
vt 0.9103340 0.6506360
vt 0.9116240 0.6526810
f 5737/5705/5737 1653/5720/1653 5764/5721/5764
vt 0.8706550 0.6796990
vt 0.8709610 0.6656960
f 4026/5722/4026 4027/5723/4027 1654/5709/1654
f 4038/5708/4038 4026/5722/4026 1654/5709/1654
vt 0.8828560 0.6642490
f 1654/5709/1654 4027/5723/4027 4028/5724/4028
vt 0.8758560 0.6623310
f 4027/5723/4027 4016/5725/4016 4028/5724/4028
f 4028/5724/4028 4029/5714/4029 1654/5709/1654
vt 0.9586160 0.4364660
f 5763/5711/5763 5473/5726/5473 5759/5713/5759
vt 0.8727800 0.6481950
vt 0.9047060 0.6395640
f 2931/5727/2931 4035/5728/4035 4031/5715/4031
f 4029/5714/4029 2931/5727/2931 4031/5715/4031
f 4031/5715/4031 4035/5728/4035 1650/5716/1650
vt 0.8738390 0.6286420
vt 0.8950700 0.6301720
f 4035/5728/4035 4036/5729/4036 4021/5730/4021
f 4036/5729/4036 4035/5728/4035 2931/5727/2931
vt 0.9016820 0.6305180
f 4021/5730/4021 4022/5731/4022 4035/5728/4035
vt 0.9987100 0.4350300
vt 0.9973230 0.4442680
f 5763/5711/5763 1651/5732/1651 5703/5733/5703
vt 0.9848680 0.4412950
vt 0.9946890 0.4335060
f 5763/5711/5763 5732/5734/5732 5741/5735/5741
vt 0.9996080 0.4463860
f 1651/5732/1651 1649/5736/1649 5703/5733/5703
vt 0.9569660 0.4211040
vt 0.9935780 0.4180330
f 5739/5737/5739 5730/5738/5730 5736/5710/5736
vt 0.9566970 0.4168860
vt 0.9899910 0.4172030
f 5649/5739/5649 5729/5740/5729 5739/5737/5739
vt 0.9572530 0.4268520
f 5739/5737/5739 5736/5710/5736 5652/5741/5652
vt 0.2525260 0.3004910
vt 0.2161930 0.3013830
vt 0.2519820 0.3024960
f 5653/5742/5653 5733/5743/5733 5758/5744/5758
f 5730/5738/5730 5727/1545/5727 5736/5710/5736
f 5736/5710/5736 5734/5712/5734 5652/5741/5652
vt 0.6406730 0.5245480
vt 0.6399380 0.5324720
vt 0.6295380 0.5422030
f 2709/5745/2709 5757/5746/5757 2710/5747/2710
vt 0.2608630 0.8214580
vt 0.2604230 0.8240970
vt 0.2580480 0.8197300
f 5654/5748/5654 5761/5749/5761 2708/5750/2708
vt 0.2598710 0.8157810
f 5738/5751/5738 5654/5748/5654 2708/5750/2708
vt 0.9566140 0.4094090
f 5744/5752/5744 5727/1545/5727 5649/5739/5649
vt 0.7966300 0.2725070
vt 0.7998790 0.2677080
vt 0.8002190 0.2853700
f 5726/5753/5726 5728/5754/5728 5650/5755/5650
f 2709/5745/2709 2710/5747/2710 2698/1531/2698
f 2698/1531/2698 2710/5747/2710 2706/1534/2706
vt 0.2606320 0.8134570
vt 0.2585360 0.8043320
f 5651/5756/5651 5738/5751/5738 5646/5757/5646
f 5738/5751/5738 2708/5750/2708 5646/5757/5646
vt 0.2610360 0.8070270
f 5742/5758/5742 5651/5756/5651 5646/5757/5646
vt 0.8763120 0.6512630
f 4028/5724/4028 4016/5725/4016 4015/5759/4015
f 4015/5759/4015 4029/5714/4029 4028/5724/4028
vt 0.9833920 0.3076580
vt 0.9479790 0.3090270
vt 0.9475350 0.3021240
f 3485/5760/3485 3484/5761/3484 5714/5762/5714
vt 0.5324560 0.5222250
vt 0.5259460 0.5179560
vt 0.5296470 0.5170410
f 3483/5763/3483 5395/5764/5395 5390/5765/5390
vt 0.3699000 0.9785520
vt 0.3866150 0.9758330
f 5391/5766/5391 5557/2390/5557 5552/5767/5552
f 5557/2390/5557 5391/5766/5391 5551/2388/5551
vt 0.5364420 0.5243630
f 5713/5768/5713 3483/5763/3483 5390/5765/5390
vt 0.3051910 0.2643970
vt 0.3130880 0.2650830
vt 0.3017930 0.2681220
f 5712/5769/5712 5392/5770/5392 2718/5771/2718
vt 0.3019520 0.2660780
f 5706/5772/5706 5712/5769/5712 2718/5771/2718
vt 0.4102660 0.2305050
vt 0.4102660 0.2366210
vt 0.4032130 0.2339260
f 5389/5773/5389 5553/5774/5553 2717/5775/2717
vt 0.3913870 0.9514860
f 5552/5767/5552 5557/2390/5557 2365/5776/2365
vt 0.4000760 0.9784200
vt 0.4094380 0.9628700
f 5570/5777/5570 5552/5767/5552 5555/5778/5555
vt 0.6242070 0.5756470
vt 0.6245970 0.5633570
vt 0.6312730 0.5762780
f 5554/5779/5554 5569/5780/5569 2716/5781/2716
f 5569/5780/5569 5556/5699/5556 2706/1534/2706
f 5395/5764/5395 5385/3452/5385 5390/5765/5390
f 5386/3450/5386 5551/2388/5551 5391/5766/5391
vt 0.9840120 0.3150560
f 5695/5782/5695 3484/5761/3484 3485/5760/3485
vt 0.6398900 0.6301250
vt 0.6430250 0.6142970
vt 0.6428100 0.6493090
f 3482/5783/3482 5694/5784/5694 5393/5785/5393
f 2365/5776/2365 5557/2390/5557 2828/5689/2828
f 5552/5767/5552 2365/5776/2365 5555/5778/5555
f 2710/5747/2710 5569/5780/5569 2706/1534/2706
vt 0.1277950 0.5969310
vt 0.1636780 0.5969640
vt 0.1636350 0.5884890
f 5696/5786/5696 1264/5787/1264 5394/5788/5394
vt 0.5189570 0.5148410
f 5395/5764/5395 1265/5789/1265 5385/3452/5385
vt 0.1636760 0.6037220
f 5233/5790/5233 1264/5787/1264 5696/5786/5696
vt 0.5132560 0.5118000
f 5234/5791/5234 5385/3452/5385 1265/5789/1265
vt 0.9878010 0.4972860
vt 0.9874610 0.5261220
vt 0.9859300 0.4895910
f 5740/5792/5740 5472/5793/5472 5762/5794/5762
vt 0.9074970 0.6320990
f 4035/5728/4035 1645/5795/1645 1650/5716/1650
vt 0.8947060 0.6236350
vt 0.9037110 0.6234890
f 4020/5796/4020 4024/5797/4024 4022/5731/4022
vt 0.0129880 0.6371540
vt 0.0139400 0.6468010
vt 0.0165800 0.6444040
f 4023/5798/4023 4017/5799/4017 5100/5800/5100
vt 0.9064920 0.6229260
f 4035/5728/4035 5093/5801/5093 1645/5795/1645
vt 0.0182550 0.6393180
vt 0.0162310 0.6378710
f 5100/5800/5100 5107/5802/5107 5094/5803/5094
f 4023/5798/4023 5100/5800/5100 5094/5803/5094
vt 0.0261470 0.6391660
f 5094/5803/5094 5107/5802/5107 5086/5804/5086
f 4024/5797/4024 5093/5801/5093 4022/5731/4022
f 4022/5731/4022 5093/5801/5093 4035/5728/4035
vt 0.0115900 0.6457970
f 4019/5805/4019 4017/5799/4017 4023/5798/4023
f 4021/5730/4021 4020/5796/4020 4022/5731/4022
f 5741/5735/5741 5732/5734/5732 5473/5726/5473
f 5703/5733/5703 5732/5734/5732 5763/5711/5763
vt 0.0234960 0.6352080
f 5094/5803/5094 5086/5804/5086 5105/5806/5105
vt 0.0098060 0.6333150
f 5094/5803/5094 5105/5806/5105 1646/5807/1646
vt 0.9839320 0.2619110
vt 0.9833890 0.2775340
vt 0.9822910 0.2638570
f 5702/5808/5702 5715/5809/5715 5707/5810/5707
vt 0.6640700 0.2869610
vt 0.6611920 0.2912040
vt 0.6614910 0.2765560
f 5106/5811/5106 5108/5812/5108 1647/5813/1647
vt 0.9864320 0.2681150
vt 0.9858150 0.2781090
f 5702/5808/5702 1648/5814/1648 5109/5815/5109
f 5702/5808/5702 5109/5815/5109 5715/5809/5715
vt 0.9709780 0.4459830
vt 0.9948050 0.4402160
f 5703/5733/5703 5710/5816/5710 5731/5817/5731
vt 0.9859910 0.2915510
vt 0.9836660 0.2967040
f 5110/5818/5110 5698/5819/5698 5715/5809/5715
vt 0.9844300 0.2992220
f 5110/5818/5110 5112/5820/5112 5698/5819/5698
vt 0.9587110 0.4436610
f 5732/5734/5732 5708/5821/5708 5473/5726/5473
vt 0.9473970 0.2795310
f 5715/5809/5715 5698/5819/5698 5455/5822/5455
vt 0.9487790 0.2930110
f 5698/5819/5698 5704/5823/5704 5455/5822/5455
vt 0.9463550 0.2659250
f 5707/5810/5707 5715/5809/5715 5701/5824/5701
f 5701/5824/5701 5715/5809/5715 5455/5822/5455
vt 0.9498430 0.2469850
vt 0.9511040 0.2431360
f 5702/5808/5702 5699/5825/5699 5709/5826/5709
f 5707/5810/5707 5699/5825/5699 5702/5808/5702
vt 0.4392630 0.1242450
vt 0.4408310 0.1181190
vt 0.4408310 0.1272940
f 5471/5827/5471 2713/5828/2713 5760/5829/5760
vt 0.6361720 0.5473520
f 5757/5746/5757 2714/5830/2714 2710/5747/2710
vt 0.9488410 0.2465210
f 5709/5826/5709 5699/5825/5699 2711/5831/2711
vt 0.9567380 0.4429750
f 5473/5726/5473 5708/5821/5708 2715/5832/2715
vt 0.2835050 0.2672460
vt 0.2738520 0.2671960
f 5456/5833/5456 2718/5771/2718 2712/5834/2712
vt 0.2685520 0.2642300
f 5700/5835/5700 5456/5833/5456 2712/5834/2712
f 2714/5830/2714 2716/5781/2716 5569/5780/5569
f 2714/5830/2714 5569/5780/5569 2710/5747/2710
f 5456/5833/5456 5706/5772/5706 2718/5771/2718
vt 0.0210370 0.6454220
f 5100/5800/5100 5101/5836/5101 5107/5802/5107
f 5101/5836/5101 5086/5804/5086 5107/5802/5107
vt 0.9476030 0.2970810
f 5698/5819/5698 5112/5820/5112 5705/5837/5705
vt 0.9860030 0.3163360
f 3485/5760/3485 5117/5838/5117 5695/5782/5695
vt 0.9842460 0.3019690
f 5114/5839/5114 5117/5838/5117 3485/5760/3485
vt 0.9475810 0.2985900
f 5705/5837/5705 5112/5820/5112 5711/5840/5711
f 3485/5760/3485 5714/5762/5714 5114/5839/5114
vt 0.6028330 0.3817870
f 1949/5841/1949 2245/2986/2245 1775/2988/1775
f 3211/2582/3211 2545/2576/2545 3196/2579/3196
f 3213/2792/3213 3195/2606/3195 3194/2603/3194
f 3198/2793/3198 3213/2792/3213 2185/2791/2185
f 3209/2765/3209 3198/2793/3198 2183/2794/2183
vt 0.6542890 0.1894620
vt 0.6545250 0.1490040
vt 0.6572450 0.1505950
f 1560/5842/1560 2403/5843/2403 1875/5844/1875
vt 0.6417820 0.1490560
f 1556/5845/1556 2403/5843/2403 1560/5842/1560
vt 0.6575300 0.1876070
f 1560/5842/1560 1875/5844/1875 1874/5846/1874
vt 0.7649210 0.4687820
f 2988/5353/2988 2638/5847/2638 2637/5354/2637
vt 0.7366910 0.1540780
vt 0.7440480 0.1544800
vt 0.7365090 0.1590460
f 3166/5848/3166 3412/5849/3412 3609/5850/3609
vt 0.1102150 0.4638930
f 3410/2665/3410 3164/5851/3164 3607/2666/3607
vt 0.8340300 0.4418150
f 3367/5852/3367 2412/5392/2412 2651/5391/2651
vt 0.6907720 0.0528470
vt 0.6905320 0.0618540
vt 0.6846460 0.0625940
f 2639/5853/2639 2989/5854/2989 2986/5855/2986
vt 0.6840210 0.0541090
f 3608/5856/3608 2639/5853/2639 2986/5855/2986
vt 0.7642940 0.4622590
vt 0.7506300 0.4781700
f 2653/5857/2653 1872/5858/1872 2650/5363/2650
f 2643/5405/2643 2650/5363/2650 1872/5858/1872
vt 0.8766700 0.0079840
vt 0.8845280 0.0034970
vt 0.8768610 0.0032810
f 3369/5859/3369 2648/5860/2648 3470/5861/3470
f 2637/5354/2637 2638/5847/2638 2653/5857/2653
vt 0.8841420 0.0101130
f 2652/5862/2652 2648/5860/2648 3369/5859/3369
vt 0.7634870 0.4752830
f 2638/5847/2638 3413/5863/3413 1872/5858/1872
f 1872/5858/1872 2653/5857/2653 2638/5847/2638
vt 0.7440790 0.1606030
f 3609/5850/3609 3412/5849/3412 2640/5864/2640
vt 0.5135130 0.7250560
vt 0.5161140 0.7154380
vt 0.5243330 0.7288290
f 3149/5865/3149 3147/5866/3147 3416/5867/3416
vt 0.5232860 0.7142210
f 3416/5867/3416 3147/5866/3147 1870/5868/1870
vt 0.7480410 0.4774570
f 2643/5405/2643 1872/5858/1872 3295/5869/3295
f 2668/5340/2668 2643/5405/2643 2634/5410/2634
f 2668/5340/2668 2650/5363/2650 2643/5405/2643
f 2650/5363/2650 2668/5340/2668 2659/5426/2659
vt 0.4318250 0.7117700
f 3146/5870/3146 1873/3977/1873 1869/3973/1869
vt 0.6564370 0.1924280
f 3145/5871/3145 1560/5842/1560 1874/5846/1874
vt 0.5130580 0.7175470
f 3149/5865/3149 1559/5872/1559 3147/5866/3147
vt 0.5233070 0.7312690
vt 0.5149400 0.7289470
f 1663/5873/1663 1561/5874/1561 3416/5867/3416
f 1561/5874/1561 3149/5865/3149 3416/5867/3416
vt 0.6434310 0.1922170
f 3148/5875/3148 1556/5845/1556 1560/5842/1560
vt 0.5017410 0.0929840
f 1871/3912/1871 2235/3911/2235 3298/5876/3298
vt 0.6391710 0.1508240
f 1656/5877/1656 1556/5845/1556 3148/5875/3148
vt 0.6404740 0.1885380
f 1562/5878/1562 1656/5877/1656 3148/5875/3148
vt 0.6231650 0.1273910
vt 0.6164200 0.1208610
vt 0.6185160 0.1278430
f 2896/5879/2896 2669/5880/2669 2893/5881/2893
vt 0.6239100 0.1205440
f 2657/5882/2657 2669/5880/2669 2896/5879/2896
f 4853/2976/4853 4882/2975/4882 4855/2989/4855
f 4855/2989/4855 4882/2975/4882 4885/2959/4885
vt 0.2151580 0.3457470
f 4860/4643/4860 4853/2976/4853 4848/5883/4848
vt 0.3101730 0.8554330
vt 0.3051520 0.8508190
f 4858/5884/4858 4854/5885/4854 5127/4606/5127
f 4854/5885/4854 4734/4607/4734 5127/4606/5127
vt 0.2059840 0.3493750
f 4853/2976/4853 4855/2989/4855 4859/5886/4859
vt 0.5299580 0.0187310
vt 0.5309630 0.0227330
vt 0.5293890 0.0203470
f 4857/5887/4857 4771/5888/4771 4850/5889/4850
f 5134/4621/5134 4858/5884/4858 5127/4606/5127
vt 0.2041890 0.3568650
vt 0.2106220 0.3560520
vt 0.2084180 0.3537740
f 4779/5890/4779 4708/5891/4708 4772/5892/4772
vt 0.5324670 0.0253820
vt 0.5301370 0.0261910
f 4710/5893/4710 5130/5894/5130 4771/5888/4771
f 4779/5890/4779 4772/5892/4772 4859/5886/4859
f 4848/5883/4848 4853/2976/4853 4859/5886/4859
vt 0.3220760 0.8543530
vt 0.3233360 0.8510450
f 5128/5895/5128 4847/5896/4847 4851/4678/4851
vt 0.2099340 0.3505640
f 4848/5883/4848 4859/5886/4859 4849/5897/4849
f 4672/4649/4672 5128/5895/5128 4851/4678/4851
vt 0.3278510 0.8527090
f 4861/5898/4861 4847/5896/4847 5128/5895/5128
vt 0.5673330 0.2201660
f 6150/5899/6150 6128/4232/6128 6127/4231/6127
vt 0.6027030 0.1642580
vt 0.5991150 0.1615020
vt 0.5957570 0.1619390
f 4831/5900/4831 1248/5901/1248 4837/5902/4837
vt 0.5904160 0.2235850
vt 0.5850290 0.2219780
f 6143/4234/6143 4832/5903/4832 4836/5904/4836
vt 0.4233660 0.3084860
vt 0.4251570 0.3054280
vt 0.4188570 0.3059240
f 1190/5905/1190 6141/5906/6141 4835/5907/4835
vt 0.5799840 0.2211210
f 6143/4234/6143 1191/5908/1191 6144/4229/6144
f 6127/4231/6127 6145/4235/6145 6150/5899/6150
vt 0.6030490 0.2221650
vt 0.5950190 0.2221910
f 4832/5903/4832 1259/5909/1259 1206/5910/1206
vt 0.6064580 0.2263790
f 4832/5903/4832 5012/5911/5012 1259/5909/1259
vt 0.2970300 0.0045560
f 5014/5912/5014 4773/5476/4773 4999/5475/4999
vt 0.3008000 0.0049670
f 5002/5913/5002 4773/5476/4773 5014/5912/5014
vt 0.6153950 0.2158340
f 4774/4267/4774 5005/4276/5005 4776/5914/4776
vt 0.7871460 0.4753730
vt 0.7918250 0.4771050
vt 0.7948890 0.4752170
f 5007/5915/5007 1262/5916/1262 4777/5917/4777
f 4449/5486/4449 6128/4232/6128 4616/5570/4616
vt 0.5749120 0.2182150
f 6144/4229/6144 1191/5908/1191 1231/5918/1231
f 1231/5918/1231 6145/4235/6145 6144/4229/6144
f 6128/4232/6128 5053/5567/5053 4616/5570/4616
vt 0.5651980 0.2162830
f 6128/4232/6128 6150/5899/6150 5055/5919/5055
vt 0.7225200 0.7558490
vt 0.7190440 0.7534400
vt 0.7202670 0.7569460
f 6129/5920/6129 5054/5921/5054 5052/5922/5052
vt 0.5703560 0.2171560
vt 0.5679310 0.2076320
f 6150/5899/6150 1233/5923/1233 1217/5924/1217
f 6150/5899/6150 1217/5924/1217 5055/5919/5055
vt 0.5082290 0.7664550
vt 0.5086920 0.7690710
vt 0.5105800 0.7633790
f 4834/5925/4834 1184/5926/1184 1188/5927/1188
vt 0.5966430 0.1593170
f 4837/5902/4837 1248/5901/1248 1187/5928/1187
vt 0.0148140 0.9990350
vt 0.0129310 0.9973870
vt 0.0144500 0.9947730
f 1189/5929/1189 1196/5930/1196 1229/5931/1229
f 6145/4235/6145 1231/5918/1231 1233/5923/1233
f 6150/5899/6150 6145/4235/6145 1233/5923/1233
vt 0.6058480 0.1629760
f 1207/5932/1207 1258/5557/1258 1255/5556/1255
vt 0.6038630 0.1622930
f 1246/5933/1246 4831/5900/4831 1207/5932/1207
vt 0.6112360 0.2228000
f 5012/5911/5012 5001/5934/5001 1259/5909/1259
vt 0.6109990 0.1635390
f 1207/5932/1207 1255/5556/1255 1214/5935/1214
vt 0.6076750 0.1573020
vt 0.6058900 0.1593650
f 1207/5932/1207 1201/5936/1201 1205/5937/1205
vt 0.6701610 0.1971000
f 4450/5581/4450 4445/5938/4445 1168/5574/1168
vt 0.3248860 0.4006460
vt 0.3349240 0.4016510
vt 0.3258860 0.4025230
f 4444/5939/4444 4448/5940/4448 4615/5941/4615
vt 0.6339340 0.0165200
f 3088/2347/3088 3089/2349/3089 3099/5942/3099
vt 0.4268530 0.4386490
vt 0.4297720 0.4375410
f 1763/5943/1763 1476/5944/1476 1471/2382/1471
f 1476/5944/1476 1479/2384/1479 1471/2382/1471
vt 0.4423300 0.4371840
f 1473/5945/1473 1479/2384/1479 1476/5944/1476
vt 0.8985560 0.3726670
vt 0.8967480 0.3732920
f 3098/5946/3098 1764/2380/1764 1472/5947/1472
vt 0.6343960 0.0238710
f 3099/5942/3099 3089/2349/3089 5488/5948/5488
f 5484/2393/5484 5490/5608/5490 5487/5605/5487
vt 0.9054610 0.3744380
f 5491/5949/5491 1764/2380/1764 3098/5946/3098
f 5491/5949/5491 1765/2378/1765 1764/2380/1764
f 5484/2393/5484 1766/2392/1766 5490/5608/5490
vt 0.5534390 0.5972740
f 5981/5950/5981 5925/5315/5925 5924/2111/5924
f 5924/2111/5924 5925/5315/5925 5986/5260/5986
f 5981/5950/5981 5932/5316/5932 5925/5315/5925
vt 0.5577320 0.5836780
f 5932/5316/5932 5981/5950/5981 5977/5951/5977
f 5924/2111/5924 5977/5951/5977 5981/5950/5981
vt 0.5532610 0.6246730
f 1273/5952/1273 5924/2111/5924 5986/5260/5986
vt 0.5052280 0.7758000
vt 0.5062520 0.7737940
vt 0.5097960 0.7847860
f 3465/5953/3465 5644/5954/5644 5049/5955/5049
vt 0.9045600 0.1538830
vt 0.9000850 0.1364480
vt 0.9082740 0.1331070
f 5643/5956/5643 528/5957/528 5050/5958/5050
vt 0.7825240 0.1395260
vt 0.7901730 0.1348560
f 3464/4338/3464 5051/5959/5051 2941/5960/2941
vt 0.9073480 0.1046670
vt 0.9048090 0.1054000
vt 0.9075930 0.1014160
f 592/5961/592 587/5962/587 604/5963/604
vt 0.1971000 0.4392200
vt 0.1869120 0.4392200
vt 0.1877050 0.4415140
f 603/5964/603 591/5965/591 606/5966/606
vt 0.9015070 0.1263350
f 5050/5958/5050 528/5957/528 545/5967/545
vt 0.9047310 0.1257330
f 5050/5958/5050 545/5967/545 590/5968/590
vt 0.9072770 0.7176050
vt 0.9056010 0.6960090
vt 0.9103370 0.7055710
f 4045/5969/4045 4043/5970/4043 5638/5971/5638
vt 0.9102850 0.7217430
f 588/5972/588 4045/5969/4045 5638/5971/5638
f 587/5962/587 5636/1552/5636 604/5963/604
f 5635/1582/5635 604/5963/604 5636/1552/5636
vt 0.7973380 0.8450910
vt 0.7927260 0.8347650
vt 0.7973390 0.8315040
f 598/5973/598 605/5974/605 5634/5975/5634
f 597/1563/597 5635/1582/5635 5626/1564/5626
f 5630/1567/5630 5048/3887/5048 595/1570/595
vt 0.9863640 0.3253060
vt 0.9851570 0.3235110
f 5230/5976/5230 5697/5977/5697 5695/5782/5695
vt 0.1277110 0.5883330
f 5693/5978/5693 5696/5786/5696 5394/5788/5394
vt 0.1293030 0.6042290
f 5231/5979/5231 5233/5790/5233 5696/5786/5696
vt 0.9574200 0.0807060
vt 0.9938480 0.0803890
vt 0.9937860 0.0779030
f 5236/5980/5236 5238/5981/5238 5235/5982/5235
vt 0.9557570 0.0775710
f 5236/5980/5236 5235/5982/5235 5232/5983/5232
f 5236/5980/5236 5227/5656/5227 5238/5981/5238
f 5228/5650/5228 5227/5656/5227 5236/5980/5236
vt 0.4952350 0.5080480
vt 0.5109880 0.5110500
f 5226/5984/5226 5385/3452/5385 5237/5985/5237
f 5237/5985/5237 5385/3452/5385 5234/5791/5234
f 5226/5984/5226 5384/3451/5384 5385/3452/5385
f 5228/5650/5228 5216/5640/5216 5227/5656/5227
f 5232/5983/5232 5225/5655/5225 5228/5650/5228
vt 0.0693150 0.6389440
f 1815/5986/1815 1812/5649/1812 5223/5654/5223
vt 0.0445400 0.6384770
f 5104/5987/5104 5105/5806/5105 5086/5804/5086
vt 0.0266430 0.6323750
f 5105/5806/5105 5104/5987/5104 5111/5988/5111
vt 0.0526420 0.6337490
f 5104/5987/5104 5116/5989/5116 5111/5988/5111
vt 0.0297020 0.6443160
vt 0.0328290 0.6421640
f 5084/5990/5084 5083/5991/5083 5086/5804/5086
vt 0.0334810 0.6466510
f 5085/5992/5085 5083/5991/5083 5084/5990/5084
f 5086/5804/5086 5083/5991/5083 5104/5987/5104
f 5101/5836/5101 5084/5990/5084 5086/5804/5086
vt 0.0393250 0.6329250
f 5111/5988/5111 5116/5989/5116 5113/5993/5113
f 5104/5987/5104 1815/5986/1815 5116/5989/5116
f 5117/5838/5117 5230/5976/5230 5695/5782/5695
vt 0.0613900 0.6433540
f 5102/5994/5102 1815/5986/1815 5104/5987/5104
vt 0.1391070 0.0064980
vt 0.1239650 0.0130900
vt 0.1317850 0.0108800
f 5115/5995/5115 5224/5996/5224 5229/5997/5229
f 5232/5983/5232 5228/5650/5228 5236/5980/5236
vt 0.0713750 0.6436110
vt 0.0758130 0.6405460
f 5103/5998/5103 1813/5999/1813 1815/5986/1815
f 5103/5998/5103 1815/5986/1815 5102/5994/5102
f 1815/5986/1815 5223/5654/5223 5116/5989/5116
vt 0.0534280 0.6439370
f 5104/5987/5104 5077/6000/5077 5102/5994/5102
vt 0.0607100 0.6481140
f 5076/6001/5076 5102/5994/5102 5077/6000/5077
f 5076/6001/5076 5103/5998/5103 5102/5994/5102
f 5085/5992/5085 5104/5987/5104 5083/5991/5083
vt 0.0418800 0.6428500
vt 0.0451300 0.6447670
f 5078/6002/5078 5075/6003/5075 5104/5987/5104
f 5085/5992/5085 5078/6002/5078 5104/5987/5104
f 5101/5836/5101 5085/5992/5085 5084/5990/5084
vt 0.0414060 0.6471310
vt 0.0319730 0.6696590
f 5074/6004/5074 5085/5992/5085 5082/6005/5082
vt 0.0298940 0.6593980
f 5085/5992/5085 5101/5836/5101 5095/6006/5095
f 5075/6003/5075 5077/6000/5077 5104/5987/5104
f 5074/6004/5074 5078/6002/5078 5085/5992/5085
f 5074/6004/5074 5075/6003/5075 5078/6002/5078
vt 0.1742280 0.0787890
vt 0.1710920 0.0813740
vt 0.1693940 0.0767180
f 1664/6007/1664 1721/6008/1721 1702/6009/1702
vt 0.1657480 0.0804790
f 1702/6009/1702 1721/6008/1721 1687/6010/1687
f 1665/2192/1665 1664/6007/1664 1702/6009/1702
f 1709/2193/1709 1665/2192/1665 1702/6009/1702
vt 0.1666140 0.0870190
f 1689/6011/1689 1687/6010/1687 1721/6008/1721
vt 0.1725830 0.0856760
f 1721/6008/1721 1703/6012/1703 1689/6011/1689
vt 0.1648790 0.0842620
f 1687/6010/1687 1689/6011/1689 1688/6013/1688
vt 0.1542900 0.1071350
vt 0.1433930 0.1271850
vt 0.1396800 0.1083640
f 1675/6014/1675 1679/6015/1679 3548/6016/3548
vt 0.2715520 0.4519960
vt 0.2815570 0.4527530
vt 0.2762840 0.4495960
f 1698/6017/1698 3549/6018/3549 615/6019/615
f 1673/2246/1673 1694/2249/1694 1703/6012/1703
vt 0.1726730 0.1075850
vt 0.1611490 0.0873840
f 1669/6020/1669 1675/6014/1675 1668/6021/1668
f 1694/2249/1694 1669/6020/1669 1689/6011/1689
f 1689/6011/1689 1669/6020/1669 1668/6021/1668
f 1694/2249/1694 1689/6011/1689 1703/6012/1703
f 1673/2246/1673 1691/2245/1691 1694/2249/1694
vt 0.1680380 0.1267200
vt 0.1559330 0.1262810
f 1669/6020/1669 3817/6022/3817 1676/6023/1676
vt 0.8608150 0.3199570
vt 0.8502890 0.3214600
vt 0.8709160 0.3235900
f 3812/6024/3812 3816/6025/3816 1670/6026/1670
f 1669/6020/1669 1676/6023/1676 1675/6014/1675
vt 0.8786590 0.3226550
f 1670/6026/1670 1693/6027/1693 3812/6024/3812
vt 0.6802630 0.5307100
vt 0.6677410 0.5289570
vt 0.6922030 0.5289000
f 1677/6028/1677 3819/6029/3819 1684/6030/1684
vt 0.6254480 0.4496170
vt 0.6239230 0.4598730
vt 0.6226530 0.4493270
f 4584/6031/4584 3820/6032/3820 3813/6033/3813
f 1676/6023/1676 1679/6015/1679 1675/6014/1675
f 1721/6008/1721 1664/6007/1664 1703/6012/1703
f 1673/2246/1673 1703/6012/1703 1665/2192/1665
f 1665/2192/1665 1703/6012/1703 1664/6007/1664
vt 0.8177310 0.0924160
vt 0.8231380 0.1277690
f 2954/6034/2954 2962/6035/2962 2935/4335/2935
vt 0.5012080 0.7488500
vt 0.5032310 0.7531260
vt 0.5019890 0.7616340
f 2963/6036/2963 1717/6037/1717 2936/6038/2936
vt 0.8992530 0.1466810
f 5643/5956/5643 547/6039/547 528/5957/528
vt 0.1162800 0.0724090
vt 0.1185910 0.0781170
vt 0.1093260 0.0753960
f 5645/6040/5645 1719/6041/1719 546/6042/546
vt 0.5031460 0.7681550
f 2938/6043/2938 5644/5954/5644 3465/5953/3465
f 2938/6043/2938 2936/6038/2936 1717/6037/1717
f 2938/6043/2938 1717/6037/1717 5644/5954/5644
vt 0.8602320 0.1265610
vt 0.8452100 0.1253450
vt 0.8477690 0.1255900
f 1706/6044/1706 2952/6045/2952 2956/6046/2956
vt 0.1452500 0.0784560
vt 0.1374470 0.0970180
f 1685/6047/1685 1675/6014/1675 1700/6048/1700
vt 0.1333450 0.0766810
vt 0.1522240 0.0752320
f 1701/6049/1701 1678/6050/1678 1685/6047/1685
vt 0.8374860 0.1254710
vt 0.8408370 0.1273130
f 2945/6051/2945 2951/6052/2951 2962/6035/2962
vt 0.8302390 0.1264140
f 2945/6051/2945 2962/6035/2962 2944/6053/2944
vt 0.8290770 0.0919270
f 2945/6051/2945 2944/6053/2944 2947/6054/2947
vt 0.1584810 0.0796400
vt 0.1562070 0.0841810
f 1674/6055/1674 1690/6056/1690 1685/6047/1685
f 1678/6050/1678 1674/6055/1674 1685/6047/1685
f 1702/6009/1702 1687/6010/1687 1674/6055/1674
f 1678/6050/1678 1702/6009/1702 1674/6055/1674
f 1707/2212/1707 1709/2193/1709 1678/6050/1678
vt 0.5039410 0.7275170
vt 0.5072710 0.7205080
vt 0.5024340 0.7378070
f 2953/6057/2953 1708/6058/1708 2950/6059/2950
f 2950/6059/2950 1708/6058/1708 1717/6037/1717
f 1688/6013/1688 1674/6055/1674 1687/6010/1687
f 1702/6009/1702 1678/6050/1678 1709/2193/1709
vt 0.1322620 0.0706130
f 1707/2212/1707 1678/6050/1678 1718/6060/1718
f 1688/6013/1688 1689/6011/1689 1668/6021/1668
f 1675/6014/1675 1690/6056/1690 1668/6021/1668
f 1685/6047/1685 1690/6056/1690 1675/6014/1675
f 1688/6013/1688 1668/6021/1668 1674/6055/1674
f 1674/6055/1674 1668/6021/1668 1690/6056/1690
vt 0.1236520 0.0963420
f 1719/6041/1719 1700/6048/1700 1705/6061/1705
f 1701/6049/1701 1700/6048/1700 1719/6041/1719
f 2950/6059/2950 1717/6037/1717 2963/6036/2963
f 1701/6049/1701 1719/6041/1719 5645/6040/5645
f 1678/6050/1678 1701/6049/1701 1718/6060/1718
vt 0.1139040 0.0955180
f 1719/6041/1719 1705/6061/1705 575/6062/575
f 1701/6049/1701 5645/6040/5645 1718/6060/1718
f 1685/6047/1685 1700/6048/1700 1701/6049/1701
f 1675/6014/1675 3548/6016/3548 1700/6048/1700
vt 0.8837470 0.1563080
vt 0.8992140 0.1558440
f 574/6063/574 547/6039/547 1720/6064/1720
vt 0.1750110 0.1178260
f 1694/2249/1694 1695/2248/1695 3814/6065/3814
f 5408/3445/5408 5383/3447/5383 5410/3457/5410
f 5607/4762/5607 2338/2829/2338 5603/3286/5603
f 5603/3286/5603 2338/2829/2338 2337/3282/2337
f 2335/4130/2335 2338/2829/2338 2333/4125/2333
f 2338/2829/2338 2336/2827/2336 2333/4125/2333
f 5226/5984/5226 5217/5669/5217 5384/3451/5384
f 5388/5670/5388 5383/3447/5383 5387/3449/5387
f 5912/2080/5912 5924/2111/5924 1273/5952/1273
vt 0.5497360 0.6253460
f 5996/6066/5996 5912/2080/5912 1273/5952/1273
vt 0.4146200 0.3375270
vt 0.4183480 0.3361800
vt 0.4142910 0.3341770
f 3921/6067/3921 6170/6068/6170 3929/6069/3929
vt 0.4337120 0.4952860
vt 0.4302180 0.4949600
vt 0.4336530 0.4903920
f 3925/6070/3925 4935/6071/4935 3922/6072/3922
vt 0.3987460 0.5614530
vt 0.3980330 0.5654080
vt 0.3942640 0.5626200
f 3923/6073/3923 3930/6074/3930 3924/6075/3924
vt 0.8870920 0.1762200
vt 0.8903510 0.1759590
vt 0.8906580 0.1788400
f 4938/6076/4938 3926/6077/3926 3928/6078/3928
vt 0.5540330 0.1564790
vt 0.5415100 0.1565080
vt 0.5460510 0.1616800
f 6192/6079/6192 6197/6080/6197 6196/6081/6196
vt 0.8415720 0.3173990
vt 0.8368470 0.3172080
vt 0.8379620 0.3206890
f 6172/6082/6172 4082/6083/4082 3927/6084/3927
vt 0.9659240 0.9729460
vt 0.9718410 0.9754410
vt 0.9806210 0.9710820
f 4937/6085/4937 4084/6086/4084 4817/6087/4817
vt 0.4299330 0.4897030
f 4935/6071/4935 6173/6088/6173 3922/6072/3922
vt 0.8868030 0.1791580
f 4081/6089/4081 4938/6076/4938 3928/6078/3928
vt 0.3094250 0.4959880
vt 0.3058730 0.4959720
vt 0.3071770 0.4980140
f 4759/6090/4759 4955/6091/4955 6187/6092/6187
f 6189/1759/6189 5194/4207/5194 6204/4211/6204
vt 0.5031450 0.4394900
vt 0.5119580 0.4423690
f 6188/6093/6188 4957/1695/4957 4808/6094/4808
f 6188/6093/6188 4808/6094/4808 5194/4207/5194
f 6188/6093/6188 5194/4207/5194 6189/1759/6189
vt 0.6360640 0.8157350
vt 0.6334320 0.8162520
vt 0.6337720 0.8143690
f 5031/6095/5031 4796/6096/4796 6201/6097/6201
vt 0.7159090 0.7322300
vt 0.7153050 0.7406930
f 2319/3684/2319 6203/6098/6203 6185/6099/6185
f 6193/4180/6193 6195/3568/6195 6171/3559/6171
vt 0.5396850 0.4485810
vt 0.5429400 0.4523980
f 6177/6100/6177 6171/3559/6171 4936/6101/4936
vt 0.9809920 0.9667890
f 4937/6085/4937 4817/6087/4817 4959/6102/4959
vt 0.9625530 0.9664730
f 6176/6103/6176 4937/6085/4937 4959/6102/4959
f 6193/4180/6193 6171/3559/6171 6177/6100/6177
vt 0.9541820 0.9644700
vt 0.9579640 0.9733860
f 6184/6104/6184 6194/6105/6194 6176/6103/6176
vt 0.5342590 0.4511080
f 5120/4205/5120 6193/4180/6193 6183/6106/6183
vt 0.9459530 0.9621330
vt 0.9457370 0.9654890
f 6202/6107/6202 5123/6108/5123 6184/6104/6184
f 6205/1699/6205 6203/6098/6203 2318/1697/2318
f 6206/1696/6206 6189/1759/6189 6204/4211/6204
f 2319/3684/2319 2318/1697/2318 6203/6098/6203
vt 0.0736020 0.9993280
vt 0.0732110 0.9957950
vt 0.0707080 0.9958500
f 4816/6109/4816 3751/6110/3751 3753/6111/3753
vt 0.0705310 0.9987280
f 4961/6112/4961 4816/6109/4816 3753/6111/3753
vt 0.5054300 0.8008730
vt 0.5082290 0.8041690
vt 0.5060130 0.8051940
f 6191/6113/6191 4758/6114/4758 6186/6115/6186
vt 0.7385630 0.3870940
f 2404/3975/2404 1557/6116/1557 1878/3976/1878
vt 0.7506850 0.3824280
f 1557/6116/1557 2400/6117/2400 1878/3976/1878
vt 0.7480660 0.3818810
f 1658/6118/1658 2400/6117/2400 1557/6116/1557
vt 0.8282340 0.9391360
vt 0.8204070 0.8937790
vt 0.8297990 0.8964920
f 1659/6119/1659 1563/6120/1563 1662/6121/1662
vt 0.8178490 0.9343890
f 1657/6122/1657 1563/6120/1563 1659/6119/1659
vt 0.8169170 0.9370340
f 1657/6122/1657 1659/6119/1659 1558/6123/1558
f 2331/4126/2331 2316/4128/2316 2330/4127/2330
f 2331/4126/2331 2332/2825/2332 2316/4128/2316
f 2332/2825/2332 2317/1700/2317 2316/4128/2316
vt 0.0705240 0.3422300
f 3765/5523/3765 3747/6124/3747 3763/5516/3763
vt 0.8066460 0.4653110
f 3746/4293/3746 3748/4301/3748 3766/6125/3766
vt 0.2211590 0.4689730
vt 0.2208450 0.4595670
vt 0.2237710 0.4657760
f 4298/6126/4298 4295/6127/4295 3857/6128/3857
vt 0.8738270 0.7504480
vt 0.8780870 0.7502940
f 3767/6129/3767 3768/5494/3768 6006/6130/6006
f 4296/4331/4296 3767/6129/3767 6006/6130/6006
vt 0.9218460 0.5617290
vt 0.9188640 0.5586870
vt 0.9213900 0.5549310
f 1101/6131/1101 6005/6132/6005 1103/6133/1103
vt 0.9193510 0.5673380
f 1101/6131/1101 4294/6134/4294 6005/6132/6005
vt 0.2241750 0.4561860
f 3857/6128/3857 4295/6127/4295 1100/6135/1100
vt 0.9192770 0.5485870
f 1103/6133/1103 6005/6132/6005 1090/6136/1090
f 6006/6130/6006 3768/5494/3768 1091/5497/1091
f 3745/4259/3745 3767/6129/3767 4296/4331/4296
vt 0.9093510 0.6848320
f 5750/5704/5750 4041/6137/4041 5737/5705/5737
f 4040/5707/4040 4041/6137/4041 4043/5970/4043
f 4041/6137/4041 4040/5707/4040 5737/5705/5737
vt 0.8712230 0.6944190
f 4026/5722/4026 4038/5708/4038 536/6138/536
vt 0.9015300 0.7081440
vt 0.8820560 0.6953820
vt 0.9018500 0.6963790
f 535/6139/535 530/6140/530 4039/6141/4039
f 535/6139/535 4039/6141/4039 4043/5970/4043
f 535/6139/535 4043/5970/4043 4045/5969/4045
f 4039/6141/4039 536/6138/536 4038/5708/4038
f 530/6140/530 536/6138/536 4039/6141/4039
vt 0.9983120 0.3937490
f 5752/1546/5752 4042/6142/4042 5749/1543/5749
f 5638/5971/5638 4043/5970/4043 4041/6137/4041
vt 0.9116240 0.6989230
f 5638/5971/5638 4041/6137/4041 5753/6143/5753
f 4038/5708/4038 4040/5707/4040 4039/6141/4039
f 4043/5970/4043 4039/6141/4039 4040/5707/4040
vt 0.6764060 0.0929250
vt 0.6768180 0.1009630
vt 0.6748880 0.1006540
f 5091/6144/5091 1975/6145/1975 5080/6146/5080
vt 0.0493370 0.6829080
f 2095/4866/2095 5081/4868/5081 1984/6147/1984
vt 0.0936870 0.0693230
f 1800/4871/1800 1777/4870/1777 5092/6148/5092
vt 0.0608780 0.6916690
vt 0.0657360 0.6717320
vt 0.0600910 0.6843080
f 5089/6149/5089 1780/6150/1780 1976/6151/1976
vt 0.0752220 0.0740760
f 1779/6152/1779 5092/6148/5092 1777/4870/1777
f 1779/6152/1779 1777/4870/1777 1814/5653/1814
vt 0.7476140 0.4193560
vt 0.7503340 0.4058980
vt 0.7503920 0.4201070
f 2089/6153/2089 5119/6154/5119 5098/6155/5098
vt 0.0178120 0.6628550
vt 0.0139060 0.6769870
f 5118/4887/5118 5096/6156/5096 5099/6157/5099
vt 0.1949700 0.7116720
vt 0.2071030 0.7094770
vt 0.1960290 0.7093420
f 1985/6158/1985 1974/6159/1974 1972/6160/1972
vt 0.1457520 0.7102220
vt 0.1349210 0.6880300
vt 0.1461020 0.6877580
f 1980/6161/1980 1973/6162/1973 1977/6163/1977
vt 0.1321490 0.6879470
vt 0.1315150 0.6997790
f 1986/6164/1986 1973/6162/1973 1983/6165/1983
vt 0.1333400 0.7100680
f 1983/6165/1983 1973/6162/1973 1978/6166/1978
vt 0.2059940 0.7112780
f 5079/6167/5079 1974/6159/1974 1985/6158/1985
vt 0.0649960 0.6616780
f 1976/6151/1976 1780/6150/1780 1981/6168/1981
f 1973/6162/1973 1980/6161/1980 1978/6166/1978
vt 0.0527670 0.6600380
f 1979/6169/1979 5076/6001/5076 5077/6000/5077
f 1780/6150/1780 5103/5998/5103 1981/6168/1981
f 1780/6150/1780 1813/5999/1813 5103/5998/5103
f 1979/6169/1979 1981/6168/1981 5076/6001/5076
f 1981/6168/1981 5103/5998/5103 5076/6001/5076
f 4757/4886/4757 2095/4866/2095 1984/6147/1984
vt 0.0501490 0.6705930
f 1982/6170/1982 5074/6004/5074 5082/6005/5082
f 5074/6004/5074 1982/6170/1982 5075/6003/5075
f 5082/6005/5082 5085/5992/5085 5095/6006/5095
f 5118/4887/5118 4757/4886/4757 5082/6005/5082
f 4757/4886/4757 1984/6147/1984 1982/6170/1982
vt 0.7477430 0.4062930
f 2092/6171/2092 5119/6154/5119 2089/6153/2089
f 4757/4886/4757 1982/6170/1982 5082/6005/5082
f 5096/6156/5096 5118/4887/5118 5095/6006/5095
f 5118/4887/5118 5082/6005/5082 5095/6006/5095
f 1982/6170/1982 5077/6000/5077 5075/6003/5075
f 1982/6170/1982 1979/6169/1979 5077/6000/5077
f 2954/6034/2954 2935/4335/2935 2934/4334/2934
vt 0.8622360 0.0903760
vt 0.8716860 0.1238520
f 2957/6172/2957 1713/6173/1713 1706/6044/1706
vt 0.8429060 0.0902550
f 2960/6174/2960 2956/6046/2956 2952/6045/2952
f 1706/6044/1706 2956/6046/2956 2957/6172/2957
f 2960/6174/2960 2952/6045/2952 2951/6052/2951
vt 0.8351880 0.0908660
f 2949/6175/2949 2951/6052/2951 2945/6051/2945
f 2960/6174/2960 2951/6052/2951 2949/6175/2949
vt 0.4446820 0.6487380
vt 0.4302390 0.6142750
vt 0.4389530 0.6349430
f 2124/6176/2124 2959/6177/2959 2961/6178/2961
f 2957/6172/2957 2956/6046/2956 2960/6174/2960
vt 0.4280710 0.6114460
f 2124/6176/2124 6057/6179/6057 2959/6177/2959
vt 0.4434680 0.6429180
f 2124/6176/2124 2961/6178/2961 2948/6180/2948
vt 0.8258750 0.0917480
f 2954/6034/2954 2943/6181/2943 2962/6035/2962
f 2944/6053/2944 2943/6181/2943 2947/6054/2947
f 2943/6181/2943 2944/6053/2944 2962/6035/2962
f 2949/6175/2949 2945/6051/2945 2947/6054/2947
f 6057/6179/6057 2864/2213/2864 2959/6177/2959
f 6057/6179/6057 5407/2214/5407 2864/2213/2864
vt 0.4558570 0.6600180
f 2122/4364/2122 2124/6176/2124 2955/6182/2955
vt 0.9602730 0.0422940
f 2117/3984/2117 6054/6183/6054 2125/3979/2125
vt 0.4470230 0.6495930
f 2124/6176/2124 2948/6180/2948 2946/6184/2946
f 2117/3984/2117 2125/3979/2125 2114/3978/2114
vt 0.4501030 0.6517220
f 2124/6176/2124 2946/6184/2946 2942/6185/2942
f 2124/6176/2124 2942/6185/2942 2955/6182/2955
f 2122/4364/2122 2955/6182/2955 2933/4368/2933
f 3972/4279/3972 3991/3816/3991 3967/3818/3967
vt 0.0895170 0.0073010
vt 0.0949530 0.0023310
vt 0.0931610 0.0028790
f 3761/6186/3761 3860/6187/3860 1124/6188/1124
vt 0.1422020 0.4267430
vt 0.1395080 0.4260120
vt 0.1430040 0.4187960
f 4299/6189/4299 3859/6190/3859 4547/6191/4547
vt 0.1400820 0.4198370
f 4547/6191/4547 3859/6190/3859 3762/6192/3762
vt 0.0902790 0.0041250
vt 0.0846780 0.0058990
f 1126/6193/1126 1116/6194/1116 3761/6186/3761
vt 0.0807120 0.0081320
f 3761/6186/3761 1116/6194/1116 1112/6195/1112
f 3972/4279/3972 3967/3818/3967 3971/4281/3971
f 3971/4281/3971 3967/3818/3967 3969/3829/3969
vt 0.0705980 0.0271410
f 1807/4880/1807 4410/6196/4410 1783/2237/1783
vt 0.7907490 0.4798650
vt 0.7860530 0.4800680
vt 0.7859450 0.4893740
f 3366/6197/3366 2413/6198/2413 3368/6199/3368
vt 0.7907190 0.4891170
f 3366/6197/3366 3368/6199/3368 3471/6200/3471
vt 0.0835170 0.0472820
f 1786/6201/1786 1793/4881/1793 1781/5660/1781
f 1793/4881/1793 1784/2234/1784 1781/5660/1781
vt 0.5677290 0.4141140
vt 0.5902740 0.4152680
vt 0.5895620 0.4132290
f 1782/6202/1782 1806/6203/1806 1785/6204/1785
vt 0.5762260 0.4168520
f 1776/6205/1776 1806/6203/1806 1782/6202/1782
vt 0.8532110 0.6440640
vt 0.8561630 0.6222580
f 4034/6206/4034 2086/6207/2086 4036/5729/4036
vt 0.5325390 0.1221910
vt 0.5199910 0.1110570
vt 0.5189930 0.1248180
f 949/6208/949 2068/6209/2068 2073/6210/2073
vt 0.5161700 0.1196830
f 2068/6209/2068 4032/6211/4032 2073/6210/2073
f 2068/6209/2068 2077/4845/2077 2079/4860/2079
f 2068/6209/2068 2079/4860/2079 4032/6211/4032
vt 0.3558040 0.1904700
vt 0.3320390 0.1893480
vt 0.3434190 0.1912790
f 2083/6212/2083 4033/6213/4033 2078/6214/2078
vt 0.3012570 0.4500630
vt 0.2956810 0.4491590
f 3549/6018/3549 1683/6215/1683 787/6216/787
vt 0.5238090 0.6190570
vt 0.5203070 0.6146140
vt 0.5218990 0.6242360
f 4014/6217/4014 2932/6218/2932 4030/6219/4030
vt 0.5236090 0.6008940
vt 0.5221020 0.5999780
f 3348/6220/3348 2072/6221/2072 2932/6218/2932
vt 0.8563880 0.6460040
f 2071/6222/2071 4034/6206/4034 2931/5727/2931
f 4014/6217/4014 3348/6220/3348 2932/6218/2932
f 4036/5729/4036 4020/5796/4020 4021/5730/4021
vt 0.0157760 0.6621260
f 4017/5799/4017 5087/6223/5087 5100/5800/5100
vt 0.0074020 0.6656930
f 5087/6223/5087 4017/5799/4017 4037/6224/4037
vt 0.0098690 0.6469090
f 4037/6224/4037 4017/5799/4017 4018/6225/4018
vt 0.0075040 0.6853380
f 2082/6226/2082 5087/6223/5087 4037/6224/4037
f 5099/6157/5099 5096/6156/5096 5087/6223/5087
f 5087/6223/5087 5101/5836/5101 5100/5800/5100
f 2082/6226/2082 5099/6157/5099 5087/6223/5087
f 5096/6156/5096 5095/6006/5095 5087/6223/5087
f 5095/6006/5095 5101/5836/5101 5087/6223/5087
f 4034/6206/4034 4036/5729/4036 2931/5727/2931
vt 0.8535530 0.6651390
vt 0.8576290 0.6627600
f 948/6227/948 943/6228/943 4027/5723/4027
vt 0.8616290 0.7039150
vt 0.8472510 0.7040680
vt 0.8621490 0.7060020
f 3349/6229/3349 944/6230/944 2074/6231/2074
vt 0.8474170 0.7068160
f 2074/6231/2074 944/6230/944 951/6232/951
vt 0.8585150 0.6486070
f 943/6228/943 3347/6233/3347 4016/5725/4016
f 4026/5722/4026 948/6227/948 4027/5723/4027
f 3347/6233/3347 4015/5759/4015 4016/5725/4016
f 943/6228/943 4016/5725/4016 4027/5723/4027
# 5000 faces, 6233 coords texture

# End of File
