# https://github.com/mikedh/trimesh
mtllib material.mtl

o simplified.obj
usemtl Material.001
v 0.15582913 0.32360376 0.06680469
v 0.15582913 0.32360376 0.06680469
v 0.10367613 0.32540976 0.07061669
v 0.10367613 0.32540976 0.07061669
v 0.10367613 0.32540976 0.07061669
v 0.15548813 0.34505076 0.00194069
v 0.15548813 0.34505076 0.00194069
v 0.15548813 0.34505076 0.00194069
v 0.14079213 0.31525676 -0.05415231
v 0.14079213 0.31525676 -0.05415231
v 0.14079213 0.31525676 -0.05415231
v 0.15511113 0.32249876 -0.06516031
v 0.15511113 0.32249876 -0.06516031
v 0.15511113 0.32249876 -0.06516031
v 0.13894213 0.32347076 -0.06389431
v 0.13894213 0.32347076 -0.06389431
v 0.13894213 0.32347076 -0.06389431
v 0.14185313 0.31722176 -0.07599731
v 0.14185313 0.31722176 -0.07599731
v 0.14185313 0.31722176 -0.07599731
v 0.14185313 0.31722176 -0.07599731
v 0.14185313 0.31722176 -0.07599731
v 0.18233913 0.32162876 -0.06115131
v 0.18233913 0.32162876 -0.06115131
v 0.18233913 0.32162876 -0.06115131
v 0.05168613 0.34749776 -0.01161031
v 0.09397413 0.34415976 0.00407669
v 0.07378713 0.34698376 -0.02235331
v 0.09241013 0.34295276 -0.01062731
v 0.05980713 0.34164576 -0.02740931
v 0.08288513 0.34012676 0.03017369
v 0.09950213 0.33378276 0.00604769
v 0.09671913 0.33325676 -0.01082131
v 0.08304013 0.34021776 -0.02586631
v 0.07087213 0.32978176 -0.04157631
v 0.09967213 0.32599076 0.04247769
v 0.08641713 0.34519276 0.02073569
v 0.07057013 0.33030176 0.04499369
v 0.03299313 0.32344076 -0.05551331
v 0.03299313 0.32344076 -0.05551331
v 0.03299313 0.32344076 -0.05551331
v 0.03997013 0.33114876 -0.03812031
v 0.04173513 0.33977276 0.00027369
v 0.03110713 0.34077676 0.00185669
v 0.03110713 0.34077676 0.00185669
v 0.03987113 0.33110576 0.04219269
v 0.03393313 0.32330576 0.05986969
v 0.03393313 0.32330576 0.05986969
v 0.10203213 0.31713376 0.06027369
v 0.10203213 0.31713376 0.06027369
v 0.10893513 0.32048276 -0.04430231
v 0.10893513 0.32048276 -0.04430231
v 0.10893513 0.32048276 -0.04430231
v 0.05562413 0.34056476 0.03095669
v 0.06793113 0.34679976 0.02766669
v 0.03179113 0.33269576 0.06954069
v 0.03179113 0.33269576 0.06954069
v 0.03179113 0.33269576 0.06954069
v 0.05042013 0.34868376 0.01152069
v 0.02851413 0.34406676 -0.04267431
v 0.02851413 0.34406676 -0.04267431
v 0.03105113 0.33232476 -0.06574831
v 0.03105113 0.33232476 -0.06574831
v 0.03105113 0.33232476 -0.06574831
v 0.02883713 0.35029976 0.02860569
v 0.02883713 0.35029976 0.02860569
v 0.02941313 0.35336676 -0.00600931
v 0.02941313 0.35336676 -0.00600931
v 0.02941313 0.35336676 -0.00600931
v 0.22558513 0.32345676 0.00201269
v 0.22558513 0.32345676 0.00201269
v 0.22441613 0.31748576 -0.06428131
v 0.22441613 0.31748576 -0.06428131
v 0.22441613 0.31748576 -0.06428131
v 0.22527113 0.33815476 0.00238369
v 0.22527113 0.33815476 0.00238369
v 0.22527113 0.33815476 0.00238369
v 0.22577913 0.30835676 0.05795369
v 0.22577913 0.30835676 0.05795369
v 0.00779213 0.31434576 -0.09034931
v 0.00779213 0.31434576 -0.09034931
v 0.00779213 0.31434576 -0.09034931
v 0.21081713 0.29429776 -0.08435631
v 0.21081713 0.29429776 -0.08435631
v 0.21081713 0.29429776 -0.08435631
v 0.21081713 0.29429776 -0.08435631
v 0.15036213 0.31651876 0.08020169
v 0.15036213 0.31651876 0.08020169
v 0.15036213 0.31651876 0.08020169
v 0.15036213 0.31651876 0.08020169
v 0.15036213 0.31651876 0.08020169
v 0.13885513 0.32358776 0.06718869
v 0.13885513 0.32358776 0.06718869
v 0.13885513 0.32358776 0.06718869
v 0.18891113 0.31941876 0.06992569
v 0.18891113 0.31941876 0.06992569
v 0.18891113 0.31941876 0.06992569
v 0.18891113 0.31941876 0.06992569
v 0.19792013 0.32180976 0.06487169
v 0.19792013 0.32180976 0.06487169
v 0.19792013 0.32180976 0.06487169
v 0.22432613 0.31816876 0.06706669
v 0.22432613 0.31816876 0.06706669
v 0.22432613 0.31816876 0.06706669
v 0.22432613 0.31816876 0.06706669
v 0.19823313 0.34200676 0.00228169
v 0.19823313 0.34200676 0.00228169
v 0.19823313 0.34200676 0.00228169
v 0.23149413 0.31565776 0.06962469
v 0.23149413 0.31565776 0.06962469
v 0.23149413 0.31565776 0.06962469
v 0.11332213 0.34747476 0.00215769
v 0.11332213 0.34747476 0.00215769
v 0.11332213 0.34747476 0.00215769
v 0.11080513 0.33357376 0.00026669
v 0.11080513 0.33357376 0.00026669
v 0.11033513 0.32155476 0.04783069
v 0.11033513 0.32155476 0.04783069
v 0.11226013 0.32786676 -0.06049431
v 0.11226013 0.32786676 -0.06049431
v 0.11226013 0.32786676 -0.06049431
v 0.11226013 0.32786676 -0.06049431
v 0.11246813 0.32784776 0.06428669
v 0.11246813 0.32784776 0.06428669
v 0.11246813 0.32784776 0.06428669
v 0.18367813 0.32772176 0.00235969
v 0.18367813 0.32772176 0.00235969
v 0.18296813 0.34146276 0.00267069
v 0.18296813 0.34146276 0.00267069
v 0.18296813 0.34146276 0.00267069
v 0.18382813 0.31335276 -0.05119231
v 0.18382813 0.31335276 -0.05119231
v 0.18264113 0.32130776 0.06613269
v 0.18264113 0.32130776 0.06613269
v 0.23886113 0.32196276 0.00448469
v 0.23886113 0.32196276 0.00448469
v 0.23886113 0.32196276 0.00448469
v 0.24221313 0.33447076 0.00432169
v 0.24221313 0.33447076 0.00432169
v 0.24221313 0.33447076 0.00432169
v 0.24221313 0.33447076 0.00432169
v 0.23634713 0.30822476 0.05525169
v 0.23634713 0.30822476 0.05525169
v 0.23540313 0.30768976 -0.05200431
v 0.23540313 0.30768976 -0.05200431
v 0.23799913 0.31476176 -0.02980831
v 0.23799913 0.31476176 -0.02980831
v 0.23663613 0.31613376 -0.06465131
v 0.23663613 0.31613376 -0.06465131
v 0.24133313 0.31898776 -0.05979331
v 0.24133313 0.31898776 -0.05979331
v 0.24966213 0.30546876 -0.07338031
v 0.24966213 0.30546876 -0.07338031
v 0.24966213 0.30546876 -0.07338031
v 0.24966213 0.30546876 -0.07338031
v 0.24966213 0.30546876 -0.07338031
v 0.24966213 0.30546876 -0.07338031
v 0.24966213 0.30546876 -0.07338031
v 0.02214213 0.32561376 -0.07725531
v 0.02214213 0.32561376 -0.07725531
v 0.02214213 0.32561376 -0.07725531
v 0.35070313 0.20462176 -0.03474731
v 0.35070313 0.20462176 -0.03474731
v 0.35070313 0.20462176 -0.03474731
v 0.35070313 0.20462176 -0.03474731
v 0.35436513 0.20315276 0.01538769
v 0.35436513 0.20315276 0.01538769
v 0.02134713 0.32587176 0.08028069
v 0.02134713 0.32587176 0.08028069
v 0.02134713 0.32587176 0.08028069
v 0.02134713 0.32587176 0.08028069
v 0.27908313 0.31985776 -0.00028631
v 0.27908313 0.31985776 -0.00028631
v 0.27908313 0.31985776 -0.00028631
v 0.27908313 0.31985776 -0.00028631
v 0.27073913 0.30855876 -0.05909131
v 0.27073913 0.30855876 -0.05909131
v 0.28046013 0.32074576 -0.01488031
v 0.28046013 0.32074576 -0.01488031
v 0.19788513 0.32163876 -0.06183231
v 0.19788513 0.32163876 -0.06183231
v 0.19788513 0.32163876 -0.06183231
v 0.18712113 0.31959976 -0.06610331
v 0.18712113 0.31959976 -0.06610331
v 0.18712113 0.31959976 -0.06610331
v 0.19562613 0.32671976 0.00315569
v 0.19562613 0.32671976 0.00315569
v 0.19484313 0.31254476 0.05436869
v 0.19484313 0.31254476 0.05436869
v 0.25367913 0.30883376 -0.07404131
v 0.25367913 0.30883376 -0.07404131
v 0.25367913 0.30883376 -0.07404131
v 0.25367913 0.30883376 -0.07404131
v 0.26535213 0.31388976 -0.05819531
v 0.26535213 0.31388976 -0.05819531
v 0.26535213 0.31388976 -0.05819531
v 0.19390313 0.31153676 -0.05335931
v 0.19390313 0.31153676 -0.05335931
v 0.18452313 0.31224376 0.05810269
v 0.18452313 0.31224376 0.05810269
v 0.22613813 0.30832176 -0.05314731
v 0.22613813 0.30832176 -0.05314731
v 0.26361113 0.30898376 -0.06569231
v 0.26361113 0.30898376 -0.06569231
v 0.26361113 0.30898376 -0.06569231
v 0.26361113 0.30898376 -0.06569231
v 0.26828413 0.30946776 -0.06549931
v 0.26828413 0.30946776 -0.06549931
v 0.26828413 0.30946776 -0.06549931
v 0.26828413 0.30946776 -0.06549931
v 0.26828413 0.30946776 -0.06549931
v 0.27584213 0.32091676 -0.01970331
v 0.27584213 0.32091676 -0.01970331
v 0.27584213 0.32091676 -0.01970331
v -0.00976087 0.33375576 -0.06022131
v -0.00976087 0.33375576 -0.06022131
v -0.00976087 0.33375576 -0.06022131
v -0.00976087 0.33375576 -0.06022131
v -0.00086587 0.33093876 -0.06450631
v -0.00086587 0.33093876 -0.06450631
v -0.00086587 0.33093876 -0.06450631
v 0.15293013 0.32983476 0.00206669
v 0.15293013 0.32983476 0.00206669
v 0.13990113 0.33094476 0.00338169
v 0.13990113 0.33094476 0.00338169
v 0.14033813 0.31550476 0.05741169
v 0.14033813 0.31550476 0.05741169
v 0.13884013 0.34347776 0.00249869
v 0.13884013 0.34347776 0.00249869
v 0.13884013 0.34347776 0.00249869
v -0.00067087 0.35766876 -0.00178231
v -0.00067087 0.35766876 -0.00178231
v -0.00067087 0.35766876 -0.00178231
v -0.00079887 0.35342776 -0.03081431
v -0.00079887 0.35342776 -0.03081431
v -0.00357987 0.34596776 -0.03310131
v -0.00357987 0.34596776 -0.03310131
v -0.00357987 0.34596776 -0.03310131
v -0.00357987 0.34596776 -0.03310131
v 0.00056713 0.34425876 -0.05760931
v 0.00056713 0.34425876 -0.05760931
v 0.00289713 0.33246476 -0.07549731
v 0.00289713 0.33246476 -0.07549731
v 0.27572613 0.32211876 0.01928069
v 0.27572613 0.32211876 0.01928069
v 0.27572613 0.32211876 0.01928069
v 0.35189413 0.20541876 -0.00694831
v 0.35189413 0.20541876 -0.00694831
v 0.35189413 0.20541876 -0.00694831
v 0.35196413 0.20888576 -0.02719831
v 0.35196413 0.20888576 -0.02719831
v 0.26970413 0.32198576 -0.02277731
v 0.26970413 0.32198576 -0.02277731
v 0.26970413 0.32198576 -0.02277731
v 0.24070713 0.31821676 0.06429869
v 0.24070713 0.31821676 0.06429869
v 0.24070713 0.31821676 0.06429869
v 0.34846613 0.20685776 0.03286169
v 0.34846613 0.20685776 0.03286169
v 0.34846613 0.20685776 0.03286169
v 0.01670613 0.33689676 -0.05878531
v 0.01670613 0.33689676 -0.05878531
v 0.27107813 0.32439076 0.00898569
v 0.27107813 0.32439076 0.00898569
v 0.27164313 0.32203676 0.00261869
v 0.27164313 0.32203676 0.00261869
v 0.27164313 0.32203676 0.00261869
v 0.27164313 0.32203676 0.00261869
v 0.34071313 0.20994676 -0.05513031
v 0.34071313 0.20994676 -0.05513031
v 0.34071313 0.20994676 -0.05513031
v 0.35490613 0.20730076 0.00929169
v 0.35490613 0.20730076 0.00929169
v 0.35490613 0.20730076 0.00929169
v 0.34831113 0.21038276 0.04684769
v 0.34831113 0.21038276 0.04684769
v 0.34831113 0.21038276 0.04684769
v 0.34236813 0.26764376 0.03816969
v 0.33314713 0.21613876 0.08126069
v 0.33314713 0.21613876 0.08126069
v 0.33314713 0.21613876 0.08126069
v 0.33153113 0.26809176 0.06971269
v 0.33153113 0.26809176 0.06971269
v 0.34084513 0.21320176 -0.06284831
v 0.34084513 0.21320176 -0.06284831
v 0.34084513 0.21320176 -0.06284831
v 0.34164813 0.26759876 -0.03836631
v 0.27307013 0.31022376 -0.06327431
v 0.27307013 0.31022376 -0.06327431
v 0.34762113 0.26649376 0.00332469
v 0.28034713 0.32019876 0.02196469
v 0.28034713 0.32019876 0.02196469
v 0.28034713 0.32019876 0.02196469
v 0.32483313 0.26879976 -0.07607531
v 0.32483313 0.26879976 -0.07607531
v 0.25941613 0.28409176 -0.09245631
v 0.25941613 0.28409176 -0.09245631
v 0.25941613 0.28409176 -0.09245631
v 0.15072513 0.32145776 0.07038469
v 0.15072513 0.32145776 0.07038469
v 0.15072513 0.32145776 0.07038469
v 0.15195313 0.31363276 0.05879969
v 0.15195313 0.31363276 0.05879969
v 0.15276213 0.31422076 -0.05397031
v 0.15276213 0.31422076 -0.05397031
v 0.15276213 0.31422076 -0.05397031
v 0.01590913 0.34205576 0.05345569
v 0.01590913 0.34205576 0.05345569
v 0.01477213 0.35333076 -0.00656931
v 0.01477213 0.35333076 -0.00656931
v 0.01477213 0.35333076 -0.00656931
v 0.01477213 0.35333076 -0.00656931
v 0.24980813 0.29301376 -0.08647831
v 0.24980813 0.29301376 -0.08647831
v 0.24980813 0.29301376 -0.08647831
v 0.24980813 0.29301376 -0.08647831
v 0.24701913 0.30737776 -0.07616831
v 0.24701913 0.30737776 -0.07616831
v 0.00794713 0.31761676 -0.08995831
v 0.00794713 0.31761676 -0.08995831
v 0.01237313 0.35734676 -0.00629931
v 0.01724413 0.33038676 -0.07658431
v 0.01724413 0.33038676 -0.07658431
v 0.01330513 0.35215476 0.04088369
v 0.01395113 0.34045376 0.06872769
v 0.00319213 0.33147476 0.08101869
v 0.00319213 0.33147476 0.08101869
v -0.00085387 0.35492876 0.03085569
v -0.00085387 0.35492876 0.03085569
v 0.01358913 0.34613076 -0.05397431
v 0.01358913 0.34613076 -0.05397431
v 0.09071113 0.31991076 0.08130669
v 0.09071113 0.31991076 0.08130669
v 0.09071113 0.31991076 0.08130669
v 0.09071113 0.31991076 0.08130669
v 0.10231613 0.31715976 -0.05627731
v 0.10231613 0.31715976 -0.05627731
v 0.10407413 0.32560176 -0.06655431
v 0.10407413 0.32560176 -0.06655431
v 0.10407413 0.32560176 -0.06655431
v 0.24225113 0.28699676 -0.09231631
v 0.24225113 0.28699676 -0.09231631
v 0.24225113 0.28699676 -0.09231631
v 0.35172013 0.18221176 -0.02844831
v 0.35172013 0.18221176 -0.02844831
v 0.35172013 0.18221176 -0.02844831
v 0.35172013 0.18221176 -0.02844831
v 0.33142213 0.21193376 -0.08068831
v 0.33142213 0.21193376 -0.08068831
v -0.11089687 0.35027976 0.00254869
v -0.11089687 0.35027976 0.00254869
v -0.11089687 0.35027976 0.00254869
v -0.12116187 0.35173476 0.00054669
v -0.12116187 0.35173476 0.00054669
v -0.10218987 0.35122076 -0.00128931
v -0.10218987 0.35122076 -0.00128931
v -0.10218987 0.35122076 -0.00128931
v -0.10218987 0.35122076 -0.00128931
v -0.10229687 0.35035876 0.00908269
v -0.10229687 0.35035876 0.00908269
v -0.10229687 0.35035876 0.00908269
v -0.10229687 0.35035876 0.00908269
v -0.12111487 0.35004276 0.01014069
v -0.12111487 0.35004276 0.01014069
v -0.12111487 0.35004276 0.01014069
v -0.11969687 0.34987876 -0.00677631
v -0.11969687 0.34987876 -0.00677631
v -0.11969687 0.34987876 -0.00677631
v -0.11969687 0.34987876 -0.00677631
v -0.33867587 0.32396876 0.03274469
v -0.46037587 0.32122176 0.01331969
v -0.39733187 0.32953676 0.01081569
v -0.33809287 0.32879976 0.01429269
v -0.46476587 0.31465476 0.03304969
v -0.33110987 0.33465676 0.01104469
v -0.30947787 0.31975276 0.04934669
v -0.30947787 0.31975276 0.04934669
v -0.46365087 0.30512276 0.04901569
v -0.46041287 0.32120776 -0.00836831
v -0.33076087 0.33441376 -0.00586631
v -0.33171187 0.31766076 0.05590769
v -0.41173287 0.32830876 -0.00581031
v -0.33222687 0.32718276 0.03951569
v -0.30982887 0.33259176 -0.00604431
v -0.30982887 0.33259176 -0.00604431
v -0.48297187 0.31066176 0.00641569
v -0.48297187 0.31066176 0.00641569
v -0.34068687 0.30851176 0.05612069
v -0.34329487 0.29080276 0.07315269
v -0.45561187 0.30248176 0.05101269
v -0.33157987 0.30492176 0.07149669
v -0.48365587 0.30012076 0.03609669
v -0.48919687 0.29796876 0.03673769
v -0.48919687 0.29796876 0.03673769
v -0.48841087 0.30756076 0.00748469
v -0.48841087 0.30756076 0.00748469
v -0.48327387 0.27815576 0.05803069
v -0.48327387 0.27815576 0.05803069
v -0.48327387 0.27815576 0.05803069
v -0.48327387 0.27815576 0.05803069
v -0.49098887 0.27455576 0.05466469
v -0.49098887 0.27455576 0.05466469
v -0.49098887 0.27455576 0.05466469
v -0.30882287 0.33105476 0.01783069
v -0.30355987 0.33050676 -0.01401531
v -0.30355987 0.33050676 -0.01401531
v -0.30355987 0.33050676 -0.01401531
v -0.30350687 0.32946076 0.02529669
v -0.30350687 0.32946076 0.02529669
v -0.30611687 0.28672876 0.08322569
v -0.30611687 0.28672876 0.08322569
v -0.46157987 0.30612576 -0.04359031
v -0.46157987 0.30612576 -0.04359031
v -0.46484087 0.29443376 -0.05373331
v -0.46484087 0.29443376 -0.05373331
v -0.46484087 0.29443376 -0.05373331
v -0.46484087 0.29443376 -0.05373331
v -0.46267387 0.27575076 -0.06628331
v -0.48285587 0.30462676 -0.02388231
v -0.48285587 0.30462676 -0.02388231
v -0.48420787 0.28938476 -0.04335031
v -0.48420787 0.28938476 -0.04335031
v -0.47040287 0.31842076 -0.00236531
v -0.30965287 0.32421176 -0.03557331
v -0.30965287 0.32421176 -0.03557331
v -0.46116687 0.31481676 -0.02923431
v -0.46116687 0.31481676 -0.02923431
v -0.33917887 0.32876776 -0.00950531
v -0.33145887 0.32740376 -0.03502131
v -0.33145887 0.32740376 -0.03502131
v -0.33807787 0.32418276 -0.02795231
v -0.34972187 0.15826176 0.04132769
v -0.47342687 0.17853576 0.03288669
v -0.35038787 0.15136076 0.02094969
v -0.47159187 0.17215676 0.01464069
v -0.42996987 0.16980676 0.04067669
v -0.34382587 0.15378376 0.04741269
v -0.34473587 0.14282476 0.01521969
v -0.42370887 0.15886676 0.01395769
v -0.41728687 0.15688576 -0.00784531
v -0.41728687 0.15688576 -0.00784531
v -0.48092887 0.17634876 0.00335269
v -0.48092887 0.17634876 0.00335269
v -0.34406987 0.15853076 0.05481569
v -0.49305887 0.19516176 0.02981969
v -0.49305887 0.19516176 0.02981969
v -0.49337687 0.18895676 0.00974469
v -0.49337687 0.18895676 0.00974469
v -0.49337687 0.18895676 0.00974469
v -0.34886487 0.18385576 0.07203869
v -0.34150587 0.18463576 0.08155269
v -0.34150587 0.18463576 0.08155269
v -0.47224587 0.18698576 0.04700569
v -0.47224587 0.18698576 0.04700569
v -0.31783687 0.18895976 0.08472969
v -0.31783687 0.18895976 0.08472969
v -0.44343687 0.17816876 0.04793569
v -0.35019287 0.16714076 0.05413569
v -0.32028287 0.15245876 0.04712669
v -0.32027587 0.14415276 0.02661469
v -0.31524587 0.14634576 0.03794069
v -0.31524587 0.14634576 0.03794069
v -0.31963887 0.16655176 0.06753369
v -0.32128687 0.14070176 0.00049369
v -0.31431187 0.16690776 0.06826469
v -0.31431187 0.16690776 0.06826469
v -0.31610387 0.13965776 -0.00071731
v -0.31610387 0.13965776 -0.00071731
v -0.31655587 0.21145776 0.09419669
v -0.31655587 0.21145776 0.09419669
v -0.31531287 0.14813776 -0.03610131
v -0.31531287 0.14813776 -0.03610131
v -0.31531287 0.14813776 -0.03610131
v -0.31300387 0.18778876 0.08483669
v -0.31300387 0.18778876 0.08483669
v -0.31300387 0.18778876 0.08483669
v -0.31300387 0.18778876 0.08483669
v -0.46520787 0.22800376 0.07528469
v -0.46520787 0.22800376 0.07528469
v -0.46559187 0.25633576 0.07633969
v -0.46559187 0.25633576 0.07633969
v -0.34766587 0.22073276 0.08907069
v -0.33786587 0.25670976 0.09629969
v -0.33750887 0.23549876 0.09869769
v -0.43565887 0.26050976 0.08305069
v -0.34094787 0.21091676 0.09433169
v -0.33562687 0.28736576 0.08533469
v -0.33562687 0.28736576 0.08533469
v -0.45840587 0.22439676 0.07803369
v -0.45840587 0.22439676 0.07803369
v -0.45840587 0.22439676 0.07803369
v -0.40717487 0.19439076 0.07590869
v -0.40717487 0.19439076 0.07590869
v -0.40717487 0.19439076 0.07590869
v -0.41471187 0.28552976 0.07673969
v -0.41471187 0.28552976 0.07673969
v -0.46237287 0.28623876 0.06644269
v -0.46237287 0.28623876 0.06644269
v -0.34750087 0.24898776 0.08981969
v -0.31482087 0.23887776 0.09787769
v -0.31328787 0.27160876 0.09132669
v -0.31328787 0.27160876 0.09132669
v -0.31123887 0.30156276 0.07274269
v -0.31123887 0.30156276 0.07274269
v -0.31096587 0.21885676 0.09600469
v -0.31096587 0.21885676 0.09600469
v -0.30897887 0.25351276 0.09640969
v -0.30897887 0.25351276 0.09640969
v -0.27328087 0.34902476 -0.00210631
v -0.27328087 0.34902476 -0.00210631
v -0.23806587 0.35739276 0.00159369
v -0.18272187 0.35216376 -0.02922231
v -0.21961587 0.34550576 -0.04888131
v -0.23219087 0.34230676 -0.04484531
v -0.23219087 0.34230676 -0.04484531
v -0.22350487 0.35253076 -0.02773031
v -0.22350487 0.35253076 -0.02773031
v -0.27415987 0.34768676 0.02154669
v -0.27415987 0.34768676 0.02154669
v -0.29127787 0.34005276 0.03267669
v -0.29127787 0.34005276 0.03267669
v -0.27303287 0.33770676 -0.04864931
v -0.27303287 0.33770676 -0.04864931
v -0.27303287 0.33770676 -0.04864931
v -0.26662587 0.34745776 0.02748169
v -0.26662587 0.34745776 0.02748169
v -0.26662587 0.34745776 0.02748169
v -0.17890587 0.34179576 -0.05272731
v -0.17890587 0.34179576 -0.05272731
v -0.21917187 0.34553876 0.05350569
v -0.21917187 0.34553876 0.05350569
v -0.21873887 0.35298876 0.03256569
v -0.21873887 0.35298876 0.03256569
v -0.18115987 0.35273376 0.03063369
v -0.18115987 0.35273376 0.03063369
v -0.23829887 0.34622076 0.05332869
v -0.23829887 0.34622076 0.05332869
v -0.23829887 0.34622076 0.05332869
v -0.23228987 0.34263076 0.04942469
v -0.23228987 0.34263076 0.04942469
v -0.26743587 0.34004876 0.05006469
v -0.26743587 0.34004876 0.05006469
v -0.17903587 0.35551076 0.00220069
v -0.17540787 0.35013576 -0.02696631
v -0.17540787 0.35013576 -0.02696631
v -0.18262287 0.33074576 -0.07157231
v -0.18262287 0.33074576 -0.07157231
v -0.18262287 0.33074576 -0.07157231
v -0.29088787 0.34270376 -0.01910831
v -0.29088787 0.34270376 -0.01910831
v -0.23881787 0.35393176 -0.02572431
v -0.23881787 0.35393176 -0.02572431
v -0.23180487 0.34874376 -0.02696031
v -0.23180487 0.34874376 -0.02696031
v -0.26499887 0.34322376 -0.02341631
v -0.26499887 0.34322376 -0.02341631
v -0.26499887 0.34322376 -0.02341631
v -0.26584087 0.33712376 -0.04193131
v -0.26584087 0.33712376 -0.04193131
v -0.27770687 0.31041176 -0.08111731
v -0.27770687 0.31041176 -0.08111731
v -0.27770687 0.31041176 -0.08111731
v -0.27770687 0.31041176 -0.08111731
v -0.27770687 0.31041176 -0.08111731
v -0.26633887 0.34737076 -0.02349531
v -0.26633887 0.34737076 -0.02349531
v -0.26633887 0.34737076 -0.02349531
v -0.23932087 0.34595376 -0.04906431
v -0.23932087 0.34595376 -0.04906431
v -0.26830987 0.34031276 -0.04517231
v -0.26830987 0.34031276 -0.04517231
v -0.23993287 0.33055276 -0.07330031
v -0.23993287 0.33055276 -0.07330031
v -0.23993287 0.33055276 -0.07330031
v -0.23993287 0.33055276 -0.07330031
v -0.26574687 0.33670276 0.04668269
v -0.26574687 0.33670276 0.04668269
v -0.26574687 0.33670276 0.04668269
v -0.23138287 0.34876176 0.03153969
v -0.23138287 0.34876176 0.03153969
v -0.26494987 0.34321776 0.02796169
v -0.26494987 0.34321776 0.02796169
v -0.26494987 0.34321776 0.02796169
v -0.27417687 0.33570276 0.05600269
v -0.27417687 0.33570276 0.05600269
v -0.16634687 0.35352076 -0.00639331
v -0.16634687 0.35352076 -0.00639331
v -0.16634687 0.35352076 -0.00639331
v -0.16680787 0.35028276 -0.02733331
v -0.16680787 0.35028276 -0.02733331
v -0.16106687 0.35283276 -0.00359631
v -0.16106687 0.35283276 -0.00359631
v -0.16106687 0.35283276 -0.00359631
v -0.16225687 0.35277576 -0.01395131
v -0.16225687 0.35277576 -0.01395131
v -0.13444687 0.35131876 0.01018269
v -0.13444687 0.35131876 0.01018269
v -0.13444687 0.35131876 0.01018269
v -0.13444687 0.35131876 0.01018269
v -0.14078687 0.35103276 -0.00374831
v -0.14107887 0.35066776 0.00678969
v -0.14107887 0.35066776 0.00678969
v -0.14107887 0.35066776 0.00678969
v -0.16130187 0.35311976 0.00795169
v -0.16130187 0.35311976 0.00795169
v -0.16130187 0.35311976 0.00795169
v -0.16130187 0.35311976 0.00795169
v -0.23402087 0.30624276 -0.09035631
v -0.26600087 0.30564876 -0.08255531
v -0.26600087 0.30564876 -0.08255531
v -0.26600087 0.30564876 -0.08255531
v -0.26711187 0.28308976 -0.09702631
v -0.26711187 0.28308976 -0.09702631
v -0.26711187 0.28308976 -0.09702631
v -0.23491087 0.28690576 -0.10168431
v -0.23491087 0.28690576 -0.10168431
v -0.23491087 0.28690576 -0.10168431
v -0.24289887 0.31199076 -0.09115031
v -0.24289887 0.31199076 -0.09115031
v -0.53702687 0.26708776 0.00547869
v -0.53702687 0.26708776 0.00547869
v -0.53702687 0.26708776 0.00547869
v -0.53761187 0.25821876 0.01191769
v -0.53761187 0.25821876 0.01191769
v -0.53761187 0.25821876 0.01191769
v -0.53816187 0.24931476 0.00011969
v -0.53816187 0.24931476 0.00011969
v -0.53816187 0.24931476 0.00011969
v -0.53816187 0.24931476 0.00011969
v -0.53721687 0.26320276 -0.00534031
v -0.53721687 0.26320276 -0.00534031
v -0.53721687 0.26320276 -0.00534031
v -0.28936087 0.19553076 -0.07001031
v -0.28936087 0.19553076 -0.07001031
v -0.28966787 0.19421076 -0.06286431
v -0.28966787 0.19421076 -0.06286431
v -0.28445987 0.27299076 -0.06839531
v -0.28445987 0.27299076 -0.06839531
v -0.28445987 0.27299076 -0.06839531
v -0.28445987 0.27299076 -0.06839531
v -0.28281387 0.31492876 -0.01534631
v -0.28281387 0.31492876 -0.01534631
v -0.28281387 0.31492876 -0.01534631
v -0.29131587 0.16207076 -0.04122331
v -0.29131587 0.16207076 -0.04122331
v -0.28584687 0.23197576 -0.07419631
v -0.28584687 0.23197576 -0.07419631
v -0.28584687 0.23197576 -0.07419631
v -0.28379287 0.29690776 -0.04937431
v -0.28379287 0.29690776 -0.04937431
v -0.47062987 0.17090876 -0.00776131
v -0.47062987 0.17090876 -0.00776131
v -0.48309887 0.18377776 -0.02306331
v -0.47227187 0.18730176 -0.04194931
v -0.46909487 0.20119876 -0.05634631
v -0.46909487 0.20119876 -0.05634631
v -0.34411487 0.15833676 -0.04940831
v -0.34924187 0.18441476 -0.06706131
v -0.35017687 0.16729076 -0.04935331
v -0.34393687 0.15423976 -0.04303031
v -0.31951987 0.16488576 -0.06026331
v -0.34223187 0.16779276 -0.06178131
v -0.31873587 0.18574476 -0.07813031
v -0.31873587 0.18574476 -0.07813031
v -0.32115887 0.15219376 -0.04291131
v -0.32044887 0.14442776 -0.02278031
v -0.32044887 0.14442776 -0.02278031
v -0.32044887 0.14442776 -0.02278031
v -0.34487387 0.14370476 -0.01191931
v -0.34487387 0.14370476 -0.01191931
v -0.35094587 0.15202276 -0.01655731
v -0.47095887 0.17845976 -0.02878231
v -0.35058487 0.15881376 -0.03599731
v -0.49022187 0.20370576 -0.04010031
v -0.49314287 0.19029576 -0.01211131
v -0.49907987 0.19300876 0.00623369
v -0.49907987 0.19300876 0.00623369
v -0.49907987 0.19300876 0.00623369
v -0.31431087 0.16038976 -0.05596631
v -0.31431087 0.16038976 -0.05596631
v -0.31352087 0.18120076 -0.07612731
v -0.31352087 0.18120076 -0.07612731
v -0.41876987 0.19542776 -0.06800631
v -0.41876987 0.19542776 -0.06800631
v -0.34145287 0.18439676 -0.07626431
v -0.34145287 0.18439676 -0.07626431
v -0.29155387 0.16849476 -0.03950931
v -0.29155387 0.16849476 -0.03950931
v -0.29155387 0.16849476 -0.03950931
v -0.29231187 0.15496276 -0.00258031
v -0.29231187 0.15496276 -0.00258031
v -0.28696487 0.23871176 -0.07264831
v -0.28696487 0.23871176 -0.07264831
v -0.28696487 0.23871176 -0.07264831
v -0.31084187 0.21777976 -0.09116231
v -0.31084187 0.21777976 -0.09116231
v -0.31084187 0.21777976 -0.09116231
v -0.29215187 0.16005276 0.02766869
v -0.29215187 0.16005276 0.02766869
v -0.29215187 0.16005276 0.02766869
v -0.29127787 0.17116976 0.04785669
v -0.29127787 0.17116976 0.04785669
v -0.28983387 0.19043776 0.06570069
v -0.28983387 0.19043776 0.06570069
v -0.28983387 0.19043776 0.06570069
v -0.54147087 0.26216076 0.01573169
v -0.54147087 0.26216076 0.01573169
v -0.54264387 0.25321576 0.01480569
v -0.54264387 0.25321576 0.01480569
v -0.54264387 0.25321576 0.01480569
v -0.49803787 0.23661576 0.02502369
v -0.49803787 0.23661576 0.02502369
v -0.49803787 0.23661576 0.02502369
v -0.49749087 0.26698676 0.02386469
v -0.49749087 0.26698676 0.02386469
v -0.54144887 0.26159576 -0.01061231
v -0.54144887 0.26159576 -0.01061231
v -0.54144887 0.26159576 -0.01061231
v -0.49568887 0.27167576 -0.01675531
v -0.49568887 0.27167576 -0.01675531
v -0.49568887 0.27167576 -0.01675531
v -0.49568887 0.27167576 -0.01675531
v -0.49684787 0.25052776 -0.02453831
v -0.49684787 0.25052776 -0.02453831
v -0.49684787 0.25052776 -0.02453831
v -0.50049887 0.24731776 -0.02145231
v -0.49824787 0.23180676 -0.01511831
v -0.49824787 0.23180676 -0.01511831
v -0.49824787 0.23180676 -0.01511831
v -0.28300787 0.25812776 -0.10774131
v -0.28300787 0.25812776 -0.10774131
v -0.26747687 0.30615776 -0.08828331
v -0.26747687 0.30615776 -0.08828331
v -0.26747687 0.30615776 -0.08828331
v -0.29304987 0.31620076 -0.06842131
v -0.29304987 0.31620076 -0.06842131
v -0.27675987 0.32547076 -0.06586931
v -0.27675987 0.32547076 -0.06586931
v -0.29225487 0.32851476 -0.05228531
v -0.29225487 0.32851476 -0.05228531
v -0.29225487 0.32851476 -0.05228531
v -0.54272487 0.24931776 -0.00706131
v -0.54272487 0.24931776 -0.00706131
v -0.54272487 0.24931776 -0.00706131
v -0.54272487 0.24931776 -0.00706131
v -0.54271587 0.24666676 0.00730869
v -0.54271587 0.24666676 0.00730869
v -0.49893687 0.23035676 0.01891869
v -0.49893687 0.23035676 0.01891869
v -0.49893687 0.23035676 0.01891869
v -0.49570987 0.28068476 -0.00228431
v -0.49570987 0.28068476 -0.00228431
v -0.54042087 0.27100476 0.00903569
v -0.54042087 0.27100476 0.00903569
v -0.54042087 0.27100476 0.00903569
v -0.54080687 0.27172676 -0.00175931
v -0.54080687 0.27172676 -0.00175931
v -0.54080687 0.27172676 -0.00175931
v -0.48940087 0.23791676 0.04519269
v -0.48940087 0.23791676 0.04519269
v -0.50115887 0.26182976 0.04185769
v -0.50115887 0.26182976 0.04185769
v -0.50115887 0.26182976 0.04185769
v -0.50337887 0.23814876 0.03978169
v -0.50337887 0.23814876 0.03978169
v -0.50550487 0.22304476 0.02920769
v -0.50550487 0.22304476 0.02920769
v -0.49125987 0.22021376 0.03574269
v -0.49125987 0.22021376 0.03574269
v -0.49125987 0.22021376 0.03574269
v -0.48721587 0.25250076 0.04734669
v -0.48721587 0.25250076 0.04734669
v -0.48721587 0.25250076 0.04734669
v -0.48640287 0.27166876 0.04167569
v -0.48640287 0.27166876 0.04167569
v -0.48640287 0.27166876 0.04167569
v -0.49207987 0.21041676 0.02304269
v -0.49207987 0.21041676 0.02304269
v -0.49247487 0.20595676 0.00671869
v -0.49247487 0.20595676 0.00671869
v -0.49247487 0.20595676 0.00671869
v -0.49247487 0.20595676 0.00671869
v -0.50653187 0.21372176 0.00927769
v -0.50653187 0.21372176 0.00927769
v -0.26936887 0.28406276 -0.10161731
v -0.26936887 0.28406276 -0.10161731
v -0.26936887 0.28406276 -0.10161731
v -0.26936887 0.28406276 -0.10161731
v -0.48495587 0.29467076 -0.00635331
v -0.48495587 0.29467076 -0.00635331
v -0.49325887 0.26788776 -0.04206531
v -0.49325887 0.26788776 -0.04206531
v -0.49325887 0.26788776 -0.04206531
v -0.23957687 0.35366476 0.03064769
v -0.23957687 0.35366476 0.03064769
v -0.49395287 0.26049776 0.04975369
v -0.49395287 0.26049776 0.04975369
v -0.49395287 0.26049776 0.04975369
v -0.48585087 0.28472876 0.03216069
v -0.48585087 0.28472876 0.03216069
v -0.49926887 0.22529576 0.00129369
v -0.49926887 0.22529576 0.00129369
v -0.49926887 0.22529576 0.00129369
v -0.50307987 0.26244976 -0.02501131
v -0.50307987 0.26244976 -0.02501131
v -0.50307987 0.26244976 -0.02501131
v -0.48569787 0.28791376 -0.02197831
v -0.48569787 0.28791376 -0.02197831
v -0.49950687 0.29036676 -0.01164731
v -0.49950687 0.29036676 -0.01164731
v -0.49950687 0.29036676 -0.01164731
v -0.49950687 0.29036676 -0.01164731
v -0.49988787 0.27371576 -0.03048531
v -0.49988787 0.27371576 -0.03048531
v -0.48639287 0.26922476 -0.03843831
v -0.48639287 0.26922476 -0.03843831
v -0.48639287 0.26922476 -0.03843831
v -0.48639287 0.26922476 -0.03843831
v -0.49828487 0.21221676 -0.02653931
v -0.49580187 0.23744076 -0.04258331
v -0.48950787 0.29149776 -0.03788131
v -0.48840887 0.30524276 -0.01665431
v -0.48020587 0.27650876 -0.05480731
v -0.48020587 0.27650876 -0.05480731
v -0.48020587 0.27650876 -0.05480731
v -0.48020587 0.27650876 -0.05480731
v -0.48443287 0.26314776 -0.05692131
v -0.48443287 0.26314776 -0.05692131
v -0.49115287 0.27287776 -0.05015131
v -0.49115287 0.27287776 -0.05015131
v -0.49179187 0.29504776 -0.01688431
v -0.49179187 0.29504776 -0.01688431
v -0.49138587 0.29829776 0.01075869
v -0.49138587 0.29829776 0.01075869
v -0.49138587 0.29829776 0.01075869
v -0.49796987 0.20072176 -0.02617731
v -0.49796987 0.20072176 -0.02617731
v -0.49908487 0.20403776 0.00374369
v -0.49908487 0.20403776 0.00374369
v -0.49853287 0.21058076 0.02803769
v -0.49853287 0.21058076 0.02803769
v -0.49657387 0.22999676 0.04564069
v -0.49657387 0.22999676 0.04564069
v -0.49657387 0.22999676 0.04564069
v -0.49199187 0.28716176 0.03394369
v -0.49199187 0.28716176 0.03394369
v -0.49329087 0.24119576 -0.05429631
v -0.49329087 0.24119576 -0.05429631
v -0.49307087 0.24772676 0.06035569
v -0.49307087 0.24772676 0.06035569
v -0.49691287 0.20881676 0.04438469
v -0.49691287 0.20881676 0.04438469
v -0.49609287 0.21794276 -0.04433731
v -0.49609287 0.21794276 -0.04433731
v -0.49609287 0.21794276 -0.04433731
v -0.49962887 0.28721876 0.02379769
v -0.49962887 0.28721876 0.02379769
v -0.48496587 0.29474576 0.01237869
v -0.48496587 0.29474576 0.01237869
v -0.48496587 0.29474576 0.01237869
v -0.48496587 0.29474576 0.01237869
v -0.48140887 0.23737176 -0.06244031
v -0.48140887 0.23737176 -0.06244031
v -0.49551287 0.26786176 0.02698669
v -0.49551287 0.26786176 0.02698669
v -0.49551287 0.26786176 0.02698669
v -0.49692587 0.24837576 0.02848469
v -0.49692587 0.24837576 0.02848469
v -0.50547787 0.23573476 0.02853369
v -0.50547787 0.23573476 0.02853369
v -0.50547787 0.23573476 0.02853369
v -0.50152387 0.28037776 0.01693269
v -0.50152387 0.28037776 0.01693269
v -0.50568287 0.23016576 -0.01574231
v -0.50568287 0.23016576 -0.01574231
v -0.54138187 0.26399976 0.01083569
v -0.54138187 0.26399976 0.01083569
v -0.54138187 0.26399976 0.01083569
v -0.54138187 0.26399976 0.01083569
v -0.28465987 0.29078476 -0.04852131
v -0.28465987 0.29078476 -0.04852131
v -0.28465987 0.29078476 -0.04852131
v -0.28465987 0.29078476 -0.04852131
v -0.28366787 0.30704476 0.02601869
v -0.28366787 0.30704476 0.02601869
v -0.28404287 0.29113576 0.05333269
v -0.28404287 0.29113576 0.05333269
v -0.28658387 0.24528476 0.07662869
v -0.28658387 0.24528476 0.07662869
v -0.29231387 0.15006376 -0.00461331
v -0.28564387 0.26639176 0.07055569
v -0.28564387 0.26639176 0.07055569
v -0.28500387 0.26031776 0.07784469
v -0.28254487 0.31258876 0.02352869
v -0.28254487 0.31258876 0.02352869
v -0.28367687 0.28850576 0.06162969
v -0.29230787 0.15071276 0.01603769
v -0.28780187 0.21882776 0.08224469
v -0.29120687 0.17048076 0.05864969
v -0.29279887 0.32641376 0.04496769
v -0.29671287 0.24899876 -0.10339031
v -0.29671287 0.24899876 -0.10339031
v -0.29671287 0.24899876 -0.10339031
v -0.29299487 0.28730676 -0.09325031
v -0.29299487 0.28730676 -0.09325031
v -0.29185887 0.32077876 0.06973769
v -0.29185887 0.32077876 0.06973769
v -0.29185887 0.32077876 0.06973769
v -0.29334087 0.29282576 0.08160369
v -0.29445587 0.24633876 -0.09225331
v -0.29315887 0.29752476 -0.07303831
v -0.30078687 0.18626376 -0.08590431
v -0.30078687 0.18626376 -0.08590431
v -0.29306287 0.31843376 -0.05330131
v -0.30106787 0.15918976 -0.06094631
v -0.29144887 0.33389976 -0.00441631
v -0.30281687 0.13639876 -0.02189831
v -0.30281687 0.13639876 -0.02189831
v -0.29576687 0.24300476 0.09892569
v -0.29576687 0.24300476 0.09892569
v -0.28368887 0.30453576 -0.02705731
v -0.28368887 0.30453576 -0.02705731
v -0.28368887 0.30453576 -0.02705731
v -0.54275187 0.25092476 0.00867669
v -0.54275187 0.25092476 0.00867669
v -0.54275187 0.25092476 0.00867669
v -0.54234687 0.25239876 -0.00395631
v -0.54234687 0.25239876 -0.00395631
v -0.54234687 0.25239876 -0.00395631
v -0.54234687 0.25239876 -0.00395631
v -0.54234687 0.25239876 -0.00395631
v -0.54098287 0.26760076 -0.00323731
v -0.54098287 0.26760076 -0.00323731
v -0.54098287 0.26760076 -0.00323731
v -0.27388587 0.34697576 -0.01940631
v -0.27388587 0.34697576 -0.01940631
v -0.48420387 0.25679676 0.06387969
v -0.48420387 0.25679676 0.06387969
v -0.48644387 0.23514976 0.06279269
v -0.50618087 0.22326576 0.00433669
v -0.50618087 0.22326576 0.00433669
v -0.50618087 0.22326576 0.00433669
v -0.26608887 0.30555176 0.08712869
v -0.26608887 0.30555176 0.08712869
v -0.26608887 0.30555176 0.08712869
v -0.27722687 0.31013776 0.08617969
v -0.27722687 0.31013776 0.08617969
v -0.27722687 0.31013776 0.08617969
v -0.26791987 0.30645276 0.09251669
v -0.26791987 0.30645276 0.09251669
v -0.26791987 0.30645276 0.09251669
v -0.28360887 0.31132176 -0.00224831
v -0.28360887 0.31132176 -0.00224831
v -0.28360887 0.31132176 -0.00224831
v -0.30584687 0.29230076 -0.07420731
v -0.30584687 0.29230076 -0.07420731
v -0.28569487 0.26666976 -0.06552331
v -0.28569487 0.26666976 -0.06552331
v -0.28569487 0.26666976 -0.06552331
v -0.30776087 0.26421676 -0.08867431
v -0.30776087 0.26421676 -0.08867431
v -0.30776087 0.26421676 -0.08867431
v -0.30523087 0.31090876 0.06246369
v -0.30523087 0.31090876 0.06246369
v -0.30523087 0.31090876 0.06246369
v -0.28833387 0.21672876 0.07613669
v -0.28833387 0.21672876 0.07613669
v -0.34124887 0.30794876 -0.05172831
v -0.45444587 0.30267976 -0.04563331
v -0.34289787 0.29051876 -0.06875431
v -0.46035287 0.28689776 -0.05988231
v -0.33251187 0.31735076 -0.05122531
v -0.40839587 0.28488676 -0.07275531
v -0.33569287 0.28882676 -0.07836431
v -0.33222787 0.30478076 -0.06629931
v -0.31035587 0.31085476 -0.05721231
v -0.31120187 0.29395676 -0.07337831
v -0.31223487 0.27651676 -0.08369331
v -0.40373787 0.25977976 -0.08237731
v -0.33690287 0.25884476 -0.09149631
v -0.30501687 0.31606076 -0.05123731
v -0.30501687 0.31606076 -0.05123731
v -0.44608987 0.22216676 -0.07482231
v -0.31662587 0.21551276 -0.09060731
v -0.31662587 0.21551276 -0.09060731
v -0.33832187 0.23351176 -0.09304131
v -0.31429387 0.24950676 -0.09206431
v -0.45232487 0.22981676 -0.07116531
v -0.34914987 0.22205176 -0.08319131
v -0.46686987 0.22810276 -0.07005031
v -0.46499187 0.25824876 -0.07101831
v -0.34141187 0.21045176 -0.08920431
v -0.47600987 0.21954376 -0.06248231
v -0.47600987 0.21954376 -0.06248231
v -0.47600987 0.21954376 -0.06248231
v -0.48977187 0.22293276 -0.05187031
v -0.48977187 0.22293276 -0.05187031
v -0.48568287 0.23403876 -0.05797931
v -0.48568287 0.23403876 -0.05797931
v -0.34663887 0.24857076 -0.08453131
v -0.49047087 0.22760176 -0.03503231
v -0.49047087 0.22760176 -0.03503231
v -0.48791487 0.24981976 -0.04159131
v -0.48791487 0.24981976 -0.04159131
v -0.48791487 0.24981976 -0.04159131
v -0.50224887 0.25169976 -0.03655431
v -0.50224887 0.25169976 -0.03655431
v -0.50319087 0.26303276 0.03097669
v -0.50319087 0.26303276 0.03097669
v -0.49562787 0.27897376 0.01288269
v -0.49562787 0.27897376 0.01288269
v -0.49562787 0.27897376 0.01288269
v -0.49562787 0.27897376 0.01288269
v -0.50590187 0.21717876 -0.01504931
v -0.50453187 0.24372076 -0.02479931
v -0.50453187 0.24372076 -0.02479931
v -0.50453187 0.24372076 -0.02479931
v -0.50453187 0.24372076 -0.02479931
v -0.49169387 0.21061076 -0.01904131
v -0.49169387 0.21061076 -0.01904131
v -0.49169387 0.21061076 -0.01904131
v -0.50169787 0.28188876 -0.00951831
v -0.50169787 0.28188876 -0.00951831
v -0.50169787 0.28188876 -0.00951831
v -0.50392987 0.23227876 -0.03123031
v -0.50392987 0.23227876 -0.03123031
v -0.50392987 0.23227876 -0.03123031
v -0.47856287 0.27483176 0.06247269
v -0.47856287 0.27483176 0.06247269
v -0.47991187 0.25402776 0.06867069
v -0.47991187 0.25402776 0.06867069
v -0.48241987 0.23474976 0.06628169
v -0.49067087 0.21461376 0.05257869
v -0.49067087 0.21461376 0.05257869
v -0.47134987 0.20150176 0.06171469
v -0.47134987 0.20150176 0.06171469
v -0.47134987 0.20150176 0.06171469
v -0.47134987 0.20150176 0.06171469
v -0.48005487 0.21584076 0.06329069
v -0.48005487 0.21584076 0.06329069
v -0.48005487 0.21584076 0.06329069
v 0.01082513 0.26689776 0.12427569
v 0.01082513 0.26689776 0.12427569
v 0.01082513 0.26689776 0.12427569
v -0.00166787 0.26891976 0.12412869
v -0.00166787 0.26891976 0.12412869
v -0.00166787 0.26891976 0.12412869
v 0.00188313 0.27617376 0.12022269
v 0.00188313 0.27617376 0.12022269
v 0.00188313 0.27617376 0.12022269
v -0.00311587 0.25921876 0.12832069
v -0.00311587 0.25921876 0.12832069
v -0.00311587 0.25921876 0.12832069
v -0.00311587 0.25921876 0.12832069
v 0.00235613 0.26193176 0.12641669
v 0.00235613 0.26193176 0.12641669
v 0.00235613 0.26193176 0.12641669
v -0.04272087 0.35385776 -0.03937431
v 0.22758513 0.26843976 -0.08321231
v 0.22758513 0.26843976 -0.08321231
v 0.22758513 0.26843976 -0.08321231
v 0.21971013 0.27413476 -0.09665631
v 0.21971013 0.27413476 -0.09665631
v 0.21971013 0.27413476 -0.09665631
v 0.21971013 0.27413476 -0.09665631
v -0.00826487 0.26023576 -0.12394131
v -0.00826487 0.26023576 -0.12394131
v -0.00370587 0.26607176 -0.12163831
v -0.00370587 0.26607176 -0.12163831
v 0.01264813 0.26505076 -0.12065831
v 0.01264813 0.26505076 -0.12065831
v 0.01264813 0.26505076 -0.12065831
v 0.01264813 0.26505076 -0.12065831
v 0.01264813 0.26505076 -0.12065831
v -0.01831087 0.26087476 -0.12247231
v -0.01831087 0.26087476 -0.12247231
v -0.01831087 0.26087476 -0.12247231
v -0.00095387 0.24908976 -0.12767631
v -0.00095387 0.24908976 -0.12767631
v -0.00283587 0.26015576 -0.12341631
v 0.00938713 0.25557376 -0.12441731
v 0.00938713 0.25557376 -0.12441731
v 0.00769113 0.25797976 -0.12124031
v 0.00181513 0.28346076 -0.11338031
v 0.00181513 0.28346076 -0.11338031
v 0.00181513 0.28346076 -0.11338031
v 0.00181513 0.28346076 -0.11338031
v -0.01780787 0.28246476 -0.11786631
v -0.01780787 0.28246476 -0.11786631
v -0.01780787 0.28246476 -0.11786631
v -0.01780787 0.28246476 -0.11786631
v -0.01085587 0.28065676 -0.11315731
v -0.01085587 0.28065676 -0.11315731
v -0.01085587 0.28065676 -0.11315731
v -0.01085587 0.28065676 -0.11315731
v 0.01478013 0.26968476 -0.11589331
v 0.01478013 0.26968476 -0.11589331
v -0.02438187 0.25705676 -0.12322831
v -0.02438187 0.25705676 -0.12322831
v -0.02438187 0.25705676 -0.12322831
v -0.02438187 0.25705676 -0.12322831
v -0.02438187 0.25705676 -0.12322831
v -0.02425787 0.26975476 -0.11800531
v -0.02425787 0.26975476 -0.11800531
v -0.02425787 0.26975476 -0.11800531
v 0.00613113 0.27635876 -0.11658031
v 0.00613113 0.27635876 -0.11658031
v 0.00613113 0.27635876 -0.11658031
v 0.00613113 0.27635876 -0.11658031
v 0.00613113 0.27635876 -0.11658031
v 0.01419313 0.25439376 -0.12185031
v 0.01419313 0.25439376 -0.12185031
v 0.01419313 0.25439376 -0.12185031
v 0.01419313 0.25439376 -0.12185031
v 0.00886813 0.25183776 -0.12660131
v 0.00886813 0.25183776 -0.12660131
v 0.00886813 0.25183776 -0.12660131
v -0.01850887 0.25531976 -0.12627731
v -0.01850887 0.25531976 -0.12627731
v -0.01850887 0.25531976 -0.12627731
v -0.01850887 0.25531976 -0.12627731
v -0.01850887 0.25531976 -0.12627731
v -0.00825887 0.24671476 -0.12908731
v -0.00825887 0.24671476 -0.12908731
v -0.00825887 0.24671476 -0.12908731
v -0.00825887 0.24671476 -0.12908731
v -0.00825887 0.24671476 -0.12908731
v -0.00825887 0.24671476 -0.12908731
v -0.01168987 0.27834376 -0.11759431
v -0.01168987 0.27834376 -0.11759431
v -0.01168987 0.27834376 -0.11759431
v -0.01168987 0.27834376 -0.11759431
v -0.02109387 0.26923476 -0.12136231
v -0.02109387 0.26923476 -0.12136231
v -0.02109387 0.26923476 -0.12136231
v -0.02109387 0.26923476 -0.12136231
v -0.01916587 0.26490976 -0.12173231
v -0.01916587 0.26490976 -0.12173231
v -0.01916587 0.26490976 -0.12173231
v -0.01916587 0.26490976 -0.12173231
v -0.01916587 0.26490976 -0.12173231
v -0.00203287 0.27784176 -0.11621331
v -0.00203287 0.27784176 -0.11621331
v -0.00203287 0.27784176 -0.11621331
v -0.00203287 0.27784176 -0.11621331
v -0.00203287 0.27784176 -0.11621331
v -0.01126887 0.27557676 -0.11612831
v -0.01126887 0.27557676 -0.11612831
v -0.01126887 0.27557676 -0.11612831
v -0.01126887 0.27557676 -0.11612831
v 0.00003113 0.27454376 -0.11726431
v 0.00003113 0.27454376 -0.11726431
v 0.00003113 0.27454376 -0.11726431
v 0.06792813 0.25792576 -0.11461831
v 0.06792813 0.25792576 -0.11461831
v 0.06792813 0.25792576 -0.11461831
v 0.06432313 0.26502676 -0.11004031
v 0.06432313 0.26502676 -0.11004031
v 0.06432313 0.26502676 -0.11004031
v 0.06432313 0.26502676 -0.11004031
v 0.16964213 0.24429376 -0.10989431
v 0.16964213 0.24429376 -0.10989431
v 0.16964213 0.24429376 -0.10989431
v 0.16964213 0.24429376 -0.10989431
v 0.16545513 0.25698876 -0.10713631
v 0.16545513 0.25698876 -0.10713631
v 0.16545513 0.25698876 -0.10713631
v 0.17246713 0.24437876 -0.11412631
v 0.17246713 0.24437876 -0.11412631
v 0.15936513 0.26050176 -0.10926431
v 0.15936513 0.26050176 -0.10926431
v 0.15771713 0.26041876 -0.10529731
v 0.15771713 0.26041876 -0.10529731
v 0.15771713 0.26041876 -0.10529731
v 0.15771713 0.26041876 -0.10529731
v 0.15771713 0.26041876 -0.10529731
v 0.17249213 0.25966776 -0.10739631
v 0.17249213 0.25966776 -0.10739631
v 0.16385113 0.25010376 -0.11234331
v 0.16385113 0.25010376 -0.11234331
v 0.17375013 0.25263476 -0.10806331
v 0.17375013 0.25263476 -0.10806331
v 0.17375013 0.25263476 -0.10806331
v 0.11189613 0.24930776 -0.11591431
v 0.11189613 0.24930776 -0.11591431
v 0.11189613 0.24930776 -0.11591431
v 0.11189613 0.24930776 -0.11591431
v 0.12071113 0.24107876 -0.11670531
v 0.12071113 0.24107876 -0.11670531
v 0.12071113 0.24107876 -0.11670531
v 0.12071113 0.24107876 -0.11670531
v 0.12071113 0.24107876 -0.11670531
v 0.12036713 0.24567476 -0.11449431
v 0.12036713 0.24567476 -0.11449431
v 0.12036713 0.24567476 -0.11449431
v 0.12036713 0.24567476 -0.11449431
v 0.10732613 0.26092476 -0.11057331
v 0.10732613 0.26092476 -0.11057331
v 0.09621213 0.26491376 -0.11161031
v 0.09621213 0.26491376 -0.11161031
v 0.09621213 0.26491376 -0.11161031
v 0.09621213 0.26491376 -0.11161031
v 0.10018413 0.25965876 -0.11065831
v 0.10018413 0.25965876 -0.11065831
v 0.10018413 0.25965876 -0.11065831
v 0.09562913 0.24705976 -0.11699131
v 0.09562913 0.24705976 -0.11699131
v 0.09562913 0.24705976 -0.11699131
v 0.09562913 0.24705976 -0.11699131
v 0.11632113 0.25960576 -0.10967031
v 0.11632113 0.25960576 -0.10967031
v 0.09038313 0.25012276 -0.11546931
v 0.09038313 0.25012276 -0.11546931
v 0.09038313 0.25012276 -0.11546931
v 0.09038313 0.25012276 -0.11546931
v 0.14870513 0.26186376 -0.10682931
v 0.14870513 0.26186376 -0.10682931
v 0.14870513 0.26186376 -0.10682931
v 0.14870513 0.26186376 -0.10682931
v 0.14870513 0.26186376 -0.10682931
v 0.09267013 0.26427176 -0.10810931
v 0.09267013 0.26427176 -0.10810931
v 0.09267013 0.26427176 -0.10810931
v 0.09267013 0.26427176 -0.10810931
v 0.09267013 0.26427176 -0.10810931
v 0.13149413 0.25962176 -0.10891231
v 0.14169013 0.26079876 -0.10916431
v 0.12927513 0.24640376 -0.11508631
v 0.12927513 0.24640376 -0.11508631
v 0.12927513 0.24640376 -0.11508631
v 0.12927513 0.24640376 -0.11508631
v 0.13958413 0.24592676 -0.11391331
v 0.13958413 0.24592676 -0.11391331
v 0.10841313 0.26740576 -0.10695531
v 0.10841313 0.26740576 -0.10695531
v 0.10841313 0.26740576 -0.10695531
v 0.10841313 0.26740576 -0.10695531
v 0.14102013 0.26661776 -0.10590231
v 0.14102013 0.26661776 -0.10590231
v 0.14102013 0.26661776 -0.10590231
v 0.12949213 0.26572676 -0.10915531
v 0.12949213 0.26572676 -0.10915531
v 0.12381013 0.26215976 -0.10797131
v 0.12381013 0.26215976 -0.10797131
v 0.12381013 0.26215976 -0.10797131
v 0.10636713 0.24475476 -0.11834631
v 0.10636713 0.24475476 -0.11834631
v 0.10636713 0.24475476 -0.11834631
v 0.07834813 0.26712076 -0.10992931
v 0.07834813 0.26712076 -0.10992931
v 0.07834813 0.26712076 -0.10992931
v 0.07834813 0.26712076 -0.10992931
v 0.07834813 0.26712076 -0.10992931
v 0.07834813 0.26712076 -0.10992931
v 0.08276513 0.25146176 -0.11505331
v 0.08276513 0.25146176 -0.11505331
v 0.07837013 0.24557876 -0.11730931
v 0.07837013 0.24557876 -0.11730931
v 0.07837013 0.24557876 -0.11730931
v 0.08890213 0.26621876 -0.11090931
v 0.08890213 0.26621876 -0.11090931
v 0.05539013 0.26434476 -0.11420231
v 0.05539013 0.26434476 -0.11420231
v -0.11335787 0.14387976 0.10154769
v -0.11335787 0.14387976 0.10154769
v 0.13077113 -0.53074924 0.15495869
v 0.13077113 -0.53074924 0.15495869
v 0.13077113 -0.53074924 0.15495869
v -0.16063187 -0.61487724 -0.09284331
v -0.16063187 -0.61487724 -0.09284331
v -0.16063187 -0.61487724 -0.09284331
v 0.01085013 -0.59000424 -0.14459931
v 0.01085013 -0.59000424 -0.14459931
v 0.34931213 0.17994276 -0.02538831
v 0.34931213 0.17994276 -0.02538831
v 0.34931213 0.17994276 -0.02538831
v -0.03129287 -0.37650524 0.04962269
v 0.00761213 -0.36923824 0.03587869
v 0.01373813 -0.36854524 -0.04359831
v -0.06452387 -0.38242524 0.04622269
v -0.11934687 -0.39408524 0.02528669
v -0.11934687 -0.39408524 0.02528669
v 0.02188713 -0.36378824 -0.02644831
v -0.03276187 -0.37665924 -0.04248931
v -0.03929587 -0.38242424 -0.09276531
v -0.03929587 -0.38242424 -0.09276531
v -0.03463487 -0.37807224 0.07389269
v -0.03463487 -0.37807224 0.07389269
v 0.02869813 -0.36072124 0.03263769
v 0.02869813 -0.36072124 0.03263769
v 0.02869813 -0.36072124 0.03263769
v 0.03487413 -0.36405724 -0.05064031
v 0.04579713 -0.36864024 -0.07067031
v 0.04579713 -0.36864024 -0.07067031
v 0.01107513 -0.36725024 0.00230769
v 0.01107513 -0.36725024 0.00230769
v 0.06771213 -0.37656624 -0.09767231
v 0.06771213 -0.37656624 -0.09767231
v 0.06771213 -0.37656624 -0.09767231
v 0.10134313 -0.36528724 -0.07948131
v 0.10134313 -0.36528724 -0.07948131
v 0.03745513 -0.35208624 -0.02187531
v -0.06444287 -0.38246124 -0.03649531
v 0.05037013 -0.35402724 -0.04903631
v 0.05037013 -0.35402724 -0.04903631
v 0.05037013 -0.35402724 -0.04903631
v 0.14305313 -0.37659724 -0.09817531
v 0.14305313 -0.37659724 -0.09817531
v 0.14305313 -0.37659724 -0.09817531
v 0.14305313 -0.37659724 -0.09817531
v -0.11629987 -0.39482124 -0.09167231
v -0.11629987 -0.39482124 -0.09167231
v -0.11629987 -0.39482124 -0.09167231
v -0.05611487 -0.38651524 -0.10029231
v -0.05611487 -0.38651524 -0.10029231
v -0.05611487 -0.38651524 -0.10029231
v -0.11457687 -0.39729124 -0.10158331
v -0.11457687 -0.39729124 -0.10158331
v -0.11457687 -0.39729124 -0.10158331
v -0.02965487 -0.37591624 -0.05206831
v 0.04876313 -0.33233024 -0.01552431
v 0.04876313 -0.33233024 -0.01552431
v 0.00733113 -0.43448524 0.14361369
v 0.00733113 -0.43448524 0.14361369
v -0.08855987 -0.43059224 0.14435369
v -0.08855987 -0.43059224 0.14435369
v -0.08855987 -0.43059224 0.14435369
v 0.17096313 -0.42217624 0.13779469
v 0.17096313 -0.42217624 0.13779469
v 0.17096313 -0.42217624 0.13779469
v 0.17096313 -0.42217624 0.13779469
v -0.09830087 -0.49241324 0.14716469
v -0.09830087 -0.49241324 0.14716469
v -0.12922487 -0.49563824 0.14754069
v -0.12922487 -0.49563824 0.14754069
v -0.12922487 -0.49563824 0.14754069
v -0.12922487 -0.49563824 0.14754069
v 0.17059813 -0.51046524 0.14557969
v 0.17059813 -0.51046524 0.14557969
v 0.20626813 -0.51523624 0.11604469
v 0.20626813 -0.51523624 0.11604469
v 0.20626813 -0.51523624 0.11604469
v 0.18399413 -0.50799124 0.13811269
v 0.18399413 -0.50799124 0.13811269
v 0.18399413 -0.50799124 0.13811269
v 0.18399413 -0.50799124 0.13811269
v 0.02477013 0.05240776 0.07236869
v 0.02477013 0.05240776 0.07236869
v 0.02477013 0.05240776 0.07236869
v 0.02477013 0.05240776 0.07236869
v 0.08181913 -0.09117124 0.06593869
v 0.03441513 -0.09486224 0.05571569
v 0.04256913 -0.05820424 0.06458069
v 0.00958013 0.05646376 0.07207769
v 0.00958013 0.05646376 0.07207769
v -0.02246987 -0.00346724 0.05509069
v 0.03057613 0.06757276 0.07629169
v 0.03057613 0.06757276 0.07629169
v 0.03057613 0.06757276 0.07629169
v 0.03057613 0.06757276 0.07629169
v 0.03057613 0.06757276 0.07629169
v 0.03057613 0.06757276 0.07629169
v -0.03242787 0.02490576 0.05594469
v -0.03242787 0.02490576 0.05594469
v -0.03242787 0.02490576 0.05594469
v 0.07815513 -0.13976424 0.06414469
v 0.07815513 -0.13976424 0.06414469
v 0.07815513 -0.13976424 0.06414469
v 0.10903713 -0.26885524 0.06669169
v 0.10903713 -0.26885524 0.06669169
v 0.10903713 -0.26885524 0.06669169
v 0.09464013 -0.32792924 0.06498369
v 0.16207713 -0.30188824 0.06796569
v 0.16207713 -0.30188824 0.06796569
v 0.16207713 -0.30188824 0.06796569
v 0.14571513 -0.32362124 0.07013469
v 0.07928913 -0.30585924 0.05773869
v 0.07928913 -0.30585924 0.05773869
v -0.02920187 -0.06179324 0.04883869
v -0.02920187 -0.06179324 0.04883869
v -0.02920187 -0.06179324 0.04883869
v -0.02819487 -0.04737624 0.05188769
v -0.02819487 -0.04737624 0.05188769
v 0.11853313 -0.33219724 0.06937369
v -0.03346887 -0.07562224 0.04227569
v -0.03346887 -0.07562224 0.04227569
v 0.04585713 -0.13292924 0.05472969
v 0.04585713 -0.13292924 0.05472969
v 0.17824313 -0.34137224 0.06926569
v 0.17824313 -0.34137224 0.06926569
v 0.19432513 -0.34131724 0.06389969
v 0.19432513 -0.34131724 0.06389969
v 0.19432513 -0.34131724 0.06389969
v 0.05780413 -0.05503024 0.06720569
v 0.05780413 -0.05503024 0.06720569
v 0.01786013 0.02413976 0.06811969
v 0.02690913 -0.10520824 0.04950769
v 0.01912213 -0.11027124 0.04118369
v 0.01912213 -0.11027124 0.04118369
v -0.01865387 -0.08799024 0.03638669
v -0.01865387 -0.08799024 0.03638669
v -0.04079787 -0.07733224 0.02799769
v -0.04079787 -0.07733224 0.02799769
v -0.04079787 -0.07733224 0.02799769
v -0.05051287 0.03549776 -0.03790331
v -0.05051287 0.03549776 -0.03790331
v -0.05051287 0.03549776 -0.03790331
v -0.05051287 0.03549776 -0.03790331
v -0.03144587 -0.06494624 -0.03745131
v -0.03144587 -0.06494624 -0.03745131
v -0.03144587 -0.06494624 -0.03745131
v -0.02741487 0.01221176 -0.03786531
v -0.02741487 0.01221176 -0.03786531
v -0.05832687 -0.01114924 -0.03792731
v -0.05832687 -0.01114924 -0.03792731
v -0.06663887 -0.06165424 -0.03763931
v -0.06663887 -0.06165424 -0.03763931
v -0.07460287 0.03814776 -0.03735831
v -0.07460287 0.03814776 -0.03735831
v -0.08933287 0.03701176 -0.02404031
v -0.08933287 0.03701176 -0.02404031
v -0.08933287 0.03701176 -0.02404031
v -0.08000387 -0.05682324 -0.02504631
v -0.08000387 -0.05682324 -0.02504631
v -0.07374587 0.01468776 -0.02781431
v -0.07374587 0.01468776 -0.02781431
v -0.07658587 -0.06985324 -0.02461131
v -0.07658587 -0.06985324 -0.02461131
v -0.07658587 -0.06985324 -0.02461131
v -0.03747387 0.02699576 0.04221969
v -0.03747387 0.02699576 0.04221969
v -0.03747387 0.02699576 0.04221969
v -0.05834887 0.03734276 0.04217069
v -0.05834887 0.03734276 0.04217069
v -0.03184187 -0.06540224 0.04132469
v -0.03184187 -0.06540224 0.04132469
v -0.03184187 -0.06540224 0.04132469
v -0.07424487 0.03803576 0.04150669
v -0.07424487 0.03803576 0.04150669
v -0.06310387 0.01332576 0.04216469
v -0.06310387 0.01332576 0.04216469
v -0.02566287 -0.00134524 0.04218369
v -0.02566287 -0.00134524 0.04218369
v -0.06728087 -0.06173424 0.04178969
v -0.06728087 -0.06173424 0.04178969
v -0.07938787 -0.05526924 0.03026069
v -0.07938787 -0.05526924 0.03026069
v -0.05933787 -0.01904624 0.04196169
v -0.05933787 -0.01904624 0.04196169
v -0.06773687 -0.02548024 0.03337169
v -0.06773687 -0.02548024 0.03337169
v -0.07610387 0.01837376 0.03167869
v -0.07610387 0.01837376 0.03167869
v -0.08950687 0.03747276 0.02880669
v -0.08950687 0.03747276 0.02880669
v -0.08950687 0.03747276 0.02880669
v -0.08950687 0.03747276 0.02880669
v 0.25297513 0.16550776 0.10409069
v 0.25297513 0.16550776 0.10409069
v 0.25297513 0.16550776 0.10409069
v 0.25328213 0.19523676 0.12003969
v 0.25328213 0.19523676 0.12003969
v 0.23129213 0.27459276 0.10299669
v 0.23129213 0.27459276 0.10299669
v 0.23129213 0.27459276 0.10299669
v -0.07725187 -0.06923024 0.02890969
v -0.07725187 -0.06923024 0.02890969
v -0.07725187 -0.06923024 0.02890969
v -0.04003487 -0.07742624 -0.02381531
v -0.04003487 -0.07742624 -0.02381531
v 0.03651913 0.10813676 0.12487069
v 0.03651913 0.10813676 0.12487069
v -0.04151787 0.08729476 0.11390569
v -0.04151787 0.08729476 0.11390569
v -0.04151787 0.08729476 0.11390569
v -0.04122287 0.10907576 0.12510669
v -0.04122287 0.10907576 0.12510669
v -0.04122287 0.10907576 0.12510669
v 0.03984813 0.08409176 0.11233869
v 0.03984813 0.08409176 0.11233869
v -0.15070787 -0.56677324 0.15461369
v -0.15070787 -0.56677324 0.15461369
v -0.14839587 -0.56894424 0.14819269
v -0.14839587 -0.56894424 0.14819269
v -0.14839587 -0.56894424 0.14819269
v 0.01064613 -0.58837224 0.14860669
v 0.15671113 -0.58299324 0.14861069
v 0.15802013 -0.56545424 0.14828969
v -0.08205587 -0.59273524 0.14867669
v -0.12584387 -0.57700424 0.14913169
v 0.17192213 -0.54983124 0.14781369
v 0.17192213 -0.54983124 0.14781369
v -0.13257187 -0.54921624 0.14739769
v 0.04091413 -0.56910724 0.14870269
v 0.12095213 -0.58808524 0.14858369
v 0.10228313 -0.56589724 0.14849269
v -0.09525487 -0.59644024 0.14851369
v 0.01006313 -0.59816124 0.14851969
v 0.09816913 -0.58356624 0.14835769
v -0.08467687 -0.58386624 0.14876169
v 0.06872113 -0.56802724 0.14845369
v 0.06773713 -0.58413124 0.14852069
v 0.04368613 -0.58337024 0.14879669
v 0.01969013 -0.56926324 0.14874069
v 0.01304713 -0.58387824 0.14868069
v -0.01577187 -0.56908024 0.14876969
v -0.04536687 -0.58266024 0.14879469
v -0.01744887 -0.58422324 0.14876669
v -0.04796487 -0.57019124 0.14878769
v -0.07902887 -0.56917424 0.14882569
v -0.10642187 -0.56956424 0.14880669
v -0.10402987 -0.58527724 0.14865769
v -0.12050687 -0.56902924 0.14856369
v 0.18622713 -0.56905824 0.14760169
v 0.18622713 -0.56905824 0.14760169
v 0.18622713 -0.56905824 0.14760169
v 0.18622713 -0.56905824 0.14760169
v 0.18622713 -0.56905824 0.14760169
v -0.08548287 -0.52177124 0.15488969
v -0.08548287 -0.52177124 0.15488969
v -0.08548287 -0.52177124 0.15488969
v -0.08548287 -0.52177124 0.15488969
v 0.14363813 -0.51137524 0.15488469
v 0.14363813 -0.51137524 0.15488469
v 0.14363813 -0.51137524 0.15488469
v -0.09116787 -0.54280924 0.15551869
v -0.09116787 -0.54280924 0.15551869
v -0.11906987 -0.50730424 0.15493469
v -0.11906987 -0.50730424 0.15493469
v -0.11906987 -0.50730424 0.15493469
v -0.13377287 -0.54669624 0.15492169
v -0.13679787 -0.49178224 0.15459569
v -0.13679787 -0.49178224 0.15459569
v -0.16792487 -0.55240024 0.15487869
v -0.16792487 -0.55240024 0.15487869
v -0.10498887 -0.52209624 0.15472769
v -0.10498887 -0.52209624 0.15472769
v -0.10498887 -0.52209624 0.15472769
v -0.10031587 -0.54186924 0.15504169
v -0.10031587 -0.54186924 0.15504169
v -0.10031587 -0.54186924 0.15504169
v -0.20047087 -0.56683824 0.15461969
v -0.20047087 -0.56683824 0.15461969
v -0.20182087 -0.55042124 0.15409469
v -0.20182087 -0.55042124 0.15409469
v -0.20611287 -0.55316124 0.14986369
v -0.20611287 -0.55316124 0.14986369
v -0.20611287 -0.55316124 0.14986369
v -0.18984887 -0.52088624 0.15388269
v -0.18984887 -0.52088624 0.15388269
v -0.20624887 -0.54969424 0.14712169
v -0.20624887 -0.54969424 0.14712169
v -0.20805787 -0.52348224 0.07438769
v -0.20805787 -0.52348224 0.07438769
v -0.20805787 -0.52348224 0.07438769
v -0.04150287 0.08684676 -0.10934231
v -0.04150287 0.08684676 -0.10934231
v -0.04150287 0.08684676 -0.10934231
v 0.03701213 0.10657376 -0.12045031
v 0.03701213 0.10657376 -0.12045031
v 0.04001113 0.08356276 -0.10494831
v 0.04001113 0.08356276 -0.10494831
v 0.04001113 0.08356276 -0.10494831
v -0.03532787 -0.39156324 -0.10329331
v -0.03532787 -0.39156324 -0.10329331
v -0.01368687 -0.39705124 -0.13482531
v -0.01368687 -0.39705124 -0.13482531
v 0.05121713 -0.38352524 -0.10312331
v 0.05121713 -0.38352524 -0.10312331
v 0.19193013 -0.38914824 -0.11623031
v 0.19193013 -0.38914824 -0.11623031
v 0.19193013 -0.38914824 -0.11623031
v 0.17090413 -0.38872224 -0.12670731
v 0.17090413 -0.38872224 -0.12670731
v 0.15016813 -0.38303324 -0.10187931
v 0.15016813 -0.38303324 -0.10187931
v 0.07005813 -0.39068124 -0.13301731
v 0.07005813 -0.39068124 -0.13301731
v -0.10211387 -0.40207324 -0.10297131
v -0.10211387 -0.40207324 -0.10297131
v -0.10211387 -0.40207324 -0.10297131
v -0.21887987 -0.60093324 0.04961469
v -0.21887987 -0.60093324 0.04961469
v -0.21270487 -0.60040224 -0.11212731
v -0.21270487 -0.60040224 -0.11212731
v -0.21270487 -0.60040224 -0.11212731
v -0.21295987 -0.60001424 0.11608469
v -0.21295987 -0.60001424 0.11608469
v -0.21295987 -0.60001424 0.11608469
v -0.22563587 -0.57130924 -0.03281031
v -0.22563587 -0.57130924 -0.03281031
v -0.22563587 -0.57130924 -0.03281031
v -0.21491187 -0.57223324 0.11673669
v -0.21491187 -0.57223324 0.11673669
v -0.22375987 -0.57097524 0.05392769
v -0.22375987 -0.57097524 0.05392769
v -0.16045687 -0.61364624 0.09535369
v -0.16045687 -0.61364624 0.09535369
v -0.16045687 -0.61364624 0.09535369
v -0.16054587 -0.61244024 -0.08970031
v -0.16054587 -0.61244024 -0.08970031
v 0.04190913 -0.19300124 -0.04463031
v 0.07173213 -0.28146324 -0.04832431
v 0.08490813 -0.29878424 -0.05452931
v 0.08490813 -0.29878424 -0.05452931
v 0.08490813 -0.29878424 -0.05452931
v 0.05672613 -0.15470424 -0.05414931
v 0.08249113 -0.26490724 -0.05507831
v 0.10667613 -0.26909224 -0.06257731
v 0.10667613 -0.26909224 -0.06257731
v 0.10667613 -0.26909224 -0.06257731
v 0.01503213 -0.12665124 -0.02547831
v 0.01503213 -0.12665124 -0.02547831
v 0.01503213 -0.12665124 -0.02547831
v 0.01503213 -0.12665124 -0.02547831
v 0.06705913 -0.31236724 -0.04436231
v 0.06705913 -0.31236724 -0.04436231
v 0.06705913 -0.31236724 -0.04436231
v 0.06028813 -0.28464024 -0.03785131
v 0.02886313 -0.21201924 -0.02382531
v 0.02886313 -0.21201924 -0.02382531
v 0.02103913 -0.16671824 -0.02658031
v 0.02103913 -0.16671824 -0.02658031
v 0.21493113 0.19905176 0.10500069
v 0.21493113 0.19905176 0.10500069
v 0.22043613 0.16922776 0.10822969
v 0.22043613 0.16922776 0.10822969
v 0.19925213 0.27493576 0.10106569
v 0.19925213 0.27493576 0.10106569
v 0.19925213 0.27493576 0.10106569
v 0.19925213 0.27493576 0.10106569
v 0.19707013 0.26900976 0.08887669
v 0.19707013 0.26900976 0.08887669
v 0.19707013 0.26900976 0.08887669
v 0.21091913 0.24426776 0.11469569
v 0.21091913 0.24426776 0.11469569
v 0.22056413 0.20013276 0.12243769
v 0.22056413 0.20013276 0.12243769
v 0.26657113 0.24572776 0.09853269
v 0.26657113 0.24572776 0.09853269
v 0.26657113 0.24572776 0.09853269
v 0.18740113 0.17066376 -0.10713331
v 0.18740113 0.17066376 -0.10713331
v 0.18740113 0.17066376 -0.10713331
v -0.18041287 0.24168776 0.12455469
v -0.18041287 0.24168776 0.12455469
v -0.18041287 0.24168776 0.12455469
v -0.18041287 0.24168776 0.12455469
v -0.18041287 0.24168776 0.12455469
v -0.17849687 0.26877476 0.11818069
v -0.17849687 0.26877476 0.11818069
v -0.17849687 0.26877476 0.11818069
v -0.17849687 0.26877476 0.11818069
v -0.18345987 0.30980276 0.09764769
v -0.18345987 0.30980276 0.09764769
v -0.03638487 0.08386176 -0.10562931
v -0.03638487 0.08386176 -0.10562931
v -0.04703687 0.08976076 -0.08399131
v -0.04703687 0.08976076 -0.08399131
v -0.04703687 0.08976076 -0.08399131
v 0.03539613 0.08832176 -0.08762431
v 0.03539613 0.08832176 -0.08762431
v 0.03539613 0.08832176 -0.08762431
v -0.19512287 0.22002576 -0.12216331
v -0.19169787 0.20731876 -0.12113631
v -0.20041287 0.19486476 -0.11701331
v -0.20041287 0.19486476 -0.11701331
v -0.21072087 0.24641376 -0.12140531
v -0.24779287 0.22758576 -0.12059731
v -0.24779287 0.22758576 -0.12059731
v -0.25030687 0.19785776 -0.11594031
v -0.25030687 0.19785776 -0.11594031
v -0.20926887 0.20962276 -0.12110431
v -0.19346787 0.25022676 -0.12147931
v -0.24435687 0.26067276 -0.11740931
v -0.28063787 0.25897576 -0.10823731
v -0.28063787 0.25897576 -0.10823731
v -0.18379387 0.25864676 -0.11765931
v -0.27940187 0.28048176 -0.10071431
v -0.27940187 0.28048176 -0.10071431
v -0.27940187 0.28048176 -0.10071431
v -0.27940187 0.28048176 -0.10071431
v -0.27940187 0.28048176 -0.10071431
v -0.27940187 0.28048176 -0.10071431
v -0.19003087 0.27229776 -0.11449731
v -0.20273087 0.20355276 -0.11879631
v -0.19734087 0.23524376 -0.12367331
v -0.20426787 0.23773476 -0.12213731
v -0.21028187 0.23597476 -0.12251231
v -0.20213087 0.25429976 -0.11964831
v -0.23068087 0.19931176 -0.11713331
v -0.23068087 0.19931176 -0.11713331
v -0.22905387 0.22073176 -0.11984531
v -0.22905387 0.22073176 -0.11984531
v -0.26674787 0.20307476 -0.10670531
v -0.26674787 0.20307476 -0.10670531
v -0.26674787 0.20307476 -0.10670531
v -0.22190987 0.28756676 -0.10774331
v -0.22190987 0.28756676 -0.10774331
v -0.22190987 0.28756676 -0.10774331
v -0.18472687 0.29183376 -0.10511231
v -0.18997487 0.22852076 -0.12297431
v -0.20888287 0.22404676 -0.12213831
v -0.22028387 0.30903676 -0.09386231
v -0.22028387 0.30903676 -0.09386231
v -0.17776787 0.23270976 -0.12291431
v -0.17776787 0.23270976 -0.12291431
v -0.17776787 0.23270976 -0.12291431
v -0.18574187 0.22554976 -0.12134131
v -0.18053487 0.19572876 -0.11970131
v -0.18053487 0.19572876 -0.11970131
v -0.18053487 0.19572876 -0.11970131
v -0.18053487 0.19572876 -0.11970131
v -0.18967087 0.18308476 -0.11394231
v -0.18967087 0.18308476 -0.11394231
v -0.18967087 0.18308476 -0.11394231
v -0.17526887 0.29149576 -0.10312731
v -0.17526887 0.29149576 -0.10312731
v -0.18520587 0.31447376 -0.08919931
v -0.18520587 0.31447376 -0.08919931
v -0.19942287 0.22741376 -0.12324931
v -0.02483487 0.30099176 -0.10640031
v -0.02483487 0.30099176 -0.10640031
v -0.02483487 0.30099176 -0.10640031
v -0.06935387 0.31173976 -0.09889331
v -0.06935387 0.31173976 -0.09889331
v -0.06935387 0.31173976 -0.09889331
v -0.01440987 0.34166976 -0.06683331
v -0.01440987 0.34166976 -0.06683331
v -0.07073187 0.32905476 -0.08011231
v -0.07073187 0.32905476 -0.08011231
v -0.07206487 0.34445076 -0.05387231
v -0.01545787 0.34997676 -0.04976731
v -0.01545787 0.34997676 -0.04976731
v -0.00580987 0.30928076 -0.09862631
v -0.00580987 0.30928076 -0.09862631
v -0.00580987 0.30928076 -0.09862631
v -0.07314887 0.35199976 0.03510969
v -0.07314887 0.35199976 0.03510969
v -0.07339287 0.35616076 0.00311769
v -0.07339287 0.35616076 0.00311769
v -0.03892287 0.35635476 0.03810569
v -0.03718287 0.35953176 -0.01460931
v -0.01692687 0.35893176 -0.01186031
v -0.01692687 0.35893176 -0.01186031
v -0.07298887 0.34317776 0.06044269
v -0.07465987 0.35142876 -0.03152631
v -0.07465987 0.35142876 -0.03152631
v -0.01475887 0.34633876 0.06304069
v -0.01475887 0.34633876 0.06304069
v -0.01322587 0.33680876 0.07687169
v -0.01322587 0.33680876 0.07687169
v -0.01322587 0.33680876 0.07687169
v 0.18789313 0.27485476 -0.09700231
v 0.18789313 0.27485476 -0.09700231
v 0.18789313 0.27485476 -0.09700231
v 0.18789313 0.27485476 -0.09700231
v 0.18789313 0.27485476 -0.09700231
v 0.18789313 0.27485476 -0.09700231
v 0.18991413 0.26958176 -0.08453231
v 0.18991413 0.26958176 -0.08453231
v 0.18991413 0.26958176 -0.08453231
v -0.03694087 0.11447876 0.12507169
v -0.03694087 0.11447876 0.12507169
v -0.03892087 0.11979176 0.11066669
v -0.03892087 0.11979176 0.11066669
v 0.17952213 0.23061576 0.11873869
v 0.17952213 0.23061576 0.11873869
v 0.17952213 0.23061576 0.11873869
v 0.18712313 0.17105276 0.11076769
v 0.18712313 0.17105276 0.11076769
v 0.18712313 0.17105276 0.11076769
v 0.17571113 0.22615576 0.10385669
v 0.17571113 0.22615576 0.10385669
v 0.17571113 0.22615576 0.10385669
v -0.25095887 0.11440676 0.05610469
v -0.25095887 0.11440676 0.05610469
v -0.19594387 0.11139776 0.05911769
v -0.25115987 0.14373376 0.09208869
v -0.25115987 0.14373376 0.09208869
v -0.23371287 0.11277176 0.04998369
v -0.23371287 0.11277176 0.04998369
v -0.25147087 0.10589276 0.03017369
v -0.22821987 0.10413676 0.03246869
v -0.27423487 0.12623876 0.04704069
v -0.27423487 0.12623876 0.04704069
v -0.27423487 0.12623876 0.04704069
v -0.19468587 0.10085076 0.03060769
v -0.19468587 0.10085076 0.03060769
v -0.19468587 0.10085076 0.03060769
v -0.19468587 0.10085076 0.03060769
v -0.19468587 0.10085076 0.03060769
v -0.27502087 0.11884176 0.02763269
v -0.27502087 0.11884176 0.02763269
v -0.27502087 0.11884176 0.02763269
v -0.28850787 0.12952876 0.05288869
v -0.27765187 0.11600676 0.03050669
v -0.27765187 0.11600676 0.03050669
v -0.27765187 0.11600676 0.03050669
v -0.28862887 0.13866976 0.06648969
v -0.28862887 0.13866976 0.06648969
v -0.30204087 0.15571976 0.07733969
v -0.30204087 0.15571976 0.07733969
v -0.27688687 0.12365876 0.05039669
v -0.27688687 0.12365876 0.05039669
v -0.27688687 0.12365876 0.05039669
v -0.28541287 0.11722776 0.02191369
v -0.28541287 0.11722776 0.02191369
v -0.28541287 0.11722776 0.02191369
v -0.28541287 0.11722776 0.02191369
v -0.28541287 0.11722776 0.02191369
v -0.19406087 0.12492276 0.07873269
v -0.19406087 0.12492276 0.07873269
v -0.19406087 0.12492276 0.07873269
v -0.19170887 0.13816676 0.09203769
v 0.21002413 0.17084376 -0.10324531
v 0.21002413 0.17084376 -0.10324531
v 0.21002413 0.17084376 -0.10324531
v 0.19310813 0.25392176 -0.10413531
v 0.19310813 0.25392176 -0.10413531
v 0.21037113 0.16846176 -0.11828831
v 0.21037113 0.16846176 -0.11828831
v 0.21037113 0.16846176 -0.11828831
v 0.05853813 -0.42832124 0.14154769
v 0.05853813 -0.42832124 0.14154769
v 0.17431713 0.17302576 -0.10853431
v 0.17431713 0.17302576 -0.10853431
v 0.17431713 0.17302576 -0.10853431
v 0.17326213 0.17008676 -0.12239531
v 0.17326213 0.17008676 -0.12239531
v 0.17326213 0.17008676 -0.12239531
v 0.17326213 0.17008676 -0.12239531
v -0.07169087 -0.03894224 -0.02972531
v -0.07169087 -0.03894224 -0.02972531
v -0.06794787 -0.00287124 0.03284369
v -0.06794787 -0.00287124 0.03284369
v -0.06680587 -0.01349924 -0.02806431
v -0.06680587 -0.01349924 -0.02806431
v 0.23416113 0.21317976 -0.11239831
v 0.23416113 0.21317976 -0.11239831
v 0.23416113 0.21317976 -0.11239831
v 0.24344413 0.16531776 -0.11446031
v 0.24344413 0.16531776 -0.11446031
v 0.24344413 0.16531776 -0.11446031
v 0.23578413 0.20354076 -0.09832431
v 0.23578413 0.20354076 -0.09832431
v -0.00411787 0.35125576 0.00325069
v -0.00411787 0.35125576 0.00325069
v -0.00411787 0.35125576 0.00325069
v 0.34907313 0.14356476 -0.02899531
v 0.34907313 0.14356476 -0.02899531
v 0.33427513 0.18332676 -0.07780131
v 0.33427513 0.18332676 -0.07780131
v 0.35218113 0.14222276 0.01069169
v 0.35218113 0.14222276 0.01069169
v 0.31991813 0.15422976 -0.09671531
v 0.31991813 0.15422976 -0.09671531
v 0.31991813 0.15422976 -0.09671531
v 0.31991813 0.15422976 -0.09671531
v 0.35463513 0.17653176 0.01173369
v 0.35463513 0.17653176 0.01173369
v 0.34346213 0.18031176 0.06114269
v 0.34346213 0.18031176 0.06114269
v 0.35010613 0.17820776 -0.03425631
v 0.35010613 0.17820776 -0.03425631
v 0.31974313 0.15414576 0.10083969
v 0.31974313 0.15414576 0.10083969
v 0.31974313 0.15414576 0.10083969
v 0.03774013 0.11637976 -0.10513031
v 0.03774013 0.11637976 -0.10513031
v 0.03774013 0.11637976 -0.10513031
v 0.03774013 0.11637976 -0.10513031
v 0.03424113 0.11259176 -0.11900531
v 0.03424113 0.11259176 -0.11900531
v -0.03791087 0.11406576 -0.12095531
v -0.03791087 0.11406576 -0.12095531
v -0.03791087 0.11406576 -0.12095531
v -0.04809387 0.11408976 -0.10061831
v -0.04809387 0.11408976 -0.10061831
v -0.04809387 0.11408976 -0.10061831
v 0.22013413 0.26930076 0.08865869
v 0.22013413 0.26930076 0.08865869
v 0.22013413 0.26930076 0.08865869
v 0.23314013 0.21587276 0.10105669
v 0.23314013 0.21587276 0.10105669
v 0.24382213 0.16465076 0.11932069
v 0.24382213 0.16465076 0.11932069
v 0.24382213 0.16465076 0.11932069
v -0.28813087 0.15397376 -0.07785731
v -0.28813087 0.15397376 -0.07785731
v -0.28813087 0.15397376 -0.07785731
v -0.28952387 0.14092876 -0.06440531
v -0.28952387 0.14092876 -0.06440531
v -0.30112187 0.13079976 -0.03710131
v -0.27655387 0.12383676 -0.04518831
v -0.27655387 0.12383676 -0.04518831
v -0.27655387 0.12383676 -0.04518831
v -0.30210587 0.14928776 -0.06598031
v -0.30210587 0.14928776 -0.06598031
v -0.30362387 0.12738476 0.02555469
v -0.30362387 0.12738476 0.02555469
v -0.30259787 0.13484576 0.04856769
v -0.30259787 0.13484576 0.04856769
v -0.30209287 0.14045576 0.03547869
v -0.30209287 0.14045576 0.03547869
v -0.30015487 0.16388076 0.06924369
v -0.30015487 0.16388076 0.06924369
v -0.29856087 0.20053576 0.09467169
v -0.29856087 0.20053576 0.09467169
v -0.29856087 0.20053576 0.09467169
v -0.30386287 0.12580776 -0.01176231
v -0.30386287 0.12580776 -0.01176231
v -0.30019387 0.18655476 0.09836569
v -0.30019387 0.18655476 0.09836569
v -0.30019387 0.18655476 0.09836569
v -0.04762087 0.08983876 0.08843169
v -0.04762087 0.08983876 0.08843169
v -0.04762087 0.08983876 0.08843169
v -0.03938887 0.08433976 0.10887169
v -0.03938887 0.08433976 0.10887169
v 0.17778013 -0.42172924 -0.13608931
v 0.17778013 -0.42172924 -0.13608931
v 0.17778013 -0.42172924 -0.13608931
v 0.17778013 -0.42172924 -0.13608931
v 0.17778013 -0.42172924 -0.13608931
v 0.03765013 -0.43701324 -0.15226931
v 0.03765013 -0.43701324 -0.15226931
v 0.17064313 -0.42840624 -0.14969331
v 0.17064313 -0.42840624 -0.14969331
v 0.15605013 -0.50416224 -0.14697231
v 0.15605013 -0.50416224 -0.14697231
v 0.17334113 -0.50497524 -0.14346531
v 0.17334113 -0.50497524 -0.14346531
v 0.17334113 -0.50497524 -0.14346531
v -0.09790787 -0.48549224 -0.15133031
v -0.09790787 -0.48549224 -0.15133031
v -0.09790787 -0.48549224 -0.15133031
v -0.06940387 -0.45594024 -0.15731931
v -0.06940387 -0.45594024 -0.15731931
v -0.06940387 -0.45594024 -0.15731931
v 0.18360213 -0.49471024 -0.13983331
v 0.22649813 -0.47108024 -0.10762631
v 0.22750813 -0.50617424 -0.06203331
v 0.22750813 -0.50617424 -0.06203331
v 0.22750813 -0.50617424 -0.06203331
v 0.22750813 -0.50617424 -0.06203331
v 0.16271113 0.22736076 0.10463669
v 0.16271113 0.22736076 0.10463669
v 0.16271113 0.22736076 0.10463669
v 0.16027113 0.23199876 0.11863369
v 0.16027113 0.23199876 0.11863369
v 0.16027113 0.23199876 0.11863369
v 0.16027113 0.23199876 0.11863369
v 0.26531513 0.25047476 -0.09337431
v 0.26531513 0.25047476 -0.09337431
v 0.26531513 0.25047476 -0.09337431
v 0.25430513 0.28898876 -0.08043931
v 0.25430513 0.28898876 -0.08043931
v 0.25430513 0.28898876 -0.08043931
v 0.25430513 0.28898876 -0.08043931
v 0.27597213 0.21176876 -0.09956331
v 0.27597213 0.21176876 -0.09956331
v 0.29369713 0.14664976 -0.10011131
v 0.29369713 0.14664976 -0.10011131
v 0.29369713 0.14664976 -0.10011131
v 0.27513413 0.22799076 -0.10981731
v 0.27513413 0.22799076 -0.10981731
v 0.27513413 0.22799076 -0.10981731
v 0.29759913 0.14927576 -0.10687331
v 0.29759913 0.14927576 -0.10687331
v 0.29759913 0.14927576 -0.10687331
v -0.27154387 0.17019176 0.09582969
v -0.27154387 0.17019176 0.09582969
v -0.27355087 0.15307876 0.08463369
v -0.27355087 0.15307876 0.08463369
v -0.27355087 0.15307876 0.08463369
v -0.27355087 0.15307876 0.08463369
v -0.22904587 0.16205876 0.10678869
v -0.22904587 0.16205876 0.10678869
v -0.23322987 0.14625276 0.09372269
v -0.23322987 0.14625276 0.09372269
v -0.24998587 0.16503176 0.10767169
v -0.24998587 0.16503176 0.10767169
v -0.27314787 0.16914376 0.10076369
v -0.27314787 0.16914376 0.10076369
v -0.27314787 0.16914376 0.10076369
v 0.13574213 -0.51013724 -0.15100031
v 0.13574213 -0.51013724 -0.15100031
v 0.13574213 -0.51013724 -0.15100031
v 0.18811413 -0.51356124 -0.14712031
v 0.18811413 -0.51356124 -0.14712031
v 0.16002813 -0.50955224 -0.14371631
v 0.16002813 -0.50955224 -0.14371631
v 0.20709713 -0.52054824 -0.14894831
v 0.20709713 -0.52054824 -0.14894831
v 0.20709713 -0.52054824 -0.14894831
v 0.19585713 -0.51341924 -0.12488931
v 0.19585713 -0.51341924 -0.12488931
v 0.19585713 -0.51341924 -0.12488931
v -0.19166487 -0.50667224 0.07582669
v -0.19166487 -0.50667224 0.07582669
v -0.20089487 -0.50702124 0.07371669
v -0.20089487 -0.50702124 0.07371669
v -0.21920987 -0.55883424 0.05680969
v -0.21920987 -0.55883424 0.05680969
v -0.21920987 -0.55883424 0.05680969
v -0.22278387 -0.55658024 0.05590869
v -0.22278387 -0.55658024 0.05590869
v -0.22278387 -0.55658024 0.05590869
v -0.07118387 0.30701976 0.09482769
v -0.07118387 0.30701976 0.09482769
v -0.07118387 0.30701976 0.09482769
v -0.07458887 0.33416976 0.07539269
v -0.07458887 0.33416976 0.07539269
v -0.07458887 0.33416976 0.07539269
v -0.06288587 0.28013376 0.12667069
v -0.06288587 0.28013376 0.12667069
v -0.05250187 0.21838876 0.13880269
v -0.05250187 0.21838876 0.13880269
v -0.05250187 0.21838876 0.13880269
v -0.05164387 0.22785976 0.14548569
v -0.05164387 0.22785976 0.14548569
v -0.06359287 0.26967676 0.12071369
v -0.06359287 0.26967676 0.12071369
v 0.31745013 0.07376876 0.00565169
v 0.33000613 0.09088276 -0.02506931
v 0.34436913 0.11614676 -0.02344431
v 0.34436913 0.11614676 -0.02344431
v 0.33395513 0.09222376 0.00292169
v 0.31661513 0.08542176 -0.05262031
v 0.31628913 0.10262676 -0.07868631
v 0.30485113 0.06750276 -0.02868031
v 0.30485113 0.06750276 -0.02868031
v 0.29729213 0.05960776 0.00116569
v 0.30860713 0.07224776 0.04139169
v 0.32835513 0.09513276 0.04761169
v 0.33874413 0.11883576 0.05572669
v 0.33874413 0.11883576 0.05572669
v 0.31646613 0.10175876 0.08189869
v 0.32088313 0.12854476 0.09840269
v 0.32088313 0.12854476 0.09840269
v 0.32088313 0.12854476 0.09840269
v 0.27981913 0.05185676 -0.01334331
v 0.27981913 0.05185676 -0.01334331
v 0.27981913 0.05185676 -0.01334331
v 0.31025913 0.13145476 0.11208269
v 0.31025913 0.13145476 0.11208269
v 0.31025913 0.13145476 0.11208269
v 0.31025913 0.13145476 0.11208269
v 0.31025913 0.13145476 0.11208269
v 0.27382113 0.04898476 -0.00597531
v 0.27382113 0.04898476 -0.00597531
v 0.27382113 0.04898476 -0.00597531
v 0.32158513 0.12751376 -0.09236031
v 0.32158513 0.12751376 -0.09236031
v 0.32158513 0.12751376 -0.09236031
v 0.06573113 0.04906076 -0.06624131
v 0.06573113 0.04906076 -0.06624131
v 0.14990513 0.04848676 -0.05682731
v 0.14990513 0.04848676 -0.05682731
v 0.06689013 0.04858876 -0.06225831
v 0.06689013 0.04858876 -0.06225831
v 0.06689013 0.04858876 -0.06225831
v 0.06689013 0.04858876 -0.06225831
v 0.22527213 0.04690276 -0.04342031
v 0.22527213 0.04690276 -0.04342031
v 0.22527213 0.04690276 -0.04342031
v -0.29326487 0.28735476 0.09721469
v -0.29326487 0.28735476 0.09721469
v -0.29326487 0.28735476 0.09721469
v -0.26892887 0.28394676 0.10646669
v -0.26892887 0.28394676 0.10646669
v -0.26892887 0.28394676 0.10646669
v -0.26892887 0.28394676 0.10646669
v -0.29642687 0.25664976 0.10703969
v -0.29642687 0.25664976 0.10703969
v -0.29642687 0.25664976 0.10703969
v -0.28265887 0.26061876 0.11215469
v -0.28265887 0.26061876 0.11215469
v -0.29734387 0.22057976 0.10968069
v -0.29734387 0.22057976 0.10968069
v -0.28315187 0.23523576 0.11499669
v -0.28315187 0.23523576 0.11499669
v -0.28315187 0.23523576 0.11499669
v -0.28315187 0.23523576 0.11499669
v -0.28315187 0.23523576 0.11499669
v -0.26631687 0.22730776 0.12040269
v -0.26631687 0.22730776 0.12040269
v -0.26631687 0.22730776 0.12040269
v -0.26851287 0.20355776 0.11626169
v -0.26851287 0.20355776 0.11626169
v -0.26851287 0.20355776 0.11626169
v -0.28736387 0.17012176 0.09606869
v -0.28736387 0.17012176 0.09606869
v -0.28736387 0.17012176 0.09606869
v 0.24590413 0.28192776 -0.09442231
v 0.24590413 0.28192776 -0.09442231
v 0.24590413 0.28192776 -0.09442231
v 0.28216013 0.14826276 -0.10181531
v 0.28216013 0.14826276 -0.10181531
v 0.28216013 0.14826276 -0.10181531
v 0.28216013 0.14826276 -0.10181531
v 0.24551613 0.28525976 -0.08440331
v 0.24551613 0.28525976 -0.08440331
v 0.24551613 0.28525976 -0.08440331
v 0.24551613 0.28525976 -0.08440331
v 0.22868213 -0.57072124 0.14764669
v 0.22868213 -0.57072124 0.14764669
v 0.22868213 -0.57072124 0.14764669
v 0.22868213 -0.57072124 0.14764669
v -0.07258187 0.26983076 -0.12485731
v -0.07258187 0.26983076 -0.12485731
v -0.07258187 0.26983076 -0.12485731
v -0.08883887 0.26805576 -0.12344031
v -0.07961287 0.31109076 -0.09403531
v -0.07961287 0.31109076 -0.09403531
v -0.09211487 0.23638076 -0.13164031
v -0.09211487 0.23638076 -0.13164031
v -0.05772087 0.21836976 -0.14009431
v -0.05772087 0.21836976 -0.14009431
v -0.05772087 0.21836976 -0.14009431
v -0.09739287 0.30212276 -0.09899231
v -0.09739287 0.30212276 -0.09899231
v -0.10240687 0.26694276 -0.11822031
v -0.10240687 0.26694276 -0.11822031
v -0.09567687 0.32314976 -0.07375831
v -0.09567687 0.32314976 -0.07375831
v -0.09567687 0.32314976 -0.07375831
v -0.09567687 0.32314976 -0.07375831
v -0.09567687 0.32314976 -0.07375831
v 0.00748013 0.17664976 -0.14093431
v 0.00748013 0.17664976 -0.14093431
v 0.00748013 0.17664976 -0.14093431
v 0.01013613 0.17373576 -0.12845031
v 0.01013613 0.17373576 -0.12845031
v 0.01013613 0.17373576 -0.12845031
v 0.01013613 0.17373576 -0.12845031
v 0.27679013 0.20806176 0.10395869
v 0.27679013 0.20806176 0.10395869
v 0.28042513 0.21034176 0.11597769
v 0.28042513 0.21034176 0.11597769
v 0.29665713 0.15026076 0.11317569
v 0.29665713 0.15026076 0.11317569
v 0.29665713 0.15026076 0.11317569
v 0.27115513 0.24346976 0.11115469
v 0.27115513 0.24346976 0.11115469
v 0.29375713 0.14685076 0.10398069
v 0.29375713 0.14685076 0.10398069
v 0.29375713 0.14685076 0.10398069
v 0.25943713 0.28391276 0.09725469
v 0.25943713 0.28391276 0.09725469
v -0.20643087 -0.56874224 0.14816169
v -0.20643087 -0.56874224 0.14816169
v -0.20643087 -0.56874224 0.14816169
v -0.20643087 -0.56874224 0.14816169
v 0.34092913 0.12435176 -0.01493131
v 0.34092913 0.12435176 -0.01493131
v 0.32665113 0.13164576 0.07540469
v 0.32665113 0.13164576 0.07540469
v 0.32009413 0.14840476 0.09115269
v 0.32009413 0.14840476 0.09115269
v 0.32009413 0.14840476 0.09115269
v 0.34434013 0.13719176 -0.00301231
v 0.34434013 0.13719176 -0.00301231
v 0.34620813 0.11519776 0.01004869
v 0.34620813 0.11519776 0.01004869
v 0.33752213 0.11909676 -0.05627531
v 0.33752213 0.11909676 -0.05627531
v 0.33752213 0.11909676 -0.05627531
v 0.32846313 0.13093376 -0.06578431
v 0.32846313 0.13093376 -0.06578431
v 0.32846313 0.13093376 -0.06578431
v 0.32846313 0.13093376 -0.06578431
v 0.15854413 -0.50815124 0.14746569
v 0.15854413 -0.50815124 0.14746569
v 0.15854413 -0.50815124 0.14746569
v -0.11138687 -0.50646324 0.14721569
v -0.11138687 -0.50646324 0.14721569
v -0.11138687 -0.50646324 0.14721569
v -0.10899487 -0.50797424 0.15429069
v -0.10899487 -0.50797424 0.15429069
v 0.22736513 -0.37752024 -0.02160231
v 0.22736513 -0.37752024 -0.02160231
v 0.22026313 -0.34326724 0.03108569
v 0.22079913 -0.37717624 -0.05460631
v 0.22079913 -0.37717624 -0.05460631
v 0.22079913 -0.37717624 -0.05460631
v 0.21859413 -0.34145224 -0.02998531
v 0.21859413 -0.34145224 -0.02998531
v 0.21383113 -0.37572724 0.07203969
v 0.21383113 -0.37572724 0.07203969
v 0.21383113 -0.37572724 0.07203969
v 0.21184913 -0.33712924 0.04840569
v 0.20904413 -0.34535724 -0.05088031
v 0.20904413 -0.34535724 -0.05088031
v 0.21507613 -0.36589124 -0.05448031
v 0.20653113 -0.33323924 -0.05085031
v 0.20653113 -0.33323924 -0.05085031
v 0.16397413 -0.30297024 0.06507969
v 0.16397413 -0.30297024 0.06507969
v 0.16397413 -0.30297024 0.06507969
v 0.16397413 -0.30297024 0.06507969
v 0.16337413 -0.30272624 -0.06085931
v 0.16337413 -0.30272624 -0.06085931
v 0.16337413 -0.30272624 -0.06085931
v 0.11044313 -0.09233224 -0.05959331
v 0.11044313 -0.09233224 -0.05959331
v 0.11044313 -0.09233224 -0.05959331
v 0.22400913 -0.34695924 0.00292869
v 0.22400913 -0.34695924 0.00292869
v 0.22400913 -0.34695924 0.00292869
v 0.22400913 -0.34695924 0.00292869
v 0.21019013 -0.33415524 0.04903469
v 0.21019013 -0.33415524 0.04903469
v 0.21019013 -0.33415524 0.04903469
v 0.21019013 -0.33415524 0.04903469
v -0.21042487 -0.55179324 0.11952469
v -0.21042487 -0.55179324 0.11952469
v -0.21042487 -0.55179324 0.11952469
v -0.21042487 -0.55179324 0.11952469
v -0.21042487 -0.55179324 0.11952469
v -0.04617387 0.17409376 -0.13065531
v -0.04617387 0.17409376 -0.13065531
v -0.04617387 0.17409376 -0.13065531
v 0.01509813 0.17515476 -0.13365931
v 0.01509813 0.17515476 -0.13365931
v 0.01509813 0.17515476 -0.13365931
v 0.01509813 0.17515476 -0.13365931
v 0.28036713 0.15112176 -0.11129931
v 0.28036713 0.15112176 -0.11129931
v 0.28036713 0.15112176 -0.11129931
v 0.28036713 0.15112176 -0.11129931
v -0.04046187 0.13022276 -0.11333731
v -0.04046187 0.13022276 -0.11333731
v -0.04046187 0.13022276 -0.11333731
v -0.04046187 0.13022276 -0.11333731
v -0.01326887 0.35064176 -0.01072131
v -0.01326887 0.35064176 -0.01072131
v -0.01326887 0.35064176 -0.01072131
v -0.01758587 0.35782176 0.02817369
v -0.01758587 0.35782176 0.02817369
v -0.01287387 0.34725376 0.03158669
v -0.01287387 0.34725376 0.03158669
v -0.01287387 0.34725376 0.03158669
v 0.17438813 0.17247776 0.11261969
v 0.17438813 0.17247776 0.11261969
v 0.17438813 0.17247776 0.11261969
v 0.07584313 -0.14067624 -0.06043731
v 0.07584313 -0.14067624 -0.06043731
v 0.07584313 -0.14067624 -0.06043731
v 0.12635813 -0.35817524 -0.07576731
v 0.13050513 -0.33165824 -0.06669831
v 0.16732613 -0.34935424 -0.07063031
v 0.17705813 -0.36326624 -0.07886731
v 0.07296413 -0.36109424 -0.06943731
v 0.07296413 -0.36109424 -0.06943731
v 0.08717713 -0.34757324 -0.06452331
v 0.17861013 -0.34184824 -0.06534131
v 0.19527213 -0.34093024 -0.05886931
v 0.20117413 -0.36210624 -0.06761531
v 0.20117413 -0.36210624 -0.06761531
v 0.17803713 -0.37625424 -0.09461431
v 0.17803713 -0.37625424 -0.09461431
v 0.17803713 -0.37625424 -0.09461431
v 0.20304913 -0.37516824 -0.08103131
v 0.20304913 -0.37516824 -0.08103131
v 0.20304913 -0.37516824 -0.08103131
v 0.07023613 -0.33664424 -0.05147331
v 0.05122013 -0.33936424 -0.03163731
v 0.05122013 -0.33936424 -0.03163731
v 0.05122013 -0.33936424 -0.03163731
v 0.10835613 -0.09193324 -0.06314031
v 0.10835613 -0.09193324 -0.06314031
v 0.10835613 -0.09193324 -0.06314031
v 0.12493513 -0.14967324 -0.06265431
v 0.12493513 -0.14967324 -0.06265431
v 0.12493513 -0.14967324 -0.06265431
v 0.07845413 -0.13955524 -0.06045731
v 0.07845413 -0.13955524 -0.06045731
v 0.07845413 -0.13955524 -0.06045731
v 0.07845413 -0.13955524 -0.06045731
v 0.15160613 -0.32416824 -0.06608331
v 0.10835613 -0.26878624 -0.06213531
v 0.10835613 -0.26878624 -0.06213531
v 0.10835613 -0.26878624 -0.06213531
v 0.10835613 -0.26878624 -0.06213531
v 0.16269313 -0.30289224 -0.06397831
v 0.16269313 -0.30289224 -0.06397831
v 0.09642113 -0.32610524 -0.06110931
v 0.05685613 -0.31665924 -0.03251831
v 0.05685613 -0.31665924 -0.03251831
v 0.18791713 0.01101576 -0.00089231
v 0.18208913 0.00295776 0.01121369
v 0.17446913 -0.02302624 0.00902469
v 0.17754813 -0.00928924 -0.00530831
v 0.17738213 -0.00065924 0.02418169
v 0.18823813 0.01555576 0.02692669
v 0.18701913 0.01465776 -0.02096331
v 0.18191013 0.01801776 -0.03324031
v 0.18191013 0.01801776 -0.03324031
v 0.20311613 0.02444676 0.01872169
v 0.20311613 0.02598676 -0.01696931
v 0.20311613 0.02598676 -0.01696931
v 0.19819813 0.02757776 -0.03345031
v 0.20027413 0.02801676 0.03381469
v 0.20027413 0.02801676 0.03381469
v 0.20027413 0.02801676 0.03381469
v 0.17887113 0.02382976 0.04583569
v 0.17887113 0.02382976 0.04583569
v 0.19468613 0.02963376 0.04422969
v 0.19468613 0.02963376 0.04422969
v 0.19468613 0.02963376 0.04422969
v 0.17522313 -0.07741524 -0.01762431
v 0.21570313 -0.28737424 -0.02081031
v 0.21570313 -0.28737424 -0.02081031
v 0.19448413 -0.15171424 -0.01434031
v 0.20681713 -0.22748024 -0.02337231
v 0.18958613 -0.16521824 -0.03406331
v 0.16121913 -0.05619324 -0.03723831
v 0.16121913 -0.05619324 -0.03723831
v 0.17126113 -0.04603824 -0.01864831
v 0.20231413 -0.28098024 -0.04368231
v 0.20231413 -0.28098024 -0.04368231
v 0.20231413 -0.28098024 -0.04368231
v 0.17079313 -0.00860824 -0.02753831
v 0.21913713 -0.28969824 -0.00137031
v 0.21913713 -0.28969824 -0.00137031
v 0.16243013 -0.00733124 -0.03827531
v 0.16243013 -0.00733124 -0.03827531
v 0.17529713 -0.06792924 0.00225669
v 0.19837013 -0.16711824 0.00229369
v 0.21455913 -0.25213624 0.00175869
v 0.19573213 -0.15744724 0.01769269
v 0.17296113 -0.05231624 0.01618869
v 0.17391513 -0.07725024 0.02575069
v 0.21046213 -0.23658024 0.01959469
v 0.16226513 -0.06472324 0.04159169
v 0.19172013 -0.17407724 0.03795269
v 0.20870313 -0.28405524 0.03902769
v 0.20870313 -0.28405524 0.03902769
v 0.16456413 -0.03280724 0.03627369
v 0.16456413 -0.03280724 0.03627369
v 0.19566013 -0.27742824 0.05431769
v 0.19566013 -0.27742824 0.05431769
v 0.19566013 -0.27742824 0.05431769
v 0.19566013 -0.27742824 0.05431769
v 0.14690813 -0.02931324 0.05239069
v 0.14690813 -0.02931324 0.05239069
v 0.21674813 -0.28810524 0.02121369
v 0.21674813 -0.28810524 0.02121369
v 0.06125513 0.04230576 0.06513069
v 0.06125513 0.04230576 0.06513069
v 0.06125513 0.04230576 0.06513069
v 0.06125513 0.04230576 0.06513069
v 0.06800013 0.04882976 0.06521469
v 0.06800013 0.04882976 0.06521469
v 0.06800013 0.04882976 0.06521469
v -0.04282087 0.17950476 0.14917569
v -0.04282087 0.17950476 0.14917569
v -0.04282087 0.17950476 0.14917569
v 0.00695713 0.17756376 0.14630769
v 0.00695713 0.17756376 0.14630769
v 0.00695713 0.17756376 0.14630769
v -0.04655987 0.17759876 0.13890569
v -0.04655987 0.17759876 0.13890569
v -0.04655987 0.17759876 0.13890569
v -0.04655987 0.17759876 0.13890569
v -0.04655987 0.17759876 0.13890569
v 0.01841713 0.17431076 0.13766669
v 0.01841713 0.17431076 0.13766669
v 0.01020413 0.17353176 0.13266469
v 0.01020413 0.17353176 0.13266469
v 0.01020413 0.17353176 0.13266469
v 0.28231813 0.14799976 0.10621569
v 0.28231813 0.14799976 0.10621569
v 0.28231813 0.14799976 0.10621569
v 0.28231813 0.14799976 0.10621569
v 0.28231813 0.14799976 0.10621569
v -0.04543287 0.17157676 0.13462769
v -0.04543287 0.17157676 0.13462769
v -0.04543287 0.17157676 0.13462769
v 0.17520413 0.22632576 -0.09930231
v 0.17520413 0.22632576 -0.09930231
v 0.17520413 0.22632576 -0.09930231
v -0.21271887 -0.57070924 -0.11408331
v -0.21271887 -0.57070924 -0.11408331
v -0.21271887 -0.57070924 -0.11408331
v -0.21271887 -0.57070924 -0.11408331
v -0.21271887 -0.57070924 -0.11408331
v -0.21271887 -0.57070924 -0.11408331
v -0.21271887 -0.57070924 -0.11408331
v -0.21484687 -0.56894424 0.11780469
v -0.21484687 -0.56894424 0.11780469
v -0.21484687 -0.56894424 0.11780469
v -0.22614587 -0.56740024 0.04458969
v -0.22614587 -0.56740024 0.04458969
v -0.22614587 -0.56740024 0.04458969
v -0.22573887 -0.56736424 -0.04436931
v -0.22573887 -0.56736424 -0.04436931
v -0.05030587 0.09280476 -0.08472731
v -0.05030587 0.09280476 -0.08472731
v -0.05030587 0.09280476 -0.08472731
v -0.04120887 0.10894976 -0.12118231
v -0.04120887 0.10894976 -0.12118231
v 0.22026013 0.26915776 -0.08436031
v 0.22026013 0.26915776 -0.08436031
v 0.22026013 0.26915776 -0.08436031
v 0.22026013 0.26915776 -0.08436031
v 0.24313513 0.16647776 -0.10020331
v 0.24313513 0.16647776 -0.10020331
v 0.24313513 0.16647776 -0.10020331
v 0.06883813 0.08103276 -0.07019331
v 0.06883813 0.08103276 -0.07019331
v 0.06883813 0.08103276 -0.07019331
v -0.11354587 -0.61322124 0.14775869
v -0.11354587 -0.61322124 0.14775869
v -0.11354587 -0.61322124 0.14775869
v -0.11354587 -0.61322124 0.14775869
v -0.11420687 -0.39692824 0.10542969
v -0.11420687 -0.39692824 0.10542969
v -0.11420687 -0.39692824 0.10542969
v -0.14488987 -0.43540324 0.09843669
v -0.14488987 -0.43540324 0.09843669
v -0.03178187 -0.38381324 0.10563169
v -0.03178187 -0.38381324 0.10563169
v 0.04209113 -0.37739924 0.10092269
v 0.04209113 -0.37739924 0.10092269
v 0.12479513 -0.37647724 0.10245269
v 0.12479513 -0.37647724 0.10245269
v 0.12479513 -0.37647724 0.10245269
v 0.12479513 -0.37647724 0.10245269
v 0.16695713 -0.38318624 0.10489769
v 0.16695713 -0.38318624 0.10489769
v 0.16695713 -0.38318624 0.10489769
v 0.17804313 0.09606676 -0.07647831
v 0.17804313 0.09606676 -0.07647831
v 0.17804313 0.09606676 -0.07647831
v 0.17843213 0.08088276 -0.06979931
v 0.17843213 0.08088276 -0.06979931
v 0.17843213 0.08088276 -0.06979931
v 0.17609413 0.07711676 -0.07829531
v 0.17609413 0.07711676 -0.07829531
v 0.17609413 0.07711676 -0.07829531
v -0.18981887 -0.49513524 -0.07964931
v -0.18981887 -0.49513524 -0.07964931
v -0.21794687 -0.55661224 -0.05417131
v -0.21794687 -0.55661224 -0.05417131
v -0.21794687 -0.55661224 -0.05417131
v -0.11143487 0.16844276 -0.11143131
v -0.11143487 0.16844276 -0.11143131
v -0.11143487 0.16844276 -0.11143131
v -0.11143487 0.16844276 -0.11143131
v -0.16447487 -0.46260424 -0.06063731
v -0.16447487 -0.46260424 -0.06063731
v -0.16447487 -0.46260424 -0.06063731
v -0.16447487 -0.46260424 -0.06063731
v -0.16447487 -0.46260424 -0.06063731
v -0.16999087 -0.46107224 -0.05758231
v -0.16999087 -0.46107224 -0.05758231
v -0.16999087 -0.46107224 -0.05758231
v -0.20246887 -0.61095524 0.12839969
v -0.20246887 -0.61095524 0.12839969
v -0.20246887 -0.61095524 0.12839969
v -0.20246887 -0.61095524 0.12839969
v -0.20246887 -0.61095524 0.12839969
v -0.18124887 -0.60926024 0.12737469
v -0.18124887 -0.60926024 0.12737469
v -0.18124887 -0.60926024 0.12737469
v -0.19091687 -0.61707924 0.12874969
v -0.19091687 -0.61707924 0.12874969
v -0.19091687 -0.61707924 0.12874969
v -0.20240187 -0.59864724 0.12756269
v -0.20240187 -0.59864724 0.12756269
v -0.20240187 -0.59864724 0.12756269
v -0.20111887 -0.60250424 0.11865969
v -0.20111887 -0.60250424 0.11865969
v -0.20111887 -0.60250424 0.11865969
v -0.20111887 -0.60250424 0.11865969
v -0.19081987 -0.50480924 -0.07218031
v -0.19081987 -0.50480924 -0.07218031
v -0.22267687 -0.55617824 -0.05241031
v -0.22267687 -0.55617824 -0.05241031
v 0.24450013 0.28540376 0.08953969
v 0.24450013 0.28540376 0.08953969
v 0.24450013 0.28540376 0.08953969
v 0.26938613 0.19905076 0.11496869
v 0.26938613 0.19905076 0.11496869
v 0.26269413 0.22740676 0.10422469
v 0.26269413 0.22740676 0.10422469
v 0.27980213 0.15148376 0.11627669
v 0.27980213 0.15148376 0.11627669
v 0.27980213 0.15148376 0.11627669
v 0.15083913 -0.40026624 -0.12859831
v 0.15083913 -0.40026624 -0.12859831
v 0.15083913 -0.40026624 -0.12859831
v 0.14967413 -0.40263224 -0.13386231
v 0.16826413 -0.42026324 -0.13499231
v 0.17444013 -0.42272724 -0.13074231
v 0.17444013 -0.42272724 -0.13074231
v 0.17444013 -0.42272724 -0.13074231
v 0.13201313 -0.42364224 -0.13547331
v 0.13201313 -0.42364224 -0.13547331
v 0.13201313 -0.42364224 -0.13547331
v 0.04509213 -0.42912324 -0.13801631
v 0.04509213 -0.42912324 -0.13801631
v -0.08395087 -0.44940524 -0.14262931
v -0.08395087 -0.44940524 -0.14262931
v -0.08395087 -0.44940524 -0.14262931
v 0.02520513 -0.41024524 -0.13566131
v 0.02520513 -0.41024524 -0.13566131
v 0.02520513 -0.41024524 -0.13566131
v -0.13950887 -0.46566524 -0.14357631
v -0.13950887 -0.46566524 -0.14357631
v -0.13950887 -0.46566524 -0.14357631
v -0.12203187 -0.47288424 -0.14299431
v -0.12203187 -0.47288424 -0.14299431
v -0.12203187 -0.47288424 -0.14299431
v -0.11461687 -0.43677624 -0.14012431
v -0.11461687 -0.43677624 -0.14012431
v 0.15210713 -0.39844824 -0.13297631
v 0.15210713 -0.39844824 -0.13297631
v 0.15210713 -0.39844824 -0.13297631
v -0.13266487 -0.49189324 -0.14302731
v -0.13266487 -0.49189324 -0.14302731
v -0.09853387 -0.41193324 -0.13506131
v -0.09853387 -0.41193324 -0.13506131
v -0.09853387 -0.41193324 -0.13506131
v 0.16242613 -0.50753724 -0.14339331
v 0.16242613 -0.50753724 -0.14339331
v 0.16242613 -0.50753724 -0.14339331
v 0.17339013 -0.40295924 -0.12981131
v -0.08647787 -0.42916624 -0.14008131
v -0.08647787 -0.42916624 -0.14008131
v -0.08647787 -0.42916624 -0.14008131
v -0.14777487 -0.46520624 -0.13886331
v -0.14777487 -0.46520624 -0.13886331
v -0.14777487 -0.46520624 -0.13886331
v -0.14777487 -0.46520624 -0.13886331
v -0.14777487 -0.46520624 -0.13886331
v 0.19639313 -0.50825824 -0.12498231
v 0.19639313 -0.50825824 -0.12498231
v 0.19639313 -0.50825824 -0.12498231
v 0.18895013 -0.42161524 -0.13076431
v 0.18895013 -0.42161524 -0.13076431
v 0.19763113 -0.41061424 -0.11677631
v -0.09876787 -0.49234224 -0.14325531
v -0.09876787 -0.49234224 -0.14325531
v 0.06852413 0.09679376 0.08092869
v 0.06852413 0.09679376 0.08092869
v 0.06852413 0.09679376 0.08092869
v 0.06853413 0.08079576 0.07429469
v 0.06853413 0.08079576 0.07429469
v 0.06853413 0.08079576 0.07429469
v 0.07762713 0.09700276 0.08114269
v 0.07762713 0.09700276 0.08114269
v 0.07762713 0.09700276 0.08114269
v 0.21625113 -0.29094724 -0.00779431
v 0.21625113 -0.29094724 -0.00779431
v 0.21625113 -0.29094724 -0.00779431
v 0.15036613 0.08088576 0.07432069
v 0.15036613 0.08088576 0.07432069
v 0.15036613 0.08088576 0.07432069
v 0.15049013 0.09679576 0.08062569
v 0.15049013 0.09679576 0.08062569
v 0.15049013 0.09679576 0.08062569
v -0.04258087 -0.07835524 0.00222869
v -0.04258087 -0.07835524 0.00222869
v -0.04258087 -0.07835524 0.00222869
v -0.04095387 -0.08136724 -0.02476531
v -0.04095387 -0.08136724 -0.02476531
v -0.04095387 -0.08136724 -0.02476531
v -0.03079487 -0.06791924 -0.04272831
v -0.03079487 -0.06791924 -0.04272831
v -0.02542387 -0.00432524 -0.04888631
v -0.02542387 -0.00432524 -0.04888631
v -0.03940987 -0.08584024 -0.01975031
v -0.04055187 -0.08822324 0.00230869
v -0.04055187 -0.08822324 0.00230869
v -0.03139887 0.01949476 -0.04943131
v -0.03139887 0.01949476 -0.04943131
v -0.03139887 0.01949476 -0.04943131
v -0.02533087 0.00306576 0.05349869
v -0.02533087 0.00306576 0.05349869
v -0.03828287 0.02804376 0.05367069
v -0.03828287 0.02804376 0.05367069
v -0.03828287 0.02804376 0.05367069
v 0.16011013 0.08075276 -0.06981431
v 0.16011013 0.08075276 -0.06981431
v 0.16011013 0.08075276 -0.06981431
v 0.16275313 0.07673276 -0.07861231
v 0.16275313 0.07673276 -0.07861231
v 0.16275313 0.07673276 -0.07861231
v 0.15952813 0.09630476 -0.07679331
v 0.15952813 0.09630476 -0.07679331
v 0.15952813 0.09630476 -0.07679331
v -0.22361587 -0.56938524 -0.00156931
v -0.22361587 -0.56938524 -0.00156931
v -0.22361587 -0.56938524 -0.00156931
v 0.15040313 0.08083476 -0.06995031
v 0.15040313 0.08083476 -0.06995031
v 0.15040313 0.08083476 -0.06995031
v 0.14999913 0.09665776 -0.07675331
v 0.14999913 0.09665776 -0.07675331
v 0.14999913 0.09665776 -0.07675331
v 0.19673813 0.26888376 -0.08415531
v 0.19673813 0.26888376 -0.08415531
v 0.19673813 0.26888376 -0.08415531
v 0.20145913 0.21731976 -0.09851231
v 0.20145913 0.21731976 -0.09851231
v 0.21974713 0.16958076 -0.10235831
v 0.21974713 0.16958076 -0.10235831
v 0.21974713 0.16958076 -0.10235831
v 0.19884913 0.06727676 -0.06923531
v 0.19884913 0.06727676 -0.06923531
v 0.19884913 0.06727676 -0.06923531
v 0.25345313 0.07183976 -0.06797131
v 0.25345313 0.07183976 -0.06797131
v 0.25345313 0.07183976 -0.06797131
v 0.26201713 0.08109976 -0.07706631
v 0.26201713 0.08109976 -0.07706631
v 0.26201713 0.08109976 -0.07706631
v 0.07918413 0.07551876 -0.07886131
v 0.14761613 0.07722776 -0.07921331
v 0.14761613 0.07722776 -0.07921331
v 0.14761613 0.07722776 -0.07921331
v 0.14689913 0.09264676 -0.08975331
v 0.14689913 0.09264676 -0.08975331
v 0.14689913 0.09264676 -0.08975331
v 0.11976513 0.07691276 -0.07928731
v 0.11976513 0.07691276 -0.07928731
v 0.11976513 0.07691276 -0.07928731
v 0.11889913 0.09287976 -0.09005331
v 0.11889913 0.09287976 -0.09005331
v 0.11889913 0.09287976 -0.09005331
v 0.06629513 0.07677876 -0.07950531
v 0.06629513 0.07677876 -0.07950531
v 0.06629513 0.07677876 -0.07950531
v 0.05378813 0.09233476 -0.08962031
v 0.05378813 0.09233476 -0.08962031
v 0.05378813 0.09233476 -0.08962031
v 0.22408113 0.08359276 -0.08153431
v 0.22408113 0.08359276 -0.08153431
v 0.09951213 0.11120976 -0.10201031
v 0.09951213 0.11120976 -0.10201031
v 0.20076613 0.08785476 -0.08481031
v 0.20076613 0.08785476 -0.08481031
v 0.20076613 0.08785476 -0.08481031
v 0.08002213 0.09328076 -0.09034031
v 0.08002213 0.09328076 -0.09034031
v 0.08002213 0.09328076 -0.09034031
v 0.06532313 0.09269876 -0.08995031
v 0.06532313 0.09269876 -0.08995031
v 0.06532313 0.09269876 -0.08995031
v 0.09310113 0.07700476 -0.07969031
v 0.09310113 0.07700476 -0.07969031
v 0.09310113 0.07700476 -0.07969031
v 0.09264213 0.09271776 -0.08969531
v 0.09264213 0.09271776 -0.08969531
v 0.09264213 0.09271776 -0.08969531
v 0.16218513 0.09271976 -0.08911031
v 0.16218513 0.09271976 -0.08911031
v 0.16218513 0.09271976 -0.08911031
v -0.05091787 0.08013676 -0.07549631
v -0.05091787 0.08013676 -0.07549631
v -0.05091787 0.08013676 -0.07549631
v -0.05091787 0.08013676 -0.07549631
v 0.10745413 0.09244776 -0.08988931
v 0.10745413 0.09244776 -0.08988931
v 0.10745413 0.09244776 -0.08988931
v 0.19074013 0.09178476 -0.08801531
v 0.19074013 0.09178476 -0.08801531
v 0.19074013 0.09178476 -0.08801531
v 0.09286613 0.07670576 0.08352669
v 0.09286613 0.07670576 0.08352669
v 0.09286613 0.07670576 0.08352669
v 0.09609413 0.08084876 0.07425269
v 0.09609413 0.08084876 0.07425269
v 0.09609413 0.08084876 0.07425269
v 0.09312713 0.09345576 0.09430769
v 0.09312713 0.09345576 0.09430769
v 0.09312713 0.09345576 0.09430769
v 0.09592113 0.09662276 0.08091469
v 0.09592113 0.09662276 0.08091469
v 0.09592113 0.09662276 0.08091469
v 0.20229013 -0.61190124 -0.13990031
v 0.20229013 -0.61190124 -0.13990031
v 0.21829913 -0.59345724 -0.14057731
v 0.21829913 -0.59345724 -0.14057731
v 0.21941213 -0.61259824 -0.13904431
v 0.21941213 -0.61259824 -0.13904431
v 0.20095013 -0.61434724 -0.13232631
v 0.20095013 -0.61434724 -0.13232631
v 0.20095013 -0.61434724 -0.13232631
v 0.20095013 -0.61434724 -0.13232631
v -0.07340387 0.30324676 0.09818369
v -0.07340387 0.30324676 0.09818369
v -0.07340387 0.30324676 0.09818369
v -0.07513687 0.28334076 0.12113269
v -0.07513687 0.28334076 0.12113269
v -0.06591087 0.25903376 0.12650369
v -0.06591087 0.25903376 0.12650369
v -0.07857587 0.33951976 0.04996169
v -0.07857587 0.33951976 0.04996169
v -0.07857587 0.33951976 0.04996169
v -0.07857587 0.33951976 0.04996169
v -0.06729987 0.24272876 0.13967669
v -0.09781187 0.29610476 0.10881569
v -0.09781187 0.29610476 0.10881569
v -0.09781187 0.29610476 0.10881569
v -0.09020787 0.25471876 0.13319069
v -0.10421487 0.24770676 0.12882669
v -0.10421487 0.24770676 0.12882669
v -0.10421487 0.24770676 0.12882669
v -0.10421487 0.24770676 0.12882669
v -0.10421487 0.24770676 0.12882669
v -0.10996087 0.19117276 0.12861069
v -0.10996087 0.19117276 0.12861069
v -0.10996087 0.19117276 0.12861069
v -0.11452587 0.08140076 0.06351969
v -0.11452587 0.08140076 0.06351969
v -0.19269987 -0.61929124 -0.12375131
v -0.19269987 -0.61929124 -0.12375131
v -0.19930687 -0.60401724 -0.12377531
v -0.19930687 -0.60401724 -0.12377531
v -0.19930687 -0.60401724 -0.12377531
v -0.18150087 -0.60875524 -0.12330131
v -0.18150087 -0.60875524 -0.12330131
v -0.18150087 -0.60875524 -0.12330131
v -0.20235787 -0.59865524 -0.12346631
v -0.20235787 -0.59865524 -0.12346631
v -0.20235787 -0.59865524 -0.12346631
v -0.20263187 -0.61088724 -0.12458131
v -0.20263187 -0.61088724 -0.12458131
v -0.20263187 -0.61088724 -0.12458131
v -0.20956587 -0.60802324 -0.12333731
v -0.20956587 -0.60802324 -0.12333731
v -0.20956587 -0.60802324 -0.12333731
v -0.20986587 -0.59233524 -0.12383631
v -0.20986587 -0.59233524 -0.12383631
v -0.20986587 -0.59233524 -0.12383631
v 0.00207313 0.22652576 0.13086769
v 0.00207313 0.22652576 0.13086769
v 0.25073413 0.30589576 0.07775869
v 0.25073413 0.30589576 0.07775869
v 0.25073413 0.30589576 0.07775869
v 0.25073413 0.30589576 0.07775869
v 0.10791513 -0.26781824 0.06591269
v 0.10791513 -0.26781824 0.06591269
v 0.10791513 -0.26781824 0.06591269
v 0.10791513 -0.26781824 0.06591269
v 0.00159313 -0.10604924 -0.01213631
v -0.00913487 -0.10044224 0.00225169
v -0.01708787 -0.08930524 -0.03168131
v 0.00827313 -0.10566424 -0.02999731
v 0.00990413 -0.11346124 -0.02051731
v 0.00990413 -0.11346124 -0.02051731
v 0.00359313 -0.10934124 0.00253069
v -0.03994687 -0.08494824 0.02624269
v -0.03994687 -0.08494824 0.02624269
v -0.03994687 -0.08494824 0.02624269
v 0.00411713 -0.10340324 0.03296469
v 0.01000613 -0.11313524 0.02562569
v 0.01000613 -0.11313524 0.02562569
v 0.00940513 -0.12242124 0.00273569
v 0.00940513 -0.12242124 0.00273569
v 0.00940513 -0.12242124 0.00273569
v 0.00940513 -0.12242124 0.00273569
v 0.03526813 -0.13196624 -0.04534931
v 0.03526813 -0.13196624 -0.04534931
v 0.03526813 -0.13196624 -0.04534931
v 0.03526813 -0.13196624 -0.04534931
v 0.07714113 -0.13927624 0.06117869
v 0.07714113 -0.13927624 0.06117869
v 0.07714113 -0.13927624 0.06117869
v 0.07714113 -0.13927624 0.06117869
v 0.07723013 -0.13948524 -0.05700731
v 0.07723013 -0.13948524 -0.05700731
v 0.07723013 -0.13948524 -0.05700731
v 0.07723013 -0.13948524 -0.05700731
v 0.25176413 0.07120876 0.07216169
v 0.25176413 0.07120876 0.07216169
v 0.25176413 0.07120876 0.07216169
v 0.24048113 0.06435276 0.06557269
v 0.24048113 0.06435276 0.06557269
v 0.24048113 0.06435276 0.06557269
v 0.12974713 -0.07955724 0.06142469
v 0.12974713 -0.07955724 0.06142469
v 0.12974713 -0.07955724 0.06142469
v 0.18070113 -0.26480724 0.06333769
v 0.18070113 -0.26480724 0.06333769
v 0.05998313 0.04186476 -0.06543631
v 0.05998313 0.04186476 -0.06543631
v 0.05998313 0.04186476 -0.06543631
v 0.05998313 0.04186476 -0.06543631
v -0.20020387 -0.57193824 -0.15096731
v -0.20020387 -0.57193824 -0.15096731
v -0.20020387 -0.57193824 -0.15096731
v -0.15035687 -0.57202724 -0.15115431
v -0.15035687 -0.57202724 -0.15115431
v -0.20659887 -0.56975624 -0.14400731
v -0.20659887 -0.56975624 -0.14400731
v -0.20659887 -0.56975624 -0.14400731
v -0.20659887 -0.56975624 -0.14400731
v -0.14870487 -0.56898924 -0.14378431
v -0.14870487 -0.56898924 -0.14378431
v -0.14870487 -0.56898924 -0.14378431
v -0.14870487 -0.56898924 -0.14378431
v -0.12070187 -0.60733524 -0.14756331
v -0.12070187 -0.60733524 -0.14756331
v 0.02837813 -0.41012824 0.14002669
v 0.02837813 -0.41012824 0.14002669
v 0.02837813 -0.41012824 0.14002669
v 0.02837813 -0.41012824 0.14002669
v 0.02837813 -0.41012824 0.14002669
v 0.14837713 -0.40155724 0.13741969
v 0.14837713 -0.40155724 0.13741969
v 0.14837713 -0.40155724 0.13741969
v 0.15144113 -0.40032624 0.13221469
v 0.15144113 -0.40032624 0.13221469
v 0.15144113 -0.40032624 0.13221469
v 0.15144113 -0.40032624 0.13221469
v -0.09780087 0.30773776 -0.08859731
v -0.09780087 0.30773776 -0.08859731
v -0.09780087 0.30773776 -0.08859731
v -0.04667687 0.16978976 0.13712369
v -0.04667687 0.16978976 0.13712369
v -0.04667687 0.16978976 0.13712369
v -0.04667687 0.16978976 0.13712369
v -0.08846287 -0.42893724 0.14109169
v -0.08846287 -0.42893724 0.14109169
v -0.08846287 -0.42893724 0.14109169
v -0.18547187 0.13550876 -0.08630831
v -0.18547187 0.13550876 -0.08630831
v -0.11447887 0.12901576 -0.08708431
v -0.11447887 0.12901576 -0.08708431
v -0.18267487 0.11795976 -0.06714331
v -0.18267487 0.11795976 -0.06714331
v -0.11628287 0.11128976 -0.06827531
v -0.11628287 0.11128976 -0.06827531
v -0.12030587 0.09584376 -0.03728731
v -0.12030587 0.09584376 -0.03728731
v -0.12030587 0.09584376 -0.03728731
v -0.18491187 0.14011276 -0.09031231
v -0.18491187 0.14011276 -0.09031231
v -0.11438687 0.13222076 -0.09027031
v -0.11438687 0.13222076 -0.09027031
v -0.18787287 0.10525876 -0.04077931
v -0.18787287 0.10525876 -0.04077931
v -0.18787287 0.10525876 -0.04077931
v -0.18787287 0.10525876 -0.04077931
v -0.18046387 0.14932576 -0.09789431
v -0.11340187 0.15259776 -0.10529131
v -0.11340187 0.15259776 -0.10529131
v -0.11340187 0.15259776 -0.10529131
v -0.11339787 0.14366676 -0.09733731
v -0.11339787 0.14366676 -0.09733731
v -0.11231787 0.15571676 -0.10507431
v -0.11231787 0.15571676 -0.10507431
v -0.17813687 0.17440076 -0.11121431
v -0.17813687 0.17440076 -0.11121431
v -0.11121487 0.17758776 -0.11692031
v -0.11121487 0.17758776 -0.11692031
v -0.17824287 0.18703876 -0.11682231
v -0.11065887 0.18139876 -0.11657131
v -0.11065887 0.18139876 -0.11657131
v -0.18263787 0.16161576 -0.10551731
v -0.18263787 0.16161576 -0.10551731
v -0.18263787 0.16161576 -0.10551731
v -0.18263787 0.16161576 -0.10551731
v 0.06352013 0.04099476 0.06955269
v 0.06352013 0.04099476 0.06955269
v 0.06352013 0.04099476 0.06955269
v 0.33924213 0.12479976 0.03036669
v 0.33924213 0.12479976 0.03036669
v -0.20452487 -0.55323524 -0.14915331
v -0.20452487 -0.55323524 -0.14915331
v -0.20452487 -0.55323524 -0.14915331
v -0.09772287 -0.48899824 0.15321069
v -0.09772287 -0.48899824 0.15321069
v -0.09662087 -0.48448824 0.15566869
v -0.09662087 -0.48448824 0.15566869
v 0.03641513 -0.43765024 0.15608169
v 0.03641513 -0.43765024 0.15608169
v 0.15811413 -0.50414624 0.15070469
v 0.16711613 -0.42800724 0.15379869
v 0.16711613 -0.42800724 0.15379869
v 0.17279513 -0.50423824 0.14765969
v 0.18974713 -0.42713424 0.14676669
v 0.18974713 -0.42713424 0.14676669
v 0.23872713 -0.42393624 0.10724169
v 0.23872713 -0.42393624 0.10724169
v 0.23872713 -0.42393624 0.10724169
v 0.10439413 0.09649476 -0.07673731
v 0.10439413 0.09649476 -0.07673731
v 0.10439413 0.09649476 -0.07673731
v 0.09580413 0.09682176 -0.07693431
v 0.09580413 0.09682176 -0.07693431
v 0.09580413 0.09682176 -0.07693431
v 0.10494113 0.08068076 -0.07021831
v 0.10494113 0.08068076 -0.07021831
v 0.10494113 0.08068076 -0.07021831
v -0.20332487 -0.59094624 -0.14817831
v -0.20332487 -0.59094624 -0.14817831
v -0.20332487 -0.59094624 -0.14817831
v -0.04762887 0.11536976 0.10605269
v -0.04762887 0.11536976 0.10605269
v -0.04762887 0.11536976 0.10605269
v -0.04762887 0.11536976 0.10605269
v -0.05047687 0.09420576 0.08957669
v -0.05047687 0.09420576 0.08957669
v 0.19959113 0.22448876 0.10122769
v 0.19959113 0.22448876 0.10122769
v 0.18983113 0.26933676 0.08902369
v 0.18983113 0.26933676 0.08902369
v 0.18983113 0.26933676 0.08902369
v -0.19807887 -0.56654324 -0.15111831
v -0.19807887 -0.56654324 -0.15111831
v -0.08932587 0.34405776 0.04106369
v -0.08932587 0.34405776 0.04106369
v -0.08932587 0.34405776 0.04106369
v -0.08142687 0.32972876 0.07332469
v -0.08142687 0.32972876 0.07332469
v -0.07960787 0.34867376 0.01724169
v -0.07960787 0.34867376 0.01724169
v -0.07960787 0.34867376 0.01724169
v -0.08769487 0.35035876 0.00048069
v -0.08769487 0.35035876 0.00048069
v -0.08769487 0.35035876 0.00048069
v -0.07954887 0.31044276 0.09921469
v -0.07954887 0.31044276 0.09921469
v -0.24476087 0.28665476 0.11341569
v -0.24476087 0.28665476 0.11341569
v -0.09917587 0.29667676 -0.09748731
v -0.09917587 0.29667676 -0.09748731
v -0.16928587 0.30344376 -0.09709531
v -0.16928587 0.30344376 -0.09709531
v -0.16783987 0.31324576 -0.08846031
v -0.16783987 0.31324576 -0.08846031
v -0.16571287 0.32861576 -0.07302931
v -0.16571287 0.32861576 -0.07302931
v -0.16571287 0.32861576 -0.07302931
v -0.10203887 0.27248576 -0.11161231
v -0.10203887 0.27248576 -0.11161231
v -0.17082587 0.27834076 -0.11137831
v -0.17097387 0.26476576 -0.11638931
v -0.10254587 0.26934876 -0.11426931
v -0.10254587 0.26934876 -0.11426931
v -0.10344987 0.25914076 -0.11642731
v -0.10344987 0.25914076 -0.11642731
v -0.17392287 0.26318176 -0.11797131
v -0.17392287 0.26318176 -0.11797131
v -0.17359587 0.25374276 -0.11980831
v -0.17359587 0.25374276 -0.11980831
v -0.10077387 0.28420476 -0.10540231
v -0.10077387 0.28420476 -0.10540231
v -0.17272787 0.24922376 -0.12104231
v -0.10819687 0.21314876 -0.12419831
v -0.10819687 0.21314876 -0.12419831
v -0.10819687 0.21314876 -0.12419831
v -0.10491087 0.24719576 -0.11997231
v -0.10491087 0.24719576 -0.11997231
v -0.17159887 0.29120976 -0.10511831
v -0.17159887 0.29120976 -0.10511831
v -0.08720887 -0.53493324 -0.14859931
v -0.08720887 -0.53493324 -0.14859931
v -0.08720887 -0.53493324 -0.14859931
v -0.10472487 -0.52974724 -0.14828931
v -0.10472487 -0.52974724 -0.14828931
v -0.10472487 -0.52974724 -0.14828931
v -0.09296687 -0.52110024 -0.14836231
v -0.09296687 -0.52110024 -0.14836231
v -0.09296687 -0.52110024 -0.14836231
v 0.13301213 0.24656976 0.11608869
v 0.13301213 0.24656976 0.11608869
v 0.13301213 0.24656976 0.11608869
v 0.12358313 0.26042476 0.11280769
v 0.12358313 0.26042476 0.11280769
v 0.12358313 0.26042476 0.11280769
v 0.13402613 0.26159876 0.11332369
v 0.13402613 0.26159876 0.11332369
v 0.13402613 0.26159876 0.11332369
v 0.12369213 0.24849276 0.11584469
v 0.12369213 0.24849276 0.11584469
v 0.12369213 0.24849276 0.11584469
v 0.05112613 0.08112876 -0.07024431
v 0.05112613 0.08112876 -0.07024431
v 0.05112613 0.08112876 -0.07024431
v 0.05367113 0.07720876 -0.07965631
v 0.05367113 0.07720876 -0.07965631
v 0.05367113 0.07720876 -0.07965631
v 0.05005713 -0.32798924 0.02026469
v 0.04731013 -0.33152424 0.00199969
v 0.04494413 -0.34458924 0.02971669
v 0.03450213 -0.35240824 0.00224369
v 0.03450213 -0.35240824 0.00224369
v 0.05294613 -0.31610024 -0.02483231
v 0.05294613 -0.31610024 -0.02483231
v 0.05294613 -0.31610024 -0.02483231
v 0.06139613 -0.33107124 -0.04188331
v 0.06139613 -0.33107124 -0.04188331
v 0.07837813 -0.30437724 0.05594569
v 0.07837813 -0.30437724 0.05594569
v 0.10187213 -0.28056024 0.06471769
v 0.10187213 -0.28056024 0.06471769
v 0.10187213 -0.28056024 0.06471769
v 0.05777213 -0.33102724 0.04068969
v 0.06582313 -0.34003824 0.05348469
v 0.06582313 -0.34003824 0.05348469
v 0.06582313 -0.34003824 0.05348469
v 0.08382213 -0.34612524 0.06675169
v 0.08382213 -0.34612524 0.06675169
v 0.08382213 -0.34612524 0.06675169
v 0.04922413 -0.31714724 0.00232769
v 0.04922413 -0.31714724 0.00232769
v 0.04922413 -0.31714724 0.00232769
v 0.04922413 -0.31714724 0.00232769
v 0.05287213 -0.31605824 0.02748569
v 0.05287213 -0.31605824 0.02748569
v 0.05287213 -0.31605824 0.02748569
v 0.08593913 -0.29949624 -0.05639231
v 0.08593913 -0.29949624 -0.05639231
v 0.16419513 0.06473976 -0.06796331
v 0.16419513 0.06473976 -0.06796331
v 0.16419513 0.06473976 -0.06796331
v 0.16419513 0.06473976 -0.06796331
v 0.16419513 0.06473976 -0.06796331
v 0.24160013 0.06388476 -0.06163431
v 0.24160013 0.06388476 -0.06163431
v 0.24160013 0.06388476 -0.06163431
v 0.24160013 0.06388476 -0.06163431
v 0.03362813 0.06561776 -0.07274731
v 0.03362813 0.06561776 -0.07274731
v 0.03362813 0.06561776 -0.07274731
v -0.02177987 0.06886176 -0.07237231
v -0.02177987 0.06886176 -0.07237231
v -0.02177987 0.06886176 -0.07237231
v 0.06701713 0.04644976 0.06929969
v 0.06701713 0.04644976 0.06929969
v 0.06701713 0.04644976 0.06929969
v 0.18627513 0.04782976 0.05729369
v 0.18627513 0.04782976 0.05729369
v 0.17346313 0.17064076 0.12582169
v 0.17346313 0.17064076 0.12582169
v 0.17346313 0.17064076 0.12582169
v -0.08811687 -0.42890924 -0.13649731
v -0.08811687 -0.42890924 -0.13649731
v -0.08811687 -0.42890924 -0.13649731
v -0.08811687 -0.42890924 -0.13649731
v 0.04325313 -0.40730824 -0.13667431
v 0.04325313 -0.40730824 -0.13667431
v 0.26443213 0.21681976 -0.10952831
v 0.26443213 0.21681976 -0.10952831
v 0.25134313 0.20574276 -0.11536631
v 0.25134313 0.20574276 -0.11536631
v 0.22461913 0.16662876 -0.11876931
v 0.22461913 0.16662876 -0.11876931
v 0.22461913 0.16662876 -0.11876931
v 0.22461913 0.16662876 -0.11876931
v 0.21326413 -0.61389524 -0.13187331
v 0.21326413 -0.61389524 -0.13187331
v 0.21326413 -0.61389524 -0.13187331
v 0.21357113 -0.61268024 -0.12406931
v 0.21357113 -0.61268024 -0.12406931
v 0.21357113 -0.61268024 -0.12406931
v 0.23003513 -0.56823024 0.14720869
v 0.23003513 -0.56823024 0.14720869
v 0.23003513 -0.56823024 0.14720869
v 0.21072113 0.16974076 0.11971369
v 0.21072113 0.16974076 0.11971369
v 0.21072113 0.16974076 0.11971369
v 0.21072113 0.16974076 0.11971369
v 0.21309513 0.17018876 0.10746169
v 0.21309513 0.17018876 0.10746169
v 0.21309513 0.17018876 0.10746169
v 0.21309513 0.17018876 0.10746169
v 0.15166713 -0.53015724 0.15271069
v 0.15166713 -0.53015724 0.15271069
v 0.15166713 -0.53015724 0.15271069
v 0.14226113 -0.52277724 0.15248469
v 0.14226113 -0.52277724 0.15248469
v 0.14226113 -0.52277724 0.15248469
v 0.00558013 -0.49410324 -0.14817731
v 0.00558013 -0.49410324 -0.14817731
v -0.09989887 -0.48914624 -0.14833431
v -0.09989887 -0.48914624 -0.14833431
v 0.04394413 0.08754776 0.11068169
v 0.04394413 0.08754776 0.11068169
v 0.04394413 0.08754776 0.11068169
v 0.04127513 0.09857776 0.09739069
v 0.04127513 0.09857776 0.09739069
v 0.04025313 0.09302076 0.09317869
v 0.04025313 0.09302076 0.09317869
v 0.04025313 0.09302076 0.09317869
v 0.04025313 0.09302076 0.09317869
v 0.04025313 0.09302076 0.09317869
v 0.04025313 0.09302076 0.09317869
v 0.03959513 0.11131576 0.12185169
v 0.03959513 0.11131576 0.12185169
v 0.03959513 0.11131576 0.12185169
v 0.13463313 0.09242776 -0.08954631
v 0.13463313 0.09242776 -0.08954631
v 0.13463313 0.09242776 -0.08954631
v 0.13476713 0.07657176 -0.07893931
v 0.13476713 0.07657176 -0.07893931
v 0.13476713 0.07657176 -0.07893931
v 0.13226713 0.08072076 -0.06998131
v 0.13226713 0.08072076 -0.06998131
v 0.13226713 0.08072076 -0.06998131
v 0.13169313 0.09645676 -0.07666731
v 0.13169313 0.09645676 -0.07666731
v 0.13169313 0.09645676 -0.07666731
v 0.12252013 0.08077676 -0.06985031
v 0.12252013 0.08077676 -0.06985031
v 0.12252013 0.08077676 -0.06985031
v 0.17465613 0.09249576 0.09309169
v 0.17465613 0.09249576 0.09309169
v 0.17465613 0.09249576 0.09309169
v 0.17830513 0.08098976 0.07396669
v 0.17830513 0.08098976 0.07396669
v 0.17830513 0.08098976 0.07396669
v 0.17581013 0.07708476 0.08231069
v 0.17581013 0.07708476 0.08231069
v 0.17581013 0.07708476 0.08231069
v 0.06546213 0.09319976 0.09409969
v 0.06546213 0.09319976 0.09409969
v 0.06546213 0.09319976 0.09409969
v 0.06568313 0.07702576 0.08353569
v 0.06568313 0.07702576 0.08353569
v 0.06568313 0.07702576 0.08353569
v 0.06568313 0.07702576 0.08353569
v 0.06568313 0.07702576 0.08353569
v 0.24248213 0.21403576 0.10001269
v 0.24248213 0.21403576 0.10001269
v 0.22783613 0.26855176 0.08788369
v 0.22783613 0.26855176 0.08788369
v 0.22783613 0.26855176 0.08788369
v 0.24324413 0.16652676 0.10470369
v 0.24324413 0.16652676 0.10470369
v 0.24324413 0.16652676 0.10470369
v -0.14290487 -0.46851024 0.15245569
v -0.14290487 -0.46851024 0.15245569
v -0.14290487 -0.46851024 0.15245569
v -0.13372687 -0.48934224 0.14465869
v -0.13372687 -0.48934224 0.14465869
v 0.04185213 0.10825776 -0.11503231
v 0.04185213 0.10825776 -0.11503231
v 0.04185213 0.10825776 -0.11503231
v 0.04301113 0.08653376 -0.10947731
v 0.04301113 0.08653376 -0.10947731
v 0.07587213 -0.14059724 0.06404969
v 0.07587213 -0.14059724 0.06404969
v 0.07587213 -0.14059724 0.06404969
v 0.09412713 -0.20790324 0.06275369
v 0.09412713 -0.20790324 0.06275369
v 0.21976713 -0.59620324 0.13757669
v 0.21976713 -0.59620324 0.13757669
v 0.21976713 -0.59620324 0.13757669
v 0.21325613 -0.61320024 0.13573569
v 0.21325613 -0.61320024 0.13573569
v 0.21325613 -0.61320024 0.13573569
v 0.12250013 0.09714676 -0.07683631
v 0.12250013 0.09714676 -0.07683631
v 0.12250013 0.09714676 -0.07683631
v 0.04170713 0.09615976 -0.07754731
v 0.04170713 0.09615976 -0.07754731
v 0.04170713 0.09615976 -0.07754731
v 0.10764013 0.09223076 0.09357269
v 0.10764013 0.09223076 0.09357269
v 0.10764013 0.09223076 0.09357269
v 0.04184913 0.08095676 0.07447669
v 0.04184913 0.08095676 0.07447669
v 0.04184913 0.08095676 0.07447669
v 0.05385813 0.07721476 0.08336169
v 0.05385813 0.07721476 0.08336169
v 0.05385813 0.07721476 0.08336169
v 0.05385813 0.07721476 0.08336169
v 0.13340613 0.01454476 -0.04765731
v 0.13340613 0.01454476 -0.04765731
v 0.13340613 0.01454476 -0.04765731
v 0.12312513 0.01588776 -0.04895731
v 0.12312513 0.01588776 -0.04895731
v 0.12312513 0.01588776 -0.04895731
v 0.13098513 0.02566176 -0.04808731
v 0.13098513 0.02566176 -0.04808731
v 0.13098513 0.02566176 -0.04808731
v 0.13098513 0.02566176 -0.04808731
v 0.18131813 -0.37812624 -0.09588631
v 0.18131813 -0.37812624 -0.09588631
v 0.20761713 -0.37729624 -0.07687631
v 0.20761713 -0.37729624 -0.07687631
v 0.19034113 -0.38384724 -0.09645531
v 0.19034113 -0.38384724 -0.09645531
v 0.19034113 -0.38384724 -0.09645531
v 0.21995913 -0.38489224 -0.07138831
v 0.21211213 -0.39013824 -0.09537331
v 0.21211213 -0.39013824 -0.09537331
v 0.23559713 -0.40968224 -0.03377831
v 0.23559713 -0.40968224 -0.03377831
v 0.17223913 -0.37806324 0.10177169
v 0.17223913 -0.37806324 0.10177169
v 0.21302113 -0.38470624 0.08446569
v 0.21302113 -0.38470624 0.08446569
v 0.21430013 -0.39083824 0.09628469
v 0.21430013 -0.39083824 0.09628469
v 0.22119313 -0.37827024 0.06268969
v 0.22501313 -0.37747724 0.04291169
v 0.22501313 -0.37747724 0.04291169
v 0.22501313 -0.37747724 0.04291169
v 0.23845113 -0.40944824 0.01389369
v 0.23845113 -0.40944824 0.01389369
v 0.22483213 -0.41212624 -0.08487931
v 0.22483213 -0.41212624 -0.08487931
v 0.22483213 -0.41212624 -0.08487931
v 0.22901113 -0.37754124 0.00569969
v 0.22901113 -0.37754124 0.00569969
v 0.20424913 -0.37704624 0.08406869
v 0.20424913 -0.37704624 0.08406869
v 0.18133113 -0.37806724 0.09595869
v 0.18133113 -0.37806724 0.09595869
v 0.18133113 -0.37806724 0.09595869
v 0.10443313 0.09683876 0.08083269
v 0.10443313 0.09683876 0.08083269
v 0.10443313 0.09683876 0.08083269
v -0.15982987 -0.46370524 0.09546069
v -0.15982987 -0.46370524 0.09546069
v -0.15982987 -0.46370524 0.09546069
v 0.17872613 -0.26702924 -0.05643531
v 0.17872613 -0.26702924 -0.05643531
v 0.19107013 -0.27856224 -0.05091831
v 0.19107013 -0.27856224 -0.05091831
v 0.19107013 -0.27856224 -0.05091831
v 0.19107013 -0.27856224 -0.05091831
v 0.19107013 -0.27856224 -0.05091831
v -0.16457887 -0.46238624 0.06429769
v -0.16457887 -0.46238624 0.06429769
v -0.16457887 -0.46238624 0.06429769
v -0.16457887 -0.46238624 0.06429769
v -0.16457887 -0.46238624 0.06429769
v -0.20526687 -0.51877124 0.04860969
v -0.20526687 -0.51877124 0.04860969
v -0.20526687 -0.51877124 0.04860969
v -0.22055187 -0.55865924 0.04079869
v -0.22055187 -0.55865924 0.04079869
v -0.22055187 -0.55865924 0.04079869
v -0.22055187 -0.55865924 0.04079869
v 0.20233713 -0.61297224 0.13618969
v 0.20233713 -0.61297224 0.13618969
v -0.13912087 -0.46715824 0.14711769
v -0.13912087 -0.46715824 0.14711769
v -0.13912087 -0.46715824 0.14711769
v -0.13912087 -0.46715824 0.14711769
v -0.17395187 -0.49398424 0.15012169
v -0.17395187 -0.49398424 0.15012169
v -0.17395187 -0.49398424 0.15012169
v -0.16065687 -0.46523824 0.09249669
v -0.16065687 -0.46523824 0.09249669
v -0.16065687 -0.46523824 0.09249669
v -0.16065687 -0.46523824 0.09249669
v -0.16065687 -0.46523824 0.09249669
v -0.18201587 -0.48539024 0.08743169
v -0.18201587 -0.48539024 0.08743169
v 0.13991213 -0.53903224 -0.14813831
v 0.13991213 -0.53903224 -0.14813831
v 0.15060213 -0.53571724 -0.14844931
v 0.15060213 -0.53571724 -0.14844931
v 0.15060213 -0.53571724 -0.14844931
v 0.13954313 -0.52312224 -0.14829831
v 0.13954313 -0.52312224 -0.14829831
v 0.13954313 -0.52312224 -0.14829831
v 0.13482913 -0.53204024 -0.14818931
v 0.13482913 -0.53204024 -0.14818931
v 0.13482913 -0.53204024 -0.14818931
v 0.17841513 0.09653276 0.08042169
v 0.17841513 0.09653276 0.08042169
v 0.17841513 0.09653276 0.08042169
v 0.18745913 0.09606976 0.07992669
v 0.18745913 0.09606976 0.07992669
v 0.18745913 0.09606976 0.07992669
v -0.19920187 -0.60383624 0.12768169
v -0.19920187 -0.60383624 0.12768169
v -0.19920187 -0.60383624 0.12768169
v -0.18180987 -0.60927324 -0.11505731
v -0.18180987 -0.60927324 -0.11505731
v 0.00050613 0.34582176 0.05908769
v 0.00050613 0.34582176 0.05908769
v 0.00006813 0.32752476 0.07335769
v 0.00006813 0.32752476 0.07335769
v -0.00379887 0.34500576 0.04008369
v -0.00379887 0.34500576 0.04008369
v -0.00379887 0.34500576 0.04008369
v -0.00379887 0.34500576 0.04008369
v 0.26355613 0.09609676 -0.08897931
v 0.26355613 0.09609676 -0.08897931
v 0.26355613 0.09609676 -0.08897931
v 0.05035513 0.11980176 -0.10591931
v 0.05035513 0.11980176 -0.10591931
v 0.05035513 0.11980176 -0.10591931
v 0.05035513 0.11980176 -0.10591931
v 0.21771913 -0.61815024 -0.12221231
v 0.21771913 -0.61815024 -0.12221231
v 0.22517013 -0.61535824 -0.12278031
v 0.22517013 -0.61535824 -0.12278031
v 0.22517013 -0.61535824 -0.12278031
v 0.16010713 0.08111876 0.07414469
v 0.16010713 0.08111876 0.07414469
v 0.16010713 0.08111876 0.07414469
v -0.16995987 -0.46117424 0.06135369
v -0.16995987 -0.46117424 0.06135369
v -0.16995987 -0.46117424 0.06135369
v -0.18893587 -0.48731624 0.05379369
v -0.18893587 -0.48731624 0.05379369
v -0.19948787 -0.55267424 0.15431269
v -0.19948787 -0.55267424 0.15431269
v -0.19948787 -0.55267424 0.15431269
v 0.27611913 0.31388576 0.05386569
v 0.27611913 0.31388576 0.05386569
v 0.27611913 0.31388576 0.05386569
v 0.25293113 0.30741976 0.08069769
v 0.25293113 0.30741976 0.08069769
v 0.25293113 0.30741976 0.08069769
v 0.32011613 0.27198976 0.08124969
v 0.32011613 0.27198976 0.08124969
v 0.28641513 0.22424876 0.11075769
v 0.32195313 0.23943076 0.09403569
v 0.29712213 0.22130676 0.10760469
v 0.29712213 0.22130676 0.10760469
v 0.29712213 0.22130676 0.10760469
v 0.30590113 0.19222776 0.10627469
v 0.30590113 0.19222776 0.10627469
v 0.30590113 0.19222776 0.10627469
v 0.32336913 0.18661876 0.09884069
v 0.32336913 0.18661876 0.09884069
v 0.32336913 0.18661876 0.09884069
v 0.30545113 0.15790876 0.10464969
v 0.30545113 0.15790876 0.10464969
v 0.31392613 0.14061576 0.09948569
v 0.31392613 0.14061576 0.09948569
v 0.31392613 0.14061576 0.09948569
v 0.31392613 0.14061576 0.09948569
v 0.00231513 0.22669576 -0.12654831
v 0.00231513 0.22669576 -0.12654831
v 0.00231513 0.22669576 -0.12654831
v 0.00231513 0.22669576 -0.12654831
v 0.05068613 0.09659876 0.08105769
v 0.05068613 0.09659876 0.08105769
v 0.05068613 0.09659876 0.08105769
v -0.26726787 0.28282476 0.10213569
v -0.26726787 0.28282476 0.10213569
v -0.26726787 0.28282476 0.10213569
v -0.27326687 0.16949776 -0.09619031
v -0.27326687 0.16949776 -0.09619031
v -0.27326687 0.16949776 -0.09619031
v -0.23165887 0.16271076 -0.10084531
v -0.23165887 0.16271076 -0.10084531
v -0.27169487 0.17031976 -0.09071831
v -0.27169487 0.17031976 -0.09071831
v -0.27169487 0.17031976 -0.09071831
v 0.18783813 0.08047276 -0.06966431
v 0.18783813 0.08047276 -0.06966431
v 0.18783813 0.08047276 -0.06966431
v 0.18740013 0.09629776 -0.07646231
v 0.18740013 0.09629776 -0.07646231
v 0.18740013 0.09629776 -0.07646231
v 0.07814413 0.08078576 -0.07005031
v 0.07814413 0.08078576 -0.07005031
v 0.07814413 0.08078576 -0.07005031
v 0.06863413 0.09694976 -0.07710031
v 0.06863413 0.09694976 -0.07710031
v 0.06863413 0.09694976 -0.07710031
v 0.10498913 0.08092776 0.07443769
v 0.10498913 0.08092776 0.07443769
v 0.10498913 0.08092776 0.07443769
v -0.15787787 -0.45098524 -0.00245631
v -0.15787787 -0.45098524 -0.00245631
v -0.15640687 -0.44902924 -0.06392831
v -0.15640687 -0.44902924 -0.06392831
v -0.15640687 -0.44902924 -0.06392831
v -0.15271087 -0.44636024 -0.08278031
v -0.15271087 -0.44636024 -0.08278031
v -0.15826387 -0.44929224 0.05050069
v -0.15826387 -0.44929224 0.05050069
v -0.15826387 -0.44929224 0.05050069
v -0.15260687 -0.44595224 0.08748769
v -0.15260687 -0.44595224 0.08748769
v -0.15260687 -0.44595224 0.08748769
v -0.16736687 -0.45786924 0.04135369
v -0.16736687 -0.45786924 0.04135369
v -0.16473887 -0.46112624 -0.08805531
v -0.16473887 -0.46112624 -0.08805531
v -0.16473887 -0.46112624 -0.08805531
v -0.16473887 -0.46112624 -0.08805531
v -0.16473887 -0.46112624 -0.08805531
v -0.14885787 -0.43900624 -0.08602931
v -0.14885787 -0.43900624 -0.08602931
v -0.14885787 -0.43900624 -0.08602931
v -0.14885787 -0.43900624 -0.08602931
v -0.14467987 -0.43550524 -0.09453631
v -0.14467987 -0.43550524 -0.09453631
v -0.14467987 -0.43550524 -0.09453631
v -0.14585687 -0.43962224 0.09935869
v -0.14585687 -0.43962224 0.09935869
v -0.14585687 -0.43962224 0.09935869
v -0.14683387 -0.43995824 -0.09518331
v -0.14683387 -0.43995824 -0.09518331
v -0.14683387 -0.43995824 -0.09518331
v 0.15830213 0.06359576 0.07269169
v 0.15830213 0.06359576 0.07269169
v 0.15830213 0.06359576 0.07269169
v 0.04183213 0.08115976 -0.07022231
v 0.04183213 0.08115976 -0.07022231
v 0.04183213 0.08115976 -0.07022231
v 0.04007213 0.09277776 -0.08898731
v 0.04007213 0.09277776 -0.08898731
v 0.04007213 0.09277776 -0.08898731
v 0.04007213 0.09277776 -0.08898731
v 0.04007213 0.09277776 -0.08898731
v 0.18812813 0.08089176 0.07391469
v 0.18812813 0.08089176 0.07391469
v 0.18812813 0.08089176 0.07391469
v 0.19013513 0.09221876 0.09222869
v 0.19013513 0.09221876 0.09222869
v 0.19013513 0.09221876 0.09222869
v 0.19013513 0.09221876 0.09222869
v 0.11916413 0.09284076 0.09375869
v 0.11916413 0.09284076 0.09375869
v 0.11916413 0.09284076 0.09375869
v 0.12238713 0.08069976 0.07413769
v 0.12238713 0.08069976 0.07413769
v 0.12238713 0.08069976 0.07413769
v 0.11947613 0.07693676 0.08323869
v 0.11947613 0.07693676 0.08323869
v 0.11947613 0.07693676 0.08323869
v 0.13155513 0.09659376 0.08041369
v 0.13155513 0.09659376 0.08041369
v 0.13155513 0.09659376 0.08041369
v 0.13471513 0.07709776 0.08307269
v 0.13471513 0.07709776 0.08307269
v 0.13471513 0.07709776 0.08307269
v 0.13471513 0.07709776 0.08307269
v 0.13448513 0.09279176 0.09383869
v 0.13448513 0.09279176 0.09383869
v 0.13448513 0.09279176 0.09383869
v -0.14201087 -0.46939624 -0.14807431
v -0.14201087 -0.46939624 -0.14807431
v -0.14201087 -0.46939624 -0.14807431
v -0.13782287 -0.49030424 -0.15064731
v -0.13782287 -0.49030424 -0.15064731
v -0.11736187 -0.50846924 -0.15105631
v -0.11736187 -0.50846924 -0.15105631
v -0.11736187 -0.50846924 -0.15105631
v -0.11609187 -0.50592824 -0.14329131
v -0.11609187 -0.50592824 -0.14329131
v -0.11609187 -0.50592824 -0.14329131
v 0.04193213 0.09669276 0.08126769
v 0.04193213 0.09669276 0.08126769
v 0.04193213 0.09669276 0.08126769
v 0.10753513 0.07681876 -0.07932631
v 0.10753513 0.07681876 -0.07932631
v 0.10753513 0.07681876 -0.07932631
v -0.09636787 0.31579276 -0.08019631
v -0.09636787 0.31579276 -0.08019631
v -0.09636787 0.31579276 -0.08019631
v -0.16837887 0.32251376 -0.07956231
v -0.16837887 0.32251376 -0.07956231
v -0.16837887 0.32251376 -0.07956231
v 0.08054513 0.07719876 -0.07914031
v 0.08054513 0.07719876 -0.07914031
v 0.08054513 0.07719876 -0.07914031
v 0.07770813 0.09660676 -0.07682231
v 0.07770813 0.09660676 -0.07682231
v 0.07770813 0.09660676 -0.07682231
v 0.16276513 0.09238076 0.09307869
v 0.16276513 0.09238076 0.09307869
v 0.16276513 0.09238076 0.09307869
v 0.16293513 0.07688876 0.08251969
v 0.16293513 0.07688876 0.08251969
v 0.16293513 0.07688876 0.08251969
v 0.16293513 0.07688876 0.08251969
v 0.15968313 0.09628376 0.08069469
v 0.15968313 0.09628376 0.08069469
v 0.15968313 0.09628376 0.08069469
v -0.11173187 0.16856576 0.11661369
v -0.11173187 0.16856576 0.11661369
v -0.11173187 0.16856576 0.11661369
v -0.17841687 0.17372576 0.11656069
v 0.01039513 0.28425076 0.10965169
v 0.01039513 0.28425076 0.10965169
v 0.02326713 0.27015076 0.11569969
v 0.02326713 0.27015076 0.11569969
v 0.01079213 0.28611176 0.11903569
v 0.01079213 0.28611176 0.11903569
v -0.02170087 0.29214576 0.10817269
v 0.13476813 -0.53770824 0.14563769
v 0.13476813 -0.53770824 0.14563769
v 0.14235513 -0.54145424 0.14550669
v 0.14235513 -0.54145424 0.14550669
v 0.14235513 -0.54145424 0.14550669
v 0.14235513 -0.54145424 0.14550669
v 0.14235513 -0.54145424 0.14550669
v -0.20967087 -0.60156224 0.11648669
v -0.20967087 -0.60156224 0.11648669
v -0.20967087 -0.60156224 0.11648669
v -0.20967087 -0.60156224 0.11648669
v 0.25770413 0.16270976 -0.11558931
v 0.25770413 0.16270976 -0.11558931
v 0.25770413 0.16270976 -0.11558931
v 0.25770413 0.16270976 -0.11558931
v 0.05106613 0.08102576 0.07467069
v 0.05106613 0.08102576 0.07467069
v 0.05106613 0.08102576 0.07467069
v 0.05367113 0.09199776 0.09343969
v 0.05367113 0.09199776 0.09343969
v 0.05367113 0.09199776 0.09343969
v 0.05367113 0.09199776 0.09343969
v -0.18170287 -0.60943424 0.11924969
v -0.18170287 -0.60943424 0.11924969
v -0.10294287 -0.40251824 0.10684569
v -0.10294287 -0.40251824 0.10684569
v -0.02352187 -0.38984924 0.10692569
v -0.02352187 -0.38984924 0.10692569
v -0.01669987 -0.39793924 0.13920569
v -0.01669987 -0.39793924 0.13920569
v 0.05934213 -0.38351624 0.10693169
v 0.05934213 -0.38351624 0.10693169
v 0.18915013 -0.38344024 0.09922869
v 0.18915013 -0.38344024 0.09922869
v 0.07192013 -0.39012124 0.13630669
v 0.07192013 -0.39012124 0.13630669
v 0.07817813 0.08101776 0.07445369
v 0.07817813 0.08101776 0.07445369
v 0.07817813 0.08101776 0.07445369
v 0.08088413 0.07683676 0.08314869
v 0.08088413 0.07683676 0.08314869
v 0.08088413 0.07683676 0.08314869
v 0.00642213 0.23994576 0.13844369
v 0.00642213 0.23994576 0.13844369
v 0.00642213 0.23994576 0.13844369
v -0.08902087 -0.42771624 0.14419469
v -0.08902087 -0.42771624 0.14419469
v -0.12171187 -0.47221624 0.14673969
v -0.12171187 -0.47221624 0.14673969
v -0.12171187 -0.47221624 0.14673969
v -0.12171187 -0.47221624 0.14673969
v 0.14672313 0.09333176 0.09418269
v 0.14672313 0.09333176 0.09418269
v 0.14672313 0.09333176 0.09418269
v -0.24340287 0.28708476 -0.10752131
v -0.24340287 0.28708476 -0.10752131
v -0.24340287 0.28708476 -0.10752131
v 0.26599113 0.31483476 0.05945169
v 0.26599113 0.31483476 0.05945169
v 0.26599113 0.31483476 0.05945169
v 0.26332513 0.30913376 0.07093869
v 0.26332513 0.30913376 0.07093869
v 0.26332513 0.30913376 0.07093869
v 0.25005113 0.30874976 0.07875769
v 0.25005113 0.30874976 0.07875769
v 0.17508513 0.09249376 -0.08881031
v 0.17508513 0.09249376 -0.08881031
v 0.17508513 0.09249376 -0.08881031
v 0.14317813 -0.61415924 0.14761669
v 0.14317813 -0.61415924 0.14761669
v 0.14317813 -0.61415924 0.14761669
v 0.14317813 -0.61415924 0.14761669
v 0.14784413 -0.61061324 0.14945069
v 0.14784413 -0.61061324 0.14945069
v 0.18699713 -0.57252924 0.15475169
v 0.18699713 -0.57252924 0.15475169
v 0.18699713 -0.57252924 0.15475169
v -0.21135087 -0.53231524 -0.04295531
v -0.21135087 -0.53231524 -0.04295531
v -0.20792187 -0.52002524 -0.04791231
v -0.20792187 -0.52002524 -0.04791231
v -0.16934087 -0.46229424 -0.06213731
v -0.16934087 -0.46229424 -0.06213731
v -0.22394387 -0.56118424 -0.03718931
v -0.22394387 -0.56118424 -0.03718931
v -0.22394387 -0.56118424 -0.03718931
v -0.22394387 -0.56118424 -0.03718931
v -0.22394387 -0.56118424 -0.03718931
v -0.20068087 -0.60180724 -0.11475531
v -0.20068087 -0.60180724 -0.11475531
v -0.20068087 -0.60180724 -0.11475531
v -0.20068087 -0.60180724 -0.11475531
v 0.00915813 0.28592176 -0.10407031
v 0.00915813 0.28592176 -0.10407031
v -0.01058287 0.28739276 -0.10541031
v -0.01058287 0.28739276 -0.10541031
v 0.00192913 0.28931576 -0.11433831
v 0.00192913 0.28931576 -0.11433831
v 0.00192913 0.28931576 -0.11433831
v -0.01195087 0.28912476 -0.11358431
v -0.01195087 0.28912476 -0.11358431
v -0.01195087 0.28912476 -0.11358431
v 0.01842313 0.27916276 -0.11697931
v 0.01842313 0.27916276 -0.11697931
v 0.01842313 0.27916276 -0.11697931
v 0.02213513 0.27240576 -0.11029631
v 0.02213513 0.27240576 -0.11029631
v 0.02213513 0.27240576 -0.11029631
v 0.15239213 -0.53740924 -0.15124131
v 0.15239213 -0.53740924 -0.15124131
v 0.15175013 -0.52394024 -0.15116131
v 0.15175013 -0.52394024 -0.15116131
v 0.15175013 -0.52394024 -0.15116131
v 0.15175013 -0.52394024 -0.15116131
v 0.05049713 0.09678476 -0.07697931
v 0.05049713 0.09678476 -0.07697931
v 0.05049713 0.09678476 -0.07697931
v 0.25783213 0.16309276 0.11975669
v 0.25783213 0.16309276 0.11975669
v 0.25783213 0.16309276 0.11975669
v 0.18794813 0.27482676 0.10113569
v 0.18794813 0.27482676 0.10113569
v 0.18794813 0.27482676 0.10113569
v 0.13209313 0.08077676 0.07425169
v 0.13209313 0.08077676 0.07425169
v 0.13209313 0.08077676 0.07425169
v 0.13117613 -0.07870624 -0.06063031
v 0.13117613 -0.07870624 -0.06063031
v 0.13117613 -0.07870624 -0.06063031
v 0.13117613 -0.07870624 -0.06063031
v 0.13117613 -0.07870624 -0.06063031
v 0.13117613 -0.07870624 -0.06063031
v 0.08444713 -0.04618124 -0.05961931
v 0.08444713 -0.04618124 -0.05961931
v 0.12920113 -0.07937224 -0.05751431
v 0.12920113 -0.07937224 -0.05751431
v 0.12920113 -0.07937224 -0.05751431
v 0.12828313 -0.07959424 -0.06138031
v 0.12828313 -0.07959424 -0.06138031
v 0.12828313 -0.07959424 -0.06138031
v 0.08315313 -0.04653924 -0.06329931
v 0.08315313 -0.04653924 -0.06329931
v 0.08315313 -0.04653924 -0.06329931
v 0.06327113 0.04064176 -0.06545131
v 0.06327113 0.04064176 -0.06545131
v 0.06151513 0.04069876 -0.06090431
v 0.06151513 0.04069876 -0.06090431
v 0.06151513 0.04069876 -0.06090431
v -0.27335787 0.15337776 -0.07967131
v -0.27335787 0.15337776 -0.07967131
v -0.27583087 0.15305776 -0.08375131
v -0.27583087 0.15305776 -0.08375131
v -0.09318687 -0.52133224 0.15267669
v -0.09318687 -0.52133224 0.15267669
v -0.10272187 -0.52456524 0.15208169
v -0.10272187 -0.52456524 0.15208169
v -0.10272187 -0.52456524 0.15208169
v -0.10341787 -0.53404124 0.15252969
v -0.10341787 -0.53404124 0.15252969
v -0.10341787 -0.53404124 0.15252969
v -0.16134487 -0.46529824 -0.08982531
v -0.16134487 -0.46529824 -0.08982531
v -0.16134487 -0.46529824 -0.08982531
v -0.16134487 -0.46529824 -0.08982531
v -0.18273687 -0.50543824 -0.14661031
v -0.18273687 -0.50543824 -0.14661031
v -0.20888287 -0.52581124 -0.06905631
v -0.20888287 -0.52581124 -0.06905631
v -0.22275987 -0.55933524 -0.05462031
v -0.22275987 -0.55933524 -0.05462031
v -0.22275987 -0.55933524 -0.05462031
v -0.22275987 -0.55933524 -0.05462031
v -0.21058987 -0.55146824 -0.11522231
v -0.21058987 -0.55146824 -0.11522231
v -0.21058987 -0.55146824 -0.11522231
v -0.21058987 -0.55146824 -0.11522231
v -0.21058987 -0.55146824 -0.11522231
v -0.21058987 -0.55146824 -0.11522231
v 0.19061613 0.07715976 -0.07823731
v 0.19061613 0.07715976 -0.07823731
v 0.19061613 0.07715976 -0.07823731
v 0.07657313 0.24680876 0.12127169
v 0.07657313 0.24680876 0.12127169
v 0.07657313 0.24680876 0.12127169
v -0.28481687 0.11736576 -0.01841331
v -0.28481687 0.11736576 -0.01841331
v -0.28481687 0.11736576 -0.01841331
v -0.20154387 -0.55246324 -0.14599331
v -0.20154387 -0.55246324 -0.14599331
v -0.16778187 -0.55265824 -0.15095431
v -0.16778187 -0.55265824 -0.15095431
v -0.16778187 -0.55265824 -0.15095431
v -0.16778187 -0.55265824 -0.15095431
v 0.09575913 0.08089976 -0.07014931
v 0.09575913 0.08089976 -0.07014931
v 0.09575913 0.08089976 -0.07014931
v 0.35013013 0.17975076 0.02706669
v 0.35013013 0.17975076 0.02706669
v 0.35013013 0.17975076 0.02706669
v 0.35423513 0.18126176 0.01120769
v 0.35423513 0.18126176 0.01120769
v -0.27471087 0.11948376 -0.02284531
v -0.27471087 0.11948376 -0.02284531
v -0.27471087 0.11948376 -0.02284531
v -0.25174987 0.10585876 -0.02532231
v -0.25174987 0.10585876 -0.02532231
v -0.09691987 -0.54113824 -0.14127931
v -0.09691987 -0.54113824 -0.14127931
v -0.09691987 -0.54113824 -0.14127931
v -0.09691987 -0.54113824 -0.14127931
v -0.09990487 -0.54196224 -0.15129331
v -0.09990487 -0.54196224 -0.15129331
v -0.09990487 -0.54196224 -0.15129331
v -0.10472287 -0.53457124 -0.14107831
v -0.10472287 -0.53457124 -0.14107831
v -0.10472287 -0.53457124 -0.14107831
v -0.10573687 -0.48302624 -0.14268831
v -0.10573687 -0.48302624 -0.14268831
v -0.10573687 -0.48302624 -0.14268831
v 0.07399813 -0.35840524 0.07144769
v 0.07399813 -0.35840524 0.07144769
v 0.10989313 -0.35755624 0.07828469
v 0.10989313 -0.35755624 0.07828469
v 0.14950013 -0.36863224 0.09076769
v 0.19107113 -0.35952624 0.07473569
v 0.19107113 -0.35952624 0.07473569
v 0.16045413 -0.35334824 0.07691369
v 0.16045413 -0.35334824 0.07691369
v 0.04347513 -0.35850024 0.05217069
v 0.04347513 -0.35850024 0.05217069
v 0.21035813 -0.36229024 0.06335769
v 0.21035813 -0.36229024 0.06335769
v 0.20734413 -0.35102624 0.05888269
v 0.20734413 -0.35102624 0.05888269
v 0.19551713 -0.37477324 0.09058569
v 0.19551713 -0.37477324 0.09058569
v 0.19551713 -0.37477324 0.09058569
v 0.06982213 -0.36792924 0.08184969
v 0.03562113 -0.36884324 0.07050069
v 0.03562113 -0.36884324 0.07050069
v -0.04588787 -0.38325424 0.09736969
v -0.04588787 -0.38325424 0.09736969
v -0.04588787 -0.38325424 0.09736969
v -0.11578187 -0.39481624 0.09612369
v -0.11578187 -0.39481624 0.09612369
v -0.11578187 -0.39481624 0.09612369
v -0.01796287 0.23679576 -0.12734431
v -0.01796287 0.23679576 -0.12734431
v 0.00358513 0.23477576 -0.12642131
v 0.00358513 0.23477576 -0.12642131
v 0.00358513 0.23477576 -0.12642131
v 0.00358513 0.23477576 -0.12642131
v -0.02481087 0.24710576 -0.13292531
v -0.02481087 0.24710576 -0.13292531
v -0.02971487 0.24652476 -0.12492131
v -0.02971487 0.24652476 -0.12492131
v -0.02971487 0.24652476 -0.12492131
v 0.12903613 -0.00429424 -0.04822631
v 0.12903613 -0.00429424 -0.04822631
v 0.12903613 -0.00429424 -0.04822631
v 0.13801613 -0.00660824 -0.04734631
v 0.13801613 -0.00660824 -0.04734631
v -0.19806587 -0.50260824 -0.07153631
v -0.19806587 -0.50260824 -0.07153631
v 0.11606113 -0.42431524 0.13979369
v 0.11606113 -0.42431524 0.13979369
v 0.11606113 -0.42431524 0.13979369
v 0.00396413 0.24465476 -0.12652131
v 0.00396413 0.24465476 -0.12652131
v 0.00396413 0.24465476 -0.12652131
v -0.03339087 0.26842576 -0.11683031
v -0.03339087 0.26842576 -0.11683031
v -0.03159787 0.26139776 -0.12737031
v -0.03159787 0.26139776 -0.12737031
v -0.03159787 0.26139776 -0.12737031
v -0.02745887 0.27919876 -0.11960631
v -0.02745887 0.27919876 -0.11960631
v 0.08062513 0.09282376 0.09394669
v 0.08062513 0.09282376 0.09394669
v 0.08062513 0.09282376 0.09394669
v 0.19568313 -0.32525824 0.05872669
v 0.19568313 -0.32525824 0.05872669
v 0.19568313 -0.32525824 0.05872669
v 0.19568313 -0.32525824 0.05872669
v 0.22262613 0.19320076 -0.11845231
v 0.22262613 0.19320076 -0.11845231
v 0.22262613 0.19320076 -0.11845231
v 0.12220513 0.09690776 0.08099069
v 0.12220513 0.09690776 0.08099069
v 0.12220513 0.09690776 0.08099069
v -0.27416987 0.12635176 -0.04215531
v -0.27416987 0.12635176 -0.04215531
v -0.27790887 0.11555876 -0.02275531
v -0.27790887 0.11555876 -0.02275531
v -0.27790887 0.11555876 -0.02275531
v 0.21956413 -0.59545524 -0.13329531
v 0.21956413 -0.59545524 -0.13329531
v 0.21956413 -0.59545524 -0.13329531
v -0.15508687 -0.44593824 0.08356569
v -0.15508687 -0.44593824 0.08356569
v -0.15508687 -0.44593824 0.08356569
v -0.15508687 -0.44593824 0.08356569
v 0.15603813 0.24392776 0.11774369
v 0.15603813 0.24392776 0.11774369
v 0.15702213 0.26411176 0.11288969
v 0.15702213 0.26411176 0.11288969
v 0.15702213 0.26411176 0.11288969
v 0.18919513 0.24361176 0.11399469
v 0.18919513 0.24361176 0.11399469
v 0.18919513 0.24361176 0.11399469
v 0.18159413 0.25990076 0.11244769
v 0.18159413 0.25990076 0.11244769
v 0.18159413 0.25990076 0.11244769
v 0.16311813 0.25969576 0.11368869
v 0.16311813 0.25969576 0.11368869
v 0.08592813 -0.04547524 0.06700069
v 0.08592813 -0.04547524 0.06700069
v 0.08592813 -0.04547524 0.06700069
v -0.26438087 0.22890276 -0.11039531
v -0.26438087 0.22890276 -0.11039531
v -0.26438087 0.22890276 -0.11039531
v -0.26438087 0.22890276 -0.11039531
v -0.28287287 0.23549076 -0.10991731
v -0.28287287 0.23549076 -0.10991731
v -0.28287287 0.23549076 -0.10991731
v -0.28287287 0.23549076 -0.10991731
v -0.28287287 0.23549076 -0.10991731
v -0.28287287 0.23549076 -0.10991731
v -0.28287287 0.23549076 -0.10991731
v 0.10331013 -0.27916424 -0.05872131
v 0.10331013 -0.27916424 -0.05872131
v 0.10331013 -0.27916424 -0.05872131
v 0.21370513 -0.61232724 0.12772969
v 0.21370513 -0.61232724 0.12772969
v 0.21370513 -0.61232724 0.12772969
v 0.22059613 -0.59564324 0.12848669
v 0.22059613 -0.59564324 0.12848669
v 0.22059613 -0.59564324 0.12848669
v 0.22671613 -0.61289324 0.12655769
v 0.22671613 -0.61289324 0.12655769
v -0.16505787 -0.46103024 0.09212869
v -0.16505787 -0.46103024 0.09212869
v -0.16505787 -0.46103024 0.09212869
v -0.16505787 -0.46103024 0.09212869
v -0.16505787 -0.46103024 0.09212869
v -0.17011887 -0.46287524 0.06532969
v -0.17011887 -0.46287524 0.06532969
v -0.20961587 -0.52318824 0.05125769
v -0.20961587 -0.52318824 0.05125769
v -0.22382987 -0.56120424 0.04020969
v -0.22382987 -0.56120424 0.04020969
v -0.22382987 -0.56120424 0.04020969
v -0.22382987 -0.56120424 0.04020969
v -0.22382987 -0.56120424 0.04020969
v 0.12294513 0.02267576 0.05278169
v 0.12294513 0.02267576 0.05278169
v 0.12294513 0.02267576 0.05278169
v 0.13445613 0.02234076 0.05151369
v 0.13445613 0.02234076 0.05151369
v 0.13445613 0.02234076 0.05151369
v 0.13445613 0.02234076 0.05151369
v 0.12760513 0.01307476 0.05216469
v 0.12760513 0.01307476 0.05216469
v 0.12760513 0.01307476 0.05216469
v -0.01486087 0.24434476 -0.12816031
v -0.01486087 0.24434476 -0.12816031
v -0.01486087 0.24434476 -0.12816031
v -0.01486087 0.24434476 -0.12816031
v -0.06631987 0.26292976 -0.11994831
v -0.06631987 0.26292976 -0.11994831
v -0.06631987 0.26292976 -0.11994831
v -0.06023087 0.25365176 -0.12336031
v -0.06023087 0.25365176 -0.12336031
v -0.06023087 0.25365176 -0.12336031
v -0.05264087 0.21873476 -0.13352831
v -0.05264087 0.21873476 -0.13352831
v -0.05264087 0.21873476 -0.13352831
v 0.24084113 -0.42415824 -0.10124831
v 0.24084113 -0.42415824 -0.10124831
v 0.24084113 -0.42415824 -0.10124831
v 0.19272113 -0.42713024 -0.14070131
v 0.19272113 -0.42713024 -0.14070131
v 0.22582713 -0.41078724 0.08457869
v 0.22582713 -0.41078724 0.08457869
v 0.22582713 -0.41078724 0.08457869
v 0.17901213 -0.42168824 0.14028969
v 0.17901213 -0.42168824 0.14028969
v 0.17901213 -0.42168824 0.14028969
v 0.17901213 -0.42168824 0.14028969
v -0.06910587 -0.45530524 0.16130969
v -0.06910587 -0.45530524 0.16130969
v -0.06910587 -0.45530524 0.16130969
v 0.21154913 -0.41730624 0.11033869
v 0.21154913 -0.41730624 0.11033869
v 0.25434013 -0.42393624 0.03337869
v 0.25434013 -0.42393624 0.03337869
v 0.25625313 -0.42387024 -0.00672831
v 0.25625313 -0.42387024 -0.00672831
v 0.25625313 -0.42387024 -0.00672831
v 0.12594513 -0.02966224 0.05252269
v 0.12594513 -0.02966224 0.05252269
v 0.12594513 -0.02966224 0.05252269
v 0.11771513 -0.02447924 0.05336169
v 0.11771513 -0.02447924 0.05336169
v 0.11771513 -0.02447924 0.05336169
v 0.11765913 -0.03455824 0.05321169
v 0.11765913 -0.03455824 0.05321169
v 0.11765913 -0.03455824 0.05321169
v 0.11765913 -0.03455824 0.05321169
v -0.19534987 0.10110776 -0.02563531
v -0.19534987 0.10110776 -0.02563531
v -0.02961287 0.27593276 0.11840169
v -0.02961287 0.27593276 0.11840169
v -0.01123587 0.28789476 0.11054969
v -0.01123587 0.28789476 0.11054969
v -0.01123587 0.28789476 0.11054969
v -0.03281787 0.25286676 0.12744969
v -0.03281787 0.25286676 0.12744969
v -0.03281787 0.25286676 0.12744969
v -0.03281787 0.25286676 0.12744969
v -0.03192687 0.26305776 0.13130469
v -0.03192687 0.26305776 0.13130469
v 0.17553913 -0.37561824 0.09848169
v 0.17553913 -0.37561824 0.09848169
v -0.08746787 -0.52404924 0.14551869
v -0.08746787 -0.52404924 0.14551869
v -0.08746787 -0.52404924 0.14551869
v -0.08746787 -0.52404924 0.14551869
v 0.11680413 -0.03287724 -0.04954431
v 0.11680413 -0.03287724 -0.04954431
v 0.11680413 -0.03287724 -0.04954431
v 0.12563313 -0.03231324 -0.04853931
v 0.12563313 -0.03231324 -0.04853931
v 0.12563313 -0.03231324 -0.04853931
v 0.11948913 -0.02371224 -0.04913031
v 0.11948913 -0.02371224 -0.04913031
v 0.11948913 -0.02371224 -0.04913031
v 0.11948913 -0.02371224 -0.04913031
v -0.10372387 -0.53657924 0.14558269
v -0.10372387 -0.53657924 0.14558269
v -0.10372387 -0.53657924 0.14558269
v -0.10570787 -0.52783124 0.14549369
v -0.10570787 -0.52783124 0.14549369
v -0.10570787 -0.52783124 0.14549369
v 0.14239713 -0.54117524 -0.14124231
v 0.14239713 -0.54117524 -0.14124231
v 0.14239713 -0.54117524 -0.14124231
v 0.14239713 -0.54117524 -0.14124231
v 0.13329313 -0.53762924 -0.15086731
v 0.13329313 -0.53762924 -0.15086731
v 0.13329313 -0.53762924 -0.15086731
v -0.07810687 0.35032476 0.03076069
v -0.07810687 0.35032476 0.03076069
v -0.07891387 0.35216076 -0.00567831
v -0.07891387 0.35216076 -0.00567831
v -0.07681887 0.34190876 -0.05265631
v -0.07681887 0.34190876 -0.05265631
v -0.07395287 0.31552376 -0.08008231
v -0.07395287 0.31552376 -0.08008231
v -0.06893987 0.29139376 -0.10222731
v -0.06893987 0.29139376 -0.10222731
v -0.06893987 0.29139376 -0.10222731
v -0.06360387 0.28267376 -0.12043531
v -0.06360387 0.28267376 -0.12043531
v -0.04319087 0.17939076 -0.14487931
v -0.04319087 0.17939076 -0.14487931
v -0.04319087 0.17939076 -0.14487931
v 0.03874313 0.07663376 -0.07970531
v 0.03874313 0.07663376 -0.07970531
v 0.03874313 0.07663376 -0.07970531
v -0.02427787 0.28222476 -0.10888231
v -0.02427787 0.28222476 -0.10888231
v -0.02427787 0.28222476 -0.10888231
v -0.02427787 0.28222476 -0.10888231
v -0.04371487 0.27308976 -0.12377131
v -0.04026287 0.27087276 -0.11596431
v -0.04026287 0.27087276 -0.11596431
v -0.03615587 0.24624976 -0.12526931
v -0.03615587 0.24624976 -0.12526931
v -0.03702387 0.24308376 -0.13469831
v -0.02248387 0.22766776 -0.13738631
v 0.00460113 0.31120876 -0.08685031
v 0.00460113 0.31120876 -0.08685031
v 0.00460113 0.31120876 -0.08685031
v -0.00277787 0.30767476 -0.09139931
v -0.00277787 0.30767476 -0.09139931
v -0.00277787 0.30767476 -0.09139931
v 0.23770213 0.28709576 -0.08681131
v 0.23770213 0.28709576 -0.08681131
v 0.23770213 0.28709576 -0.08681131
v 0.23770213 0.28709576 -0.08681131
v 0.19911913 0.28116876 -0.09889531
v 0.19911913 0.28116876 -0.09889531
v 0.19911913 0.28116876 -0.09889531
v 0.19911913 0.28116876 -0.09889531
v 0.19911913 0.28116876 -0.09889531
v -0.02653987 0.28921076 -0.11362031
v -0.05786187 0.25470476 -0.13362031
v -0.05786187 0.25470476 -0.13362031
v -0.00022387 0.22397376 -0.13678831
v -0.00022387 0.22397376 -0.13678831
v -0.05050287 0.22429776 -0.14123531
v -0.05050287 0.22429776 -0.14123531
v 0.23122713 0.27455876 -0.09855031
v 0.23122713 0.27455876 -0.09855031
v 0.23122713 0.27455876 -0.09855031
v 0.23122713 0.27455876 -0.09855031
v 0.21372313 0.22992876 -0.11395131
v 0.21372313 0.22992876 -0.11395131
v 0.01524813 -0.17396824 0.00219469
v 0.01524813 -0.17396824 0.00219469
v 0.01602513 -0.17098824 -0.01120631
v 0.02340513 -0.21492424 0.00202169
v 0.02340513 -0.21492424 0.00202169
v 0.04801813 -0.29376924 0.00220269
v 0.04801813 -0.29376924 0.00220269
v 0.05043913 -0.29185424 -0.01814431
v 0.05043913 -0.29185424 -0.01814431
v -0.08682787 -0.52899124 0.15259369
v -0.08682787 -0.52899124 0.15259369
v -0.08682787 -0.52899124 0.15259369
v -0.23534887 0.28707776 0.10666069
v -0.23534887 0.28707776 0.10666069
v -0.23294487 0.30573776 0.09508569
v -0.21187587 0.23113176 0.12863569
v -0.20964987 0.23685076 0.12827869
v -0.20964987 0.23685076 0.12827869
v -0.20964987 0.23685076 0.12827869
v -0.20779887 0.25153576 0.12581869
v -0.19263087 0.25101376 0.12668169
v -0.19143887 0.23573276 0.12883269
v -0.19143887 0.23573276 0.12883269
v -0.24015987 0.33109676 0.07760169
v -0.24015987 0.33109676 0.07760169
v -0.24323687 0.31154576 0.09588869
v -0.22146587 0.30912876 0.09841869
v -0.22218187 0.28742376 0.11259269
v -0.22218187 0.28742376 0.11259269
v -0.18628787 0.28631176 0.11318369
v -0.27969587 0.27978176 0.10605769
v -0.27969587 0.27978176 0.10605769
v -0.27969587 0.27978176 0.10605769
v -0.18695787 0.26379476 0.12208669
v -0.24609387 0.25084876 0.12407569
v -0.24609387 0.25084876 0.12407569
v -0.18507687 0.33105176 0.07672069
v -0.18276987 0.34348876 0.05553869
v -0.17983087 0.32337876 0.08413369
v -0.17099187 0.32954176 0.07275069
v -0.17099187 0.32954176 0.07275069
v -0.17488087 0.34091176 0.05544469
v -0.17332587 0.35173876 0.01983669
v -0.17332587 0.35173876 0.01983669
v 0.14549813 -0.51930524 0.15502669
v 0.14549813 -0.51930524 0.15502669
v 0.14549813 -0.51930524 0.15502669
v 0.14549813 -0.51930524 0.15502669
v -0.10764087 -0.52604124 -0.15038031
v -0.10764087 -0.52604124 -0.15038031
v -0.10764087 -0.52604124 -0.15038031
v -0.09365787 -0.51879324 -0.15080731
v -0.09365787 -0.51879324 -0.15080731
v -0.09365787 -0.51879324 -0.15080731
v -0.09934687 -0.52070624 -0.14114031
v -0.09934687 -0.52070624 -0.14114031
v -0.09934687 -0.52070624 -0.14114031
v -0.09673387 -0.54142524 0.14569569
v -0.09673387 -0.54142524 0.14569569
v -0.09673387 -0.54142524 0.14569569
v -0.09673387 -0.54142524 0.14569569
v -0.00983687 0.28500076 0.12026269
v -0.00983687 0.28500076 0.12026269
v -0.02650187 0.27114876 0.12786669
v -0.02650187 0.27114876 0.12786669
v -0.02405987 0.27240876 0.12213369
v -0.02405987 0.27240876 0.12213369
v -0.02405987 0.27240876 0.12213369
v -0.00696287 0.24562276 0.13312169
v -0.00696287 0.24562276 0.13312169
v -0.02516387 0.28148576 0.12331669
v -0.02516387 0.28148576 0.12331669
v -0.00673887 0.28952876 0.11905069
v -0.00673887 0.28952876 0.11905069
v -0.00673887 0.28952876 0.11905069
v 0.01453713 0.27713476 0.12279269
v 0.01453713 0.27713476 0.12279269
v 0.01453713 0.27713476 0.12279269
v 0.01453713 0.27713476 0.12279269
v 0.12272413 -0.02395624 -0.05541331
v 0.12272413 -0.02395624 -0.05541331
v 0.12272413 -0.02395624 -0.05541331
v 0.12272413 -0.02395624 -0.05541331
v 0.20104513 -0.31067324 0.05269669
v 0.20104513 -0.31067324 0.05269669
v 0.20104513 -0.31067324 0.05269669
v 0.20104513 -0.31067324 0.05269669
v -0.00364187 0.24267376 0.13583469
v -0.00364187 0.24267376 0.13583469
v -0.00364187 0.24267376 0.13583469
v 0.00937213 0.24630776 0.13042569
v 0.00937213 0.24630776 0.13042569
v 0.00937213 0.24630776 0.13042569
v -0.01996687 0.24272076 0.13918869
v -0.01996687 0.24272076 0.13918869
v -0.01996687 0.24272076 0.13918869
v -0.21049587 -0.56887524 -0.11449331
v -0.21049587 -0.56887524 -0.11449331
v -0.21049587 -0.56887524 -0.11449331
v -0.21049587 -0.56887524 -0.11449331
v -0.20598187 -0.59110824 0.14676169
v -0.20598187 -0.59110824 0.14676169
v -0.20598187 -0.59110824 0.14676169
v -0.20720687 -0.57143024 0.14860369
v -0.20720687 -0.57143024 0.14860369
v -0.20072887 -0.57214824 0.15484969
v -0.20072887 -0.57214824 0.15484969
v -0.21133387 -0.56982224 0.11807169
v -0.21133387 -0.56982224 0.11807169
v -0.21133387 -0.56982224 0.11807169
v -0.21133387 -0.56982224 0.11807169
v -0.21133387 -0.56982224 0.11807169
v -0.21133387 -0.56982224 0.11807169
v -0.21133387 -0.56982224 0.11807169
v -0.20979787 -0.59228624 0.12805469
v -0.20979787 -0.59228624 0.12805469
v -0.20979787 -0.59228624 0.12805469
v -0.20981687 -0.60760524 0.12717469
v -0.20981687 -0.60760524 0.12717469
v -0.20981687 -0.60760524 0.12717469
v -0.18498787 -0.59257024 0.15440569
v -0.18498787 -0.59257024 0.15440569
v -0.18498787 -0.59257024 0.15440569
v -0.15025887 -0.57242124 0.15527469
v -0.15025887 -0.57242124 0.15527469
v -0.15025887 -0.57242124 0.15527469
v -0.15025887 -0.57242124 0.15527469
v 0.30781713 0.19181276 -0.09640231
v 0.30781713 0.19181276 -0.09640231
v 0.32253613 0.18878976 -0.08899931
v 0.32253613 0.18878976 -0.08899931
v 0.14304013 0.26130076 0.11038369
v 0.14304013 0.26130076 0.11038369
v 0.14304013 0.26130076 0.11038369
v 0.14272913 0.24483076 0.11742869
v 0.14272913 0.24483076 0.11742869
v 0.14272913 0.24483076 0.11742869
v 0.25778613 0.07153776 -0.07109231
v 0.25778613 0.07153776 -0.07109231
v 0.26899513 0.09970976 -0.09331231
v 0.26899513 0.09970976 -0.09331231
v 0.26899513 0.09970976 -0.09331231
v 0.26899513 0.09970976 -0.09331231
v 0.01647313 0.26043976 0.12387369
v 0.01647313 0.26043976 0.12387369
v 0.01647313 0.26043976 0.12387369
v 0.01647313 0.26043976 0.12387369
v 0.01110913 0.25610176 0.12969869
v 0.01110913 0.25610176 0.12969869
v 0.01110913 0.25610176 0.12969869
v 0.01110913 0.25610176 0.12969869
v 0.01110913 0.25610176 0.12969869
v 0.15182613 -0.52544624 -0.14112231
v 0.15182613 -0.52544624 -0.14112231
v 0.15182613 -0.52544624 -0.14112231
v 0.15182613 -0.52544624 -0.14112231
v 0.06276013 -0.31411324 0.04401369
v 0.06276013 -0.31411324 0.04401369
v 0.21261013 -0.29063824 -0.02315631
v 0.21261013 -0.29063824 -0.02315631
v 0.21261013 -0.29063824 -0.02315631
v 0.27043113 0.04862376 0.02266469
v 0.27043113 0.04862376 0.02266469
v 0.27043113 0.04862376 0.02266469
v 0.27043113 0.04862376 0.02266469
v 0.27136313 0.04751676 -0.01353631
v 0.27136313 0.04751676 -0.01353631
v 0.27136313 0.04751676 -0.01353631
v 0.33488313 0.14223076 -0.05566831
v 0.33488313 0.14223076 -0.05566831
v 0.33488313 0.14223076 -0.05566831
v 0.33845213 0.14846276 -0.06665831
v 0.33845213 0.14846276 -0.06665831
v 0.34404013 0.14579776 0.05521269
v 0.34404013 0.14579776 0.05521269
v 0.33916213 0.14030876 0.04439269
v 0.33916213 0.14030876 0.04439269
v 0.33039913 0.15141176 0.08705769
v 0.33039913 0.15141176 0.08705769
v 0.14918913 -0.53874724 0.14552369
v 0.14918913 -0.53874724 0.14552369
v 0.14918913 -0.53874724 0.14552369
v 0.15474113 -0.53002824 0.15482669
v 0.15474113 -0.53002824 0.15482669
v 0.15474113 -0.53002824 0.15482669
v 0.16464913 -0.30210224 -0.06411931
v 0.16464913 -0.30210224 -0.06411931
v 0.16464913 -0.30210224 -0.06411931
v 0.20247513 -0.32963324 -0.05092431
v 0.20247513 -0.32963324 -0.05092431
v 0.20247513 -0.32963324 -0.05092431
v 0.20247513 -0.32963324 -0.05092431
v -0.21025387 -0.60216824 -0.11286231
v -0.21025387 -0.60216824 -0.11286231
v -0.21025387 -0.60216824 -0.11286231
v -0.21025387 -0.60216824 -0.11286231
v 0.29761613 0.22306276 0.10161569
v 0.29761613 0.22306276 0.10161569
v 0.29761613 0.22306276 0.10161569
v 0.31753413 0.21857376 0.09475569
v 0.31753413 0.21857376 0.09475569
v 0.16450113 -0.30126724 0.06774569
v 0.16450113 -0.30126724 0.06774569
v 0.06652813 0.26051176 0.11936369
v 0.06652813 0.26051176 0.11936369
v 0.06652813 0.26051176 0.11936369
v 0.06294213 0.26607576 0.11596569
v 0.06294213 0.26607576 0.11596569
v 0.06294213 0.26607576 0.11596569
v 0.01079913 0.27804876 0.11739569
v 0.01079913 0.27804876 0.11739569
v 0.01079913 0.27804876 0.11739569
v -0.00846187 0.28179276 0.11651369
v -0.00846187 0.28179276 0.11651369
v -0.00846187 0.28179276 0.11651369
v -0.00846187 0.28179276 0.11651369
v -0.00846187 0.28179276 0.11651369
v 0.19744013 0.03207576 0.04511769
v 0.19744013 0.03207576 0.04511769
v 0.19744013 0.03207576 0.04511769
v 0.19744013 0.03207576 0.04511769
v 0.20856413 0.02882976 0.00231269
v 0.20856413 0.02882976 0.00231269
v 0.20856413 0.02882976 0.00231269
v -0.09164487 -0.52084024 -0.14137131
v -0.09164487 -0.52084024 -0.14137131
v -0.09164487 -0.52084024 -0.14137131
v 0.12810113 0.26934476 0.10788069
v 0.12810113 0.26934476 0.10788069
v 0.12810113 0.26934476 0.10788069
v 0.11635613 0.26497876 0.11261469
v 0.11635613 0.26497876 0.11261469
v 0.11635613 0.26497876 0.11261469
v 0.11635613 0.26497876 0.11261469
v -0.28853487 0.12954276 -0.04855231
v -0.28853487 0.12954276 -0.04855231
v -0.28853487 0.12954276 -0.04855231
v -0.28853487 0.12954276 -0.04855231
v 0.12482513 0.01298876 0.05964369
v 0.12482513 0.01298876 0.05964369
v 0.12482513 0.01298876 0.05964369
v 0.09056313 0.26772276 0.11108169
v 0.09056313 0.26772276 0.11108169
v 0.09056313 0.26772276 0.11108169
v 0.09056313 0.26772276 0.11108169
v 0.09056313 0.26772276 0.11108169
v 0.15394613 -0.11865324 0.05278169
v 0.15394613 -0.11865324 0.05278169
v 0.15394613 -0.11865324 0.05278169
v 0.16069313 -0.12058624 0.05185969
v 0.16069313 -0.12058624 0.05185969
v 0.16069313 -0.12058624 0.05185969
v 0.11542613 0.24883376 0.12028969
v 0.11542613 0.24883376 0.12028969
v 0.12507413 0.24324676 0.12151169
v 0.12507413 0.24324676 0.12151169
v 0.13403413 0.24571776 0.12005669
v 0.13403413 0.24571776 0.12005669
v 0.13403413 0.24571776 0.12005669
v 0.13403413 0.24571776 0.12005669
v 0.12055913 0.25288176 0.11866169
v 0.12055913 0.25288176 0.11866169
v 0.12055913 0.25288176 0.11866169
v 0.13832213 0.26714876 0.11306169
v 0.13832213 0.26714876 0.11306169
v 0.13832213 0.26714876 0.11306169
v 0.13832213 0.26714876 0.11306169
v 0.15208413 0.23945376 0.11840769
v 0.15208413 0.23945376 0.11840769
v 0.13987013 0.23768976 0.11964669
v 0.13987013 0.23768976 0.11964669
v -0.11339287 -0.42514724 0.14026969
v -0.11339287 -0.42514724 0.14026969
v -0.11402487 -0.43704424 0.14441869
v -0.11402487 -0.43704424 0.14441869
v -0.09918587 -0.41222924 0.13966469
v -0.09918587 -0.41222924 0.13966469
v 0.15170913 -0.39798724 0.13693469
v 0.15170913 -0.39798724 0.13693469
v 0.15170913 -0.39798724 0.13693469
v 0.16717113 -0.38894324 0.13109969
v 0.16717113 -0.38894324 0.13109969
v 0.18844813 -0.40838624 0.12715069
v 0.18725013 -0.38909224 0.12350669
v 0.18725013 -0.38909224 0.12350669
v 0.20155213 -0.38928724 0.11113769
v 0.20155213 -0.38928724 0.11113769
v 0.20155213 -0.38928724 0.11113769
v 0.21479313 -0.50878724 -0.10081031
v 0.21479313 -0.50878724 -0.10081031
v 0.21479313 -0.50878724 -0.10081031
v 0.21479313 -0.50878724 -0.10081031
v -0.02232787 0.25129476 -0.13108331
v -0.02232787 0.25129476 -0.13108331
v -0.02232787 0.25129476 -0.13108331
v -0.00934887 0.24365076 -0.13372931
v -0.00934887 0.24365076 -0.13372931
v -0.00934887 0.24365076 -0.13372931
v 0.19824813 -0.30877124 -0.05159131
v 0.19824813 -0.30877124 -0.05159131
v 0.19824813 -0.30877124 -0.05159131
v 0.10689913 0.26543776 0.11121469
v 0.10689913 0.26543776 0.11121469
v 0.10689913 0.26543776 0.11121469
v 0.22374313 0.08667376 -0.08328531
v 0.22374313 0.08667376 -0.08328531
v 0.22374313 0.08667376 -0.08328531
v 0.20446713 0.08914276 -0.08162631
v 0.20446713 0.08914276 -0.08162631
v 0.03225213 0.05795276 -0.06947931
v 0.03225213 0.05795276 -0.06947931
v 0.03225213 0.05795276 -0.06947931
v -0.18678987 -0.59472224 0.12814469
v -0.18678987 -0.59472224 0.12814469
v -0.19842487 -0.59096824 0.15421369
v -0.19842487 -0.59096824 0.15421369
v -0.11967487 -0.60982924 0.15100769
v -0.11967487 -0.60982924 0.15100769
v -0.17121687 -0.61566624 0.11791769
v -0.15833287 -0.61569524 0.09870769
v -0.15833287 -0.61569524 0.09870769
v 0.17467513 -0.61610124 -0.11540131
v -0.17186787 -0.61575024 -0.11357831
v 0.23407413 -0.61776424 0.06164569
v 0.23407413 -0.61776424 0.06164569
v 0.20040213 -0.61594224 -0.12360731
v 0.20040213 -0.61594224 -0.12360731
v 0.20040213 -0.61594224 -0.12360731
v -0.16849487 -0.61488824 0.12751969
v -0.16849487 -0.61488824 0.12751969
v 0.19972513 -0.61624824 0.12737469
v 0.19972513 -0.61624824 0.12737469
v 0.19972513 -0.61624824 0.12737469
v 0.19972513 -0.61624824 0.12737469
v 0.23675813 -0.61879624 0.02028269
v 0.23675813 -0.61879624 0.02028269
v 0.23675813 -0.61879624 0.02028269
v 0.23675813 -0.61879624 0.02028269
v -0.16859287 -0.61475624 -0.12333431
v -0.16859287 -0.61475624 -0.12333431
v -0.16859287 -0.61475624 -0.12333431
v 0.24028413 -0.61492224 -0.03912031
v 0.24028413 -0.61492224 -0.03912031
v 0.24028413 -0.61492224 -0.03912031
v 0.24028413 -0.61492224 -0.03912031
v -0.19655387 -0.62010724 0.11571669
v -0.18908587 -0.62006924 -0.11381431
v -0.19186787 -0.62032924 0.11767569
v -0.19299887 -0.62051924 0.12497669
v -0.19299887 -0.62051924 0.12497669
v -0.20655187 -0.61678524 0.00958469
v -0.03046187 -0.61581824 -0.12050731
v 0.22034513 -0.61798324 0.12660569
v 0.22034513 -0.61798324 0.12660569
v 0.22034513 -0.61798324 0.12660569
v -0.16498687 -0.61326024 0.15210169
v -0.05084687 -0.61492624 0.14668469
v -0.05084687 -0.61492624 0.14668469
v -0.19919087 -0.61773124 -0.11342031
v -0.21811887 -0.60664124 -0.04222831
v -0.21811887 -0.60664124 -0.04222831
v 0.19710813 -0.61471824 -0.14637931
v 0.19710813 -0.61471824 -0.14637931
v 0.19710813 -0.61471824 -0.14637931
v 0.19710813 -0.61471824 -0.14637931
v -0.21240887 -0.60566124 0.11739269
v -0.21240887 -0.60566124 0.11739269
v -0.21240887 -0.60566124 0.11739269
v -0.21169787 -0.60748024 -0.11325731
v -0.21169787 -0.60748024 -0.11325731
v -0.21169787 -0.60748024 -0.11325731
v -0.21169787 -0.60748024 -0.11325731
v -0.18762287 0.09781776 -0.00114331
v -0.18762287 0.09781776 -0.00114331
v -0.18762287 0.09781776 -0.00114331
v 0.21706913 -0.33811624 -0.03568731
v 0.21706913 -0.33811624 -0.03568731
v 0.21706913 -0.33811624 -0.03568731
v 0.19959013 0.02938876 -0.03500131
v 0.19959013 0.02938876 -0.03500131
v 0.19202613 0.03493076 -0.04678331
v 0.19202613 0.03493076 -0.04678331
v 0.19202613 0.03493076 -0.04678331
v 0.19202613 0.03493076 -0.04678331
v 0.17864813 0.24891176 0.11738469
v 0.17864813 0.24891176 0.11738469
v 0.17864813 0.24891176 0.11738469
v 0.17831213 0.24907876 0.11195269
v 0.17831213 0.24907876 0.11195269
v 0.17831213 0.24907876 0.11195269
v 0.16234713 0.24791876 0.11618069
v 0.16234713 0.24791876 0.11618069
v 0.16234713 0.24791876 0.11618069
v 0.16234713 0.24791876 0.11618069
v -0.19559687 0.11189076 -0.05441531
v -0.19559687 0.11189076 -0.05441531
v -0.19343787 0.12653376 -0.07537831
v -0.19343787 0.12653376 -0.07537831
v -0.25121987 0.12640176 -0.06831131
v -0.25121987 0.12640176 -0.06831131
v -0.25121987 0.12640176 -0.06831131
v -0.19186687 0.14705276 -0.09481131
v -0.19186687 0.14705276 -0.09481131
v -0.22972487 0.10509676 -0.02796831
v -0.22972487 0.10509676 -0.02796831
v -0.22878387 0.11130676 -0.04661531
v -0.25108287 0.11423876 -0.04860231
v -0.25087587 0.10206776 0.00404269
v -0.25087587 0.10206776 0.00404269
v -0.25087587 0.10206776 0.00404269
v -0.19574287 0.09759376 -0.00027431
v -0.19574287 0.09759376 -0.00027431
v 0.12995713 -0.00277524 0.05236069
v 0.12995713 -0.00277524 0.05236069
v 0.13714413 -0.00847824 0.05169769
v 0.13714413 -0.00847824 0.05169769
v 0.13714413 -0.00847824 0.05169769
v 0.27018313 0.30975276 0.06706769
v 0.27018313 0.30975276 0.06706769
v 0.27018313 0.30975276 0.06706769
v 0.27018313 0.30975276 0.06706769
v 0.27018313 0.30975276 0.06706769
v -0.09218387 -0.53945724 0.15202769
v -0.09218387 -0.53945724 0.15202769
v -0.09218387 -0.53945724 0.15202769
v -0.07897587 0.34292076 -0.03881931
v -0.07897587 0.34292076 -0.03881931
v -0.08180287 0.33318976 -0.06279931
v -0.09123187 0.34072676 -0.04276331
v -0.09123187 0.34072676 -0.04276331
v 0.02807213 0.05415476 -0.06867231
v 0.02807213 0.05415476 -0.06867231
v 0.02807213 0.05415476 -0.06867231
v 0.02807213 0.05415476 -0.06867231
v 0.16968213 0.26050476 0.11102869
v 0.16968213 0.26050476 0.11102869
v 0.16968213 0.26050476 0.11102869
v 0.16968213 0.26050476 0.11102869
v 0.16215513 0.25682176 0.11007069
v 0.16215513 0.25682176 0.11007069
v 0.04431913 0.25263076 -0.11835431
v 0.04431913 0.25263076 -0.11835431
v 0.16047013 0.24336676 -0.11467531
v 0.16047013 0.24336676 -0.11467531
v 0.16047013 0.24336676 -0.11467531
v 0.16047013 0.24336676 -0.11467531
v 0.18516313 0.23950576 -0.11163731
v 0.18516313 0.23950576 -0.11163731
v 0.18516313 0.23950576 -0.11163731
v -0.09749687 -0.51956424 0.14548169
v -0.09749687 -0.51956424 0.14548169
v -0.09749687 -0.51956424 0.14548169
v -0.09749687 -0.51956424 0.14548169
v 0.14518613 -0.54306624 0.15518969
v 0.14518613 -0.54306624 0.15518969
v 0.14518613 -0.54306624 0.15518969
v 0.14518613 -0.54306624 0.15518969
v 0.20851113 -0.52158324 0.15323769
v 0.20851113 -0.52158324 0.15323769
v 0.20851113 -0.52158324 0.15323769
v 0.18358213 -0.51336824 0.15378769
v 0.18358213 -0.51336824 0.15378769
v 0.22063813 -0.56691224 0.15469869
v 0.22063813 -0.56691224 0.15469869
v 0.22336813 -0.54118824 0.15392369
v 0.22336813 -0.54118824 0.15392369
v 0.04423213 0.26796676 -0.11096131
v 0.04423213 0.26796676 -0.11096131
v 0.04423213 0.26796676 -0.11096131
v 0.03606313 0.25830776 -0.11461531
v 0.03606313 0.25830776 -0.11461531
v 0.05542313 0.26897776 -0.11233731
v 0.05542313 0.26897776 -0.11233731
v 0.31991413 0.21773776 -0.08904531
v 0.31991413 0.21773776 -0.08904531
v 0.31991413 0.21773776 -0.08904531
v 0.29770013 0.22255976 -0.09713431
v 0.29770013 0.22255976 -0.09713431
v 0.29665613 0.22626976 -0.10269331
v 0.29665613 0.22626976 -0.10269331
v 0.29665613 0.22626976 -0.10269331
v 0.32024613 0.22304376 -0.09514431
v 0.32024613 0.22304376 -0.09514431
v 0.32024613 0.22304376 -0.09514431
v 0.11725813 0.24313176 0.11849169
v 0.11725813 0.24313176 0.11849169
v 0.11725813 0.24313176 0.11849169
v 0.11520913 -0.02672324 0.06022069
v 0.11520913 -0.02672324 0.06022069
v 0.11520913 -0.02672324 0.06022069
v 0.11520913 -0.02672324 0.06022069
v 0.13404813 -0.52716324 -0.14111531
v 0.13404813 -0.52716324 -0.14111531
v 0.13404813 -0.52716324 -0.14111531
v -0.01356187 0.07816276 -0.07830831
v -0.01356187 0.07816276 -0.07830831
v -0.01356187 0.07816276 -0.07830831
v 0.20575613 -0.29501924 -0.04168631
v 0.20575613 -0.29501924 -0.04168631
v 0.21578213 -0.32079424 -0.02920431
v 0.21578213 -0.32079424 -0.02920431
v 0.21578213 -0.32079424 -0.02920431
v 0.18844213 -0.28047124 -0.05406731
v 0.18844213 -0.28047124 -0.05406731
v 0.18844213 -0.28047124 -0.05406731
v 0.17712113 -0.26507924 -0.05970531
v 0.17712113 -0.26507924 -0.05970531
v 0.32087613 0.18897076 0.09445169
v 0.32087613 0.18897076 0.09445169
v -0.19998887 0.18108276 -0.11300031
v -0.19998887 0.18108276 -0.11300031
v -0.20824287 0.18146076 -0.11243031
v -0.20968287 0.17522976 -0.10937331
v -0.23310687 0.14595176 -0.08896031
v -0.21128087 0.14246076 -0.09039631
v -0.28726587 0.17519776 -0.09411131
v -0.28726587 0.17519776 -0.09411131
v -0.28726587 0.17519776 -0.09411131
v -0.25105187 0.14424676 -0.08734731
v -0.19991187 0.13661776 -0.08394031
v -0.19970987 0.14824876 -0.09403631
v -0.20188187 0.16118276 -0.10293331
v -0.25236387 0.16543476 -0.10232131
v -0.25236387 0.16543476 -0.10232131
v -0.19996687 0.17294576 -0.10944131
v -0.20742087 0.14908076 -0.09315031
v -0.21010087 0.13475476 -0.08273831
v -0.21010087 0.13475476 -0.08273831
v -0.21010087 0.13475476 -0.08273831
v -0.20895187 0.12666976 -0.07390931
v -0.20895187 0.12666976 -0.07390931
v -0.01522487 0.08122776 0.07268469
v -0.01522487 0.08122776 0.07268469
v -0.01373787 0.07800676 0.08240669
v -0.01373787 0.07800676 0.08240669
v -0.01373787 0.07800676 0.08240669
v 0.09282813 0.26742876 0.11582069
v 0.09282813 0.26742876 0.11582069
v 0.09282813 0.26742876 0.11582069
v 0.09282813 0.26742876 0.11582069
v 0.13314613 0.02488076 0.05842369
v 0.13314613 0.02488076 0.05842369
v 0.13314613 0.02488076 0.05842369
v 0.13314613 0.02488076 0.05842369
v 0.00553813 0.24533776 -0.13171431
v 0.00553813 0.24533776 -0.13171431
v 0.00553813 0.24533776 -0.13171431
v 0.01720013 0.25710776 -0.12671131
v 0.01720013 0.25710776 -0.12671131
v 0.01720013 0.25710776 -0.12671131
v 0.04465913 0.26831376 0.11562969
v 0.04465913 0.26831376 0.11562969
v 0.03700513 0.25671276 0.12097069
v 0.03700513 0.25671276 0.12097069
v 0.20409513 0.04716476 0.05690669
v 0.20409513 0.04716476 0.05690669
v 0.20409513 0.04716476 0.05690669
v 0.20409513 0.04716476 0.05690669
v 0.07081913 0.05038676 0.07017969
v 0.07081913 0.05038676 0.07017969
v 0.24150313 0.04543376 0.04293269
v 0.24150313 0.04543376 0.04293269
v 0.24150313 0.04543376 0.04293269
v 0.24150313 0.04543376 0.04293269
v 0.24150313 0.04543376 0.04293269
v 0.05929413 0.04379076 0.06954769
v 0.05929413 0.04379076 0.06954769
v 0.05929413 0.04379076 0.06954769
v 0.05929413 0.04379076 0.06954769
v -0.16700687 -0.45818324 -0.04521531
v -0.16700687 -0.45818324 -0.04521531
v -0.28524487 0.20249076 -0.10522131
v -0.28524487 0.20249076 -0.10522131
v -0.28524487 0.20249076 -0.10522131
v -0.29989287 0.17903176 -0.09032031
v -0.29989287 0.17903176 -0.09032031
v -0.29989287 0.17903176 -0.09032031
v -0.29807987 0.21547776 -0.10376431
v -0.29807987 0.21547776 -0.10376431
v -0.26839987 0.20360476 -0.11140231
v -0.26839987 0.20360476 -0.11140231
v -0.26668787 0.22716676 -0.11545831
v -0.26668787 0.22716676 -0.11545831
v -0.26668787 0.22716676 -0.11545831
v 0.24302513 0.15542176 -0.11636131
v 0.24302513 0.15542176 -0.11636131
v 0.19197813 0.16861876 -0.12159931
v 0.19197813 0.16861876 -0.12159931
v 0.19197813 0.16861876 -0.12159931
v -0.01477287 0.08095076 -0.06886331
v -0.01477287 0.08095076 -0.06886331
v -0.01574587 0.07571076 -0.06557631
v -0.01574587 0.07571076 -0.06557631
v -0.01574587 0.07571076 -0.06557631
v -0.01323787 0.07140876 -0.07386031
v -0.01323787 0.07140876 -0.07386031
v -0.01323787 0.07140876 -0.07386031
v -0.10450987 -0.52576924 -0.14099731
v -0.10450987 -0.52576924 -0.14099731
v -0.10450987 -0.52576924 -0.14099731
v 0.12559013 0.02543076 -0.05593131
v 0.12559013 0.02543076 -0.05593131
v 0.12559013 0.02543076 -0.05593131
v 0.13426113 0.02313876 -0.05414031
v 0.13426113 0.02313876 -0.05414031
v 0.13426113 0.02313876 -0.05414031
v 0.13426113 0.02313876 -0.05414031
v -0.08661287 -0.53506824 -0.14106431
v -0.08661287 -0.53506824 -0.14106431
v -0.08661287 -0.53506824 -0.14106431
v -0.10002387 -0.53799324 -0.14789831
v -0.10002387 -0.53799324 -0.14789831
v -0.10002387 -0.53799324 -0.14789831
v 0.15847513 0.24162976 -0.11174831
v 0.15847513 0.24162976 -0.11174831
v 0.15847513 0.24162976 -0.11174831
v -0.01997087 0.07324676 -0.07489231
v -0.01997087 0.07324676 -0.07489231
v -0.01997087 0.07324676 -0.07489231
v 0.14852613 -0.52426824 -0.14794231
v 0.14852613 -0.52426824 -0.14794231
v 0.14852613 -0.52426824 -0.14794231
v -0.01962787 0.07362976 0.07893269
v -0.01962787 0.07362976 0.07893269
v -0.01962787 0.07362976 0.07893269
v 0.13431813 0.01380576 -0.05357231
v 0.13431813 0.01380576 -0.05357231
v 0.13431813 0.01380576 -0.05357231
v 0.13431813 0.01380576 -0.05357231
v 0.21064313 0.21690976 -0.09745331
v 0.21064313 0.21690976 -0.09745331
v 0.19956113 0.27338876 -0.09636331
v 0.19956113 0.27338876 -0.09636331
v 0.19956113 0.27338876 -0.09636331
v 0.01347613 -0.38033824 -0.10150731
v 0.01347613 -0.38033824 -0.10150731
v -0.13764787 -0.44028224 -0.09729031
v -0.13764787 -0.44028224 -0.09729031
v -0.13764787 -0.44028224 -0.09729031
v -0.13764787 -0.44028224 -0.09729031
v -0.13764787 -0.44028224 -0.09729031
v 0.10739513 0.26492776 0.11559869
v 0.10739513 0.26492776 0.11559869
v 0.10359613 0.25318776 0.11567069
v 0.10359613 0.25318776 0.11567069
v 0.11149913 0.24260776 0.12070169
v 0.11149913 0.24260776 0.12070169
v 0.10143413 0.25368576 0.11970669
v 0.09638613 0.24672576 0.12177869
v 0.09638613 0.24672576 0.12177869
v 0.09638613 0.24672576 0.12177869
v 0.08615913 0.26745176 0.11552269
v 0.08615913 0.26745176 0.11552269
v 0.08615913 0.26745176 0.11552269
v 0.09753913 0.24168076 0.11997469
v 0.09753913 0.24168076 0.11997469
v 0.09753913 0.24168076 0.11997469
v 0.09896613 0.26189276 0.11655869
v 0.09896613 0.26189276 0.11655869
v 0.09896613 0.26189276 0.11655869
v 0.17091213 0.25334876 0.11093969
v 0.17091213 0.25334876 0.11093969
v 0.17091213 0.25334876 0.11093969
v 0.13471313 -0.53584924 -0.14111531
v 0.13471313 -0.53584924 -0.14111531
v 0.13471313 -0.53584924 -0.14111531
v 0.03217913 0.05807176 0.07293769
v 0.03217913 0.05807176 0.07293769
v 0.03217913 0.05807176 0.07293769
v 0.03217913 0.05807176 0.07293769
v 0.04446213 0.25293676 0.12284769
v 0.04446213 0.25293676 0.12284769
v 0.15269913 -0.52919724 0.14577269
v 0.15269913 -0.52919724 0.14577269
v 0.15269913 -0.52919724 0.14577269
v 0.08996113 0.24240076 0.12356769
v 0.08996113 0.24240076 0.12356769
v 0.13214313 -0.00099824 -0.05370831
v 0.13214313 -0.00099824 -0.05370831
v 0.13214313 -0.00099824 -0.05370831
v 0.13214313 -0.00099824 -0.05370831
v 0.13214313 -0.00099824 -0.05370831
v 0.22052113 -0.32501324 0.01485369
v 0.22052113 -0.32501324 0.01485369
v 0.21558913 -0.32073724 0.03364469
v 0.21558913 -0.32073724 0.03364469
v -0.08569987 -0.52732124 -0.14100031
v -0.08569987 -0.52732124 -0.14100031
v -0.08569987 -0.52732124 -0.14100031
v -0.10608887 -0.48382324 0.14685869
v -0.10608887 -0.48382324 0.14685869
v -0.10608887 -0.48382324 0.14685869
v -0.08387587 -0.44933824 0.14661669
v -0.08387587 -0.44933824 0.14661669
v -0.08387587 -0.44933824 0.14661669
v -0.11916987 -0.43557324 0.13963669
v -0.11916987 -0.43557324 0.13963669
v -0.11916987 -0.43557324 0.13963669
v -0.14724787 -0.46489724 0.14407769
v -0.14724787 -0.46489724 0.14407769
v -0.14724787 -0.46489724 0.14407769
v -0.14724787 -0.46489724 0.14407769
v -0.13758787 -0.44024424 0.10088269
v -0.13758787 -0.44024424 0.10088269
v -0.13758787 -0.44024424 0.10088269
v -0.13758787 -0.44024424 0.10088269
v 0.04486713 0.25980976 0.11728769
v 0.04486713 0.25980976 0.11728769
v 0.04486713 0.25980976 0.11728769
v 0.04801813 0.24714676 -0.11990631
v 0.04801813 0.24714676 -0.11990631
v 0.18487713 0.25620376 -0.10584131
v 0.18487713 0.25620376 -0.10584131
v 0.14391913 -0.53995824 0.15180269
v 0.14391913 -0.53995824 0.15180269
v -0.01493387 0.07588276 0.06991269
v -0.01493387 0.07588276 0.06991269
v -0.01493387 0.07588276 0.06991269
v -0.01197487 0.07195276 0.07795969
v -0.01197487 0.07195276 0.07795969
v -0.01197487 0.07195276 0.07795969
v 0.16021013 0.23199776 -0.11455131
v 0.16021013 0.23199776 -0.11455131
v 0.16021013 0.23199776 -0.11455131
v 0.16276313 0.22766776 -0.10049231
v 0.16276313 0.22766776 -0.10049231
v 0.16276313 0.22766776 -0.10049231
v 0.12252613 -0.02421324 0.05928869
v 0.12252613 -0.02421324 0.05928869
v 0.06384113 0.24616376 0.12183369
v 0.06384113 0.24616376 0.12183369
v 0.06384113 0.24616376 0.12183369
v 0.07390713 0.23959276 0.12479869
v 0.07390713 0.23959276 0.12479869
v 0.13453213 -0.52613124 0.14561169
v 0.13453213 -0.52613124 0.14561169
v 0.13453213 -0.52613124 0.14561169
v 0.13453213 -0.52613124 0.14561169
v 0.13453213 -0.52613124 0.14561169
v 0.14510813 -0.52175924 0.14573069
v 0.14510813 -0.52175924 0.14573069
v 0.14510813 -0.52175924 0.14573069
v 0.14510813 -0.52175924 0.14573069
v 0.13426213 -0.53101224 0.15247569
v 0.13426213 -0.53101224 0.15247569
v 0.13426213 -0.53101224 0.15247569
v 0.13426213 -0.53101224 0.15247569
v -0.18362987 0.10340876 -0.03840331
v -0.18362987 0.10340876 -0.03840331
v -0.18362987 0.10340876 -0.03840331
v -0.18362987 0.10340876 -0.03840331
v 0.12273113 0.02325476 0.06038069
v 0.12273113 0.02325476 0.06038069
v 0.12273113 0.02325476 0.06038069
v -0.28554087 0.20184276 0.11054569
v -0.28554087 0.20184276 0.11054569
v 0.15395413 -0.11885224 -0.04942931
v 0.15395413 -0.11885224 -0.04942931
v 0.15395413 -0.11885224 -0.04942931
v 0.15102913 -0.53670024 -0.14118731
v 0.15102913 -0.53670024 -0.14118731
v 0.16353713 0.04572476 -0.05914331
v 0.16353713 0.04572476 -0.05914331
v 0.16353713 0.04572476 -0.05914331
v 0.21897613 0.04421476 -0.04772231
v 0.21897613 0.04421476 -0.04772231
v 0.21897613 0.04421476 -0.04772231
v 0.21897613 0.04421476 -0.04772231
v 0.04991413 0.25641076 0.12005669
v 0.04991413 0.25641076 0.12005669
v 0.04991413 0.25641076 0.12005669
v 0.05423413 0.24405476 -0.11942131
v 0.05423413 0.24405476 -0.11942131
v 0.06032413 0.25992976 -0.11346031
v 0.06032413 0.25992976 -0.11346031
v 0.06032413 0.25992976 -0.11346031
v 0.05932113 0.26117376 0.11728669
v 0.05932113 0.26117376 0.11728669
v 0.05932113 0.26117376 0.11728669
v 0.05932113 0.26117376 0.11728669
v 0.17190413 0.25530476 0.11467969
v 0.17190413 0.25530476 0.11467969
v 0.17190413 0.25530476 0.11467969
v 0.23981013 0.24682276 -0.10765131
v 0.23981013 0.24682276 -0.10765131
v 0.23981013 0.24682276 -0.10765131
v 0.23885013 0.22866376 -0.09319731
v 0.23885013 0.22866376 -0.09319731
v 0.23885013 0.22866376 -0.09319731
v 0.25311113 0.16574876 -0.10027031
v 0.25311113 0.16574876 -0.10027031
v 0.25311113 0.16574876 -0.10027031
v 0.14283913 -0.07327924 -0.04959731
v 0.14283913 -0.07327924 -0.04959731
v 0.14875213 -0.07353724 -0.04786931
v 0.14875213 -0.07353724 -0.04786931
v 0.14875213 -0.07353724 -0.04786931
v 0.12933413 -0.00370324 0.05833869
v 0.12933413 -0.00370324 0.05833869
v 0.12933413 -0.00370324 0.05833869
v 0.14679713 -0.09585024 0.05376769
v 0.14679713 -0.09585024 0.05376769
v 0.15344913 -0.09595724 0.05218069
v 0.15344913 -0.09595724 0.05218069
v 0.26097413 0.05061976 0.03797069
v 0.26097413 0.05061976 0.03797069
v 0.14922213 -0.09912324 -0.05438931
v 0.14922213 -0.09912324 -0.05438931
v 0.14922213 -0.09912324 -0.05438931
v 0.14922213 -0.09912324 -0.05438931
v 0.14922213 -0.09912324 -0.05438931
v 0.14784913 -0.09474024 -0.05215831
v 0.14784913 -0.09474024 -0.05215831
v 0.14784913 -0.09474024 -0.05215831
v 0.13057713 -0.00885924 -0.05442831
v 0.13057713 -0.00885924 -0.05442831
v 0.13057713 -0.00885924 -0.05442831
v 0.13057713 -0.00885924 -0.05442831
v 0.13833813 -0.00352624 0.05609469
v 0.13833813 -0.00352624 0.05609469
v 0.13833813 -0.00352624 0.05609469
v 0.21954113 -0.59582824 -0.12399931
v 0.21954113 -0.59582824 -0.12399931
v 0.21954113 -0.59582824 -0.12399931
v 0.17537013 0.26476776 -0.10438031
v 0.17537013 0.26476776 -0.10438031
v 0.15296413 -0.09691424 -0.04841431
v 0.15296413 -0.09691424 -0.04841431
v 0.15296413 -0.09691424 -0.04841431
v 0.09750113 0.24055676 -0.11710231
v 0.09750113 0.24055676 -0.11710231
v 0.09750113 0.24055676 -0.11710231
v 0.11137413 0.24303176 -0.11584531
v 0.11137413 0.24303176 -0.11584531
v 0.11137413 0.24303176 -0.11584531
v 0.11137413 0.24303176 -0.11584531
v 0.17316413 -0.54739224 0.15461169
v 0.17316413 -0.54739224 0.15461169
v 0.17316413 -0.54739224 0.15461169
v 0.18886813 -0.56621724 0.15482269
v 0.18886813 -0.56621724 0.15482269
v 0.18886813 -0.56621724 0.15482269
v 0.15328813 -0.12023124 0.05900869
v 0.15328813 -0.12023124 0.05900869
v 0.15328813 -0.12023124 0.05900869
v 0.03815713 0.23968876 0.12664069
v 0.03815713 0.23968876 0.12664069
v 0.04879913 0.24959976 0.12438569
v 0.04879913 0.24959976 0.12438569
v 0.04879913 0.24959976 0.12438569
v 0.15150613 0.22434176 0.12156969
v 0.03675313 0.23345776 0.12765869
v 0.06790413 0.23486376 0.12532169
v 0.06790413 0.23486376 0.12532169
v 0.05273213 0.24859376 0.12064069
v 0.05273213 0.24859376 0.12064069
v 0.05273213 0.24859376 0.12064069
v 0.05273213 0.24859376 0.12064069
v 0.02958613 0.24335276 0.12581469
v 0.02958613 0.24335276 0.12581469
v 0.02005213 0.24576176 0.12526369
v 0.02005213 0.24576176 0.12526369
v 0.02005213 0.24576176 0.12526369
v 0.02005213 0.24576176 0.12526369
v 0.07792413 0.26849276 0.11293269
v 0.07792413 0.26849276 0.11293269
v 0.07792413 0.26849276 0.11293269
v 0.13316213 0.27937176 0.10291169
v 0.16117913 0.26598876 0.10708669
v 0.16117913 0.26598876 0.10708669
v 0.16117913 0.26598876 0.10708669
v 0.15129613 0.25355476 0.11232169
v 0.15129613 0.25355476 0.11232169
v 0.15129613 0.25355476 0.11232169
v 0.18339413 0.25833776 0.10919469
v 0.18339413 0.25833776 0.10919469
v 0.18339413 0.25833776 0.10919469
v 0.20086513 0.21891776 0.11838669
v 0.20086513 0.21891776 0.11838669
v 0.20086513 0.21891776 0.11838669
v 0.04953813 0.21667276 0.12982669
v 0.01421713 0.17758076 0.13845769
v 0.01421713 0.17758076 0.13845769
v 0.13885013 0.21462476 0.12416969
v 0.16424713 0.20610476 0.12351569
v 0.18860513 0.20095976 0.12475169
v 0.18860513 0.20095976 0.12475169
v 0.19199113 0.16862576 0.12552869
v 0.19199113 0.16862576 0.12552869
v 0.19199113 0.16862576 0.12552869
v 0.20838213 0.16754276 0.12383869
v 0.20838213 0.16754276 0.12383869
v 0.25948313 0.23556076 0.11091869
v 0.25948313 0.23556076 0.11091869
v 0.24119213 0.24448676 0.11287669
v 0.24119213 0.24448676 0.11287669
v 0.24279013 0.28713776 0.09629869
v 0.24279013 0.28713776 0.09629869
v 0.24279013 0.28713776 0.09629869
v 0.21949913 0.27427076 0.10095169
v 0.21949913 0.27427076 0.10095169
v 0.21949913 0.27427076 0.10095169
v 0.19958013 0.28119976 0.10307769
v 0.23099213 0.22703276 0.11432569
v 0.23099213 0.22703276 0.11432569
v 0.22517413 0.16634376 0.12285169
v 0.22517413 0.16634376 0.12285169
v 0.22517413 0.16634376 0.12285169
v -0.02541187 0.30090676 0.11066069
v -0.02717487 0.23229776 0.13293469
v 0.08616013 0.26357676 0.11269669
v 0.08616013 0.26357676 0.11269669
v 0.08616013 0.26357676 0.11269669
v 0.08616013 0.26357676 0.11269669
v 0.09910613 0.26124276 0.11341469
v 0.09910613 0.26124276 0.11341469
v 0.09910613 0.26124276 0.11341469
v 0.08316313 0.24895276 0.12111669
v 0.08316313 0.24895276 0.12111669
v 0.08316313 0.24895276 0.12111669
v -0.02642087 0.28930476 0.11799369
v -0.04086887 0.24882176 0.13763669
v -0.02218287 0.22744876 0.14165669
v 0.00010413 0.22488176 0.13996869
v 0.00010413 0.22488176 0.13996869
v -0.02556587 0.28429076 0.11273769
v -0.06860987 0.31241376 0.10308469
v -0.06860987 0.31241376 0.10308469
v -0.06860987 0.31241376 0.10308469
v 0.00320113 0.23442376 0.13076069
v 0.00320113 0.23442376 0.13076069
v -0.04154887 0.27682576 0.12614869
v -0.04036487 0.26784076 0.12152169
v 0.12584113 -0.03359124 -0.05410631
v 0.12584113 -0.03359124 -0.05410631
v 0.12584113 -0.03359124 -0.05410631
v 0.12584113 -0.03359124 -0.05410631
v -0.03582487 0.05520576 -0.06163131
v -0.03582487 0.05520576 -0.06163131
v -0.03582487 0.05520576 -0.06163131
v -0.04269587 0.05955476 -0.06317131
v -0.04269587 0.05955476 -0.06317131
v -0.04269587 0.05955476 -0.06317131
v -0.03676287 0.06399576 -0.06599731
v -0.03676287 0.06399576 -0.06599731
v -0.03676287 0.06399576 -0.06599731
v -0.03676287 0.06399576 -0.06599731
v -0.02785887 0.05956776 -0.06128231
v -0.02785887 0.05956776 -0.06128231
v -0.02785887 0.05956776 -0.06128231
v 0.21497313 -0.60769724 -0.12124431
v 0.21497313 -0.60769724 -0.12124431
v 0.15405013 -0.12156324 -0.05525531
v 0.15405013 -0.12156324 -0.05525531
v 0.15405013 -0.12156324 -0.05525531
v 0.15405013 -0.12156324 -0.05525531
v 0.13831513 -0.00821224 -0.05227831
v 0.13831513 -0.00821224 -0.05227831
v 0.13831513 -0.00821224 -0.05227831
v 0.13831513 -0.00821224 -0.05227831
v 0.14901713 -0.07381424 0.05216869
v 0.14901713 -0.07381424 0.05216869
v 0.14288913 -0.07340124 0.05310869
v 0.14288913 -0.07340124 0.05310869
v 0.00681513 0.25382176 0.12747169
v 0.00681513 0.25382176 0.12747169
v 0.00681513 0.25382176 0.12747169
v 0.00249013 0.24746776 0.13227769
v 0.00249013 0.24746776 0.13227769
v 0.00249013 0.24746776 0.13227769
v 0.00249013 0.24746776 0.13227769
v 0.00249013 0.24746776 0.13227769
v 0.14815213 -0.09885824 0.05914669
v 0.14815213 -0.09885824 0.05914669
v 0.14815213 -0.09885824 0.05914669
v 0.01365413 0.26340976 0.12615169
v 0.01365413 0.26340976 0.12615169
v 0.01365413 0.26340976 0.12615169
v 0.01365413 0.26340976 0.12615169
v 0.01365413 0.26340976 0.12615169
v 0.01120613 0.27324076 0.11930069
v 0.01120613 0.27324076 0.11930069
v 0.00920713 0.27433176 0.12252669
v 0.00920713 0.27433176 0.12252669
v 0.00920713 0.27433176 0.12252669
v 0.00920713 0.27433176 0.12252669
v -0.00183087 0.27907876 0.12065669
v -0.00183087 0.27907876 0.12065669
v -0.00183087 0.27907876 0.12065669
v -0.00183087 0.27907876 0.12065669
v -0.01304587 0.27846076 0.12184869
v -0.01304587 0.27846076 0.12184869
v 0.18216113 0.03722676 0.05623469
v 0.18216113 0.03722676 0.05623469
v 0.18216113 0.03722676 0.05623469
v 0.18216113 0.03722676 0.05623469
v 0.03878213 0.25802276 -0.11814931
v 0.06282213 0.24725076 -0.11779431
v 0.06282213 0.24725076 -0.11779431
v 0.06282213 0.24725076 -0.11779431
v 0.06431713 0.23348376 -0.12114631
v 0.06431713 0.23348376 -0.12114631
v 0.06431713 0.23348376 -0.12114631
v 0.04665413 0.26093176 -0.11377331
v 0.04665413 0.26093176 -0.11377331
v 0.04665413 0.26093176 -0.11377331
v 0.04994713 0.25496276 -0.11663731
v 0.04994713 0.25496276 -0.11663731
v 0.03202413 0.24030576 -0.12262331
v 0.03202413 0.24030576 -0.12262331
v 0.07151913 0.24078876 -0.11963731
v 0.07151913 0.24078876 -0.11963731
v 0.07151913 0.24078876 -0.11963731
v 0.01648513 0.25573776 0.13121669
v 0.01648513 0.25573776 0.13121669
v 0.01648513 0.25573776 0.13121669
v 0.33879713 0.18622576 -0.06756031
v 0.33879713 0.18622576 -0.06756031
v 0.33683613 0.18402176 -0.06405931
v 0.33683613 0.18402176 -0.06405931
v 0.32329813 0.19236376 -0.09412731
v 0.32329813 0.19236376 -0.09412731
v -0.01470387 0.25049176 0.13305569
v -0.01470387 0.25049176 0.13305569
v -0.01470387 0.25049176 0.13305569
v -0.02128087 0.26259976 0.12813669
v -0.02128087 0.26259976 0.12813669
v 0.21571913 -0.60632424 0.12697069
v 0.21571913 -0.60632424 0.12697069
v 0.14758713 -0.07688724 -0.05241631
v 0.14758713 -0.07688724 -0.05241631
v 0.14758713 -0.07688724 -0.05241631
v -0.00633787 0.27795176 0.12066469
v -0.00633787 0.27795176 0.12066469
v -0.01482087 0.27265376 0.12287469
v -0.00882087 0.26293776 0.12720669
v -0.00760487 0.27175876 0.12327169
v -0.00760487 0.27175876 0.12327169
v -0.00858487 0.24972276 0.13199569
v -0.00858487 0.24972276 0.13199569
v -0.00858487 0.24972276 0.13199569
v -0.00106487 0.24882276 0.13193669
v -0.00106487 0.24882276 0.13193669
v -0.00106487 0.24882276 0.13193669
v -0.00106487 0.24882276 0.13193669
v -0.16587287 0.34299276 -0.04976931
v -0.16587287 0.34299276 -0.04976931
v -0.16587287 0.34299276 -0.04976931
v -0.16587287 0.34299276 -0.04976931
v -0.16587287 0.34299276 -0.04976931
v 0.15376813 0.24289776 -0.11269731
v 0.15376813 0.24289776 -0.11269731
v 0.14777513 0.24589576 -0.11348431
v 0.14777513 0.24589576 -0.11348431
v 0.14777513 0.24589576 -0.11348431
v 0.15917113 -0.11584624 0.05497069
v 0.15917113 -0.11584624 0.05497069
v 0.15917113 -0.11584624 0.05497069
v 0.15917113 -0.11584624 0.05497069
v 0.29578813 0.22174776 -0.10262131
v 0.29578813 0.22174776 -0.10262131
v 0.31853913 0.21653676 -0.09612931
v 0.31853913 0.21653676 -0.09612931
v 0.29819013 0.22640976 0.10658069
v 0.29819013 0.22640976 0.10658069
v 0.29819013 0.22640976 0.10658069
v 0.14822913 -0.09216224 0.05763569
v 0.14822913 -0.09216224 0.05763569
v 0.30627413 0.14538276 0.10311969
v 0.30627413 0.14538276 0.10311969
v 0.23958713 0.14576976 0.10922469
v 0.23958713 0.14576976 0.10922469
v -0.20879187 0.18116276 0.11805469
v -0.20334387 0.17272576 0.11410869
v -0.21025187 0.15011376 0.10050169
v -0.20129387 0.16121776 0.10783769
v -0.19920187 0.18024476 0.11783269
v -0.27502587 0.15249476 0.08822369
v -0.27502587 0.15249476 0.08822369
v -0.27502587 0.15249476 0.08822369
v -0.25068487 0.19733876 0.12076169
v -0.19805687 0.19557576 0.12321069
v -0.20284087 0.20270576 0.12401069
v -0.20788387 0.19433976 0.12280269
v -0.19144187 0.20775176 0.12662669
v -0.23849587 0.22422376 0.12578269
v -0.28786287 0.15358576 0.08274269
v -0.28786287 0.15358576 0.08274269
v -0.28786287 0.15358576 0.08274269
v -0.28786287 0.15358576 0.08274269
v -0.28786287 0.15358576 0.08274269
v -0.19039287 0.22744276 0.12872869
v -0.19039287 0.22744276 0.12872869
v -0.23059987 0.20008776 0.12236269
v -0.23811887 0.22223176 0.12195369
v -0.26443587 0.22903576 0.11545369
v -0.26443587 0.22903576 0.11545369
v -0.26443587 0.22903576 0.11545369
v -0.20573387 0.22685376 0.12864369
v -0.20753287 0.21746376 0.12806769
v -0.19946087 0.14886776 0.10004569
v -0.20081187 0.13580276 0.08837269
v -0.19069887 0.17459776 0.11644869
v -0.18612587 0.21452176 0.12557069
v -0.18612587 0.21452176 0.12557069
v -0.19421087 0.22417876 0.12740469
v -0.17998587 0.21827376 0.12769669
v -0.17998587 0.21827376 0.12769669
v -0.17998587 0.21827376 0.12769669
v -0.17998587 0.21827376 0.12769669
v -0.18068587 0.18590776 0.12196369
v -0.18068587 0.18590776 0.12196369
v -0.18068587 0.18590776 0.12196369
v -0.18456987 0.16240376 0.11054469
v -0.18456987 0.16240376 0.11054469
v -0.18456987 0.16240376 0.11054469
v -0.26656187 0.20317776 0.11175169
v -0.26656187 0.20317776 0.11175169
v 0.14252113 -0.07424924 -0.05469031
v 0.14252113 -0.07424924 -0.05469031
v 0.14252113 -0.07424924 -0.05469031
v 0.14252113 -0.07424924 -0.05469031
v -0.01857187 0.25783276 0.12916469
v -0.01857187 0.25783276 0.12916469
v -0.01857187 0.25783276 0.12916469
v 0.05872213 0.24263076 0.12587469
v 0.03945913 0.24694376 0.12443169
v 0.03945913 0.24694376 0.12443169
v 0.04475113 0.26115376 0.12046169
v 0.04475113 0.26115376 0.12046169
v 0.04475113 0.26115376 0.12046169
v 0.05740113 0.25437776 0.12309469
v 0.05740113 0.25437776 0.12309469
v 0.05740113 0.25437776 0.12309469
v -0.04113887 0.06249076 0.06576769
v -0.04113887 0.06249076 0.06576769
v -0.04113887 0.06249076 0.06576769
v -0.02789287 0.06036176 0.06578969
v -0.02789287 0.06036176 0.06578969
v -0.02789287 0.06036176 0.06578969
v 0.05868013 -0.05390424 -0.05980931
v 0.05868013 -0.05390424 -0.05980931
v 0.05868013 -0.05390424 -0.05980931
v 0.05868013 -0.05390424 -0.05980931
v 0.14234113 -0.07398524 0.05821269
v 0.14234113 -0.07398524 0.05821269
v 0.14234113 -0.07398524 0.05821269
v 0.22032113 -0.34114924 0.02995469
v 0.22032113 -0.34114924 0.02995469
v 0.22032113 -0.34114924 0.02995469
v -0.08574887 -0.53495424 0.14570469
v -0.08574887 -0.53495424 0.14570469
v 0.18642413 -0.56910324 -0.14375031
v 0.18642413 -0.56910324 -0.14375031
v 0.18642413 -0.56910324 -0.14375031
v 0.18642413 -0.56910324 -0.14375031
v 0.22124413 -0.57306524 -0.15096131
v 0.22124413 -0.57306524 -0.15096131
v 0.22124413 -0.57306524 -0.15096131
v 0.22899913 -0.57069124 -0.14260231
v 0.22899913 -0.57069124 -0.14260231
v 0.22899913 -0.57069124 -0.14260231
v 0.33314113 0.18536676 0.07662069
v 0.33314113 0.18536676 0.07662069
v 0.30713813 0.19219876 0.10131169
v 0.30713813 0.19219876 0.10131169
v 0.20473613 0.20062576 0.11147669
v 0.20473613 0.20062576 0.11147669
v -0.05195287 0.08272276 0.08126169
v -0.05195287 0.08272276 0.08126169
v -0.05195287 0.08272276 0.08126169
v 0.03349313 0.08794676 0.09156669
v 0.03349313 0.08794676 0.09156669
v 0.03900213 0.07690476 0.08362669
v 0.03900213 0.07690476 0.08362669
v 0.03900213 0.07690476 0.08362669
v 0.03900213 0.07690476 0.08362669
v -0.01108487 0.06859376 0.07655569
v -0.01108487 0.06859376 0.07655569
v -0.03175387 0.05543576 0.06581869
v -0.03175387 0.05543576 0.06581869
v -0.03175387 0.05543576 0.06581869
v 0.14898113 -0.07619624 0.05554569
v 0.14898113 -0.07619624 0.05554569
v 0.14898113 -0.07619624 0.05554569
v 0.11014713 -0.09371524 0.06644169
v 0.11014713 -0.09371524 0.06644169
v 0.11014713 -0.09371524 0.06644169
v 0.32030613 0.22226976 0.09872469
v 0.32030613 0.22226976 0.09872469
v 0.15429813 -0.09436024 -0.05053031
v 0.15429813 -0.09436024 -0.05053031
v 0.15429813 -0.09436024 -0.05053031
v 0.22436113 -0.34522324 -0.00016131
v 0.22436113 -0.34522324 -0.00016131
v 0.22436113 -0.34522324 -0.00016131
v 0.17599313 0.26452676 0.10711569
v 0.17599313 0.26452676 0.10711569
v 0.17599313 0.26452676 0.10711569
v 0.11216313 -0.09269124 -0.06285131
v 0.11216313 -0.09269124 -0.06285131
v 0.17734013 -0.29401624 -0.05994831
v 0.17734013 -0.29401624 -0.05994831
v 0.18062613 0.24938776 -0.10936431
v 0.18062613 0.24938776 -0.10936431
v 0.18062613 0.24938776 -0.10936431
v 0.18851313 0.24280376 -0.11156831
v 0.18851313 0.24280376 -0.11156831
v -0.18299587 0.09732076 -0.01237831
v -0.18299587 0.09732076 -0.01237831
v -0.12387087 0.09017576 -0.00707231
v -0.12387087 0.09017576 -0.00707231
v -0.18477687 0.09745276 0.01611869
v -0.18477687 0.09745276 0.01611869
v -0.18358687 0.10360976 0.04427769
v -0.12288687 0.09127676 0.02358369
v -0.12288687 0.09127676 0.02358369
v -0.18777787 0.10580276 0.04697669
v -0.18777787 0.10580276 0.04697669
v -0.18777787 0.10580276 0.04697669
v -0.18777787 0.10580276 0.04697669
v -0.18684987 0.12558676 0.07908269
v -0.18684987 0.12558676 0.07908269
v -0.18684987 0.12558676 0.07908269
v -0.11635887 0.10907076 0.06995069
v -0.11635887 0.10907076 0.06995069
v -0.18262987 0.12220076 0.07742569
v -0.18419987 0.13944076 0.09514269
v -0.18419987 0.13944076 0.09514269
v -0.18419987 0.13944076 0.09514269
v -0.18419987 0.13944076 0.09514269
v -0.11457887 0.13277976 0.09506269
v -0.11457887 0.13277976 0.09506269
v -0.11457887 0.13277976 0.09506269
v -0.18012087 0.13618376 0.09215869
v -0.11449587 0.12985476 0.09178669
v -0.11449587 0.12985476 0.09178669
v 0.20258013 0.03036776 0.03691669
v 0.20258013 0.03036776 0.03691669
v 0.24519613 0.04232376 0.02987969
v 0.26633413 0.04535876 0.00143269
v 0.25421613 0.04575776 -0.02975131
v 0.25421613 0.04575776 -0.02975131
v 0.25421613 0.04575776 -0.02975131
v 0.20389813 0.02975876 -0.02896331
v 0.20389813 0.02975876 -0.02896331
v 0.20389813 0.02975876 -0.02896331
v 0.23566213 0.04571476 -0.04373531
v 0.23566213 0.04571476 -0.04373531
v 0.23566213 0.04571476 -0.04373531
v 0.23566213 0.04571476 -0.04373531
v 0.22080713 -0.32556624 -0.01232031
v 0.22080713 -0.32556624 -0.01232031
v 0.21843613 -0.30332124 0.01614069
v 0.21543713 -0.29959824 0.02084569
v 0.17987813 -0.26908324 0.05966569
v 0.17987813 -0.26908324 0.05966569
v 0.20471113 -0.29203524 0.04360869
v 0.20471113 -0.29203524 0.04360869
v 0.20471113 -0.29203524 0.04360869
v 0.08439113 -0.04574724 0.06308369
v 0.08439113 -0.04574724 0.06308369
v 0.08439113 -0.04574724 0.06308369
v 0.19549013 -0.28002724 0.05077369
v 0.19549013 -0.28002724 0.05077369
v 0.19549013 -0.28002724 0.05077369
v 0.19549013 -0.28002724 0.05077369
v 0.21203613 -0.28972224 0.02676269
v 0.21203613 -0.28972224 0.02676269
v 0.21203613 -0.28972224 0.02676269
v 0.21731213 -0.29446524 0.00595569
v 0.21731213 -0.29446524 0.00595569
v 0.21722213 -0.30072224 -0.01106031
v 0.20601013 -0.29186424 -0.03813231
v 0.20601013 -0.29186424 -0.03813231
v -0.00561887 0.30900976 0.10330569
v -0.00561887 0.30900976 0.10330569
v -0.00561887 0.30900976 0.10330569
v 0.19018513 0.29155476 0.09287869
v -0.00302587 0.30781876 0.09592269
v -0.00302587 0.30781876 0.09592269
v -0.00953587 0.33265076 0.06671169
v -0.00953587 0.33265076 0.06671169
v 0.25423013 0.28981776 0.08555269
v 0.25423013 0.28981776 0.08555269
v 0.25423013 0.28981776 0.08555269
v 0.25423013 0.28981776 0.08555269
v 0.25423013 0.28981776 0.08555269
v 0.25423013 0.28981776 0.08555269
v 0.00505313 0.31127476 0.09140269
v 0.00505313 0.31127476 0.09140269
v 0.00505313 0.31127476 0.09140269
v -0.21493587 -0.57179424 -0.11261131
v -0.21493587 -0.57179424 -0.11261131
v -0.21493587 -0.57179424 -0.11261131
v 0.14023713 -0.52177624 -0.14120531
v 0.14023713 -0.52177624 -0.14120531
v 0.14023713 -0.52177624 -0.14120531
v 0.14023713 -0.52177624 -0.14120531
v -0.02697787 0.05865176 0.06914969
v -0.02697787 0.05865176 0.06914969
v -0.02697787 0.05865176 0.06914969
v -0.02697787 0.05865176 0.06914969
v -0.03477587 0.06389776 0.07159669
v -0.03477587 0.06389776 0.07159669
v -0.03477587 0.06389776 0.07159669
v 0.15879213 -0.57186624 -0.14486331
v 0.15879213 -0.57186624 -0.14486331
v -0.12131287 -0.47179624 -0.13986731
v -0.12131287 -0.47179624 -0.13986731
v -0.08932587 -0.42762224 -0.14013631
v -0.08932587 -0.42762224 -0.14013631
v -0.08932587 -0.42762224 -0.14013631
v -0.20666687 -0.56711824 -0.14627731
v -0.20666687 -0.56711824 -0.14627731
v -0.20666687 -0.56711824 -0.14627731
v -0.20666687 -0.56711824 -0.14627731
v 0.13472713 -0.00993924 0.05684469
v 0.13472713 -0.00993924 0.05684469
v 0.13472713 -0.00993924 0.05684469
v -0.18728587 -0.59456424 -0.12391731
v -0.18728587 -0.59456424 -0.12391731
v -0.16546887 -0.61309624 -0.14766531
v -0.16546887 -0.61309624 -0.14766531
v -0.16546887 -0.61309624 -0.14766531
v 0.05748013 -0.05483924 -0.06337931
v 0.05748013 -0.05483924 -0.06337931
v 0.05748013 -0.05483924 -0.06337931
v 0.02501013 0.05263976 -0.06823931
v 0.02501013 0.05263976 -0.06823931
v 0.02501013 0.05263976 -0.06823931
v 0.02501013 0.05263976 -0.06823931
v 0.01451913 0.03463376 -0.06499331
v -0.02223087 -0.00499724 -0.05122831
v -0.02223087 -0.00499724 -0.05122831
v 0.04326113 -0.05942424 -0.06054931
v -0.02542487 -0.04932824 -0.04853631
v -0.02542487 -0.04932824 -0.04853631
v 0.04687413 -0.10239124 -0.05421431
v 0.08521213 -0.09311224 -0.06214031
v 0.08521213 -0.09311224 -0.06214031
v -0.04163787 0.03341176 -0.05206631
v -0.04163787 0.03341176 -0.05206631
v -0.04163787 0.03341176 -0.05206631
v 0.03073013 -0.10446024 -0.04788031
v -0.03512487 -0.08019324 -0.03393131
v -0.03512487 -0.08019324 -0.03393131
v -0.03512487 -0.08019324 -0.03393131
v 0.01920113 -0.10525824 -0.04058831
v 0.01920113 -0.10525824 -0.04058831
v 0.01920113 -0.10525824 -0.04058831
v -0.01953487 0.23851176 0.13143469
v -0.01953487 0.23851176 0.13143469
v -0.18046487 0.17183776 -0.11154231
v -0.18046487 0.17183776 -0.11154231
v -0.18046487 0.17183776 -0.11154231
v 0.22264513 -0.56714924 -0.15037431
v 0.22264513 -0.56714924 -0.15037431
v 0.22264513 -0.56714924 -0.15037431
v 0.23188913 -0.56901924 -0.13727531
v 0.23188913 -0.56901924 -0.13727531
v 0.30993413 0.13620976 0.10888269
v 0.24984213 0.29280576 0.09063269
v 0.24984213 0.29280576 0.09063269
v 0.00755513 0.31620576 0.09477169
v 0.00755513 0.31620576 0.09477169
v 0.00755513 0.31620576 0.09477169
v 0.00755513 0.31620576 0.09477169
v -0.11558687 0.04714076 0.03956969
v -0.11558687 0.04714076 0.03956969
v -0.12661787 0.04560976 0.02194069
v -0.12661787 0.04560976 0.02194069
v -0.12635787 0.03784776 0.00466869
v -0.12635787 0.03784776 0.00466869
v -0.12635787 0.03784776 0.00466869
v -0.12635787 0.03784776 0.00466869
v -0.12635787 0.03784776 0.00466869
v -0.10538987 0.03739776 0.03677069
v -0.10538987 0.03739776 0.03677069
v -0.10538987 0.03739776 0.03677069
v -0.13264987 0.05005576 0.00236169
v -0.13264987 0.05005576 0.00236169
v -0.12048187 0.09677976 0.05870369
v -0.11512487 0.12967776 0.10030569
v -0.11512487 0.12967776 0.10030569
v -0.12495187 0.08728076 0.03579669
v -0.12823887 0.08333676 0.00435769
v -0.11259887 0.16114876 0.11895369
v -0.11259887 0.16114876 0.11895369
v -0.11259887 0.16114876 0.11895369
v -0.11259887 0.16114876 0.11895369
v -0.11252187 0.15616376 0.11087269
v -0.11252187 0.15616376 0.11087269
v -0.11252187 0.15616376 0.11087269
v -0.11908387 0.10031476 -0.06450031
v -0.11908387 0.10031476 -0.06450031
v -0.12523187 0.08529876 -0.02819431
v -0.11517287 0.12885376 -0.09544531
v -0.11517287 0.12885376 -0.09544531
v -0.11517287 0.12885376 -0.09544531
v -0.11517287 0.12885376 -0.09544531
v -0.11241887 0.16497776 -0.11605231
v -0.11241887 0.16497776 -0.11605231
v -0.11241887 0.16497776 -0.11605231
v -0.11125787 0.17841676 -0.11998631
v -0.11125787 0.17841676 -0.11998631
v -0.12737387 0.04722576 -0.01611831
v -0.12737387 0.04722576 -0.01611831
v -0.12022287 0.08148976 -0.04748231
v -0.11943287 0.04371976 -0.02891731
v -0.11943287 0.04371976 -0.02891731
v 0.02670013 0.05249176 0.06843469
v 0.02670013 0.05249176 0.06843469
v 0.06060313 -0.05433824 0.06772469
v 0.05936813 -0.05446224 0.06351669
v 0.11145013 -0.09322924 0.06310769
v 0.11145013 -0.09322924 0.06310769
v 0.11230413 -0.09256124 0.06683569
v 0.08323213 -0.04653124 0.06700469
v 0.08323213 -0.04653124 0.06700469
v 0.12891413 -0.08037524 0.06525869
v 0.12891413 -0.08037524 0.06525869
v 0.17851113 -0.29481524 0.06402869
v 0.18023513 -0.27142624 0.06215569
v 0.18023513 -0.27142624 0.06215569
v 0.18023513 -0.27142624 0.06215569
v -0.17390687 -0.47011324 -0.04250231
v -0.17393187 -0.47048924 0.04556469
v -0.18081387 -0.47627224 -0.04136531
v -0.17446487 -0.46468324 0.04708869
v -0.18052487 -0.47583724 0.04541669
v -0.18855687 -0.48751724 -0.05070031
v -0.18855687 -0.48751724 -0.05070031
v -0.17515387 -0.46623124 -0.04559931
v -0.18662587 -0.49452324 0.05511169
v -0.18662587 -0.49452324 0.05511169
v -0.18662587 -0.49452324 0.05511169
v -0.18620387 -0.49473424 -0.05169531
v -0.18620387 -0.49473424 -0.05169531
v -0.18620387 -0.49473424 -0.05169531
v -0.21755787 -0.55032524 0.03377569
v -0.20645687 -0.52644624 -0.03361731
v -0.19320187 -0.50066324 -0.03832831
v -0.21751287 -0.55090124 -0.03013131
v -0.20498787 -0.51641424 -0.04085831
v -0.22140487 -0.55435724 0.03870369
v -0.22140487 -0.55435724 0.03870369
v -0.19361887 -0.50103424 0.04174369
v -0.20461287 -0.51675124 0.04263869
v -0.22145987 -0.55494524 -0.03462531
v -0.22070287 -0.55916524 -0.03692231
v -0.22070287 -0.55916524 -0.03692231
v -0.22070287 -0.55916524 -0.03692231
v -0.10730387 0.22079776 0.12837769
v -0.10730387 0.22079776 0.12837769
v 0.34452113 0.18490376 0.06037969
v 0.34452113 0.18490376 0.06037969
v 0.34452113 0.18490376 0.06037969
v 0.32261313 0.19213676 0.09905669
v 0.32261313 0.19213676 0.09905669
v 0.32261313 0.19213676 0.09905669
v 0.18942113 -0.28098924 0.05784069
v 0.18942113 -0.28098924 0.05784069
v 0.33472713 0.21190476 0.07258469
v 0.33472713 0.21190476 0.07258469
v 0.33472713 0.21190476 0.07258469
v 0.32303313 0.21546376 0.09742069
v 0.32303313 0.21546376 0.09742069
v 0.34458613 0.20686976 0.05721169
v -0.10229287 0.27114376 0.11676469
v -0.10229287 0.27114376 0.11676469
v -0.10229287 0.27114376 0.11676469
v -0.22333187 -0.56286624 -0.04400131
v -0.22333187 -0.56286624 -0.04400131
v -0.22333187 -0.56286624 -0.04400131
v 0.20252513 0.08534276 0.08686969
v 0.20252513 0.08534276 0.08686969
v -0.03909087 0.13284176 0.12999969
v -0.03909087 0.13284176 0.12999969
v 0.22076513 0.13991776 0.12153069
v 0.22076513 0.13991776 0.12153069
v 0.21332913 0.10962076 0.10748069
v -0.04132487 0.13017176 0.11798969
v -0.04132487 0.13017176 0.11798969
v -0.04132487 0.13017176 0.11798969
v 0.26674613 0.10085576 0.09305869
v 0.03617413 0.11690676 0.10987269
v 0.03617413 0.11690676 0.10987269
v 0.03617413 0.11690676 0.10987269
v 0.03617413 0.11690676 0.10987269
v 0.26821113 0.10045776 0.09836669
v 0.26821113 0.10045776 0.09836669
v 0.26821113 0.10045776 0.09836669
v 0.03850013 0.15601976 0.13621469
v 0.03850013 0.15601976 0.13621469
v -0.04231887 0.16485976 0.14470169
v -0.04231887 0.16485976 0.14470169
v -0.04231887 0.16485976 0.14470169
v -0.04231887 0.16485976 0.14470169
v 0.30575113 0.10611876 0.09939769
v 0.30575113 0.10611876 0.09939769
v 0.30575113 0.10611876 0.09939769
v 0.26545213 0.09794376 0.09166369
v 0.26545213 0.09794376 0.09166369
v 0.26545213 0.09794376 0.09166369
v 0.26491913 0.08860776 0.08691069
v 0.22466813 0.08557776 0.08659869
v 0.22466813 0.08557776 0.08659869
v 0.22466813 0.08557776 0.08659869
v 0.22466813 0.08557776 0.08659869
v 0.18060713 0.10424176 0.10026369
v 0.10766513 0.07672476 0.08319169
v 0.10766513 0.07672476 0.08319169
v 0.10766513 0.07672476 0.08319169
v 0.14757613 0.07699276 0.08290969
v 0.14757613 0.07699276 0.08290969
v 0.14757613 0.07699276 0.08290969
v 0.14757613 0.07699276 0.08290969
v 0.20410313 0.09065076 0.09125969
v 0.20410313 0.09065076 0.09125969
v 0.20461813 0.09003076 0.08596069
v 0.20461813 0.09003076 0.08596069
v 0.26067913 0.07634476 0.07907469
v 0.26067913 0.07634476 0.07907469
v 0.26067913 0.07634476 0.07907469
v 0.24069013 0.06088076 0.06488069
v 0.24069013 0.06088076 0.06488069
v 0.24069013 0.06088076 0.06488069
v 0.24069013 0.06088076 0.06488069
v 0.24069013 0.06088076 0.06488069
v 0.30018713 0.08507376 0.08052569
v 0.30018713 0.08507376 0.08052569
v 0.30018713 0.08507376 0.08052569
v 0.29343713 0.06933276 0.05679969
v 0.29343713 0.06933276 0.05679969
v 0.27401613 0.05191276 0.02902869
v 0.27401613 0.05191276 0.02902869
v 0.19044913 0.07727476 0.08156369
v 0.19044913 0.07727476 0.08156369
v 0.19044913 0.07727476 0.08156369
v 0.19044913 0.07727476 0.08156369
v -0.03816787 0.12982276 0.12549069
v -0.03816787 0.12982276 0.12549069
v 0.15751313 0.06694776 0.07470569
v 0.15751313 0.06694776 0.07470569
v 0.15751313 0.06694776 0.07470569
v 0.15751313 0.06694776 0.07470569
v 0.15751313 0.06694776 0.07470569
v 0.15751313 0.06694776 0.07470569
v -0.09892387 0.13126776 0.11106869
v -0.09660287 0.18322976 0.13358869
v -0.09660287 0.18322976 0.13358869
v -0.09660287 0.18322976 0.13358869
v -0.05530387 0.21242776 0.14501969
v -0.05530387 0.21242776 0.14501969
v -0.09755387 0.15422376 0.12389169
v -0.04218587 0.05865076 0.06693569
v -0.04218587 0.05865076 0.06693569
v -0.04218587 0.05865076 0.06693569
v -0.04218587 0.05865076 0.06693569
v 0.14946713 0.04825376 0.06485869
v 0.14946713 0.04825376 0.06485869
v 0.02834013 0.05213876 0.07233469
v 0.02834013 0.05213876 0.07233469
v -0.09585587 0.05723376 0.05547869
v -0.09585587 0.05723376 0.05547869
v -0.09585587 0.05723376 0.05547869
v -0.09339787 0.21022076 0.13789969
v -0.09339787 0.21022076 0.13789969
v 0.11764813 -0.03502124 0.06028369
v 0.11764813 -0.03502124 0.06028369
v 0.11764813 -0.03502124 0.06028369
v 0.15131213 -0.00276924 0.05154969
v 0.15131213 -0.00276924 0.05154969
v 0.14452713 -0.04741624 0.05380069
v 0.14452713 -0.04741624 0.05380069
v 0.14928413 -0.07059324 0.05476269
v 0.14928413 -0.07059324 0.05476269
v 0.14928413 -0.07059324 0.05476269
v 0.14928413 -0.07059324 0.05476269
v 0.14928413 -0.07059324 0.05476269
v 0.12654913 -0.03200124 0.05788769
v 0.12654913 -0.03200124 0.05788769
v 0.12654913 -0.03200124 0.05788769
v 0.13031613 -0.05051624 0.06131569
v 0.13494713 0.01469176 0.05784369
v 0.13494713 0.01469176 0.05784369
v 0.13494713 0.01469176 0.05784369
v 0.12989013 -0.07786024 0.06458369
v 0.12989013 -0.07786024 0.06458369
v 0.12989013 -0.07786024 0.06458369
v 0.12989013 -0.07786024 0.06458369
v 0.16598213 0.04599876 0.06270169
v 0.16598213 0.04599876 0.06270169
v 0.16598213 0.04599876 0.06270169
v 0.16054013 0.02544876 0.05372969
v 0.16054013 0.02544876 0.05372969
v 0.16054013 0.02544876 0.05372969
v 0.16054013 0.02544876 0.05372969
v 0.15509713 -0.09585624 0.05486169
v 0.15509713 -0.09585624 0.05486169
v 0.15509713 -0.09585624 0.05486169
v 0.15509713 -0.09585624 0.05486169
v 0.15509713 -0.09585624 0.05486169
v 0.15509713 -0.09585624 0.05486169
v 0.16240213 -0.12043724 0.05444769
v 0.16240213 -0.12043724 0.05444769
v 0.16240213 -0.12043724 0.05444769
v 0.16240213 -0.12043724 0.05444769
v 0.21359213 0.04465776 0.05318669
v 0.21359213 0.04465776 0.05318669
v 0.21359213 0.04465776 0.05318669
v 0.16661813 0.00034276 0.04079569
v 0.16661813 0.00034276 0.04079569
v 0.16661813 0.00034276 0.04079569
v -0.16011187 -0.46353324 -0.09145631
v -0.16011187 -0.46353324 -0.09145631
v -0.16011187 -0.46353324 -0.09145631
v -0.11109687 -0.42354524 -0.13770931
v -0.11109687 -0.42354524 -0.13770931
v -0.11988987 -0.43541724 -0.13533431
v -0.11988987 -0.43541724 -0.13533431
v -0.12798287 0.34998276 0.01644069
v -0.12798287 0.34998276 0.01644069
v -0.12798287 0.34998276 0.01644069
v -0.12798287 0.34998276 0.01644069
v -0.08949887 0.34747676 -0.00077831
v -0.09060787 0.34500176 -0.02694431
v -0.09060787 0.34500176 -0.02694431
v -0.13047587 0.35000576 -0.01276631
v -0.13047587 0.35000576 -0.01276631
v -0.13047587 0.35000576 -0.01276631
v -0.16200687 0.35264376 0.01717969
v -0.16200687 0.35264376 0.01717969
v -0.16596887 0.35180276 0.02771769
v -0.16596887 0.35180276 0.02771769
v -0.16596887 0.35180276 0.02771769
v -0.09001387 0.34704276 0.01596869
v -0.09001387 0.34704276 0.01596869
v -0.09001387 0.34704276 0.01596869
v -0.09001387 0.34704276 0.01596869
v -0.17414087 0.31645376 -0.08329231
v -0.17414087 0.31645376 -0.08329231
v -0.17414087 0.31645376 -0.08329231
v -0.09634687 0.31275676 0.09308569
v -0.09634687 0.31275676 0.09308569
v -0.09634687 0.31275676 0.09308569
v -0.09911887 0.29634076 0.10188569
v -0.09911887 0.29634076 0.10188569
v -0.09911887 0.29634076 0.10188569
v -0.10059187 0.28448676 0.10938669
v -0.10059187 0.28448676 0.10938669
v -0.10059187 0.28448676 0.10938669
v 0.26459313 0.22118376 -0.10109831
v 0.26459313 0.22118376 -0.10109831
v 0.16528813 0.15282176 -0.11201031
v 0.16528813 0.15282176 -0.11201031
v -0.04666287 0.17038276 -0.13201631
v -0.04666287 0.17038276 -0.13201631
v -0.04666287 0.17038276 -0.13201631
v -0.04666287 0.17038276 -0.13201631
v 0.31404113 0.14011176 -0.09558831
v 0.31404113 0.14011176 -0.09558831
v 0.31404113 0.14011176 -0.09558831
v 0.09288313 0.15533976 -0.12596231
v 0.09288313 0.15533976 -0.12596231
v 0.31033013 0.13319276 -0.10798431
v 0.31033013 0.13319276 -0.10798431
v 0.31033013 0.13319276 -0.10798431
v 0.31512713 0.14973576 -0.09171631
v 0.31512713 0.14973576 -0.09171631
v 0.31512713 0.14973576 -0.09171631
v 0.31512713 0.14973576 -0.09171631
v 0.31512713 0.14973576 -0.09171631
v 0.30597513 0.19359376 -0.10220031
v 0.30597513 0.19359376 -0.10220031
v 0.30597513 0.19359376 -0.10220031
v 0.30597513 0.19359376 -0.10220031
v 0.32246013 0.24470276 -0.08767931
v 0.32246013 0.24470276 -0.08767931
v 0.27074713 0.25119476 -0.10485131
v 0.25273213 0.30694876 -0.07739531
v 0.25273213 0.30694876 -0.07739531
v 0.25273213 0.30694876 -0.07739531
v 0.28914613 0.17818576 -0.11187331
v 0.28914613 0.17818576 -0.11187331
v 0.30142013 0.17141576 -0.10284331
v 0.30142013 0.17141576 -0.10284331
v 0.32054813 0.18724376 -0.09602731
v 0.32054813 0.18724376 -0.09602731
v 0.32054813 0.18724376 -0.09602731
v -0.17889487 0.16084776 0.11014869
v -0.17889487 0.16084776 0.11014869
v -0.17889487 0.16084776 0.11014869
v -0.17956287 0.14959276 0.10270969
v -0.17956287 0.14959276 0.10270969
v -0.17774887 0.19375476 0.12470969
v -0.10470887 0.24742176 0.12460069
v -0.10470887 0.24742176 0.12460069
v -0.10470887 0.24742176 0.12460069
v -0.17439487 0.25607276 0.12515469
v -0.17439487 0.25607276 0.12515469
v -0.11054087 0.18548076 0.12402669
v -0.11054087 0.18548076 0.12402669
v -0.11054087 0.18548076 0.12402669
v -0.17179487 0.25212276 0.12496269
v -0.10334187 0.25848276 0.12153669
v -0.10334187 0.25848276 0.12153669
v -0.10334187 0.25848276 0.12153669
v -0.11077487 0.18081276 0.12141069
v -0.11077487 0.18081276 0.12141069
v -0.11077487 0.18081276 0.12141069
v -0.11077487 0.18081276 0.12141069
v -0.17561587 0.22817176 0.12833369
v 0.02215913 0.31270876 0.09407369
v 0.02215913 0.31270876 0.09407369
v 0.02020513 0.32627976 0.08260169
v 0.02020513 0.32627976 0.08260169
v 0.02020513 0.32627976 0.08260169
v 0.24682313 0.30754976 0.08011669
v 0.24682313 0.30754976 0.08011669
v -0.09627487 0.31614776 0.08457269
v -0.09627487 0.31614776 0.08457269
v -0.16895387 0.31326576 0.09369769
v -0.16895387 0.31326576 0.09369769
v -0.16895387 0.31326576 0.09369769
v -0.16731887 0.30169276 0.10262669
v -0.16731887 0.30169276 0.10262669
v -0.16731887 0.30169276 0.10262669
v -0.17054987 0.26505276 0.12127269
v -0.17054987 0.26505276 0.12127269
v -0.16774487 0.28995676 0.10976669
v -0.16774487 0.28995676 0.10976669
v -0.17237287 0.29872376 0.10528069
v -0.17237287 0.29872376 0.10528069
v -0.17237287 0.29872376 0.10528069
v -0.09954387 0.29426776 0.10476669
v -0.09954387 0.29426776 0.10476669
v -0.16967787 0.27722876 0.11651469
v -0.16967787 0.27722876 0.11651469
v -0.09757687 0.30745376 0.09310469
v -0.09757687 0.30745376 0.09310469
v -0.09757687 0.30745376 0.09310469
v -0.09101287 0.34102976 0.04432469
v -0.09101287 0.34102976 0.04432469
v -0.09101287 0.34102976 0.04432469
v -0.09101287 0.34102976 0.04432469
v -0.16739087 0.32268776 0.08414869
v -0.16739087 0.32268776 0.08414869
v -0.16583387 0.34033276 0.05998469
v -0.16583387 0.34033276 0.05998469
v -0.16583387 0.34033276 0.05998469
v -0.09434787 0.32838976 0.07046169
v -0.09434787 0.32838976 0.07046169
v -0.09434787 0.32838976 0.07046169
v -0.10145687 0.28132676 0.11370169
v -0.10145687 0.28132676 0.11370169
v -0.10145687 0.28132676 0.11370169
v -0.10145687 0.28132676 0.11370169
v -0.10145687 0.28132676 0.11370169
v -0.17275387 0.28007776 0.11638769
v -0.17275387 0.28007776 0.11638769
v -0.17275387 0.28007776 0.11638769
v 0.21758213 -0.59178524 0.15361369
v 0.21758213 -0.59178524 0.15361369
v 0.21827713 -0.59330124 0.14462869
v 0.21887413 -0.61263124 0.14346069
v 0.22959413 -0.59217024 0.12909369
v 0.22959413 -0.59217024 0.12909369
v 0.22959413 -0.59217024 0.12909369
v 0.22959413 -0.59217024 0.12909369
v 0.22676313 -0.58909424 0.14792069
v 0.22676313 -0.58909424 0.14792069
v 0.22676313 -0.58909424 0.14792069
v 0.22676313 -0.58909424 0.14792069
v 0.22029413 -0.61263324 0.12848169
v 0.22029413 -0.61263324 0.12848169
v 0.19989313 -0.61456224 0.14156069
v 0.19989313 -0.61456224 0.14156069
v 0.19989313 -0.61456224 0.14156069
v 0.19735713 -0.61459924 0.15033769
v 0.19735713 -0.61459924 0.15033769
v 0.19735713 -0.61459924 0.15033769
v 0.19735713 -0.61459924 0.15033769
v 0.21972713 -0.57317624 0.15539369
v 0.21972713 -0.57317624 0.15539369
v 0.21972713 -0.57317624 0.15539369
v 0.22756513 -0.59179624 0.14287669
v 0.22756513 -0.59179624 0.14287669
v -0.21806287 -0.60679124 0.05156269
v -0.21806287 -0.60679124 0.05156269
v -0.21293387 -0.60201724 0.00184469
v -0.21293387 -0.60201724 0.00184469
v 0.24722013 -0.55760724 -0.05443831
v 0.24514113 -0.53968224 -0.04172831
v 0.24778013 -0.54320224 0.02643469
v 0.24778013 -0.54320224 0.02643469
v 0.23716913 -0.52901124 0.05791469
v 0.23716913 -0.52901124 0.05791469
v 0.21163813 -0.50885524 0.11001269
v 0.21163813 -0.50885524 0.11001269
v 0.23080813 -0.54408224 0.14087869
v 0.22298513 -0.53026824 0.14477769
v 0.22298513 -0.53026824 0.14477769
v 0.24377613 -0.54467224 0.06977569
v 0.24377613 -0.54467224 0.06977569
v 0.24377613 -0.54467224 0.06977569
v 0.25098513 -0.57089224 0.01279969
v 0.25098513 -0.57089224 0.01279969
v 0.24375913 -0.61084024 0.01328769
v 0.24375913 -0.61084024 0.01328769
v 0.24375913 -0.61084024 0.01328769
v 0.24261213 -0.57083324 0.09002469
v 0.24261213 -0.57083324 0.09002469
v 0.24261213 -0.57083324 0.09002469
v 0.24261213 -0.57083324 0.09002469
v 0.23862013 -0.61175124 0.06899669
v 0.23862013 -0.61175124 0.06899669
v 0.22305613 -0.51705724 0.07606969
v 0.22305613 -0.51705724 0.07606969
v 0.22305613 -0.51705724 0.07606969
v 0.22354413 -0.51684224 -0.06545431
v 0.24116713 -0.52888524 0.00440869
v 0.24116713 -0.52888524 0.00440869
v 0.23951013 -0.53075024 -0.04709031
v 0.22003013 -0.52805424 -0.14400031
v 0.22003013 -0.52805424 -0.14400031
v 0.22995913 -0.55277924 -0.14281631
v 0.22995913 -0.55277924 -0.14281631
v 0.22995913 -0.55277924 -0.14281631
v 0.24944413 -0.57050324 -0.03320231
v 0.24352713 -0.57051924 -0.07967231
v 0.23772813 -0.48157024 0.04560069
v 0.23772813 -0.48157024 0.04560069
v 0.23772813 -0.48157024 0.04560069
v 0.24281913 -0.42399824 0.10071369
v 0.24281913 -0.42399824 0.10071369
v 0.21465313 -0.51671424 -0.09712431
v 0.21465313 -0.51671424 -0.09712431
v 0.21465313 -0.51671424 -0.09712431
v 0.23008213 -0.51666524 -0.00330831
v 0.23008213 -0.51666524 -0.00330831
v 0.23660513 -0.61131524 -0.07698731
v 0.22953813 -0.59189024 -0.12478331
v 0.22953813 -0.59189024 -0.12478331
v 0.21996713 -0.61259924 -0.12427131
v 0.21996713 -0.61259924 -0.12427131
v 0.25102713 -0.55401824 0.00829469
v 0.25102713 -0.55401824 0.00829469
v 0.22804313 -0.46872824 0.11097669
v 0.22804313 -0.46872824 0.11097669
v 0.22804313 -0.46872824 0.11097669
v 0.22804313 -0.46872824 0.11097669
v 0.22921713 -0.50922524 -0.03483531
v 0.22921713 -0.50922524 -0.03483531
v 0.22921713 -0.50922524 -0.03483531
v 0.18636813 -0.50587924 0.13997369
v 0.18636813 -0.50587924 0.13997369
v 0.22805513 -0.59097724 -0.13889131
v 0.22805513 -0.59097724 -0.13889131
v 0.22835713 -0.53784724 -0.13925731
v 0.22267713 -0.50892224 0.08289769
v 0.22267713 -0.50892224 0.08289769
v 0.22267713 -0.50892224 0.08289769
v 0.22267713 -0.50892224 0.08289769
v 0.23213613 -0.50880324 -0.00053131
v 0.23213613 -0.50880324 -0.00053131
v 0.23213613 -0.50880324 -0.00053131
v 0.24980013 -0.42389024 -0.06115731
v 0.24980013 -0.42389024 -0.06115731
v -0.21933087 -0.60114024 -0.02790931
v -0.21933087 -0.60114024 -0.02790931
v -0.14782787 -0.46662524 -0.14355831
v -0.14782787 -0.46662524 -0.14355831
v -0.14782787 -0.46662524 -0.14355831
v -0.17140987 -0.49688124 -0.15022131
v -0.17140987 -0.49688124 -0.15022131
v -0.20423287 -0.55015724 -0.14914031
v -0.20423287 -0.55015724 -0.14914031
v -0.20423287 -0.55015724 -0.14914031
v 0.13799013 -0.52051824 -0.15115631
v 0.13799013 -0.52051824 -0.15115631
v 0.13799013 -0.52051824 -0.15115631
v 0.13799013 -0.52051824 -0.15115631
v -0.08354687 -0.52703524 -0.15089131
v -0.08354687 -0.52703524 -0.15089131
v -0.08354687 -0.52703524 -0.15089131
v 0.17357913 -0.54735524 -0.15083931
v 0.17357913 -0.54735524 -0.15083931
v 0.17357913 -0.54735524 -0.15083931
v 0.18892013 -0.56637524 -0.15074031
v 0.18892013 -0.56637524 -0.15074031
v -0.13281287 -0.54918824 -0.14371231
v -0.13281287 -0.54918824 -0.14371231
v -0.13281287 -0.54918824 -0.14371231
v 0.17169713 -0.54975524 -0.14394131
v 0.17169713 -0.54975524 -0.14394131
v 0.17169713 -0.54975524 -0.14394131
v 0.16306513 -0.59144124 -0.14421931
v 0.16306513 -0.59144124 -0.14421931
v 0.14353213 -0.61430524 -0.14376831
v 0.14353213 -0.61430524 -0.14376831
v 0.14353213 -0.61430524 -0.14376831
v 0.14353213 -0.61430524 -0.14376831
v 0.14353213 -0.61430524 -0.14376831
v -0.11348487 -0.61310124 -0.14380231
v -0.11348487 -0.61310124 -0.14380231
v -0.11348487 -0.61310124 -0.14380231
v -0.11348487 -0.61310124 -0.14380231
v -0.11348487 -0.61310124 -0.14380231
v -0.07147087 -0.59780724 -0.14495031
v -0.01043687 -0.56926024 -0.14475631
v -0.01043687 -0.56926024 -0.14475631
v -0.01043687 -0.56926024 -0.14475631
v 0.01347113 -0.56910724 -0.14480931
v 0.01347113 -0.56910724 -0.14480931
v -0.08131987 -0.59192424 -0.14461531
v -0.09644587 -0.58511224 -0.14466631
v -0.09644587 -0.58511224 -0.14466631
v -0.09644587 -0.58511224 -0.14466631
v -0.07985687 -0.58571624 -0.14471031
v -0.07985687 -0.58571624 -0.14471031
v -0.07985687 -0.58571624 -0.14471031
v -0.02062987 -0.58364824 -0.14502931
v -0.05027487 -0.61493224 -0.14272931
v -0.05027487 -0.61493224 -0.14272931
v -0.18485587 -0.59255524 -0.15050131
v -0.18485587 -0.59255524 -0.15050131
v -0.09694987 -0.59579924 -0.14486931
v -0.04837387 -0.57059924 -0.14470031
v -0.04837387 -0.57059924 -0.14470031
v 0.06016113 -0.58449824 -0.14485431
v 0.06016113 -0.58449824 -0.14485431
v 0.06016113 -0.58449824 -0.14485431
v 0.06016113 -0.58449824 -0.14485431
v 0.06016113 -0.58449824 -0.14485431
v 0.11116213 -0.58476124 -0.14496131
v 0.11116213 -0.58476124 -0.14496131
v 0.13875213 -0.58481224 -0.14510031
v 0.13875213 -0.58481224 -0.14510031
v 0.13875213 -0.58481224 -0.14510031
v 0.08857013 -0.56949424 -0.14475031
v 0.08857013 -0.56949424 -0.14475031
v 0.08857013 -0.56949424 -0.14475031
v 0.21917113 -0.59064624 -0.14959931
v 0.21917113 -0.59064624 -0.14959931
v 0.18553913 -0.57321024 -0.15054431
v 0.18553913 -0.57321024 -0.15054431
v 0.18553913 -0.57321024 -0.15054431
v -0.11660987 -0.56906224 -0.14461231
v -0.11660987 -0.56906224 -0.14461231
v -0.11660987 -0.56906224 -0.14461231
v -0.11660987 -0.56906224 -0.14461231
v 0.09926613 -0.57012124 -0.14485931
v 0.09926613 -0.57012124 -0.14485931
v 0.09926613 -0.57012124 -0.14485931
v 0.04176313 -0.56960824 -0.14482031
v 0.04176313 -0.56960824 -0.14482031
v 0.04176313 -0.56960824 -0.14482031
v 0.22023813 -0.53609424 -0.15064931
v 0.22023813 -0.53609424 -0.15064931
v -0.12360187 -0.58191124 -0.14497931
v -0.12360187 -0.58191124 -0.14497931
v -0.09699287 -0.56991124 -0.14482831
v -0.09699287 -0.56991124 -0.14482831
v 0.14246013 -0.54284124 -0.15119531
v 0.14246013 -0.54284124 -0.15119531
v 0.14246013 -0.54284124 -0.15119531
v 0.14246013 -0.54284124 -0.15119531
v 0.14246013 -0.54284124 -0.15119531
v -0.08927887 -0.54029324 -0.15114331
v -0.08927887 -0.54029324 -0.15114331
v -0.08927887 -0.54029324 -0.15114331
v -0.08927887 -0.54029324 -0.15114331
v -0.07764887 -0.56988024 -0.14489931
v -0.07764887 -0.56988024 -0.14489931
v -0.07764887 -0.56988024 -0.14489931
v -0.07764887 -0.56988024 -0.14489931
v -0.07764887 -0.56988024 -0.14489931
v -0.05008087 -0.58377724 -0.14496831
v 0.13036813 -0.56921524 -0.14481031
v 0.13036813 -0.56921524 -0.14481031
v 0.13036813 -0.56921524 -0.14481031
v 0.13036813 -0.56921524 -0.14481031
v 0.01183213 -0.58454624 -0.14474331
v 0.01183213 -0.58454624 -0.14474331
v -0.15092387 -0.56666024 -0.15091531
v -0.15092387 -0.56666024 -0.15091531
v -0.15092387 -0.56666024 -0.15091531
v -0.13377987 -0.54648624 -0.15093931
v -0.13377987 -0.54648624 -0.15093931
v -0.13377987 -0.54648624 -0.15093931
v -0.13377987 -0.54648624 -0.15093931
v 0.00820213 -0.59803324 -0.14448131
v 0.00820213 -0.59803324 -0.14448131
v 0.08655513 -0.58357724 -0.14509231
v 0.08655513 -0.58357724 -0.14509231
v 0.01440113 0.23998676 -0.12366631
v 0.01440113 0.23998676 -0.12366631
v 0.01441213 0.24514576 -0.13155531
v -0.00690587 0.23833776 -0.13605631
v -0.00690587 0.23833776 -0.13605631
v -0.00690587 0.23833776 -0.13605631
v -0.02687887 0.26589576 -0.12525231
v -0.02687887 0.26589576 -0.12525231
v 0.01615413 0.27332176 -0.11994731
v 0.01615413 0.27332176 -0.11994731
v 0.02303213 0.26130976 -0.12449531
v 0.02443613 0.25636976 -0.11657831
v 0.02443613 0.25636976 -0.11657831
v -0.02023487 0.24895276 0.13060869
v -0.02023487 0.24895276 0.13060869
v -0.02023487 0.24895276 0.13060869
v -0.02023487 0.24895276 0.13060869
v -0.02023487 0.24895276 0.13060869
v -0.02277887 0.25137776 0.13513469
v -0.02277887 0.25137776 0.13513469
v 0.00283013 0.24423676 0.13687869
v 0.00283013 0.24423676 0.13687869
v 0.00283013 0.24423676 0.13687869
v 0.02203213 0.25632676 0.13110469
v 0.02203213 0.25632676 0.13110469
v 0.02203213 0.25632676 0.13110469
v 0.02061213 0.27449676 0.12393769
v 0.02061213 0.27449676 0.12393769
v 0.02061213 0.27449676 0.12393769
v -0.22350987 -0.56141424 0.05574969
v -0.22350987 -0.56141424 0.05574969
v -0.22350987 -0.56141424 0.05574969
v -0.15435487 -0.44524424 -0.08109531
v -0.15435487 -0.44524424 -0.08109531
v -0.16007687 -0.44826124 -0.01021931
v -0.16007687 -0.44826124 -0.01021931
v -0.14871087 -0.43904724 0.09006769
v -0.14871087 -0.43904724 0.09006769
v -0.14871087 -0.43904724 0.09006769
v -0.14871087 -0.43904724 0.09006769
v -0.14871087 -0.43904724 0.09006769
v 0.20724913 0.02606176 0.00972969
v 0.20724913 0.02606176 0.00972969
v 0.20724913 0.02606176 0.00972969
v 0.06030813 -0.05423224 -0.06360431
v 0.06030813 -0.05423224 -0.06360431
v 0.02661913 0.05286976 -0.06474831
v 0.02661913 0.05286976 -0.06474831
v 0.02661913 0.05286976 -0.06474831
v 0.02661913 0.05286976 -0.06474831
v -0.04673587 0.17841876 -0.13541631
v -0.04673587 0.17841876 -0.13541631
v -0.04673587 0.17841876 -0.13541631
v -0.04673587 0.17841876 -0.13541631
v -0.04673587 0.17841876 -0.13541631
v -0.10778287 0.21319476 -0.12703131
v -0.10778287 0.21319476 -0.12703131
v -0.10778287 0.21319476 -0.12703131
v -0.10778287 0.21319476 -0.12703131
v -0.09733087 0.16410576 -0.12398631
v -0.09430587 0.20551276 -0.13310131
v -0.04493487 0.15631376 -0.12760031
v -0.04493487 0.15631376 -0.12760031
v -0.04086987 0.11945276 -0.10591031
v -0.04086987 0.11945276 -0.10591031
v -0.04086987 0.11945276 -0.10591031
v -0.03929487 0.13007276 -0.12248231
v -0.03929487 0.13007276 -0.12248231
v -0.03929487 0.13007276 -0.12248231
v 0.27045313 0.10368676 -0.09750031
v 0.27045313 0.10368676 -0.09750031
v 0.22092413 0.13854076 -0.11709831
v 0.22092413 0.13854076 -0.11709831
v 0.22092413 0.13854076 -0.11709831
v 0.22092413 0.13854076 -0.11709831
v -0.04159087 0.16439776 -0.14069031
v -0.04159087 0.16439776 -0.14069031
v -0.04159087 0.16439776 -0.14069031
v -0.04159087 0.16439776 -0.14069031
v 0.26628913 0.10048476 -0.08789931
v 0.26628913 0.10048476 -0.08789931
v 0.26628913 0.10048476 -0.08789931
v 0.26628913 0.10048476 -0.08789931
v -0.03856987 0.13188676 -0.12511631
v -0.03856987 0.13188676 -0.12511631
v -0.03856987 0.13188676 -0.12511631
v 0.00867813 0.05850176 -0.06905631
v 0.00867813 0.05850176 -0.06905631
v -0.02723687 0.05918776 -0.06533831
v -0.02723687 0.05918776 -0.06533831
v -0.02723687 0.05918776 -0.06533831
v -0.02723687 0.05918776 -0.06533831
v -0.08538187 0.05848676 -0.05431731
v -0.08538187 0.05848676 -0.05431731
v -0.08538187 0.05848676 -0.05431731
v -0.10491987 0.03738876 -0.03354931
v -0.10491987 0.03738876 -0.03354931
v -0.11266887 0.07855476 -0.05852731
v -0.11266887 0.07855476 -0.05852731
v -0.07499887 0.03858176 0.04908669
v -0.07499887 0.03858176 0.04908669
v -0.05381687 0.03678176 0.05314369
v -0.05381687 0.03678176 0.05314369
v -0.05496387 0.03732176 -0.04866631
v -0.05496387 0.03732176 -0.04866631
v -0.10084287 0.12907476 -0.10472731
v -0.10084287 0.12907476 -0.10472731
v -0.10084287 0.12907476 -0.10472731
v -0.10084287 0.12907476 -0.10472731
v 0.01935813 0.14863176 -0.12885631
v 0.01935813 0.14863176 -0.12885631
v 0.24103213 0.05904476 -0.05772131
v 0.24103213 0.05904476 -0.05772131
v 0.16705113 0.04820576 -0.05980231
v 0.16705113 0.04820576 -0.05980231
v 0.30550513 0.10643976 -0.09561931
v 0.30550513 0.10643976 -0.09561931
v 0.30550513 0.10643976 -0.09561931
v 0.30098513 0.08498876 -0.07558731
v 0.30098513 0.08498876 -0.07558731
v 0.29307413 0.07098276 -0.05721731
v 0.29307413 0.07098276 -0.05721731
v 0.29307413 0.07098276 -0.05721731
v 0.26156513 0.05085776 -0.03353531
v 0.26156513 0.05085776 -0.03353531
v 0.26156513 0.05085776 -0.03353531
v 0.26156513 0.05085776 -0.03353531
v 0.26156513 0.05085776 -0.03353531
v 0.14087213 0.23939076 -0.11334331
v 0.14908213 0.23696476 -0.11508231
v 0.14908213 0.23696476 -0.11508231
v 0.15001013 0.22523476 -0.11730931
v 0.00873313 0.21750876 -0.12932331
v 0.00873313 0.21750876 -0.12932331
v 0.16548413 0.20582876 -0.11914831
v 0.16548413 0.20582876 -0.11914831
v 0.16548413 0.20582876 -0.11914831
v 0.06276313 0.21588476 -0.12482431
v 0.06276313 0.21588476 -0.12482431
v 0.03749613 0.23578776 -0.12243431
v 0.03749613 0.23578776 -0.12243431
v 0.10967213 0.22778976 -0.11945631
v 0.10967213 0.22778976 -0.11945631
v 0.10967213 0.22778976 -0.11945631
v 0.10967213 0.22778976 -0.11945631
v 0.12830713 0.24102876 -0.11395331
v 0.13349413 0.24051176 -0.11663131
v -0.02243887 0.29255676 -0.10393331
v -0.02243887 0.29255676 -0.10393331
v -0.02199287 0.22911976 -0.12945331
v -0.02199287 0.22911976 -0.12945331
v 0.14192813 0.24125676 -0.11598731
v 0.17974013 0.23056476 -0.11479931
v 0.17974013 0.23056476 -0.11479931
v 0.17974013 0.23056476 -0.11479931
v 0.20073813 0.21861376 -0.11424431
v 0.20073813 0.21861376 -0.11424431
v 0.20073813 0.21861376 -0.11424431
v 0.18691513 0.20709076 -0.11997731
v 0.18691513 0.20709076 -0.11997731
v 0.18691513 0.20709076 -0.11997731
v 0.18252413 0.03689376 -0.05232931
v 0.18252413 0.03689376 -0.05232931
v 0.18252413 0.03689376 -0.05232931
v 0.18252413 0.03689376 -0.05232931
v 0.18252413 0.03689376 -0.05232931
v 0.17083513 0.02877176 -0.04935831
v 0.17083513 0.02877176 -0.04935831
v 0.12290413 0.01481376 -0.05616531
v 0.12290413 0.01481376 -0.05616531
v 0.12290413 0.01481376 -0.05616531
v 0.11386613 -0.03067324 -0.05646631
v 0.11386613 -0.03067324 -0.05646631
v 0.11386613 -0.03067324 -0.05646631
v 0.11386613 -0.03067324 -0.05646631
v 0.15088813 -0.00371724 -0.04738631
v 0.15088813 -0.00371724 -0.04738631
v 0.14158513 -0.04314624 -0.05036031
v 0.14158513 -0.04314624 -0.05036031
v 0.14158513 -0.04314624 -0.05036031
v 0.16270013 0.01783576 -0.04696831
v 0.16270013 0.01783576 -0.04696831
v 0.16270013 0.01783576 -0.04696831
v 0.14605813 -0.05650924 -0.05100231
v 0.14605813 -0.05650924 -0.05100231
v 0.14605813 -0.05650924 -0.05100231
v 0.14605813 -0.05650924 -0.05100231
v 0.15563013 -0.11583824 -0.05323631
v 0.15563013 -0.11583824 -0.05323631
v 0.15563013 -0.11583824 -0.05323631
v 0.16201913 -0.12026724 -0.04932631
v 0.16201913 -0.12026724 -0.04932631
v 0.16201913 -0.12026724 -0.04932631
v 0.12646013 -0.04794224 -0.05820631
v 0.12646013 -0.04794224 -0.05820631
v 0.12646013 -0.04794224 -0.05820631
v 0.10124013 -0.03342124 -0.06046231
v 0.10124013 -0.03342124 -0.06046231
v 0.08583913 -0.04512024 -0.06323031
v 0.08583913 -0.04512024 -0.06323031
v 0.08583913 -0.04512024 -0.06323031
v 0.14943013 -0.07116724 -0.05056931
v 0.14943013 -0.07116724 -0.05056931
v 0.14943013 -0.07116724 -0.05056931
v 0.14943013 -0.07116724 -0.05056931
v 0.14943013 -0.07116724 -0.05056931
v 0.17872513 -0.18224024 -0.04925331
v 0.17872513 -0.18224024 -0.04925331
v 0.18253213 -0.27040224 -0.05902331
v 0.18253213 -0.27040224 -0.05902331
v 0.18253213 -0.27040224 -0.05902331
v 0.05740813 -0.28643724 0.03827069
v 0.04998313 -0.29172224 0.02077169
v 0.04998313 -0.29172224 0.02077169
v 0.02466513 -0.21315124 0.01476769
v 0.02466513 -0.21315124 0.01476769
v 0.01124813 -0.12625124 0.01985269
v 0.01124813 -0.12625124 0.01985269
v 0.04149413 -0.19877924 0.04743869
v 0.04149413 -0.19877924 0.04743869
v 0.02574713 -0.18718924 0.03305969
v 0.02574713 -0.18718924 0.03305969
v 0.01753013 -0.12763524 0.03333269
v 0.01753013 -0.12763524 0.03333269
v 0.01753013 -0.12763524 0.03333269
v 0.01753013 -0.12763524 0.03333269
v 0.07019013 -0.28260824 0.05115469
v 0.07019013 -0.28260824 0.05115469
v 0.03400913 -0.13275724 0.04910669
v 0.03400913 -0.13275724 0.04910669
v 0.03400913 -0.13275724 0.04910669
v 0.05824413 -0.16013324 0.05840869
v 0.05824413 -0.16013324 0.05840869
v 0.08210913 -0.26491424 0.05915269
v 0.08210913 -0.26491424 0.05915269
vt 0.96124700 0.53742800
vt 0.19246600 0.00875500
vt 0.96577600 0.50945000
vt 0.43583000 0.03364100
vt 0.87358500 0.04445100
vt 0.22828400 0.01960900
vt 0.92577200 0.53735400
vt 0.17038400 0.03421900
vt 0.15477500 0.23582200
vt 0.13368900 0.04213100
vt 0.02251400 0.06656100
vt 0.12845800 0.03578500
vt 0.08778600 0.09079000
vt 0.26293700 0.00810900
vt 0.71355800 0.58804400
vt 0.12929700 0.04413500
vt 0.01792200 0.07124100
vt 0.09388900 0.08721300
vt 0.70992300 0.58218700
vt 0.12351200 0.04057500
vt 0.52860500 0.21443500
vt 0.97119100 0.76727600
vt 0.37519000 0.02074400
vt 0.13078000 0.02046200
vt 0.08568300 0.10301800
vt 0.82451800 0.07069000
vt 0.83179000 0.05080400
vt 0.81909900 0.06109900
vt 0.82544400 0.05172200
vt 0.81612700 0.06745500
vt 0.84727900 0.05610600
vt 0.83374500 0.04593400
vt 0.82248000 0.04779100
vt 0.81550800 0.05495200
vt 0.80533800 0.05993500
vt 0.85519600 0.04577600
vt 0.84021000 0.05529100
vt 0.85508600 0.06267600
vt 0.78606700 0.74164100
vt 0.51544000 0.24595600
vt 0.79768100 0.07835800
vt 0.80721300 0.07782200
vt 0.82958700 0.07720300
vt 0.83006000 0.08402500
vt 0.77834400 0.71233700
vt 0.85416300 0.07888800
vt 0.86409300 0.08111300
vt 0.78574500 0.68353400
vt 0.86639700 0.04457700
vt 0.45544400 0.46062700
vt 0.51626900 0.20642200
vt 0.80279800 0.03914400
vt 0.51367700 0.46109500
vt 0.84476100 0.06931800
vt 0.84355200 0.06391200
vt 0.87249000 0.08374100
vt 0.78161300 0.67704200
vt 0.40499300 0.05695900
vt 0.83493400 0.07147200
vt 0.50752600 0.25290400
vt 0.77510600 0.73631800
vt 0.52203100 0.25021100
vt 0.52138300 0.24890900
vt 0.78051800 0.74613100
vt 0.38655300 0.04052600
vt 0.77285400 0.69800100
vt 0.48796700 0.25443600
vt 0.77088800 0.72003600
vt 0.37711900 0.03032000
vt 0.42257400 0.00896300
vt 0.04413800 0.10852100
vt 0.08342800 0.12546100
vt 0.08836300 0.41426400
vt 0.38765500 0.00520200
vt 0.41980200 0.01614000
vt 0.92664800 0.57273900
vt 0.09000600 0.37921400
vt 0.01263700 0.09723600
vt 0.45293400 0.00112100
vt 0.43548600 0.60005200
vt 0.46017400 0.39445900
vt 0.92861700 0.71803700
vt 0.32315600 0.48827400
vt 0.36411700 0.39542300
vt 0.24806200 0.39950000
vt 0.99329400 0.53671100
vt 0.97068600 0.53338400
vt 0.52836100 0.68450100
vt 0.60851700 0.63239500
vt 0.75629200 0.22491500
vt 0.42871800 0.04680600
vt 0.01833700 0.00357000
vt 0.96302800 0.52889300
vt 0.08655100 0.23689500
vt 0.96406000 0.55572400
vt 0.75609600 0.20140700
vt 0.02191500 0.08691700
vt 0.44553300 0.01919500
vt 0.02263200 0.09065200
vt 0.96135200 0.56048600
vt 0.75923500 0.54951300
vt 0.45822700 0.00650200
vt 0.75233100 0.18872600
vt 0.00505500 0.09347200
vt 0.96310400 0.57477800
vt 0.07713300 0.37672500
vt 0.74723800 0.51531000
vt 0.92611400 0.56116500
vt 0.73650300 0.53860900
vt 0.00346800 0.09645500
vt 0.75030600 0.18453900
vt 0.92558500 0.51420500
vt 0.48654000 0.47563600
vt 0.15942400 0.06195800
vt 0.48752900 0.46878800
vt 0.83858100 0.03869900
vt 0.46110200 0.46337400
vt 0.85960500 0.03995100
vt 0.52326500 0.20641500
vt 0.12768100 0.05739100
vt 0.70563100 0.59059600
vt 0.52029100 0.46418600
vt 0.87259700 0.03873200
vt 0.96123600 0.51449100
vt 0.45306900 0.46669900
vt 0.40965900 0.02408900
vt 0.05421200 0.09365100
vt 0.92670700 0.55067800
vt 0.16871900 0.01946100
vt 0.41195300 0.03057200
vt 0.07707400 0.10179700
vt 0.38019500 0.01685700
vt 0.96243500 0.55210600
vt 0.44411900 0.02093800
vt 0.04062800 0.11570900
vt 0.51207900 0.23849000
vt 0.74141800 0.50461000
vt 0.50566400 0.23976300
vt 0.19914700 0.41294400
vt 0.04492700 0.13093900
vt 0.73487900 0.50400900
vt 0.01277200 0.10267500
vt 0.74092700 0.53249600
vt 0.51128200 0.20903500
vt 0.07358600 0.12799200
vt 0.06022800 0.12402100
vt 0.51085100 0.22182100
vt 0.50508600 0.20561900
vt 0.08232700 0.13112900
vt 0.50361600 0.20666400
vt 0.07932700 0.13402000
vt 0.79114400 0.12958700
vt 0.58022500 0.84455200
vt 0.62588200 0.49602000
vt 0.51658900 0.68741800
vt 0.97284600 0.68763100
vt 0.51058000 0.98662100
vt 0.02895300 0.61740300
vt 0.45008100 0.59441700
vt 0.52859200 0.25483800
vt 0.97224900 0.80855500
vt 0.04663000 0.22515300
vt 0.56293900 0.04949000
vt 0.39957900 0.43344800
vt 0.46953500 0.23655500
vt 0.44871000 0.23662900
vt 0.54782300 0.05248100
vt 0.07808500 0.28325900
vt 0.60786300 0.60491800
vt 0.40495900 0.06621300
vt 0.50416000 0.52443100
vt 0.64868700 0.51957000
vt 0.01480800 0.71827200
vt 0.49369400 0.59908000
vt 0.41738900 0.07844700
vt 0.02542800 0.71791700
vt 0.45022200 0.07530800
vt 0.22537900 0.99532500
vt 0.42422600 0.08119100
vt 0.08456800 0.11022200
vt 0.07499700 0.41096500
vt 0.75764500 0.48181100
vt 0.37264900 0.01917100
vt 0.76174300 0.48063900
vt 0.08742200 0.10551600
vt 0.75613100 0.51575600
vt 0.05199300 0.09884300
vt 0.76375500 0.54323000
vt 0.02920200 0.09169200
vt 0.07331900 0.24943200
vt 0.78749600 0.13188100
vt 0.97080500 0.68774200
vt 0.08666500 0.14139000
vt 0.30014800 0.31305900
vt 0.08061100 0.24927100
vt 0.07862500 0.14641900
vt 0.07797600 0.10595200
vt 0.76358200 0.48626100
vt 0.43963800 0.01634500
vt 0.02873400 0.08762400
vt 0.39286600 0.00075000
vt 0.07646500 0.12496800
vt 0.07560100 0.24766600
vt 0.50528000 0.99120300
vt 0.78644200 0.12958700
vt 0.29584600 0.31078000
vt 0.50348400 0.99398100
vt 0.02849900 0.71566000
vt 0.45413000 0.07388500
vt 0.19339100 0.99431500
vt 0.58018000 0.84977100
vt 0.47724700 0.99704200
vt 0.49150400 0.60873400
vt 0.01037800 0.71568800
vt 0.19152700 0.23356000
vt 0.30756600 0.39538600
vt 0.00680600 0.19075200
vt 0.49001800 0.62220400
vt 0.30424700 0.39301900
vt 0.19341700 0.23727900
vt 0.92815800 0.73368300
vt 0.12518400 0.24230600
vt 0.22727600 0.01095200
vt 0.12439400 0.23511200
vt 0.01475900 0.03617800
vt 0.02243000 0.00800800
vt 0.09400600 0.23753900
vt 0.00702000 0.03735300
vt 0.92599800 0.52686400
vt 0.16068100 0.05029200
vt 0.46307500 0.55094300
vt 0.92874500 0.77089900
vt 0.21102700 0.04260900
vt 0.45309100 0.56345900
vt 0.92494700 0.75493500
vt 0.01058100 0.17252700
vt 0.92841900 0.75158500
vt 0.00905200 0.18255100
vt 0.17965400 0.23766000
vt 0.92356500 0.74093500
vt 0.44570300 0.57264900
vt 0.43695300 0.58408300
vt 0.92447700 0.72958000
vt 0.49147700 0.58882500
vt 0.45662500 0.99388000
vt 0.41042800 0.21827900
vt 0.86705400 0.39313100
vt 0.70106300 0.04693500
vt 0.45140900 0.23499300
vt 0.68855000 0.04989900
vt 0.22125000 0.92269400
vt 0.20755400 0.42677000
vt 0.31600000 0.31559200
vt 0.05744600 0.14371600
vt 0.73447100 0.53593900
vt 0.16714400 0.41354000
vt 0.75132000 0.17860500
vt 0.53533900 0.05256000
vt 0.43377700 0.23050500
vt 0.86668400 0.37733300
vt 0.51773700 0.25749000
vt 0.45419600 0.58499100
vt 0.32973200 0.31502400
vt 0.19585700 0.42712500
vt 0.40760300 0.21708900
vt 0.75923300 0.15787500
vt 0.32471000 0.31336100
vt 0.46694600 0.99310100
vt 0.67232400 0.04751100
vt 0.47723000 0.23374300
vt 0.05742500 0.22778100
vt 0.24715700 0.92194600
vt 0.69911800 0.04880400
vt 0.86519800 0.38801800
vt 0.61965300 0.91894400
vt 0.86567100 0.37224600
vt 0.26746100 0.92637800
vt 0.25723600 0.95522700
vt 0.28134800 0.93031200
vt 0.28700200 0.10879800
vt 0.63621200 0.92340300
vt 0.27440500 0.96067000
vt 0.25592900 0.10931600
vt 0.66815500 0.04863300
vt 0.19963600 0.92589800
vt 0.55735800 0.91475500
vt 0.21710200 0.95254900
vt 0.44926500 0.07759600
vt 0.20064200 0.99106000
vt 0.24192300 0.95275300
vt 0.24488500 0.99686600
vt 0.40617200 0.07922700
vt 0.64929500 0.50955700
vt 0.36055700 0.42755200
vt 0.19619500 0.95604800
vt 0.34072200 0.43725000
vt 0.04615600 0.62596100
vt 0.18176700 0.98164600
vt 0.19042100 0.00708200
vt 0.08582200 0.24169800
vt 0.96603400 0.53355500
vt 0.19737300 0.00400200
vt 0.09593000 0.24270300
vt 0.13424500 0.03827700
vt 0.25762700 0.00358500
vt 0.15482700 0.24260600
vt 0.39198800 0.05521800
vt 0.49040900 0.53478900
vt 0.37509100 0.03727200
vt 0.47617200 0.55151000
vt 0.49863600 0.26005900
vt 0.46723400 0.56040900
vt 0.61822400 0.49983400
vt 0.50915400 0.69410900
vt 0.32829700 0.39336700
vt 0.32611300 0.47676900
vt 0.62790000 0.49828700
vt 0.51163700 0.68270300
vt 0.92738900 0.71975200
vt 0.43144600 0.59304900
vt 0.46640000 0.55668500
vt 0.44718000 0.59185200
vt 0.44091200 0.58731700
vt 0.48256300 0.53769500
vt 0.49394000 0.52621200
vt 0.16248600 0.04584500
vt 0.49697300 0.51764500
vt 0.47397900 0.53639900
vt 0.19245700 0.04719900
vt 0.45135200 0.57802100
vt 0.45040500 0.57649800
vt 0.52723200 0.67083000
vt 0.11733500 0.28423900
vt 0.60719300 0.65022900
vt 0.29821000 0.22265400
vt 0.51737000 0.21173900
vt 0.79668800 0.04324100
vt 0.52454900 0.22077700
vt 0.70045000 0.58785000
vt 0.52439700 0.21128800
vt 0.87223400 0.28977200
vt 0.14301500 0.38562300
vt 0.14251000 0.13277200
vt 0.35683700 0.60188900
vt 0.41436500 0.43343500
vt 0.56418800 0.05907600
vt 0.14625300 0.71928200
vt 0.06381800 0.23158500
vt 0.38827800 0.44129900
vt 0.01528500 0.11740100
vt 0.25645700 0.64001200
vt 0.93648200 0.10276100
vt 0.02086500 0.11995800
vt 0.26214700 0.63952600
vt 0.25824300 0.63963600
vt 0.48994000 0.98597000
vt 0.93982500 0.10351600
vt 0.01735200 0.12170600
vt 0.65427400 0.28313500
vt 0.48700600 0.98614300
vt 0.93895200 0.09956900
vt 0.01581900 0.11353200
vt 0.65488500 0.27763900
vt 0.46781200 0.60665100
vt 0.02155000 0.11487200
vt 0.83503100 0.60306700
vt 0.47296200 0.60512200
vt 0.93182900 0.10692200
vt 0.02137400 0.12273300
vt 0.82266700 0.34394200
vt 0.82407900 0.40772200
vt 0.83080800 0.37600900
vt 0.83234400 0.34548300
vt 0.81342500 0.40888200
vt 0.83530200 0.34195400
vt 0.65159300 0.14348700
vt 0.81382100 0.32711800
vt 0.80365800 0.40731200
vt 0.83502000 0.40876500
vt 0.84601000 0.34280500
vt 0.80887200 0.33866000
vt 0.83757300 0.38385300
vt 0.81988900 0.33990600
vt 0.84699900 0.33157600
vt 0.71120700 0.57792800
vt 0.82389400 0.42099100
vt 0.92963900 0.95900500
vt 0.80411200 0.34372900
vt 0.79176100 0.34382900
vt 0.80018800 0.40234500
vt 0.79814500 0.33731900
vt 0.80605800 0.42073000
vt 0.94447400 0.94429600
vt 0.80498700 0.42400200
vt 0.82349800 0.42584200
vt 0.93396900 0.95826600
vt 0.78803200 0.42022300
vt 0.77104000 0.08113700
vt 0.77187700 0.08004300
vt 0.67872800 0.23728100
vt 0.78785300 0.42515000
vt 0.96021800 0.93677600
vt 0.77366000 0.07721300
vt 0.83380900 0.32863000
vt 0.21038600 0.58027900
vt 0.85076100 0.32787100
vt 0.71535100 0.57407500
vt 0.82967100 0.32480100
vt 0.23146600 0.58380000
vt 0.26965200 0.57527200
vt 0.67128200 0.14250300
vt 0.75698700 0.64991600
vt 0.85523900 0.41672200
vt 0.76575600 0.65094400
vt 0.77162400 0.65571900
vt 0.93284200 0.99651000
vt 0.86251600 0.42189700
vt 0.77713500 0.64802000
vt 0.93004400 0.97500000
vt 0.84232800 0.42628000
vt 0.93530100 0.98820500
vt 0.85600700 0.43099600
vt 0.83184600 0.41484400
vt 0.72850500 0.57511500
vt 0.86334700 0.33343700
vt 0.84685900 0.41224500
vt 0.74738800 0.64545800
vt 0.84741200 0.34813000
vt 0.72968400 0.58765800
vt 0.86090300 0.34547500
vt 0.85726700 0.34857000
vt 0.45598500 0.18512900
vt 0.51997500 0.17021600
vt 0.45361400 0.17470700
vt 0.51773900 0.15996000
vt 0.49848000 0.17815500
vt 0.45271400 0.18862600
vt 0.44856500 0.17168400
vt 0.49127100 0.16292400
vt 0.81571200 0.14251400
vt 0.48016200 0.15308800
vt 0.52347000 0.15385200
vt 0.77496800 0.14549300
vt 0.45392400 0.19401800
vt 0.77649800 0.03385400
vt 0.53269000 0.16863800
vt 0.53250300 0.15760000
vt 0.78269600 0.02790500
vt 0.76545200 0.14359700
vt 0.46250800 0.20802000
vt 0.45876500 0.21298000
vt 0.73020000 0.16057500
vt 0.52256600 0.17812100
vt 0.76620500 0.03292000
vt 0.44758000 0.21963200
vt 0.72795600 0.14768700
vt 0.50685700 0.18111200
vt 0.45886200 0.19580200
vt 0.43963600 0.19241100
vt 0.43655400 0.17952000
vt 0.43468900 0.18686700
vt 0.88756500 0.26998500
vt 0.44364700 0.20516000
vt 0.43446900 0.16564600
vt 0.89674500 0.28467400
vt 0.43950800 0.20665700
vt 0.43062700 0.16542500
vt 0.88002900 0.24957600
vt 0.44741600 0.23050500
vt 0.71473200 0.14683000
vt 0.42883400 0.14910400
vt 0.87822400 0.22937800
vt 0.87152800 0.15524800
vt 0.30451100 0.53833700
vt 0.72195800 0.14348700
vt 0.44337800 0.22134200
vt 0.90692100 0.29438800
vt 0.75430700 0.05691900
vt 0.71090600 0.22674500
vt 0.75560100 0.06920600
vt 0.69497700 0.22660500
vt 0.70949300 0.16444300
vt 0.69087700 0.15934300
vt 0.70206400 0.15809200
vt 0.68998700 0.21124500
vt 0.71499500 0.15984100
vt 0.78709200 0.33890900
vt 0.67269100 0.15904500
vt 0.75009700 0.04692400
vt 0.67962000 0.97541200
vt 0.71770200 0.22049500
vt 0.72485300 0.19495700
vt 0.50313800 0.20030200
vt 0.73827600 0.03542700
vt 0.67836300 0.20478100
vt 0.78558800 0.38365700
vt 0.78887700 0.40628100
vt 0.67780500 0.22854700
vt 0.69531300 0.16489800
vt 0.69947000 0.14664300
vt 0.78410400 0.32600700
vt 0.68096000 0.14722900
vt 0.66740200 0.14615500
vt 0.79783000 0.32626900
vt 0.71059700 0.14319900
vt 0.29810000 0.55028200
vt 0.28637600 0.56340500
vt 0.69126600 0.14335100
vt 0.50850500 0.74729200
vt 0.81448500 0.20878300
vt 0.81277000 0.22765100
vt 0.83039000 0.25573400
vt 0.84126800 0.23572000
vt 0.86863800 0.60827100
vt 0.83881400 0.22908700
vt 0.82903900 0.23489400
vt 0.10173300 0.11108500
vt 0.80190200 0.20812900
vt 0.50947000 0.73328200
vt 0.79418600 0.19905500
vt 0.77536500 0.32026100
vt 0.84191200 0.20739300
vt 0.50978800 0.13012800
vt 0.13022200 0.47994400
vt 0.58946500 0.51348600
vt 0.08081900 0.64586000
vt 0.79846700 0.21209800
vt 0.90008500 0.13644800
vt 0.84472900 0.25604000
vt 0.88205600 0.69538200
vt 0.78431900 0.23809100
vt 0.79651400 0.23809000
vt 0.08192000 0.66998700
vt 0.79966800 0.25755700
vt 0.90153000 0.70814400
vt 0.87122300 0.69441900
vt 0.25860700 0.86045700
vt 0.78249300 0.22756100
vt 0.25599400 0.85819300
vt 0.78632700 0.23053200
vt 0.57671500 0.51314400
vt 0.78524300 0.21180500
vt 0.81378000 0.25810900
vt 0.83049300 0.25902900
vt 0.90150700 0.12633500
vt 0.10932600 0.07539600
vt 0.89925300 0.14668100
vt 0.85396700 0.25392600
vt 0.78231000 0.29033700
vt 0.82360200 0.19816100
vt 0.11095700 0.11328900
vt 0.82751500 0.22709000
vt 0.10705900 0.10947900
vt 0.82927000 0.22968400
vt 0.82676000 0.21297300
vt 0.86869300 0.58046100
vt 0.12594100 0.10897800
vt 0.83672700 0.21174500
vt 0.86438600 0.59013300
vt 0.86336200 0.20408200
vt 0.79073800 0.51224300
vt 0.15483300 0.48046000
vt 0.27959400 0.03141000
vt 0.53482100 0.13066000
vt 0.82655700 0.21149000
vt 0.86706300 0.57932600
vt 0.12695800 0.11126800
vt 0.84166000 0.22525900
vt 0.86510900 0.60231000
vt 0.86204100 0.59024300
vt 0.83942800 0.21010300
vt 0.85642000 0.22416800
vt 0.25749800 0.02414900
vt 0.88374700 0.15630800
vt 0.11390400 0.09551800
vt 0.57726200 0.51508600
vt 0.27467000 0.85882400
vt 0.78695900 0.21244000
vt 0.79575700 0.23136400
vt 0.08342000 0.66501100
vt 0.08319800 0.64644400
vt 0.58820100 0.51567200
vt 0.79742900 0.21327100
vt 0.44288300 0.25421300
vt 0.78077400 0.20792900
vt 0.81872900 0.26649600
vt 0.90480900 0.10540000
vt 0.91028500 0.72174300
vt 0.82955600 0.26494200
vt 0.90473100 0.12573300
vt 0.18691200 0.43922000
vt 0.90734800 0.10466700
vt 0.81754100 0.26868700
vt 0.82370100 0.26812200
vt 0.90834600 0.11312800
vt 0.88127000 0.70068800
vt 0.92196600 0.09965700
vt 0.79733800 0.84509100
vt 0.81066700 0.28311000
vt 0.81783400 0.27949000
vt 0.81186800 0.27952900
vt 0.88108600 0.70221700
vt 0.19710000 0.43922000
vt 0.90759300 0.10141600
vt 0.79272600 0.83476500
vt 0.18770500 0.44151400
vt 0.87264900 0.70068800
vt 0.25584400 0.03582800
vt 0.27404100 0.03443500
vt 0.78800900 0.50749300
vt 0.09229200 0.98270000
vt 0.27386200 0.04906500
vt 0.58941200 0.31689600
vt 0.09221800 0.96845000
vt 0.27628400 0.44959600
vt 0.25652100 0.04774000
vt 0.57265200 0.31689800
vt 0.25992500 0.03187900
vt 0.86794700 0.21675900
vt 0.18612900 0.25569000
vt 0.43687100 0.07244500
vt 0.90814800 0.06489200
vt 0.90576700 0.05996500
vt 0.40219500 0.57825300
vt 0.18604600 0.25130300
vt 0.73214300 0.79051800
vt 0.13362100 0.48967900
vt 0.91193000 0.05731800
vt 0.40610500 0.57828000
vt 0.43165200 0.07245500
vt 0.13399900 0.48541500
vt 0.91382300 0.06347200
vt 0.16935400 0.13761800
vt 0.70820500 0.25178000
vt 0.17302200 0.13742800
vt 0.89972800 0.20745800
vt 0.16753200 0.17905600
vt 0.75125100 0.25949700
vt 0.96562400 0.95680400
vt 0.03330700 0.30925100
vt 0.03330700 0.29090200
vt 0.76568400 0.28941000
vt 0.18708800 0.19921100
vt 0.68855200 0.26437000
vt 0.18431900 0.12203400
vt 0.16362900 0.15605800
vt 0.72983300 0.25021300
vt 0.90888100 0.19394400
vt 0.17640400 0.19244000
vt 0.76243300 0.27306800
vt 0.78651400 0.14780700
vt 0.51530900 0.14935300
vt 0.77760800 0.15816900
vt 0.78528800 0.16693500
vt 0.78672500 0.17896600
vt 0.81920400 0.64435700
vt 0.85514300 0.16310600
vt 0.85119500 0.17876100
vt 0.85099900 0.16635700
vt 0.85510900 0.15769900
vt 0.86873600 0.16942500
vt 0.85688200 0.17089200
vt 0.86929200 0.18460300
vt 0.81655900 0.56614400
vt 0.86818000 0.15776200
vt 0.43070800 0.15444600
vt 0.43635400 0.15652100
vt 0.86857700 0.14575700
vt 0.85426900 0.14103800
vt 0.44514600 0.15705500
vt 0.84995500 0.14491600
vt 0.78623400 0.15987200
vt 0.85079500 0.15511500
vt 0.77446700 0.17094900
vt 0.76855100 0.15451900
vt 0.99411000 0.97644000
vt 0.78330700 0.03135100
vt 0.76174400 0.14611400
vt 0.87261100 0.16649300
vt 0.88010900 0.21875900
vt 0.88446000 0.20348000
vt 0.87305700 0.18281900
vt 0.81951600 0.62333700
vt 0.81272500 0.18222400
vt 0.85612100 0.18265100
vt 0.82087200 0.57748200
vt 0.18193200 0.12685900
vt 0.69218300 0.26543300
vt 0.89365500 0.22497500
vt 0.89338800 0.24614000
vt 0.68116700 0.28473000
vt 0.17899700 0.53278800
vt 0.91386100 0.18742900
vt 0.16586700 0.16135900
vt 0.79461400 0.56301000
vt 0.87482600 0.20191300
vt 0.89535000 0.18535600
vt 0.89906000 0.26234800
vt 0.68051000 0.29984100
vt 0.89790700 0.25985600
vt 0.90532900 0.27169500
vt 0.68477100 0.31126600
vt 0.91418100 0.28275900
vt 0.69370400 0.32286600
vt 0.29255900 0.53055800
vt 0.03406700 0.38949800
vt 0.49500100 0.86493700
vt 0.02901100 0.38869200
vt 0.48964300 0.86166800
vt 0.60827500 0.34642800
vt 0.02230000 0.41390100
vt 0.06779000 0.53630200
vt 0.47193700 0.04073900
vt 0.37800800 0.34263700
vt 0.03874100 0.41258800
vt 0.69474900 0.34733600
vt 0.50200500 0.85347500
vt 0.85846300 0.29451200
vt 0.86997600 0.70537600
vt 0.11272300 0.14420600
vt 0.86252600 0.27021500
vt 0.37994100 0.35959100
vt 0.87978500 0.70556400
vt 0.84947500 0.27011800
vt 0.55603500 0.49579500
vt 0.84928000 0.27250400
vt 0.54851100 0.49642000
vt 0.62470300 0.32064800
vt 0.84061000 0.27235200
vt 0.33128100 0.77867900
vt 0.18690800 0.47704100
vt 0.79117000 0.50688900
vt 0.09453700 0.98143600
vt 0.16043400 0.48642400
vt 0.77254400 0.25986900
vt 0.14840300 0.47252800
vt 0.14257500 0.47993000
vt 0.52149200 0.13160200
vt 0.77679200 0.26779800
vt 0.84229600 0.19737600
vt 0.13684800 0.47090800
vt 0.49241000 0.85216600
vt 0.85333300 0.29499100
vt 0.61924000 0.34420700
vt 0.69261300 0.34459200
vt 0.61221900 0.34544800
vt 0.48889900 0.85593300
vt 0.02082300 0.41192400
vt 0.60774200 0.32043500
vt 0.06750700 0.54198300
vt 0.37313900 0.35413000
vt 0.10799400 0.14535900
vt 0.10094000 0.12116300
vt 0.03857100 0.38833000
vt 0.50000900 0.86394500
vt 0.10702700 0.12110600
vt 0.50322700 0.85925200
vt 0.86331900 0.29466000
vt 0.17950900 0.70498700
vt 0.19330000 0.90928800
vt 0.29091300 0.31249500
vt 0.37698800 0.33040800
vt 0.20372900 0.89933300
vt 0.19180700 0.90207300
vt 0.38938200 0.32777100
vt 0.39951200 0.33242000
vt 0.18131900 0.90204700
vt 0.02804900 0.27834900
vt 0.17308700 0.70451100
vt 0.18300800 0.91047000
vt 0.28697700 0.99385400
vt 0.20217400 0.90878500
vt 0.18866400 0.70466600
vt 0.28598200 0.98696600
vt 0.21018100 0.90558400
vt 0.28311900 0.31331000
vt 0.02741600 0.28675700
vt 0.17489000 0.90999100
vt 0.02840500 0.29577900
vt 0.16612600 0.90747500
vt 0.41581400 0.34188300
vt 0.98559800 0.97366700
vt 0.16977700 0.89968200
vt 0.40612100 0.34080700
vt 0.17155400 0.48561600
vt 0.58973400 0.31892000
vt 0.29568100 0.44915900
vt 0.09467900 0.96828400
vt 0.01581600 0.56562100
vt 0.24012400 0.69500000
vt 0.26357900 0.69691700
vt 0.94837000 0.98891900
vt 0.56256600 0.01249000
vt 0.79760400 0.22733300
vt 0.07996500 0.66180600
vt 0.28257200 0.99388400
vt 0.96780200 0.94236000
vt 0.18942400 0.70882800
vt 0.28242300 0.30545700
vt 0.28564300 0.97863800
vt 0.61557400 0.31933800
vt 0.06747800 0.54893700
vt 0.53944100 0.49605700
vt 0.87416700 0.70968800
vt 0.38384900 0.36511500
vt 0.23236700 0.51949500
vt 0.25080900 0.69522000
vt 0.02506200 0.56544200
vt 0.36869700 0.36077600
vt 0.02003400 0.55790400
vt 0.29089900 0.28801900
vt 0.36524900 0.35345900
vt 0.37796300 0.36948500
vt 0.03370600 0.55811600
vt 0.26329800 0.69354900
vt 0.55924000 0.00951800
vt 0.38095200 0.37834100
vt 0.03639100 0.56545700
vt 0.97804200 0.98800600
vt 0.96337900 0.99299300
vt 0.93642000 0.98414600
vt 0.93256600 0.97136900
vt 0.77761600 0.65854700
vt 0.93955200 0.99597400
vt 0.45189500 0.55158100
vt 0.77856200 0.66251200
vt 0.78620500 0.66239200
vt 0.94307200 0.99569000
vt 0.78484700 0.66646700
vt 0.94386000 0.99258100
vt 0.93835100 0.97229100
vt 0.24447000 0.69882300
vt 0.93989800 0.95803500
vt 0.23010500 0.69692900
vt 0.28324200 0.96668100
vt 0.76683100 0.16435300
vt 0.98410700 0.99094900
vt 0.02459600 0.29511600
vt 0.98832500 0.97549600
vt 0.98960600 0.96091100
vt 0.02350100 0.28511800
vt 0.02521100 0.27389300
vt 0.98239000 0.94829200
vt 0.17842800 0.70820800
vt 0.28198500 0.97773600
vt 0.95002000 0.94731100
vt 0.96001600 0.99823400
vt 0.79984700 0.66563800
vt 0.77137200 0.06479700
vt 0.97542900 0.93861300
vt 0.77504800 0.04324900
vt 0.99335700 0.95541600
vt 0.97298600 0.99708200
vt 0.81476600 0.66721300
vt 0.76723800 0.17680900
vt 0.28971400 0.30023600
vt 0.36679400 0.34088100
vt 0.00859200 0.56387200
vt 0.23111800 0.69351000
vt 0.28269500 0.29256500
vt 0.28690700 0.96780700
vt 0.44955700 0.53134100
vt 0.79988000 0.65706200
vt 0.03752600 0.41429600
vt 0.37636500 0.34244000
vt 0.47094300 0.02324200
vt 0.47089700 0.03526700
vt 0.03051100 0.41359000
vt 0.46727900 0.03964800
vt 0.39246400 0.33413900
vt 0.06347400 0.53792100
vt 0.46834600 0.01732000
vt 0.37036700 0.34439800
vt 0.40094200 0.35496400
vt 0.54732200 0.50009600
vt 0.18307600 0.25365400
vt 0.40007800 0.57578500
vt 0.43848000 0.07492400
vt 0.49534500 0.86234000
vt 0.96208300 0.95551400
vt 0.76065000 0.27609300
vt 0.03409100 0.29896200
vt 0.19552000 0.55540500
vt 0.23573800 0.56980900
vt 0.75869900 0.31158500
vt 0.74854800 0.32275100
vt 0.25216300 0.56620200
vt 0.27719500 0.55191800
vt 0.72332200 0.33238500
vt 0.67828200 0.28179300
vt 0.26758500 0.55969600
vt 0.73517800 0.33021400
vt 0.73045200 0.33432200
vt 0.76264600 0.30851500
vt 0.44945100 0.31383800
vt 0.74717900 0.32794100
vt 0.67659400 0.29294900
vt 0.70767600 0.33356100
vt 0.68473300 0.31639700
vt 0.76889100 0.32233900
vt 0.29921700 0.28677200
vt 0.18948300 0.47025800
vt 0.74464800 0.23869400
vt 0.75914600 0.24704200
vt 0.16917900 0.47254900
vt 0.45733100 0.26679100
vt 0.77552700 0.19804300
vt 0.76358200 0.33562200
vt 0.74683000 0.33872900
vt 0.73738300 0.24463100
vt 0.76170500 0.26015900
vt 0.33714800 0.28611000
vt 0.70505700 0.24080300
vt 0.77308900 0.27021600
vt 0.68743400 0.25218500
vt 0.77551900 0.29683100
vt 0.67258000 0.27163200
vt 0.71847300 0.97758900
vt 0.71995300 0.34320100
vt 0.80216500 0.96052900
vt 0.20578000 0.56248100
vt 0.76320500 0.28488600
vt 0.46590900 0.31383800
vt 0.49103100 0.85834300
vt 0.40543600 0.57546500
vt 0.72932300 0.78808200
vt 0.49809100 0.85269200
vt 0.13640800 0.48941400
vt 0.69064800 0.34596400
vt 0.49271800 0.85398000
vt 0.73383900 0.78740800
vt 0.43308900 0.07511200
vt 0.50098800 0.85771000
vt 0.13660400 0.48525500
vt 0.82411000 0.20767400
vt 0.50958300 0.75552200
vt 0.76744000 0.06799900
vt 0.77004200 0.07396200
vt 0.76651400 0.05901700
vt 0.40195500 0.34520000
vt 0.53981000 0.49922800
vt 0.06403300 0.54951400
vt 0.85762900 0.66276000
vt 0.84725100 0.70406800
vt 0.46820900 0.25394800
vt 0.46627300 0.26003800
vt 0.76646300 0.20476700
vt 0.85355300 0.66513900
vt 0.53253900 0.12219100
vt 0.47053400 0.25561700
vt 0.84741700 0.70681600
vt 0.22023900 0.56792000
vt 0.45758100 0.31460200
vt 0.76281100 0.30188500
vt 0.75480700 0.56712500
vt 0.17802600 0.55905700
vt 0.97479700 0.95424300
vt 0.16837000 0.17378000
vt 0.18464000 0.54257900
vt 0.90465300 0.17622300
vt 0.77230500 0.56496500
vt 0.16872900 0.54606800
vt 0.25380900 0.58095300
vt 0.81126100 0.32281700
vt 0.65321300 0.14169900
vt 0.28613200 0.54025800
vt 0.70727800 0.33009100
vt 0.74441500 0.59033600
vt 0.75832100 0.64809300
vt 0.75713100 0.58853900
vt 0.77006900 0.64801800
vt 0.73856800 0.58680700
vt 0.76969700 0.62097300
vt 0.76061500 0.58307500
vt 0.74944200 0.58286500
vt 0.74074900 0.57311100
vt 0.75401000 0.57147400
vt 0.76489400 0.56836100
vt 0.78250200 0.61531700
vt 0.77925700 0.58040000
vt 0.73566800 0.57064700
vt 0.19114100 0.57065300
vt 0.81124600 0.63440300
vt 0.80125000 0.56594500
vt 0.87278100 0.19741700
vt 0.79251200 0.57820300
vt 0.78165900 0.56770800
vt 0.80202600 0.64016500
vt 0.79929400 0.58510600
vt 0.80456200 0.64578600
vt 0.78726200 0.64685300
vt 0.80461300 0.57919100
vt 0.80604600 0.65414300
vt 0.77886000 0.18622300
vt 0.81420100 0.64882600
vt 0.77137200 0.18054000
vt 0.81045800 0.66337800
vt 0.80293900 0.65983400
vt 0.45240600 0.52899200
vt 0.78558800 0.58544800
vt 0.40298300 0.37538000
vt 0.96853600 0.98892500
vt 0.56543900 0.00879200
vt 0.39143500 0.37721600
vt 0.95968900 0.98941500
vt 0.39011900 0.37027500
vt 0.23929400 0.52408300
vt 0.46621300 0.02679400
vt 0.37787400 0.33503700
vt 0.04502800 0.41198800
vt 0.09764000 0.14531900
vt 0.47217900 0.01414400
vt 0.37303100 0.34713500
vt 0.40711800 0.35507600
vt 0.55453100 0.49997900
vt 0.23963900 0.52015100
vt 0.88479700 0.70896500
vt 0.39476500 0.36203000
vt 0.41172800 0.37141900
vt 0.97884900 0.98325100
vt 0.41602500 0.34972500
vt 0.36851200 0.34951900
vt 0.37169700 0.35762800
vt 0.86680000 0.70879700
vt 0.40003700 0.36842000
vt 0.24660700 0.52254600
vt 0.40326900 0.36121600
vt 0.68402200 0.23851100
vt 0.76833600 0.08024300
vt 0.76350400 0.06922700
vt 0.70260800 0.23263800
vt 0.76380800 0.05967100
vt 0.62578400 0.49197300
vt 0.77018600 0.04693900
vt 0.52453600 0.19074800
vt 0.75636300 0.03890100
vt 0.62171700 0.49094400
vt 0.67918600 0.98126900
vt 0.76146800 0.04911800
vt 0.68456100 0.97807300
vt 0.62307200 0.48650200
vt 0.78358300 0.00293100
vt 0.71713200 0.61321400
vt 0.10984500 0.30517500
vt 0.39683100 0.72414300
vt 0.13021600 0.20548900
vt 0.72434300 0.61194100
vt 0.39424600 0.71994200
vt 0.72244600 0.60756800
vt 0.10583100 0.30389900
vt 0.72530000 0.61816900
vt 0.12988300 0.19756400
vt 0.13607600 0.30110200
vt 0.69631700 0.26826600
vt 0.69964300 0.26910700
vt 0.72183300 0.61576900
vt 0.84153800 0.00620000
vt 0.89196500 0.55067800
vt 0.18600000 0.63458400
vt 0.96986200 0.60156000
vt 0.97794900 0.54964800
vt 0.97419900 0.54286900
vt 0.71971600 0.03932000
vt 0.51527900 0.95634500
vt 0.96619700 0.76996100
vt 0.13479500 0.57756400
vt 0.22228400 0.18322600
vt 0.22394600 0.17865600
vt 0.58005700 0.75745800
vt 0.59130100 0.04472500
vt 0.21935400 0.17087200
vt 0.12819000 0.56482500
vt 0.21786600 0.17344000
vt 0.44849900 0.67112400
vt 0.25981600 0.58448000
vt 0.22794200 0.18684900
vt 0.22366000 0.18747800
vt 0.21395100 0.18267500
vt 0.12968200 0.57835300
vt 0.21935800 0.17994500
vt 0.21553100 0.17604000
vt 0.12739200 0.57129100
vt 0.21787700 0.17540800
vt 0.33166000 0.53978300
vt 0.44694100 0.68233900
vt 0.89739800 0.74536300
vt 0.87053500 0.21597900
vt 0.33792900 0.53763300
vt 0.83346400 0.92967100
vt 0.91927700 0.54858700
vt 0.88837200 0.75270400
vt 0.33690600 0.53472300
vt 0.99676800 0.09843900
vt 0.83659900 0.93081000
vt 0.49960800 0.47744600
vt 0.87339500 0.22160600
vt 0.44548300 0.67567300
vt 0.49960800 0.49120800
vt 0.73590100 0.67457900
vt 0.22417500 0.45618600
vt 0.92184600 0.56172900
vt 0.33663100 0.51841100
vt 0.92139000 0.55493100
vt 0.49876500 0.48494400
vt 0.83659900 0.92698800
vt 0.58747100 0.04759800
vt 0.44792300 0.67740900
vt 0.32684900 0.53845200
vt 0.13580500 0.56115700
vt 0.99945800 0.08791300
vt 0.87340700 0.22860800
vt 0.08071200 0.00813200
vt 0.44787000 0.66628400
vt 0.95373400 0.33937400
vt 0.44945100 0.66706100
vt 0.08467800 0.00589900
vt 0.12659200 0.57314800
vt 0.22168400 0.18769100
vt 0.26214700 0.58600900
vt 0.49777000 0.48919800
vt 0.73337700 0.67673200
vt 0.13804100 0.58055400
vt 0.21571300 0.18639900
vt 0.09316100 0.00287900
vt 0.73549400 0.66910500
vt 0.09027900 0.00412500
vt 0.13215100 0.58109000
vt 0.32429800 0.51437100
vt 0.78526500 0.52055000
vt 0.14433900 0.56732200
vt 0.89643000 0.46750800
vt 0.99859800 0.09663400
vt 0.14407500 0.57554900
vt 0.89128800 0.46723900
vt 0.49736700 0.48366900
vt 0.99926400 0.10302100
vt 0.22912900 0.18417100
vt 0.89055900 0.46623200
vt 0.14166400 0.57741100
vt 0.25901300 0.58600900
vt 0.22917100 0.18585100
vt 0.79178900 0.52088000
vt 0.13988600 0.56265600
vt 0.57477300 0.75493800
vt 0.22922800 0.17372400
vt 0.58616900 0.05104900
vt 0.23050000 0.17908100
vt 0.89603700 0.46641500
vt 0.78394000 0.52178900
vt 0.57640100 0.75988900
vt 0.58818400 0.04974800
vt 0.22608400 0.17340700
vt 0.22531800 0.17235300
vt 0.02082400 0.15706900
vt 0.67829200 0.53555000
vt 0.28836200 0.01115500
vt 0.67358900 0.53614200
vt 0.61132800 0.21262100
vt 0.39442500 0.09685900
vt 0.28490800 0.01309400
vt 0.96140900 0.75317700
vt 0.76528200 0.24197300
vt 0.16498300 0.20137900
vt 0.55021600 0.21859100
vt 0.76423700 0.23692900
vt 0.16012500 0.19768700
vt 0.95753400 0.75796100
vt 0.67001600 0.20122600
vt 0.16627900 0.20340900
vt 0.19326700 0.63109000
vt 0.15654200 0.19868500
vt 0.55718800 0.21000100
vt 0.86324500 0.72805200
vt 0.19239800 0.62963200
vt 0.56017300 0.21235900
vt 0.15470400 0.19803000
vt 0.16252600 0.19448400
vt 0.96031300 0.76032100
vt 0.76317000 0.24085900
vt 0.16134400 0.20246700
vt 0.16545600 0.19660100
vt 0.96233500 0.75803600
vt 0.54912100 0.21449600
vt 0.50869200 0.76907100
vt 0.34638400 0.35759000
vt 0.51356300 0.47332300
vt 0.59664300 0.15931700
vt 0.51058000 0.76337900
vt 0.01481400 0.99903500
vt 0.42336600 0.30848600
vt 0.57998400 0.22112100
vt 0.34992200 0.35357600
vt 0.97609700 0.33906700
vt 0.34751400 0.35394200
vt 0.89390700 0.61339700
vt 0.01293100 0.99738700
vt 0.34166400 0.36072800
vt 0.52093600 0.47511000
vt 0.33878600 0.36869200
vt 0.97889200 0.35517300
vt 0.60767500 0.15730200
vt 0.65667500 0.78007300
vt 0.34271700 0.36777700
vt 0.51968400 0.47933100
vt 0.60589000 0.15936500
vt 0.59501900 0.22219100
vt 0.60584800 0.16297600
vt 0.34992200 0.37585800
vt 0.51285700 0.48035700
vt 0.34191100 0.35692900
vt 0.97947200 0.34471000
vt 0.96360900 0.85504500
vt 0.34671400 0.37593600
vt 0.61099900 0.16353900
vt 0.65829800 0.77146600
vt 0.56424900 0.21116100
vt 0.56793100 0.20763200
vt 0.60775900 0.51429900
vt 0.02311900 0.05398900
vt 0.86481200 0.72285900
vt 0.79441600 0.96020500
vt 0.98014000 0.35741600
vt 0.96012700 0.84642800
vt 0.65892500 0.77891000
vt 0.59673900 0.21054200
vt 0.61673800 0.51198800
vt 0.61088800 0.51317200
vt 0.61817600 0.50480100
vt 0.01445000 0.99477300
vt 0.89453100 0.60894500
vt 0.57491200 0.21821500
vt 0.61222400 0.50515800
vt 0.57035600 0.21715600
vt 0.58854900 0.21005600
vt 0.97947600 0.34984200
vt 0.02782100 0.02943400
vt 0.33858800 0.36087600
vt 0.91000900 0.61190600
vt 0.02454900 0.04805600
vt 0.60994900 0.51643700
vt 0.61838900 0.51532600
vt 0.90356000 0.61406700
vt 0.98300700 0.33970200
vt 0.90081100 0.61589300
vt 0.02358300 0.04421500
vt 0.60386300 0.16229300
vt 0.51085400 0.47556400
vt 0.59911500 0.16150200
vt 0.61803700 0.15711000
vt 0.60329700 0.21076700
vt 0.96767400 0.84508900
vt 0.67829200 0.54166700
vt 0.78663900 0.95949700
vt 0.02390300 0.15175800
vt 0.61307900 0.16404600
vt 0.96529800 0.85366500
vt 0.01449800 0.15175800
vt 0.61197800 0.16716500
vt 0.60304900 0.22216500
vt 0.96249500 0.84532900
vt 0.79310700 0.95863400
vt 0.79182500 0.47710500
vt 0.28651100 0.01762300
vt 0.16367800 0.59696400
vt 0.51895700 0.51484100
vt 0.57889800 0.86369200
vt 0.48851900 0.72554900
vt 0.65111800 0.81212800
vt 0.30564700 0.99673200
vt 0.33058500 0.25844500
vt 0.21857900 0.75060600
vt 0.55451900 0.62894600
vt 0.55326100 0.62467300
vt 0.57703300 0.50501500
vt 0.14479900 0.71757100
vt 0.35734800 0.60558400
vt 0.64157200 0.86297000
vt 0.64862600 0.84278900
vt 0.69231900 0.83846800
vt 0.64350000 0.88133600
vt 0.65646000 0.91022400
vt 0.95083400 0.86540700
vt 0.68148200 0.83205500
vt 0.69107400 0.86379000
vt 0.80165700 0.72279400
vt 0.71925800 0.86768200
vt 0.62872600 0.86534600
vt 0.75683500 0.71828300
vt 0.73664200 0.74255100
vt 0.00394900 0.33672400
vt 0.65036500 0.83335900
vt 0.69477100 0.82559900
vt 0.70717100 0.81978900
vt 0.15880500 0.92343100
vt 0.66628100 0.83941500
vt 0.00241800 0.35231400
vt 0.80103500 0.75937000
vt 0.15637100 0.95385300
vt 0.72153800 0.80935200
vt 0.15270100 0.94397800
vt 0.71290700 0.79858300
vt 0.67832300 0.82310100
vt 0.68839400 0.87967700
vt 0.70110400 0.81484100
vt 0.68906800 0.81883200
vt 0.15274300 0.91433900
vt 0.85088600 0.79157100
vt 0.80181600 0.81490900
vt 0.15469600 0.96909200
vt 0.08581500 0.42018700
vt 0.91260900 0.43193100
vt 0.95258600 0.92932200
vt 0.71936300 0.90777100
vt 0.80041100 0.71939700
vt 0.72268500 0.87572800
vt 0.83828700 0.88092900
vt 0.72447200 0.90704500
vt 0.83868000 0.91151800
vt 0.91031900 0.43663100
vt 0.69560800 0.86217500
vt 0.67259600 0.81528900
vt 0.02476700 0.36053900
vt 0.62926500 0.38727000
vt 0.14096200 0.54278200
vt 0.92597700 0.66931900
vt 0.62969400 0.33585100
vt 0.74177100 0.06995400
vt 0.92549900 0.35454600
vt 0.24530600 0.17327300
vt 0.61680200 0.47130500
vt 0.19541900 0.21033300
vt 0.44726900 0.30358100
vt 0.66323900 0.33169400
vt 0.66824900 0.95953400
vt 0.01631200 0.60684700
vt 0.66532300 0.31593600
vt 0.63020600 0.67735100
vt 0.78146700 0.77675400
vt 0.66945900 0.47618800
vt 0.67080000 0.49639500
vt 0.56865100 0.38836200
vt 0.79399400 0.75434700
vt 0.59731300 0.31383800
vt 0.60120600 0.31306200
vt 0.58510200 0.39751300
vt 0.66772700 0.48506000
vt 0.32965900 0.89467400
vt 0.29417600 0.52156800
vt 0.07797800 0.24459600
vt 0.28809300 0.43431000
vt 0.20857100 0.51159900
vt 0.21970000 0.49090600
vt 0.23608700 0.50471700
vt 0.30018800 0.51503800
vt 0.32874800 0.90294800
vt 0.27828400 0.48421200
vt 0.27532600 0.82630600
vt 0.33514600 0.89625600
vt 0.90205700 0.45590800
vt 0.00240300 0.22239600
vt 0.54010100 0.10328200
vt 0.29838100 0.52458800
vt 0.56096200 0.12719400
vt 0.31575600 0.91724200
vt 0.29412900 0.48664300
vt 0.91809900 0.72499900
vt 0.18002600 0.50013900
vt 0.87880600 0.10673600
vt 0.11710600 0.48775400
vt 0.06683800 0.30901300
vt 0.87922800 0.17521400
vt 0.09131400 0.46755400
vt 0.64418300 0.09919100
vt 0.33914400 0.70770300
vt 0.08573400 0.50752400
vt 0.08048100 0.49466200
vt 0.10554900 0.46478200
vt 0.04409200 0.31980000
vt 0.60996200 0.12897800
vt 0.25092900 0.46545100
vt 0.25471300 0.46860400
vt 0.25747500 0.47331600
vt 0.59227400 0.12754200
vt 0.08170300 0.48087400
vt 0.91794400 0.79275600
vt 0.24483100 0.46131100
vt 0.19855300 0.48729000
vt 0.91542900 0.74076200
vt 0.06383700 0.50633700
vt 0.75066300 0.82061600
vt 0.74557600 0.83503300
vt 0.06127500 0.51537200
vt 0.35024400 0.68654400
vt 0.22804100 0.42989300
vt 0.23418800 0.51267500
vt 0.28259800 0.51024200
vt 0.21613800 0.48314700
vt 0.21524000 0.47678500
vt 0.91390900 0.76410300
vt 0.23535100 0.46562200
vt 0.91616700 0.78373900
vt 0.24537600 0.45686600
vt 0.62181800 0.13906700
vt 0.97882200 0.74161900
vt 0.56780900 0.17526600
vt 0.27005900 0.74842600
vt 0.27388800 0.75124400
vt 0.81543000 0.02233500
vt 0.61706500 0.17251600
vt 0.87085200 0.02772600
vt 0.97613600 0.77750100
vt 0.58023600 0.17526800
vt 0.82934100 0.03203400
vt 0.05563400 0.94737000
vt 0.84013900 0.01430000
vt 0.99350200 0.77789700
vt 0.86739900 0.00935400
vt 0.81349500 0.01065300
vt 0.27953700 0.75151200
vt 0.02396300 0.95487200
vt 0.81264000 0.00043600
vt 0.28942300 0.75936200
vt 0.07996200 0.95534600
vt 0.86540800 0.00115800
vt 0.82480900 0.00671300
vt 0.03872700 0.95330800
vt 0.99838200 0.76924300
vt 0.87096300 0.00070300
vt 0.08632400 0.95550600
vt 0.93777400 0.03398000
vt 0.55459800 0.13458500
vt 0.26677200 0.79367600
vt 0.27205500 0.79385200
vt 0.94531500 0.02449900
vt 0.88698600 0.03153200
vt 0.97597900 0.73329800
vt 0.61443900 0.13282900
vt 0.94681600 0.01620000
vt 0.28081600 0.79358700
vt 0.93309100 0.01946700
vt 0.04599700 0.99000100
vt 0.92225000 0.03917400
vt 0.57370000 0.13293300
vt 0.89256000 0.01378100
vt 0.99489800 0.73349800
vt 0.07781500 0.98412600
vt 0.89589700 0.00668700
vt 0.91443100 0.01936300
vt 0.05154200 0.99083100
vt 0.06050300 0.98562600
vt 0.90997200 0.01407500
vt 0.03610600 0.98447800
vt 0.93586400 0.01275800
vt 0.02332500 0.98318100
vt 0.94708800 0.00631000
vt 0.55133200 0.19610100
vt 0.28883700 0.78733800
vt 0.92186800 0.26150000
vt 0.20440500 0.17251500
vt 0.04051100 0.27149800
vt 0.09354700 0.33017000
vt 0.91021500 0.24576200
vt 0.91336200 0.20250200
vt 0.48513300 0.03988600
vt 0.10998200 0.37348200
vt 0.99826900 0.74052300
vt 0.08573500 0.98246700
vt 0.89030700 0.00637800
vt 0.62358400 0.16574900
vt 0.97868700 0.76956800
vt 0.42909300 0.47805500
vt 0.89674800 0.37329200
vt 0.44233000 0.43718400
vt 0.17119500 0.98330500
vt 0.95415400 0.62567700
vt 0.42977200 0.43754100
vt 0.89810200 0.41628300
vt 0.15978500 0.98450400
vt 0.44305400 0.47879300
vt 0.95307300 0.58551000
vt 0.58358600 0.79807600
vt 0.44399800 0.87204000
vt 0.58404700 0.01016400
vt 0.58890700 0.80136400
vt 0.44066700 0.86836900
vt 0.44184100 0.78463100
vt 0.45800900 0.70871100
vt 0.46416800 0.71035600
vt 0.43255500 0.83218700
vt 0.43811800 0.85528100
vt 0.00179700 0.52309000
vt 0.47677400 0.70300400
vt 0.45161500 0.86158800
vt 0.45577500 0.76993100
vt 0.45212300 0.72605000
vt 0.46187700 0.73792600
vt 0.43154700 0.83862700
vt 0.43720700 0.78377500
vt 0.45254900 0.73887400
vt 0.43881000 0.83335800
vt 0.45742300 0.75545600
vt 0.45014100 0.75490700
vt 0.44873900 0.76712200
vt 0.45299800 0.78151900
vt 0.44639200 0.78393900
vt 0.44959000 0.79961800
vt 0.44095200 0.81358400
vt 0.44268300 0.79914500
vt 0.44637400 0.81643000
vt 0.44493600 0.83202600
vt 0.44284500 0.84503300
vt 0.43479000 0.84453300
vt 0.44264200 0.85380500
vt 0.42669800 0.62671400
vt 0.05184800 0.93419400
vt 0.93010200 0.49492600
vt 0.00149500 0.53594500
vt 0.46776400 0.69397700
vt 0.74471200 0.41006200
vt 0.57850000 0.90863900
vt 0.47197800 0.84099300
vt 0.74042200 0.70617400
vt 0.77738900 0.78897500
vt 0.49716100 0.72754700
vt 0.25822900 0.55166900
vt 0.74039000 0.71338700
vt 0.46166500 0.84067700
vt 0.47859700 0.85853700
vt 0.62662800 0.67406700
vt 0.79234600 0.93004100
vt 0.45512400 0.86389800
vt 0.48556000 0.86927900
vt 0.62478600 0.68462600
vt 0.44997500 0.88231500
vt 0.93563700 0.64331800
vt 0.47101800 0.84926800
vt 0.57831200 0.90275700
vt 0.41271800 0.69937000
vt 0.41999500 0.69945700
vt 0.46160200 0.84627800
vt 0.74074700 0.71827200
vt 0.57438600 0.77822100
vt 0.44013600 0.89861900
vt 0.92486600 0.62834600
vt 0.44905300 0.90087300
vt 0.44723300 0.90185000
vt 0.40620400 0.04639600
vt 0.97803100 0.82891200
vt 0.40494800 0.62572000
vt 0.46668000 0.89633800
vt 0.92594100 0.62354800
vt 0.44997900 0.90546700
vt 0.40897800 0.66136500
vt 0.72729900 0.84901600
vt 0.47602200 0.93876100
vt 0.64178200 0.14905600
vt 0.73856300 0.38709400
vt 0.81691700 0.93703400
vt 0.51305800 0.71754700
vt 0.65428900 0.18946200
vt 0.51494000 0.72894700
vt 0.64047400 0.18853800
vt 0.82040700 0.89377900
vt 0.20992500 0.16698600
vt 0.84185900 0.88185600
vt 0.22445800 0.15207000
vt 0.57311000 0.81291600
vt 0.26025100 0.16603300
vt 0.84809600 0.82565100
vt 0.33675800 0.15906800
vt 0.05946100 0.41102900
vt 0.57247800 0.94932800
vt 0.32091700 0.15092300
vt 0.57165000 0.93474100
vt 0.31268500 0.16461100
vt 0.85714000 0.77226000
vt 0.57372700 0.86872400
vt 0.26775100 0.15082600
vt 0.84269600 0.90690500
vt 0.17397400 0.16771200
vt 0.38721200 0.16709000
vt 0.95035000 0.46878700
vt 0.91763800 0.65684000
vt 0.95108500 0.38241700
vt 0.91957900 0.57265200
vt 0.70520300 0.96081400
vt 0.92116500 0.69440500
vt 0.95137100 0.50437300
vt 0.75716500 0.69583500
vt 0.01780300 0.92600900
vt 0.93500900 0.42487300
vt 0.45085500 0.06832900
vt 0.74693600 0.68953000
vt 0.93603000 0.50501700
vt 0.93555500 0.47064400
vt 0.01913000 0.96446000
vt 0.40766700 0.99776500
vt 0.22202800 0.84856700
vt 0.43241700 0.25823500
vt 0.30716900 0.99808000
vt 0.33565500 0.25738500
vt 0.74529100 0.11514400
vt 0.69338000 0.11082000
vt 0.04497900 0.38181000
vt 0.68427500 0.10542600
vt 0.65457400 0.45152300
vt 0.76330800 0.10265700
vt 0.70177800 0.10331500
vt 0.65513700 0.43573200
vt 0.69833500 0.09150400
vt 0.39737100 0.71370800
vt 0.03728000 0.19778900
vt 0.87547800 0.76136700
vt 0.98269000 0.89119100
vt 0.78275300 0.12616800
vt 0.12937200 0.91491300
vt 0.67713200 0.12069600
vt 0.03852500 0.37716400
vt 0.69399900 0.12086000
vt 0.98575800 0.83984100
vt 0.73469400 0.12950900
vt 0.75999300 0.12885300
vt 0.98271400 0.86788400
vt 0.41002400 0.89184900
vt 0.89487600 0.09703400
vt 0.89560700 0.11434000
vt 0.07161300 0.08598800
vt 0.45384400 0.63097000
vt 0.12836400 0.37197800
vt 0.89144700 0.05631000
vt 0.12674600 0.37190800
vt 0.40977900 0.93168000
vt 0.45399400 0.63803600
vt 0.89849400 0.05780200
vt 0.88597300 0.07792000
vt 0.12017200 0.35458800
vt 0.88585700 0.10074500
vt 0.11263400 0.33048900
vt 0.69151100 0.60219700
vt 0.72861100 0.67628100
vt 0.58582800 0.02789100
vt 0.76309500 0.97658700
vt 0.12180100 0.45688100
vt 0.49141700 0.89348500
vt 0.90749700 0.63209900
vt 0.00980600 0.63331500
vt 0.66149100 0.27655600
vt 0.98643200 0.26811500
vt 0.99960800 0.44638600
vt 0.90704700 0.64564100
vt 0.99871000 0.43503000
vt 0.66230400 0.26006700
vt 0.91033400 0.65063600
vt 0.90260200 0.66682000
vt 0.66415800 0.24609200
vt 0.63917100 0.15082400
vt 0.81784900 0.93438900
vt 0.74806600 0.38188100
vt 0.82823400 0.93913600
vt 0.76961200 0.51932100
vt 0.76743100 0.47854200
vt 0.82979900 0.89649200
vt 0.52330700 0.73126900
vt 0.17422800 0.07878900
vt 0.18106500 0.07680800
vt 0.30666100 0.04739800
vt 0.18788100 0.08030300
vt 0.16114900 0.08738400
vt 0.17267300 0.10758500
vt 0.87091600 0.32359000
vt 0.19207000 0.10602000
vt 0.30640000 0.02334500
vt 0.18026900 0.08509000
vt 0.15848100 0.07964000
vt 0.15429000 0.10713500
vt 0.15593300 0.12628100
vt 0.68026300 0.53071000
vt 0.15222400 0.07523200
vt 0.14339300 0.12718500
vt 0.17382300 0.48086700
vt 0.17493600 0.47965500
vt 0.32929300 0.78019900
vt 0.30125700 0.45006300
vt 0.69220300 0.52890000
vt 0.14525000 0.07845600
vt 0.18350200 0.08202600
vt 0.16574800 0.08047900
vt 0.16487900 0.08426200
vt 0.16661400 0.08701900
vt 0.15620700 0.08418100
vt 0.18781500 0.09715000
vt 0.30468700 0.03365200
vt 0.87865900 0.32265500
vt 0.17510100 0.09732900
vt 0.18983000 0.11693300
vt 0.32599300 0.30685400
vt 0.51926100 0.52812000
vt 0.27155200 0.45199600
vt 0.24967500 0.03968100
vt 0.13744700 0.09701800
vt 0.13334500 0.07668100
vt 0.16939400 0.07671800
vt 0.17258300 0.08567600
vt 0.24906300 0.03394800
vt 0.12365200 0.09634200
vt 0.86023200 0.12656100
vt 0.16139200 0.07061400
vt 0.50727100 0.72050800
vt 0.17075900 0.07345600
vt 0.18324100 0.07070900
vt 0.77267200 0.94947600
vt 0.36656900 0.40492900
vt 0.87168600 0.12385200
vt 0.45127400 0.10440400
vt 0.19287100 0.07357600
vt 0.31404100 0.05687300
vt 0.50323100 0.75312600
vt 0.13226200 0.07061300
vt 0.11859100 0.07811700
vt 0.89921400 0.15584400
vt 0.17109200 0.08137400
vt 0.89546600 0.59621500
vt 0.30926400 0.42864900
vt 0.65992100 0.19699600
vt 0.87567800 0.58978800
vt 0.32636100 0.43226400
vt 0.31369100 0.21873400
vt 0.48645700 0.62703700
vt 0.90253800 0.57030600
vt 0.87545200 0.57380400
vt 0.29484900 0.21929400
vt 0.87568100 0.55799200
vt 0.90612200 0.55696200
vt 0.47849200 0.61173700
vt 0.90878000 0.59042700
vt 0.50163500 0.64052300
vt 0.30020500 0.41825600
vt 0.87696600 0.50920000
vt 0.24126100 0.19220300
vt 0.24865500 0.19906700
vt 0.87676300 0.52628600
vt 0.89448100 0.50884900
vt 0.89466100 0.53680200
vt 0.47537300 0.59361200
vt 0.90641500 0.53503400
vt 0.87678100 0.49522300
vt 0.87471600 0.54545200
vt 0.26867500 0.21024200
vt 0.90692300 0.50060200
vt 0.48211200 0.55758500
vt 0.49114900 0.54374200
vt 0.24414800 0.39616900
vt 0.90842900 0.48598200
vt 0.02782100 0.06842500
vt 0.49882400 0.56017100
vt 0.86481200 0.73662100
vt 0.94533900 0.16956500
vt 0.54385900 0.20214700
vt 0.20364500 0.40901400
vt 0.94367900 0.16251200
vt 0.50097500 0.56672000
vt 0.17584600 0.62958600
vt 0.42685300 0.43864900
vt 0.89584700 0.41266200
vt 0.90486800 0.41425600
vt 0.35913900 0.93625800
vt 0.74027800 0.26970900
vt 0.81450400 0.72506000
vt 0.13728300 0.34539800
vt 0.32131800 0.12053200
vt 0.70800000 0.26045500
vt 0.60973000 0.34921700
vt 0.73911800 0.26112200
vt 0.80581800 0.72369100
vt 0.60911700 0.37903500
vt 0.57622600 0.41685200
vt 0.07130300 0.05019800
vt 0.04144600 0.05349500
vt 0.07522200 0.07407600
vt 0.06573600 0.67173200
vt 0.06131000 0.04816700
vt 0.56772900 0.41411400
vt 0.06959700 0.03410700
vt 0.05782700 0.03698000
vt 0.58956200 0.41322900
vt 0.08351700 0.04728200
vt 0.15046100 0.13876100
vt 0.03869500 0.05000400
vt 0.95000900 0.79254800
vt 0.36163600 0.10559200
vt 0.03947600 0.03510200
vt 0.10524200 0.63608400
vt 0.08357200 0.03666600
vt 0.16198600 0.13901200
vt 0.61951400 0.85263900
vt 0.09243900 0.05146800
vt 0.08704700 0.03690200
vt 0.16020900 0.14167200
vt 0.61864100 0.85416400
vt 0.09260300 0.05806100
vt 0.09383700 0.06198700
vt 0.76418200 0.99169500
vt 0.10181100 0.07055300
vt 0.08554100 0.04822100
vt 0.14945200 0.14085400
vt 0.59027400 0.41526800
vt 0.08742500 0.03363100
vt 0.36234000 0.15340100
vt 0.72523100 0.99838900
vt 0.09081500 0.03445000
vt 0.61602400 0.84875600
vt 0.09243500 0.63786000
vt 0.07581300 0.64054600
vt 0.04292700 0.06607100
vt 0.06931500 0.63894400
vt 0.86788200 0.52810700
vt 0.88756700 0.16263300
vt 0.11977800 0.63132300
vt 0.92959300 0.17083800
vt 0.54167700 0.21451800
vt 0.85934900 0.52720700
vt 0.57130500 0.14906900
vt 0.88531400 0.17069300
vt 0.62490500 0.40922100
vt 0.17034400 0.56557800
vt 0.48487300 0.89585600
vt 0.10888300 0.39049900
vt 0.77039500 0.97650300
vt 0.77060800 0.96908000
vt 0.11660600 0.38902500
vt 0.54678200 0.25807900
vt 0.55208500 0.14754200
vt 0.86027200 0.00360500
vt 0.06892000 0.95315800
vt 0.92398300 0.01526400
vt 0.04844900 0.98540900
vt 0.83715000 0.01011300
vt 0.05471800 0.95298600
vt 0.68635300 0.04197900
vt 0.96503500 0.80572800
vt 0.58615200 0.15981600
vt 0.27476800 0.53085900
vt 0.65838600 0.04008300
vt 0.59057700 0.14875200
vt 0.68223600 0.03423900
vt 0.65182300 0.27124900
vt 0.01090600 0.15993800
vt 0.20680900 0.04069200
vt 0.93088400 0.76550900
vt 0.61873500 0.74055900
vt 0.38141600 0.09221600
vt 0.60234200 0.49891700
vt 0.63918900 0.71276100
vt 0.61805400 0.76121400
vt 0.40576300 0.09313200
vt 0.34801900 0.08093500
vt 0.39076400 0.46263400
vt 0.34100900 0.38421300
vt 0.62310800 0.70240400
vt 0.55500200 0.50805200
vt 0.63657600 0.76155000
vt 0.63761000 0.78883300
vt 0.52743800 0.50141700
vt 0.57997400 0.50635300
vt 0.63691300 0.73773300
vt 0.46069700 0.08177900
vt 0.62304600 0.81109000
vt 0.31971400 0.12900400
vt 0.43912800 0.70784200
vt 0.52328600 0.71422100
vt 0.50236000 0.09063700
vt 0.75063000 0.47817000
vt 0.43122100 0.70813000
vt 0.65753000 0.18760700
vt 0.65724500 0.15059500
vt 0.74090500 0.40267400
vt 0.42918300 0.67006900
vt 0.75011300 0.39669800
vt 0.28577100 0.69585600
vt 0.43853300 0.66397400
vt 0.47727900 0.03341800
vt 0.19944700 0.23113900
vt 0.00448100 0.36216100
vt 0.00690800 0.39139100
vt 0.19938500 0.20028000
vt 0.01264100 0.41530800
vt 0.09821600 0.31329700
vt 0.04839900 0.26647500
vt 0.41749100 0.64691000
vt 0.68030900 0.95894300
vt 0.33888000 0.00445400
vt 0.68710200 0.96728700
vt 0.41607400 0.65731200
vt 0.70162300 0.97392600
vt 0.69214900 0.98319000
vt 0.56319600 0.99579500
vt 0.39736300 0.14977100
vt 0.68555900 0.24796300
vt 0.69019500 0.96058800
vt 0.10081900 0.04034000
vt 0.73177400 0.98994900
vt 0.10031200 0.05119700
vt 0.74341600 0.99296100
vt 0.66954000 0.29711600
vt 0.74049700 0.98553700
vt 0.68020900 0.32157400
vt 0.76220500 0.98466700
vt 0.78642500 0.97614100
vt 0.68660800 0.33136700
vt 0.70097500 0.33915200
vt 0.71390100 0.98098600
vt 0.67027300 0.26602000
vt 0.46342800 0.11201700
vt 0.10249700 0.08281400
vt 0.78210500 0.98582100
vt 0.94093100 0.63206900
vt 0.87063500 0.45183200
vt 0.17821600 0.99486000
vt 0.17343300 0.98307700
vt 0.95281000 0.62772700
vt 0.35103700 0.51813100
vt 0.55006500 0.93874800
vt 0.76155000 0.50802200
vt 0.91196000 0.52560400
vt 0.67422300 0.40425200
vt 0.69408200 0.47669900
vt 0.71119700 0.51577700
vt 0.68255000 0.40734200
vt 0.35485400 0.51483800
vt 0.18857000 0.29678900
vt 0.72327400 0.41311500
vt 0.51308800 0.96928300
vt 0.20058700 0.29559900
vt 0.72405900 0.40244000
vt 0.72499600 0.54602300
vt 0.61908400 0.94936000
vt 0.05251700 0.29569900
vt 0.63618700 0.96052900
vt 0.70766800 0.53429300
vt 0.70762300 0.53421100
vt 0.71687300 0.39468500
vt 0.70612100 0.37072400
vt 0.89354100 0.98319400
vt 0.72665000 0.35813200
vt 0.70943400 0.35792500
vt 0.50936900 0.92504100
vt 0.80593700 0.71752000
vt 0.33684500 0.48910400
vt 0.60283300 0.38178700
vt 0.14835100 0.34549000
vt 0.81420300 0.71490200
vt 0.33524100 0.49735200
vt 0.14287100 0.32937300
vt 0.34776200 0.47719200
vt 0.63440400 0.48356300
vt 0.06194800 0.62221800
vt 0.03725600 0.61931400
vt 0.32890400 0.47651500
vt 0.63227200 0.47345500
vt 0.61724000 0.49636000
vt 0.08836300 0.62269800
vt 0.36655300 0.47869500
vt 0.11798500 0.61766400
vt 0.37957800 0.07071200
vt 0.39525600 0.47682200
vt 0.36137900 0.45669700
vt 0.35306000 0.44940100
vt 0.07724500 0.62860800
vt 0.12038400 0.62113500
vt 0.39328200 0.47350800
vt 0.38057400 0.07413000
vt 0.19602900 0.70934200
vt 0.13492100 0.68803000
vt 0.20710300 0.70947700
vt 0.67681800 0.10096300
vt 0.06009100 0.68430800
vt 0.14610200 0.68775800
vt 0.13334000 0.71006800
vt 0.05276700 0.66003800
vt 0.14575200 0.71022200
vt 0.06499600 0.66167800
vt 0.05014900 0.67059300
vt 0.13151500 0.69977900
vt 0.04933700 0.68290800
vt 0.19497000 0.71167200
vt 0.13214900 0.68794700
vt 0.78177600 0.01548600
vt 0.06765300 0.25753600
vt 0.60740900 0.68672500
vt 0.61246100 0.71246900
vt 0.04805200 0.25825100
vt 0.50324600 0.89451300
vt 0.07080000 0.25375300
vt 0.03774000 0.26055100
vt 0.61051100 0.72229500
vt 0.42665000 0.37227300
vt 0.49879900 0.91526200
vt 0.04290200 0.24702300
vt 0.44337300 0.37837900
vt 0.35819900 0.86588000
vt 0.73053700 0.83912400
vt 0.35446700 0.86298300
vt 0.73010000 0.01251400
vt 0.73313100 0.87081900
vt 0.73849800 0.02093100
vt 0.36135800 0.83315700
vt 0.69848600 0.00947300
vt 0.35896700 0.83245900
vt 0.35788200 0.83787800
vt 0.91890700 0.42441200
vt 0.00410800 0.26565000
vt 0.95274900 0.65827600
vt 0.95261600 0.64345900
vt 0.87691800 0.48713300
vt 0.23705300 0.18192800
vt 0.27070600 0.36393600
vt 0.94539200 0.68184300
vt 0.95540200 0.71103100
vt 0.60355100 0.55355100
vt 0.91952700 0.37130500
vt 0.26438900 0.33450600
vt 0.94941000 0.70611300
vt 0.95039600 0.68083300
vt 0.91843200 0.39960900
vt 0.82255200 0.50860800
vt 0.83533500 0.49244500
vt 0.71813500 0.55477700
vt 0.85015100 0.49355900
vt 0.83603400 0.50806400
vt 0.82827500 0.47816100
vt 0.83664800 0.46306400
vt 0.81613300 0.49090400
vt 0.09950600 0.69591700
vt 0.80972700 0.50551200
vt 0.81729100 0.52683400
vt 0.83408300 0.53160000
vt 0.67304800 0.55035100
vt 0.84667600 0.53738300
vt 0.83135800 0.55021500
vt 0.65713200 0.54243100
vt 0.93169800 0.34803500
vt 0.84222800 0.56483200
vt 0.10355800 0.70373000
vt 0.35455700 0.72521500
vt 0.79909500 0.49645900
vt 0.59612300 0.08599100
vt 0.40854600 0.76044700
vt 0.84076600 0.57071900
vt 0.93306800 0.35570400
vt 0.59869600 0.08600900
vt 0.79594500 0.50176300
vt 0.72923200 0.90728700
vt 0.95152600 0.16752200
vt 0.84895500 0.45402300
vt 0.40064200 0.46352000
vt 0.93625600 0.24526800
vt 0.21326000 0.70835100
vt 0.98558200 0.56901700
vt 0.98252800 0.52393100
vt 0.40214800 0.38636000
vt 0.98800300 0.56837800
vt 0.44612600 0.38454400
vt 0.63929200 0.11521000
vt 0.57319400 0.49542600
vt 0.35930400 0.38480900
vt 0.98229500 0.48308800
vt 0.60783200 0.41401700
vt 0.51999100 0.11105700
vt 0.74540900 0.34676100
vt 0.47283600 0.26855900
vt 0.85638800 0.64600400
vt 0.52210200 0.59997800
vt 0.51899300 0.12481800
vt 0.86214900 0.70600200
vt 0.73749300 0.34652400
vt 0.81149800 0.95526800
vt 0.50221300 0.11354900
vt 0.34341900 0.19127900
vt 0.50490500 0.11997100
vt 0.48170800 0.11508600
vt 0.80161000 0.97047400
vt 0.00750400 0.68533800
vt 0.35580400 0.19047000
vt 0.49055400 0.12119600
vt 0.93093900 0.00307100
vt 0.85616300 0.62225800
vt 0.92049700 0.00471200
vt 0.48707000 0.13086900
vt 0.74761400 0.41935600
vt 0.47387800 0.12988200
vt 0.02677600 0.67966500
vt 0.74774300 0.40629300
vt 0.45492600 0.11698600
vt 0.09604100 0.08020000
vt 0.05109500 0.69101400
vt 0.13108500 0.40296300
vt 0.04662500 0.46344100
vt 0.14226600 0.13466500
vt 0.39355100 0.48157900
vt 0.14664600 0.20943800
vt 0.81434900 0.73086700
vt 0.37123700 0.06989600
vt 0.63009000 0.47703700
vt 0.14624500 0.13359300
vt 0.32963700 0.48028600
vt 0.86843700 0.29055600
vt 0.58809400 0.34698400
vt 0.92285600 0.47417100
vt 0.03189300 0.94010400
vt 0.70271200 0.91410500
vt 0.65264200 0.51199500
vt 0.07308500 0.89867200
vt 0.94031500 0.05911800
vt 0.94269900 0.05123500
vt 0.10272600 0.90211800
vt 0.91634100 0.05198200
vt 0.96007200 0.05090000
vt 0.33780300 0.64471700
vt 0.65682100 0.53075900
vt 0.96390500 0.06604500
vt 0.31613000 0.64242100
vt 0.46292000 0.67241000
vt 0.92039200 0.04355500
vt 0.44468200 0.64873800
vt 0.94298100 0.04319100
vt 0.94525300 0.14556900
vt 0.11875000 0.90578500
vt 0.90605500 0.04188800
vt 0.48819100 0.69104400
vt 0.23022900 0.22649900
vt 0.80222900 0.88140800
vt 0.29274700 0.48012100
vt 0.58579100 0.74504000
vt 0.58715600 0.75021400
vt 0.36462000 0.01475400
vt 0.36830200 0.59859800
vt 0.80783700 0.87851400
vt 0.67296400 0.60136100
vt 0.72871100 0.69751600
vt 0.72229800 0.70169800
vt 0.28573700 0.14503900
vt 0.72681400 0.72326000
vt 0.31359600 0.25504400
vt 0.31942000 0.14305000
vt 0.72144300 0.67744400
vt 0.26683300 0.14485300
vt 0.63627800 0.60015700
vt 0.31444600 0.25123100
vt 0.73313900 0.73138000
vt 0.72525200 0.66123000
vt 0.24271700 0.14413400
vt 0.97035100 0.82864800
vt 0.44207400 0.90147600
vt 0.57593500 0.77449300
vt 0.55720400 0.02137000
vt 0.93236800 0.28615200
vt 0.71589400 0.55163000
vt 0.66837800 0.54540700
vt 0.93496800 0.33544700
vt 0.45563200 0.08073700
vt 0.32274800 0.13200500
vt 0.94276800 0.34486900
vt 0.93974800 0.29242500
vt 0.40200400 0.08893100
vt 0.84913000 0.51181800
vt 0.69790000 0.55525100
vt 0.93215300 0.25615600
vt 0.73689700 0.55045200
vt 0.84817500 0.47306900
vt 0.39468500 0.45514400
vt 0.93874600 0.25171600
vt 0.93402100 0.26764800
vt 0.74567100 0.54425600
vt 0.78270900 0.81821200
vt 0.66753800 0.46960700
vt 0.58786000 0.31284800
vt 0.67112500 0.32538000
vt 0.79533200 0.92556200
vt 0.63127000 0.67327900
vt 0.79150400 0.92490400
vt 0.47872700 0.85368400
vt 0.39398700 0.67349700
vt 0.03877600 0.46205400
vt 0.36624600 0.68578800
vt 0.04623000 0.44466900
vt 0.41211300 0.67743500
vt 0.82796600 0.72264200
vt 0.39602000 0.69180900
vt 0.84488800 0.75260000
vt 0.34822100 0.66818100
vt 0.60310300 0.47841500
vt 0.76244600 0.84113400
vt 0.35645600 0.68756400
vt 0.40685000 0.69283900
vt 0.11839200 0.99313300
vt 0.41173000 0.68265800
vt 0.11142500 0.98712800
vt 0.40609400 0.69930400
vt 0.34039000 0.70820100
vt 0.64543000 0.09726700
vt 0.99147000 0.33948900
vt 0.08068400 0.42936400
vt 0.43804100 0.13052700
vt 0.91066700 0.35458600
vt 0.41498500 0.72766300
vt 0.41323700 0.89120100
vt 0.90910800 0.40862300
vt 0.59834500 0.88972000
vt 0.38066000 0.68675700
vt 0.78565800 0.93539800
vt 0.54033500 0.82041200
vt 0.84330500 0.76675700
vt 0.36146200 0.68817900
vt 0.23249100 0.06134000
vt 0.78323200 0.91996500
vt 0.05621900 0.44676500
vt 0.97811600 0.81223300
vt 0.73567900 0.68622700
vt 0.39442700 0.03538500
vt 0.93595600 0.61301000
vt 0.45316400 0.92101900
vt 0.81430900 0.90776100
vt 0.36378100 0.62206200
vt 0.94979000 0.07456700
vt 0.63405400 0.26330700
vt 0.46606200 0.14404200
vt 0.80475400 0.87458900
vt 0.36132700 0.01502600
vt 0.60987600 0.14292000
vt 0.14163600 0.20778700
vt 0.04669800 0.53630800
vt 0.80898500 0.73220900
vt 0.10272400 0.01996100
vt 0.25532500 0.67886800
vt 0.46393000 0.09659900
vt 0.28648100 0.68314400
vt 0.48030200 0.59423800
vt 0.00533700 0.17894300
vt 0.00560900 0.16492400
vt 0.90698300 0.51407800
vt 0.47652200 0.57086000
vt 0.00583000 0.14902700
vt 0.48163900 0.57283000
vt 0.86551300 0.70049300
vt 0.60286500 0.35155300
vt 0.32093500 0.11426600
vt 0.36825900 0.48914200
vt 0.32763100 0.71296700
vt 0.76767000 0.09104200
vt 0.64461900 0.03932900
vt 0.14268800 0.95665700
vt 0.12746200 0.95195900
vt 0.13097100 0.97375900
vt 0.13711200 0.98076200
vt 0.70808700 0.80766400
vt 0.15504500 0.92930800
vt 0.14385100 0.93269500
vt 0.12250600 0.97844100
vt 0.11815100 0.98538600
vt 0.12838500 0.99239500
vt 0.41608500 0.68517400
vt 0.06949300 0.42482900
vt 0.82422100 0.74920400
vt 0.14633700 0.98466700
vt 0.82443000 0.73390100
vt 0.41999500 0.67943400
vt 0.13732900 0.99561000
vt 0.14134300 0.92066800
vt 0.68192700 0.81405500
vt 0.02194400 0.36915900
vt 0.14506800 0.90896700
vt 0.01072800 0.89818700
vt 0.41603200 0.89491200
vt 0.04074800 0.14609700
vt 0.41547200 0.85199700
vt 0.03640400 0.91663500
vt 0.07601500 0.93946200
vt 0.02020900 0.16600200
vt 0.84181200 0.71438900
vt 0.65642300 0.42751500
vt 0.04151000 0.89325100
vt 0.12030700 0.96091100
vt 0.09918400 0.92869700
vt 0.39606100 0.71582000
vt 0.06810700 0.39852900
vt 0.65664600 0.35863700
vt 0.41706200 0.72830800
vt 0.10686400 0.96278500
vt 0.13088300 0.93335700
vt 0.03459700 0.36912200
vt 0.13209700 0.90929400
vt 0.69013700 0.78026900
vt 0.68196800 0.77530100
vt 0.68238600 0.76022200
vt 0.69179900 0.76859200
vt 0.67444900 0.77318900
vt 0.67448700 0.78366200
vt 0.69962000 0.78187600
vt 0.70619200 0.78217300
vt 0.58064900 0.43261500
vt 0.67994000 0.79075400
vt 0.59103400 0.05843700
vt 0.69571800 0.79107400
vt 0.70473000 0.79037900
vt 0.39240100 0.42312500
vt 0.61625700 0.05706300
vt 0.67692100 0.79208000
vt 0.28379400 0.32429200
vt 0.66607600 0.78427500
vt 0.38706000 0.42104100
vt 0.27777000 0.31913600
vt 0.66750600 0.79117300
vt 0.69679900 0.73116500
vt 0.02773500 0.70806000
vt 0.69630900 0.61678200
vt 0.69240500 0.68888000
vt 0.69596700 0.64632500
vt 0.70539500 0.68207000
vt 0.70951600 0.74200900
vt 0.54265200 0.43914100
vt 0.69886200 0.74859600
vt 0.70735500 0.61933700
vt 0.42191700 0.41045800
vt 0.02009500 0.70417400
vt 0.70319700 0.76805100
vt 0.68278000 0.61388500
vt 0.04226300 0.71116500
vt 0.71124500 0.76663800
vt 0.56495600 0.44073900
vt 0.68572700 0.73535800
vt 0.68259500 0.68047900
vt 0.68161300 0.63433100
vt 0.67433600 0.68514600
vt 0.67814100 0.74471200
vt 0.67252100 0.73107700
vt 0.67185300 0.64232200
vt 0.66183400 0.73897100
vt 0.66460700 0.67545200
vt 0.06566400 0.70761200
vt 0.65893800 0.61857200
vt 0.31787400 0.32561700
vt 0.66636700 0.75545900
vt 0.44004600 0.28325700
vt 0.79741400 0.30379800
vt 0.07481700 0.70284900
vt 0.64943300 0.62369700
vt 0.31448800 0.33468700
vt 0.65903900 0.75928200
vt 0.67002900 0.61529700
vt 0.05481100 0.71067300
vt 0.83738200 0.28588100
vt 0.03016500 0.59768900
vt 0.96396900 0.71617900
vt 0.36189000 0.17775200
vt 0.94516200 0.79083300
vt 0.83614700 0.28238800
vt 0.35865400 0.17829900
vt 0.96143800 0.73153500
vt 0.25983700 0.30843200
vt 0.52632700 0.79606900
vt 0.23283400 0.30755600
vt 0.52516800 0.82250500
vt 0.15225200 0.15400500
vt 0.82703500 0.28263500
vt 0.39138700 0.95148600
vt 0.96645200 0.73019000
vt 0.53201500 0.79492700
vt 0.59217400 0.56869200
vt 0.52835800 0.82967600
vt 0.22349600 0.30888500
vt 0.53105400 0.82485800
vt 0.15863400 0.15241000
vt 0.22915700 0.31020700
vt 0.65280700 0.59628200
vt 0.32169200 0.25130800
vt 0.53502800 0.97125000
vt 0.65034100 0.02774800
vt 0.38871300 0.24998600
vt 0.82493100 0.28640500
vt 0.53589700 0.79563900
vt 0.50204400 0.24751100
vt 0.33977900 0.46141300
vt 0.49137500 0.92417800
vt 0.15344200 0.45697700
vt 0.35062900 0.10897800
vt 0.20988000 0.05383500
vt 0.41810300 0.06613100
vt 0.72092600 0.95941100
vt 0.64694400 0.02401800
vt 0.64425600 0.34985400
vt 0.24684200 0.59551300
vt 0.44390100 0.92698100
vt 0.74517000 0.68841900
vt 0.64290800 0.47343100
vt 0.45370100 0.96038300
vt 0.72936000 0.02513600
vt 0.63772300 0.43439500
vt 0.68627900 0.02482200
vt 0.63759000 0.38680400
vt 0.75068500 0.38242800
vt 0.28167600 0.70883500
vt 0.76862400 0.52373100
vt 0.65452500 0.14900400
vt 0.74059500 0.39944500
vt 0.71851600 0.03251000
vt 0.65072200 0.29799400
vt 0.97504800 0.54947400
vt 0.96617000 0.60275400
vt 0.27458500 0.53833900
vt 0.66030700 0.03262000
vt 0.65224500 0.25113600
vt 0.83342100 0.43270400
vt 0.78605300 0.48006800
vt 0.58103100 0.82974500
vt 0.61282300 0.01072900
vt 0.39873900 0.93643600
vt 0.42007900 0.84690100
vt 0.19489100 0.87778900
vt 0.16144000 0.22519600
vt 0.95124900 0.82394800
vt 0.76960500 0.66633100
vt 0.92408600 0.82839500
vt 0.18255300 0.20866500
vt 0.11623000 0.22316600
vt 0.76779300 0.67982700
vt 0.76830400 0.74774500
vt 0.08062500 0.22073700
vt 0.05637300 0.56504200
vt 0.89527100 0.31506500
vt 0.05602900 0.21571200
vt 0.76895500 0.79410000
vt 0.07898700 0.27686900
vt 0.02631300 0.53693000
vt 0.01085700 0.20536400
vt 0.17057000 0.92746100
vt 0.11620200 0.12321400
vt 0.88500300 0.34132400
vt 0.87633800 0.34093400
vt 0.21019900 0.46703200
vt 0.12522200 0.12281600
vt 0.20988000 0.46259900
vt 0.87613000 0.34592500
vt 0.77211100 0.40193600
vt 0.08654200 0.57686000
vt 0.28739800 0.07734000
vt 0.62123300 0.00309200
vt 0.32696600 0.07342000
vt 0.32484300 0.27004900
vt 0.55731900 0.00276400
vt 0.73396300 0.93514100
vt 0.72535200 0.95087600
vt 0.42690600 0.58310500
vt 0.64946600 0.39370700
vt 0.55747100 0.26417400
vt 0.23563500 0.23740700
vt 0.98079900 0.62577000
vt 0.45147100 0.30813400
vt 0.55609600 0.26642800
vt 0.99836600 0.24437800
vt 0.44665500 0.31127200
vt 0.49175200 0.03249200
vt 0.24397500 0.86755600
vt 0.52613600 0.47913800
vt 0.42515700 0.15711000
vt 0.80548300 0.01358200
vt 0.49970100 0.13854400
vt 0.52831200 0.78551800
vt 0.79799400 0.02197000
vt 0.80405500 0.02054900
vt 0.23377000 0.86735600
vt 0.23993700 0.86730500
vt 0.80070200 0.00919300
vt 0.53159800 0.47844700
vt 0.51210900 0.13876100
vt 0.53912500 0.79076400
vt 0.52862700 0.48324600
vt 0.42001300 0.15565400
vt 0.51169900 0.13434600
vt 0.29387700 0.07382600
vt 0.65600400 0.00534600
vt 0.29706500 0.24480400
vt 0.61951000 0.00526900
vt 0.71857000 0.59830000
vt 0.57323300 0.02789800
vt 0.86418600 0.55690700
vt 0.61887400 0.03470700
vt 0.08519700 0.33216600
vt 0.68110700 0.59741500
vt 0.60637400 0.03054400
vt 0.64896700 0.03255600
vt 0.07718600 0.30773700
vt 0.52961200 0.96944700
vt 0.76496300 0.52407800
vt 0.73628500 0.35263500
vt 0.56128900 0.88238900
vt 0.55897300 0.88126800
vt 0.55083900 0.88876400
vt 0.76413400 0.50594300
vt 0.91547900 0.52449100
vt 0.55040800 0.89247900
vt 0.67774000 0.43624600
vt 0.91515600 0.50152100
vt 0.54988400 0.87273200
vt 0.68586700 0.47702500
vt 0.55040800 0.83639800
vt 0.70218300 0.54128900
vt 0.62707800 0.96752700
vt 0.54569900 0.77429500
vt 0.33287100 0.09854200
vt 0.73418200 0.42403900
vt 0.56099300 0.84046400
vt 0.36354500 0.57241300
vt 0.54186500 0.74534900
vt 0.61246100 0.53052900
vt 0.95845000 0.90312000
vt 0.63702500 0.31525500
vt 0.53702100 0.75474100
vt 0.55595300 0.76062300
vt 0.41153100 0.18207700
vt 0.56574900 0.92225900
vt 0.73391300 0.35203700
vt 0.76221400 0.52308700
vt 0.52615900 0.74993000
vt 0.34928500 0.57359800
vt 0.40496400 0.16791500
vt 0.17435800 0.15000300
vt 0.56973200 0.77106900
vt 0.19527100 0.29480400
vt 0.51528200 0.97133000
vt 0.50434100 0.89753300
vt 0.56299700 0.93626600
vt 0.55535900 0.77393500
vt 0.27493000 0.09684300
vt 0.95840500 0.87464200
vt 0.41066600 0.20384700
vt 0.60990100 0.52551700
vt 0.11686100 0.60178000
vt 0.54331700 0.74252300
vt 0.65294600 0.35076600
vt 0.50215000 0.91052000
vt 0.72471800 0.38541600
vt 0.50931400 0.95822700
vt 0.55304000 0.94934000
vt 0.34862200 0.52478700
vt 0.56170200 0.95352700
vt 0.05286900 0.28949000
vt 0.52520800 0.76562800
vt 0.48297800 0.95721100
vt 0.53875600 0.72726100
vt 0.44892600 0.44628700
vt 0.42108100 0.18352800
vt 0.47323200 0.95713700
vt 0.45001400 0.45514900
vt 0.48091000 0.95210000
vt 0.44933900 0.68625600
vt 0.53782500 0.73217200
vt 0.33312300 0.61471400
vt 0.03629500 0.70847000
vt 0.86473200 0.49482400
vt 0.20979700 0.25771300
vt 0.58422700 0.07625600
vt 0.31449400 0.97038500
vt 0.48504800 0.22725200
vt 0.21021200 0.24835600
vt 0.30546000 0.96952200
vt 0.89963400 0.79959300
vt 0.97876600 0.75533600
vt 0.62410900 0.15250200
vt 0.62525700 0.16585300
vt 0.88156000 0.80146400
vt 0.88999100 0.80066100
vt 0.61973900 0.17434000
vt 0.07727600 0.20429800
vt 0.09500400 0.19324000
vt 0.58822700 0.17907100
vt 0.88685300 0.79928000
vt 0.89882500 0.79731600
vt 0.62788100 0.15311900
vt 0.57673800 0.18033600
vt 0.26229800 0.74495900
vt 0.11916000 0.18300700
vt 0.57067100 0.12750500
vt 0.28333000 0.48402800
vt 0.30520200 0.92438900
vt 0.26583100 0.79784000
vt 0.55312800 0.12852700
vt 0.59434500 0.50976200
vt 0.47838000 0.48703700
vt 0.52197100 0.74328000
vt 0.51629100 0.74280100
vt 0.77218500 0.40994400
vt 0.59320500 0.51517300
vt 0.16057000 0.64167300
vt 0.48761300 0.48626200
vt 0.52147300 0.73421200
vt 0.45846300 0.06651000
vt 0.01710600 0.94033500
vt 0.64031200 0.40850700
vt 0.28783900 0.89009400
vt 0.47820200 0.48191300
vt 0.59891800 0.50966100
vt 0.28842800 0.89926400
vt 0.16577200 0.64238500
vt 0.48719700 0.48174100
vt 0.25014300 0.90269200
vt 0.50477400 0.56636100
vt 0.17453900 0.62580600
vt 0.91574600 0.16399800
vt 0.14520000 0.63077200
vt 0.11822800 0.62636800
vt 0.86793800 0.53298900
vt 0.30710700 0.90254200
vt 0.19742600 0.69155500
vt 0.77864800 0.39029500
vt 0.31073700 0.54787900
vt 0.77621800 0.36141300
vt 0.77483000 0.36263800
vt 0.78045200 0.54702600
vt 0.78945700 0.54771500
vt 0.76977500 0.35877200
vt 0.11651500 0.67808100
vt 0.77492900 0.45440500
vt 0.28220500 0.89078600
vt 0.77272800 0.41765200
vt 0.60062700 0.51489500
vt 0.16782000 0.63532600
vt 0.76231300 0.41864200
vt 0.28125900 0.90089200
vt 0.22796500 0.02967900
vt 0.16387500 0.69252800
vt 0.77316300 0.43299200
vt 0.15470500 0.69183800
vt 0.41599100 0.96859200
vt 0.76312000 0.43361600
vt 0.82734300 0.43301100
vt 0.57901900 0.82411000
vt 0.77459600 0.46100100
vt 0.76492100 0.46878200
vt 0.69077200 0.05284700
vt 0.74407900 0.16060300
vt 0.76633200 0.37732500
vt 0.64174700 0.12583800
vt 0.75115800 0.44472000
vt 0.09955000 0.88525200
vt 0.62950800 0.12742500
vt 0.76474000 0.38887100
vt 0.69405900 0.57342600
vt 0.88452800 0.00349700
vt 0.64263900 0.22378700
vt 0.76369500 0.45434300
vt 0.82607700 0.44276300
vt 0.88414200 0.01011300
vt 0.76429400 0.46225900
vt 0.70006800 0.08632100
vt 0.77396500 0.44738400
vt 0.92542900 0.71464700
vt 0.62391000 0.12054400
vt 0.91548900 0.71563700
vt 0.76394300 0.44724200
vt 0.76239200 0.41077100
vt 0.16020100 0.63511900
vt 0.51456100 0.73402100
vt 0.27980400 0.71738500
vt 0.77853000 0.51967400
vt 0.45901000 0.04410500
vt 0.41808500 0.61583100
vt 0.72838900 0.73596700
vt 0.76395300 0.43988000
vt 0.61642000 0.12086100
vt 0.34275600 0.89621900
vt 0.16456000 0.92058200
vt 0.76258800 0.39532500
vt 0.29572900 0.98755000
vt 0.29538500 0.82064100
vt 0.43280600 0.89536300
vt 0.29024000 0.98761200
vt 0.42783600 0.89784400
vt 0.38100000 0.34709500
vt 0.19706600 0.09622600
vt 0.29792600 0.99706200
vt 0.30121800 0.82877400
vt 0.20397700 0.09846300
vt 0.39093700 0.34710600
vt 0.29016700 0.99675400
vt 0.42109500 0.31861300
vt 0.28811000 0.60902100
vt 0.28731000 0.62182000
vt 0.42823000 0.32845700
vt 0.43172700 0.32117200
vt 0.28115600 0.61297000
vt 0.44345800 0.40057600
vt 0.42769400 0.31348200
vt 0.28754400 0.60665100
vt 0.66693700 0.50946000
vt 0.62828600 0.51181100
vt 0.00437800 0.27052200
vt 0.91680200 0.41980000
vt 0.62749100 0.52530300
vt 0.00512400 0.29091800
vt 0.91630100 0.39418600
vt 0.61715500 0.53448300
vt 0.63420000 0.48815000
vt 0.01024200 0.24690000
vt 0.24032900 0.18339500
vt 0.96498200 0.62986800
vt 0.61644700 0.54454600
vt 0.01586300 0.28816700
vt 0.25804800 0.81973000
vt 0.64067300 0.52454800
vt 0.62953800 0.54220300
vt 0.94884100 0.24652100
vt 0.27385200 0.26719600
vt 0.44083100 0.11811900
vt 0.63617200 0.54735200
vt 0.95673800 0.44297500
vt 0.63127300 0.57627800
vt 0.40321300 0.23392600
vt 0.30179300 0.26812200
vt 0.48403900 0.49536900
vt 0.32060900 0.96495100
vt 0.23517400 0.73419800
vt 0.93856600 0.36121000
vt 0.90416400 0.36425100
vt 0.94466600 0.36088400
vt 0.51660100 0.98850800
vt 0.04104400 0.34166600
vt 0.90498600 0.35429700
vt 0.94351100 0.36912100
vt 0.05463400 0.01977500
vt 0.94840800 0.35702600
vt 0.04099000 0.35341200
vt 0.52118200 0.98754500
vt 0.06180500 0.02032700
vt 0.94086500 0.35811200
vt 0.18982200 0.05837000
vt 0.94319100 0.35392900
vt 0.24843600 0.73377200
vt 0.19813300 0.05937800
vt 0.95518700 0.01970100
vt 0.95116400 0.35331100
vt 0.15726900 0.18076900
vt 0.23475700 0.33629500
vt 0.38570900 0.22762300
vt 0.52728600 0.59355600
vt 0.73384700 0.64231200
vt 0.93729800 0.15393400
vt 0.88117900 0.17547300
vt 0.06661100 0.31064200
vt 0.83111600 0.77120300
vt 0.85090600 0.88345100
vt 0.88691700 0.77477900
vt 0.89540900 0.77966700
vt 0.87780300 0.78893600
vt 0.87570100 0.77396700
vt 0.04339700 0.19743000
vt 0.88086000 0.76857100
vt 0.89437700 0.77084400
vt 0.91206300 0.79399100
vt 0.62528500 0.14085200
vt 0.24352600 0.45604000
vt 0.91027600 0.77063300
vt 0.21303000 0.47249400
vt 0.90526100 0.76468300
vt 0.99306300 0.89326000
vt 0.89289500 0.76346200
vt 0.91340100 0.80389900
vt 0.68615300 0.06604500
vt 0.65848000 0.05712400
vt 0.77822800 0.11323600
vt 0.03045200 0.18605100
vt 0.86028400 0.74749300
vt 0.88097100 0.10668300
vt 0.91673100 0.72667100
vt 0.83083900 0.70174500
vt 0.72486700 0.03894800
vt 0.32715500 0.71485000
vt 0.65852600 0.42801200
vt 0.84503700 0.71527600
vt 0.64592900 0.03864100
vt 0.65839400 0.10402700
vt 0.36493300 0.77027400
vt 0.27615600 0.81803700
vt 0.35772900 0.76956200
vt 0.00321900 0.11052400
vt 0.65418300 0.10848800
vt 0.90978300 0.30173900
vt 0.15808800 0.60982700
vt 0.85775000 0.71369400
vt 0.43602900 0.28947000
vt 0.80545500 0.30369500
vt 0.98649600 0.57286200
vt 0.42894900 0.94742800
vt 0.59262100 0.96585700
vt 0.21542300 0.71174800
vt 0.55340400 0.51987100
vt 0.33604700 0.12368100
vt 0.20915400 0.07446200
vt 0.54983800 0.53998000
vt 0.34670700 0.14897200
vt 0.91228000 0.93011700
vt 0.79407400 0.72279300
vt 0.20966400 0.07091900
vt 0.33786900 0.12045300
vt 0.54117800 0.99579500
vt 0.35071300 0.14878200
vt 0.88406100 0.93306100
vt 0.55257800 0.54572000
vt 0.53598500 0.56217900
vt 0.34850100 0.16822700
vt 0.99333900 0.06766100
vt 0.57279100 0.98259300
vt 0.61868200 0.38331100
vt 0.67228100 0.07313700
vt 0.82040500 0.82038400
vt 0.60187400 0.07022400
vt 0.26059800 0.17436900
vt 0.60790000 0.46053000
vt 0.26080200 0.17124400
vt 0.82156600 0.87104100
vt 0.60140100 0.07293900
vt 0.19398100 0.19368400
vt 0.80265300 0.09385800
vt 0.79246700 0.08550200
vt 0.47259000 0.67776700
vt 0.50274100 0.24594500
vt 0.82687600 0.28726700
vt 0.61047800 0.97969300
vt 0.38885200 0.94878200
vt 0.98971300 0.04052200
vt 0.92799100 0.66956400
vt 0.74070700 0.07113800
vt 0.41699500 0.10189600
vt 0.76756000 0.91069600
vt 0.42919100 0.55663900
vt 0.73380800 0.90994400
vt 0.76766400 0.89914500
vt 0.76984300 0.89328700
vt 0.43336200 0.54407700
vt 0.73451900 0.89740200
vt 0.73553800 0.88556400
vt 0.99181000 0.15639100
vt 0.44383500 0.52873400
vt 0.76731700 0.91577400
vt 0.43428500 0.10156700
vt 0.42851800 0.55899400
vt 0.73382400 0.91256500
vt 0.05704000 0.00767700
vt 0.95403800 0.75542100
vt 0.40185400 0.10143700
vt 0.77495600 0.87757900
vt 0.76667200 0.92088100
vt 0.73382300 0.92651300
vt 0.42630300 0.57289500
vt 0.33069000 0.72133000
vt 0.73365200 0.92025500
vt 0.42790700 0.56649100
vt 0.42750300 0.57496300
vt 0.73365000 0.92900900
vt 0.58080400 0.00349400
vt 0.76746900 0.93764100
vt 0.72732100 0.95641800
vt 0.42616100 0.58960900
vt 0.77005100 0.94464000
vt 0.42704700 0.59156400
vt 0.72805600 0.95889300
vt 0.38362500 0.40557900
vt 0.76789200 0.92768900
vt 0.45238800 0.10135600
vt 0.19563000 0.07040400
vt 0.96644500 0.71632900
vt 0.83554600 0.28708000
vt 0.28902300 0.38824500
vt 0.93243100 0.31025500
vt 0.68832700 0.55077200
vt 0.26293800 0.28010700
vt 0.72577300 0.05625800
vt 0.51358100 0.56828500
vt 0.44812100 0.30022500
vt 0.51627000 0.58239700
vt 0.44857600 0.29744800
vt 0.51635300 0.58580800
vt 0.15723800 0.56376900
vt 0.51969600 0.27371700
vt 0.58724000 0.31029700
vt 0.20420100 0.60504600
vt 0.59307700 0.27037000
vt 0.59700400 0.31040100
vt 0.21694000 0.61150800
vt 0.60644100 0.27012100
vt 0.63570600 0.27080800
vt 0.53809900 0.42950400
vt 0.24790500 0.61709900
vt 0.61851600 0.12784300
vt 0.97487500 0.89968300
vt 0.72178500 0.73710000
vt 0.62316500 0.12739100
vt 0.97433900 0.90428200
vt 0.91616200 0.70871400
vt 0.72348600 0.74622300
vt 0.98379700 0.89973200
vt 0.69542900 0.07956500
vt 0.54411400 0.52136600
vt 0.19944400 0.07245100
vt 0.95904600 0.03223700
vt 0.85934800 0.44017000
vt 0.16164200 0.99515500
vt 0.35414700 0.93984400
vt 0.90538500 0.41843400
vt 0.86202900 0.45196600
vt 0.17701300 0.99594700
vt 0.97019900 0.89230100
vt 0.40534400 0.90674900
vt 0.44978500 0.63725200
vt 0.97170000 0.91711800
vt 0.40613000 0.93224500
vt 0.90982400 0.92648000
vt 0.26382600 0.27300600
vt 0.01694700 0.24184000
vt 0.74043800 0.43762200
vt 0.94443700 0.08185200
vt 0.63595400 0.49552300
vt 0.01068000 0.25999000
vt 0.15886500 0.88864300
vt 0.25107400 0.19486500
vt 0.01290100 0.22842100
vt 0.15453800 0.89350000
vt 0.94838500 0.10433800
vt 0.01756700 0.22424300
vt 0.63399900 0.50842000
vt 0.00803600 0.27763200
vt 0.87278000 0.64819500
vt 0.52030700 0.61461400
vt 0.46431500 0.66954400
vt 0.80949500 0.09345800
vt 0.81394600 0.12878400
vt 0.50198900 0.76163400
vt 0.80573200 0.12962000
vt 0.50314600 0.76815500
vt 0.23050200 0.18948000
vt 0.90940100 0.14669800
vt 0.79017300 0.13485600
vt 0.45010300 0.65172200
vt 0.82587500 0.09174800
vt 0.83023900 0.12641400
vt 0.83748600 0.12547100
vt 0.44702300 0.64959300
vt 0.82907700 0.09192700
vt 0.44346800 0.64291800
vt 0.83518800 0.09086600
vt 0.50243400 0.73780700
vt 0.84083700 0.12731300
vt 0.84521000 0.12534500
vt 0.50394100 0.72751700
vt 0.81773100 0.09241600
vt 0.45585700 0.66001800
vt 0.84776900 0.12559000
vt 0.86223600 0.09037600
vt 0.73395500 0.97206800
vt 0.43023900 0.61427500
vt 0.84290600 0.09025500
vt 0.43895300 0.63494300
vt 0.82313800 0.12776900
vt 0.50120800 0.74885000
vt 0.54454800 0.96573600
vt 0.34544100 0.68332700
vt 0.84193500 0.13682800
vt 0.33726500 0.68448200
vt 0.50623800 0.83686600
vt 0.63334500 0.17952100
vt 0.54472000 0.95766300
vt 0.34083700 0.67893900
vt 0.63333500 0.17419300
vt 0.97618200 0.70599000
vt 0.75849000 0.28991500
vt 0.92669400 0.60524600
vt 0.94531600 0.57904800
vt 0.75292800 0.29646800
vt 0.95933500 0.46031500
vt 0.96181300 0.45652100
vt 0.75760800 0.29768300
vt 0.92513300 0.61252200
vt 0.97775300 0.71071000
vt 0.95022700 0.57836400
vt 0.75365000 0.29034800
vt 0.11547900 0.45484300
vt 0.68464600 0.06259400
vt 0.16842400 0.06099700
vt 0.77465400 0.46795400
vt 0.69053200 0.06185400
vt 0.17382300 0.05957300
vt 0.02669700 0.34095600
vt 0.02473900 0.35103600
vt 0.01775300 0.33576300
vt 0.66565300 0.82459600
vt 0.01129900 0.35119000
vt 0.98303900 0.78667600
vt 0.67828400 0.12623400
vt 0.03336100 0.36068700
vt 0.13762600 0.91315100
vt 0.02821500 0.37165100
vt 0.04281800 0.32240200
vt 0.87018600 0.90162700
vt 0.05702100 0.31407700
vt 0.85726700 0.89298300
vt 0.85204600 0.88724900
vt 0.02740400 0.32987000
vt 0.73861100 0.76454800
vt 0.02363200 0.31966700
vt 0.09280100 0.45800000
vt 0.74513000 0.77345800
vt 0.08543800 0.46013200
vt 0.02549600 0.30879700
vt 0.90388400 0.91293400
vt 0.99804100 0.78810900
vt 0.07876200 0.36659000
vt 0.03234200 0.35049800
vt 0.07484300 0.36399300
vt 0.89143800 0.90840400
vt 0.03277100 0.33917600
vt 0.11911200 0.92328200
vt 0.05102700 0.38873000
vt 0.21457700 0.69932600
vt 0.98956100 0.63206600
vt 0.31198500 0.55101400
vt 0.23642100 0.09040700
vt 0.17252300 0.68136200
vt 0.31190300 0.50600200
vt 0.97654200 0.65542200
vt 0.78085500 0.36803900
vt 0.77119400 0.54757400
vt 0.13061000 0.14776500
vt 0.23341700 0.70728200
vt 0.31226600 0.08870300
vt 0.78213900 0.50838900
vt 0.25969700 0.71603200
vt 0.34240200 0.08679100
vt 0.83453700 0.28432200
vt 0.28532200 0.38643600
vt 0.94350800 0.79614800
vt 0.29407100 0.18445200
vt 0.94342600 0.73212800
vt 0.36993200 0.49615800
vt 0.13818800 0.31262800
vt 0.32873100 0.11319400
vt 0.95594600 0.87493400
vt 0.27283800 0.09829500
vt 0.73597600 0.48001000
vt 0.63982400 0.28710800
vt 0.73275100 0.40959900
vt 0.56480600 0.84569100
vt 0.13851300 0.17109500
vt 0.04607700 0.50107600
vt 0.22551600 0.64672500
vt 0.03816700 0.50622800
vt 0.31068200 0.91084400
vt 0.85887600 0.53479000
vt 0.28252400 0.52948200
vt 0.58001000 0.14819500
vt 0.44806800 0.40525000
vt 0.43382300 0.31805900
vt 0.09380300 0.19869900
vt 0.43852500 0.31726300
vt 0.49495700 0.93710500
vt 0.09382300 0.20285500
vt 0.02976300 0.94123700
vt 0.20375000 0.54146300
vt 0.59061200 0.35808900
vt 0.66099200 0.82489000
vt 0.11672900 0.31397900
vt 0.96641900 0.86295300
vt 0.07829800 0.08051500
vt 0.97217900 0.86266800
vt 0.89851100 0.11193900
vt 0.40655600 0.87729400
vt 0.07143700 0.08096100
vt 0.17407000 0.70118100
vt 0.07729000 0.89225400
vt 0.29105300 0.57262500
vt 0.16799300 0.70175300
vt 0.41674500 0.60244700
vt 0.29761900 0.57267600
vt 0.10874600 0.29492100
vt 0.72806700 0.48428200
vt 0.61481400 0.94949400
vt 0.05117600 0.29255900
vt 0.95178600 0.58409500
vt 0.44279300 0.48155200
vt 0.62122900 0.01573000
vt 0.62317900 0.02404400
vt 0.28025700 0.84697900
vt 0.26293100 0.76046600
vt 0.27818400 0.84355600
vt 0.94306400 0.58485600
vt 0.51741500 0.54962900
vt 0.61971800 0.02458400
vt 0.90893100 0.43939600
vt 0.43188200 0.48145700
vt 0.89855600 0.37266700
vt 0.63393400 0.01652000
vt 0.42454000 0.96823500
vt 0.02509900 0.13734700
vt 0.76333300 0.42531000
vt 0.22818300 0.03763300
vt 0.03454700 0.13880100
vt 0.77337800 0.42473400
vt 0.21555000 0.12439100
vt 0.03471100 0.14410400
vt 0.23367500 0.03609100
vt 0.21553300 0.13357100
vt 0.02514800 0.14462700
vt 0.42271000 0.96071800
vt 0.23365400 0.03100800
vt 0.21003000 0.12458400
vt 0.16485500 0.69813100
vt 0.88508000 0.18985200
vt 0.88818800 0.04756800
vt 0.33805100 0.80506200
vt 0.87836700 0.29237800
vt 0.23014100 0.42151900
vt 0.87696800 0.04180300
vt 0.87773100 0.04682700
vt 0.23478900 0.41952500
vt 0.33241800 0.79667700
vt 0.53128300 0.72550100
vt 0.45657500 0.44470400
vt 0.28942500 0.83692500
vt 0.28345100 0.82782700
vt 0.45584100 0.45473000
vt 0.42264300 0.17811500
vt 0.28432300 0.83022400
vt 0.77559400 0.52813200
vt 0.20416800 0.19904000
vt 0.91988400 0.23857800
vt 0.47624800 0.03638300
vt 0.92181400 0.20389900
vt 0.20324200 0.22972400
vt 0.19918700 0.17411300
vt 0.00474900 0.41904800
vt 0.04107300 0.26670500
vt 0.62700600 0.69660400
vt 0.36595800 0.62605000
vt 0.49777900 0.87486500
vt 0.63022200 0.68508600
vt 0.01412700 0.60360600
vt 0.65643700 0.19242800
vt 0.43182500 0.71177000
vt 0.51611400 0.71543800
vt 0.64343100 0.19221700
vt 0.51351300 0.72505600
vt 0.72641600 0.03951000
vt 0.85902700 0.81710700
vt 0.83278000 0.70232100
vt 0.88064500 0.14323800
vt 0.83059000 0.73892700
vt 0.45727300 0.04034100
vt 0.30284600 0.11621600
vt 0.72026700 0.23210000
vt 0.69688700 0.94189900
vt 0.30243200 0.10684000
vt 0.45371000 0.03136400
vt 0.41772200 0.96069000
vt 0.15584200 0.69905700
vt 0.21022900 0.13386900
vt 0.11021500 0.46389300
vt 0.45309500 0.05155400
vt 0.73669100 0.15407800
vt 0.19618500 0.10383800
vt 0.30709300 0.82316800
vt 0.36380300 0.05804700
vt 0.46166500 0.65200700
vt 0.51000200 0.54034400
vt 0.60673800 0.47335500
vt 0.59993300 0.46806800
vt 0.02452900 0.69426800
vt 0.27880300 0.83130700
vt 0.78128400 0.52790500
vt 0.21252600 0.22854000
vt 0.20692800 0.58678100
vt 0.76112700 0.19428300
vt 0.76547300 0.19149500
vt 0.42571500 0.94573600
vt 0.21054700 0.58678100
vt 0.25671900 0.42317900
vt 0.42594000 0.94139900
vt 0.20953700 0.22628900
vt 0.76102000 0.18929800
vt 0.85576100 0.76490300
vt 0.06758200 0.42396100
vt 0.05358500 0.43395100
vt 0.82531000 0.73729400
vt 0.85808800 0.76032100
vt 0.06207300 0.42295900
vt 0.33269500 0.16549600
vt 0.04598200 0.43355300
vt 0.04855000 0.42243200
vt 0.57451700 0.96605600
vt 0.31200700 0.57137700
vt 0.02394500 0.45018800
vt 0.00807000 0.20778300
vt 0.03152500 0.53729300
vt 0.05565900 0.28184500
vt 0.01939700 0.51688900
vt 0.46855200 0.97705900
vt 0.01335300 0.52132700
vt 0.02483500 0.50547300
vt 0.02783600 0.49455200
vt 0.59043000 0.47517900
vt 0.36174800 0.66851400
vt 0.01555000 0.47360300
vt 0.29112000 0.58637600
vt 0.56033500 0.97100200
vt 0.33841000 0.55168000
vt 0.03211800 0.43120700
vt 0.03232400 0.47541900
vt 0.37862000 0.67076200
vt 0.60849700 0.47745700
vt 0.02480600 0.51921400
vt 0.86809900 0.31382800
vt 0.61951400 0.47515300
vt 0.03016500 0.53191300
vt 0.36375300 0.05045600
vt 0.20393400 0.10308200
vt 0.39081700 0.35191100
vt 0.77313100 0.84709000
vt 0.65392100 0.47668200
vt 0.01558800 0.56998900
vt 0.99705100 0.61526600
vt 0.68335100 0.56742700
vt 0.41611900 0.41223100
vt 0.67478900 0.56481400
vt 0.33585800 0.59713100
vt 0.64145800 0.09365400
vt 0.99671900 0.60665100
vt 0.65132500 0.46080000
vt 0.48875600 0.26425900
vt 0.95878400 0.49596600
vt 0.76052500 0.00195700
vt 0.52182800 0.85331400
vt 0.52100800 0.89686600
vt 0.95807200 0.18716000
vt 0.42216900 0.89495300
vt 0.42468300 0.87253900
vt 0.93379200 0.19497400
vt 0.74344900 0.82381800
vt 0.52301100 0.91356300
vt 0.45885300 0.02768100
vt 0.73246500 0.23187900
vt 0.36296900 0.62876200
vt 0.66895500 0.97159000
vt 0.63115000 0.69636900
vt 0.00323300 0.59793700
vt 0.38034800 0.62730500
vt 0.39341900 0.62627100
vt 0.48083100 0.88967300
vt 0.65478100 0.47499700
vt 0.37274700 0.65769100
vt 0.01840900 0.56998300
vt 0.36108700 0.89502900
vt 0.73248800 0.81016900
vt 0.72790400 0.82719300
vt 0.39147200 0.65977200
vt 0.02848100 0.38431800
vt 0.56504300 0.43514800
vt 0.56123100 0.43091100
vt 0.03251500 0.38413400
vt 0.04127000 0.69362100
vt 0.56838200 0.42788700
vt 0.62309700 0.61074900
vt 0.01379200 0.21661700
vt 0.01774700 0.21660500
vt 0.02468700 0.38400700
vt 0.56847600 0.43278800
vt 0.88822500 0.29105500
vt 0.87802800 0.18706200
vt 0.88650400 0.04052600
vt 0.06338400 0.47716100
vt 0.88770300 0.28745200
vt 0.87822200 0.18242400
vt 0.53907000 0.78572200
vt 0.80224100 0.01319400
vt 0.42438900 0.15413000
vt 0.90048800 0.35468800
vt 0.04571600 0.34123000
vt 0.17621200 0.04877300
vt 0.48504300 0.52540600
vt 0.16490500 0.04262900
vt 0.84523000 0.68794300
vt 0.01092500 0.14114200
vt 0.86486600 0.69800700
vt 0.85842700 0.69380200
vt 0.18555700 0.04426300
vt 0.19086500 0.88550500
vt 0.11913200 0.66962300
vt 0.75863800 0.35702200
vt 0.74804100 0.47745700
vt 0.08585600 0.88383600
vt 0.23712600 0.67910400
vt 0.50174100 0.09298400
vt 0.01296500 0.73514400
vt 0.49158100 0.93625100
vt 0.00965700 0.73500700
vt 0.44292200 0.31976300
vt 0.49005900 0.94015000
vt 0.57934600 0.07625700
vt 0.03235200 0.22572000
vt 0.20423600 0.25721800
vt 0.95545600 0.49547300
vt 0.49002700 0.26711200
vt 0.99907200 0.18203500
vt 0.98140400 0.18447000
vt 0.95443400 0.47798000
vt 0.41030500 0.04610800
vt 0.44735700 0.89887400
vt 0.92747200 0.62754300
vt 0.64601500 0.52605800
vt 0.22100600 0.12365600
vt 0.26152000 0.99713200
vt 0.22687300 0.14253500
vt 0.73241800 0.64196800
vt 0.38628200 0.22962400
vt 0.27187200 0.98304800
vt 0.25572600 0.11455100
vt 0.27973600 0.13953400
vt 0.27398100 0.11936100
vt 0.48638600 0.04965000
vt 0.34101000 0.93320200
vt 0.28133800 0.13459800
vt 0.29850700 0.13238400
vt 0.50363100 0.48285500
vt 0.36812700 0.51038100
vt 0.50881700 0.49093300
vt 0.64028000 0.80798100
vt 0.30419300 0.12481000
vt 0.31686700 0.13591100
vt 0.46342900 0.07617400
vt 0.93840100 0.34973900
vt 0.30461900 0.24915300
vt 0.60014400 0.07883500
vt 0.32643000 0.13406400
vt 0.29626900 0.45958500
vt 0.36418400 0.03889500
vt 0.55823900 0.74969200
vt 0.64427000 0.23744900
vt 0.01476200 0.68903100
vt 0.45658900 0.64305300
vt 0.25641500 0.75484100
vt 0.85851500 0.64860700
vt 0.52360900 0.60089400
vt 0.86162900 0.70391500
vt 0.96050800 0.93123700
vt 0.46937800 0.45943500
vt 0.32514600 0.01222200
vt 0.98157800 0.92934900
vt 0.32549500 0.03515800
vt 0.96063100 0.92786100
vt 0.47073800 0.46202100
vt 0.32674600 0.01262100
vt 0.12570500 0.12835300
vt 0.21552500 0.46731500
vt 0.35217100 0.90270700
vt 0.11605600 0.12834900
vt 0.34282300 0.90282500
vt 0.16564000 0.92729800
vt 0.58579000 0.82925400
vt 0.64995000 0.21377900
vt 0.79074900 0.47986500
vt 0.83403000 0.44181500
vt 0.78594500 0.48937400
vt 0.87667000 0.00798400
vt 0.38088400 0.35168900
vt 0.35514000 0.05078800
vt 0.42850600 0.90226100
vt 0.88967800 0.37628800
vt 0.36563900 0.41684300
vt 0.88198800 0.40866100
vt 0.91514900 0.92314700
vt 0.32996600 0.41615600
vt 0.88093900 0.41708300
vt 0.91839900 0.92676600
vt 0.31678700 0.40102800
vt 0.38851900 0.41635400
vt 0.89731000 0.34978000
vt 0.90492200 0.33207000
vt 0.31663400 0.38578400
vt 0.25812600 0.77515600
vt 0.88909700 0.35247600
vt 0.64872000 0.44885400
vt 0.87059700 0.41942500
vt 0.38570400 0.21341600
vt 0.64879300 0.37890100
vt 0.23348500 0.25070200
vt 0.68307900 0.00676600
vt 0.92728600 0.92719800
vt 0.88461700 0.42224700
vt 0.91481700 0.55330400
vt 0.54445300 0.07280000
vt 0.85615700 0.93146200
vt 0.91541000 0.55766600
vt 0.89317300 0.42992100
vt 0.42570500 0.19914300
vt 0.91160000 0.32582000
vt 0.76972000 0.86205100
vt 0.54844800 0.07178400
vt 0.88332900 0.42614800
vt 0.38313800 0.19958300
vt 0.35368100 0.82916900
vt 0.91834200 0.06307300
vt 0.00067000 0.15394900
vt 0.45266900 0.05976200
vt 0.11041000 0.45513900
vt 0.16848200 0.06607600
vt 0.74404800 0.15448000
vt 0.76348700 0.47528300
vt 0.76559500 0.47624200
vt 0.44598300 0.05102800
vt 0.52433300 0.72882900
vt 0.06314700 0.46840000
vt 0.87819600 0.28743200
vt 0.23130300 0.42656800
vt 0.34396900 0.80020200
vt 0.88533400 0.18240800
vt 0.05610300 0.47706700
vt 0.68003200 0.99813400
vt 0.74260300 0.65426000
vt 0.36699800 0.56912200
vt 0.31319200 0.82090800
vt 0.67015500 0.19284600
vt 0.98209600 0.05058700
vt 0.36099900 0.55882100
vt 0.98342200 0.04540800
vt 0.30743800 0.81279900
vt 0.36641000 0.55948900
vt 0.74796600 0.66238600
vt 0.27539800 0.19179700
vt 0.66508000 0.18382000
vt 0.26724100 0.19786200
vt 0.97583100 0.04548400
vt 0.31449800 0.80887300
vt 0.73287900 0.07454100
vt 0.32002900 0.81685700
vt 0.27630200 0.19954200
vt 0.75065400 0.65502000
vt 0.70224100 0.13343700
vt 0.36338800 0.57671700
vt 0.60594400 0.53613700
vt 0.35168300 0.57876300
vt 0.59387100 0.54393200
vt 0.33812900 0.57710600
vt 0.21425500 0.24344800
vt 0.58671500 0.55598700
vt 0.21364800 0.24017600
vt 0.34100800 0.57319200
vt 0.51865500 0.75734100
vt 0.46133400 0.64290700
vt 0.51019800 0.54912500
vt 0.25599100 0.75907800
vt 0.70040900 0.07887600
vt 0.77344200 0.43987200
vt 0.72871900 0.74524700
vt 0.78551600 0.08676900
vt 0.23445500 0.22710700
vt 0.47998000 0.68406200
vt 0.23498600 0.18958900
vt 0.79908900 0.13214600
vt 0.50522800 0.77580000
vt 0.64410600 0.21406700
vt 0.77364900 0.45372200
vt 0.58640500 0.82383200
vt 0.65002600 0.22280700
vt 0.87686100 0.00328100
vt 0.79071900 0.48911700
vt 0.02685400 0.21628800
vt 0.33202300 0.80915300
vt 0.48975300 0.21964300
vt 0.57953200 0.07151500
vt 0.32674500 0.80047400
vt 0.74907300 0.07500000
vt 0.02751100 0.22515100
vt 0.03396300 0.21750000
vt 0.20507200 0.24838600
vt 0.49023000 0.22647700
vt 0.63989000 0.63012500
vt 0.53245600 0.52222500
vt 0.94797900 0.30902700
vt 0.98339200 0.30765800
vt 0.84116100 0.93943000
vt 0.22983400 0.36844800
vt 0.84098500 0.94967500
vt 0.22464400 0.36196000
vt 0.79101400 0.44373900
vt 0.84555900 0.93983600
vt 0.24793400 0.37250600
vt 0.31954200 0.83800100
vt 0.65616500 0.81025100
vt 0.65613300 0.80478700
vt 0.31743700 0.84228100
vt 0.50195900 0.62194200
vt 0.73296300 0.75471900
vt 0.08530300 0.88813300
vt 0.75977700 0.69914800
vt 0.48321700 0.02397000
vt 0.42575300 0.98496000
vt 0.92272200 0.69285600
vt 0.03722600 0.52894800
vt 0.24708600 0.64277200
vt 0.26788800 0.53015900
vt 0.59836000 0.14879700
vt 0.60220800 0.47323800
vt 0.45645700 0.65184400
vt 0.02414400 0.68889700
vt 0.78174000 0.53325700
vt 0.26371500 0.75420500
vt 0.01441900 0.69590300
vt 0.28331900 0.83949300
vt 0.52852500 0.79018300
vt 0.49976100 0.13417600
vt 0.15592300 0.22084800
vt 0.22745000 0.28531200
vt 0.18300400 0.28228300
vt 0.10589900 0.21896700
vt 0.59561600 0.99304500
vt 0.18165400 0.26656600
vt 0.06608400 0.21418300
vt 0.13767600 0.28081500
vt 0.02386600 0.53127800
vt 0.06221400 0.27818700
vt 0.13199700 0.26544300
vt 0.55458200 0.98847800
vt 0.41593200 0.18349300
vt 0.45836500 0.68614800
vt 0.47338200 0.95204700
vt 0.45809500 0.69140800
vt 0.41515400 0.17810800
vt 0.29068500 0.82426600
vt 0.40365900 0.94972800
vt 0.31063400 0.62282300
vt 0.20689400 0.13704300
vt 0.63646100 0.98520800
vt 0.98750800 0.04026100
vt 0.99103400 0.01144000
vt 0.92563500 0.69827800
vt 0.65285600 0.31845700
vt 0.66147800 0.96643700
vt 0.32560700 0.81294000
vt 0.48199100 0.22043200
vt 0.30465700 0.97738900
vt 0.57629400 0.31919000
vt 0.13968000 0.10836400
vt 0.28155700 0.45275300
vt 0.75149500 0.16580700
vt 0.17490900 0.42502300
vt 0.34757100 0.31119500
vt 0.39410100 0.22759900
vt 0.74378600 0.16781200
vt 0.52775600 0.58707400
vt 0.52934900 0.59320300
vt 0.74211900 0.17569300
vt 0.76225700 0.40337000
vt 0.17220400 0.92047500
vt 0.88526000 0.34844500
vt 0.44050300 0.71291400
vt 0.05487000 0.87916700
vt 0.42383100 0.65863400
vt 0.65923000 0.93726200
vt 0.66139200 0.93546900
vt 0.42283500 0.65714500
vt 0.68165400 0.91401200
vt 0.42208700 0.62678000
vt 0.92573100 0.49567100
vt 0.97920100 0.58318200
vt 0.95114700 0.23534100
vt 0.97647600 0.58523800
vt 0.27781500 0.23912800
vt 0.23827100 0.23796600
vt 0.97915800 0.62366600
vt 0.74637400 0.79077300
vt 0.97811900 0.56748600
vt 0.30198700 0.23846100
vt 0.68990100 0.02163700
vt 0.61011000 0.00504100
vt 0.90010300 0.36476400
vt 0.04579100 0.35252700
vt 0.05668100 0.02457500
vt 0.51740500 0.99270900
vt 0.33833400 0.59357000
vt 0.64194300 0.20309500
vt 0.32676700 0.59295900
vt 0.65316500 0.20217200
vt 0.33425100 0.58856800
vt 0.33233600 0.54319600
vt 0.89855300 0.74852800
vt 0.32611300 0.58813800
vt 0.89187500 0.75485400
vt 0.07412900 0.31766100
vt 0.90170300 0.73946700
vt 0.89972600 0.72937800
vt 0.34457100 0.58835600
vt 0.34823500 0.59241500
vt 0.90103600 0.72616000
vt 0.63451200 0.20973900
vt 0.59715800 0.69680100
vt 0.58498700 0.97574200
vt 0.78912700 0.01537800
vt 0.58478900 0.97133000
vt 0.45588300 0.01431900
vt 0.60330800 0.69603900
vt 0.11493900 0.46390100
vt 0.68402100 0.05410900
vt 0.73650900 0.15904600
vt 0.04925500 0.27394200
vt 0.08886500 0.31187200
vt 0.91309900 0.26383700
vt 0.44804200 0.63190700
vt 0.13404400 0.37128600
vt 0.96416700 0.91526100
vt 0.66464500 0.19098300
vt 0.26635800 0.19263900
vt 0.97729700 0.05030800
vt 0.52569800 0.45458600
vt 0.52187100 0.45479600
vt 0.18021100 0.02053900
vt 0.56075900 0.11134800
vt 0.50110000 0.44722400
vt 0.99503600 0.71838300
vt 0.58685000 0.11877400
vt 0.43138900 0.99138600
vt 0.55734400 0.11261700
vt 0.78966200 0.55626200
vt 0.99709400 0.71817800
vt 0.55751000 0.11483900
vt 0.78892300 0.55822500
vt 0.58603900 0.89247500
vt 0.58668900 0.12101500
vt 0.42897800 0.99475800
vt 0.59923700 0.91727300
vt 0.57023900 0.49784800
vt 0.63554600 0.11362900
vt 0.98863600 0.57162000
vt 0.63558700 0.11621800
vt 0.43136500 0.94840300
vt 0.33824500 0.01233000
vt 0.48207900 0.46134600
vt 0.33673300 0.01145100
vt 0.48076500 0.45926100
vt 0.99191800 0.25535000
vt 0.10598700 0.21153000
vt 0.22476000 0.26175300
vt 0.10821100 0.20623600
vt 0.99273200 0.25958400
vt 0.11324400 0.20697000
vt 0.22557900 0.25653900
vt 0.97791300 0.72290300
vt 0.26567000 0.07302400
vt 0.65244100 0.37796100
vt 0.68302100 0.00296800
vt 0.09110400 0.59755400
vt 0.58225400 0.52072300
vt 0.12111800 0.57319300
vt 0.08144000 0.55283100
vt 0.31076600 0.07795900
vt 0.07633600 0.54138200
vt 0.32965400 0.07526800
vt 0.32743500 0.27255400
vt 0.67684200 0.02151500
vt 0.63839900 0.07643900
vt 0.10613300 0.54459200
vt 0.52491300 0.55418300
vt 0.64921700 0.01922500
vt 0.25804900 0.59436100
vt 0.74348500 0.05650200
vt 0.21718400 0.46245000
vt 0.35223600 0.89765600
vt 0.77187700 0.39502200
vt 0.35650400 0.92544200
vt 0.19371600 0.35013300
vt 0.55116400 0.42479500
vt 0.70639700 0.98841900
vt 0.79044600 0.03019900
vt 0.37933600 0.15378300
vt 0.51533100 0.56813300
vt 0.65382800 0.08431800
vt 0.52522500 0.58369100
vt 0.67041000 0.07669900
vt 0.55790100 0.53449000
vt 0.27940900 0.27888300
vt 0.92558800 0.70872600
vt 0.69487400 0.08344300
vt 0.98312500 0.90380800
vt 0.54480300 0.50484700
vt 0.36759900 0.54875600
vt 0.17463200 0.71757300
vt 0.16731700 0.72016000
vt 0.55263900 0.06299600
vt 0.55144000 0.99401900
vt 0.38455600 0.14910800
vt 0.79271200 0.03216500
vt 0.78919400 0.04694200
vt 0.38336100 0.13570700
vt 0.50258400 0.84365400
vt 0.84481500 0.13278000
vt 0.84742800 0.66409000
vt 0.28418800 0.39996800
vt 0.31891200 0.28247600
vt 0.57042500 0.56819600
vt 0.28317200 0.39445000
vt 0.50214500 0.83989200
vt 0.27718100 0.40010300
vt 0.09616400 0.99218400
vt 0.61318000 0.95255200
vt 0.04735300 0.29046400
vt 0.53008600 0.76238600
vt 0.74804900 0.76838800
vt 0.02004100 0.31092300
vt 0.07372200 0.46828400
vt 0.75210700 0.78809500
vt 0.76183900 0.80815500
vt 0.75481200 0.82958800
vt 0.05778000 0.50730700
vt 0.06597600 0.48999100
vt 0.75245200 0.81603500
vt 0.74108500 0.75314900
vt 0.01037300 0.32453300
vt 0.35264000 0.67394700
vt 0.75463300 0.84155800
vt 0.35228900 0.68222100
vt 0.74757800 0.83947100
vt 0.61547500 0.47801300
vt 0.86111500 0.31492900
vt 0.76663400 0.83235600
vt 0.75554700 0.76618000
vt 0.63276400 0.83752900
vt 0.74932200 0.74753400
vt 0.12019400 0.22607800
vt 0.61552400 0.88357400
vt 0.76587000 0.70517600
vt 0.61771600 0.90986500
vt 0.76522200 0.66560500
vt 0.95220000 0.82896200
vt 0.65274200 0.23316600
vt 0.79510700 0.47111400
vt 0.36316000 0.04239600
vt 0.64390800 0.23412400
vt 0.78703100 0.47095800
vt 0.87344100 0.72149800
vt 0.87021300 0.74322800
vt 0.80041600 0.46635100
vt 0.07052400 0.34223000
vt 0.80214000 0.47103300
vt 0.66156100 0.22855300
vt 0.96512500 0.94784500
vt 0.07321100 0.99579500
vt 0.96834800 0.97975700
vt 0.07070800 0.99585000
vt 0.96689400 0.95033900
vt 0.26371100 0.24830400
vt 0.65432200 0.00888800
vt 0.92544100 0.38541800
vt 0.62128600 0.43310100
vt 0.19194200 0.58373000
vt 0.95405400 0.34850400
vt 0.08951700 0.00730100
vt 0.14008200 0.41983700
vt 0.06996300 0.33156000
vt 0.66374800 0.21502900
vt 0.07420900 0.33691800
vt 0.80664600 0.46531100
vt 0.87382700 0.75044800
vt 0.88324800 0.75503800
vt 0.07376000 0.32583900
vt 0.29586900 0.83234400
vt 0.53080500 0.73336500
vt 0.44825800 0.69244800
vt 0.06392500 0.44098900
vt 0.34992100 0.69445300
vt 0.06883900 0.51860400
vt 0.99096200 0.35664500
vt 0.95748000 0.81279100
vt 0.57878200 0.16220400
vt 0.30094700 0.91382400
vt 0.35956800 0.56788500
vt 0.67027400 0.18359500
vt 0.74331300 0.66142600
vt 0.39561500 0.14910600
vt 0.56251000 0.99380000
vt 0.79094400 0.03145000
vt 0.55103500 0.99664600
vt 0.70063300 0.98941900
vt 0.68044300 0.50915300
vt 0.10439600 0.19882600
vt 0.45759600 0.40135400
vt 0.39745300 0.41568700
vt 0.25587900 0.77415500
vt 0.31842200 0.38756000
vt 0.91780900 0.83652600
vt 0.15030600 0.35198700
vt 0.41218800 0.46049400
vt 0.40835900 0.46975000
vt 0.22300600 0.06265900
vt 0.00786400 0.11678100
vt 0.98051000 0.71532600
vt 0.42123800 0.46179100
vt 0.13266400 0.35387200
vt 0.90903900 0.96933000
vt 0.42050700 0.47574500
vt 0.22511900 0.07409200
vt 0.41172500 0.46931300
vt 0.78123200 0.67068400
vt 0.88487100 0.71631600
vt 0.33084200 0.36441100
vt 0.96649700 0.67001100
vt 0.53397400 0.52809800
vt 0.86081500 0.31995700
vt 0.62265300 0.44932700
vt 0.17501100 0.11782600
vt 0.34317500 0.77999100
vt 0.85028900 0.32146000
vt 0.16803800 0.12672000
vt 0.30760800 0.29563700
vt 0.66774100 0.52895700
vt 0.62392300 0.45987300
vt 0.19945100 0.47446500
vt 0.40034600 0.71504600
vt 0.65676800 0.43646900
vt 0.06664400 0.39589600
vt 0.64744900 0.57975800
vt 0.30729700 0.10716600
vt 0.69799100 0.94627900
vt 0.30793600 0.11645700
vt 0.71989500 0.22752100
vt 0.65639500 0.57655700
vt 0.65084200 0.58587200
vt 0.57851200 0.32552500
vt 0.76288200 0.01548800
vt 0.89661900 0.32554100
vt 0.35677700 0.89500700
vt 0.77533800 0.84757600
vt 0.65231400 0.47457300
vt 0.75756800 0.00280300
vt 0.51979300 0.85531400
vt 0.51817100 0.89436900
vt 0.71793500 0.00362900
vt 0.74477900 0.82502300
vt 0.52140500 0.91456800
vt 0.69502000 0.00341300
vt 0.36033100 0.82607000
vt 0.72918000 0.02273300
vt 0.17756000 0.22076900
vt 0.37650300 0.48876200
vt 0.35149600 0.56738500
vt 0.38060100 0.49138600
vt 0.35179700 0.56379600
vt 0.27233500 0.47209500
vt 0.42411500 0.50103600
vt 0.27703400 0.47185300
vt 0.17770400 0.22419900
vt 0.37653700 0.49373200
vt 0.22377100 0.46577600
vt 0.32731400 0.51337900
vt 0.13950800 0.42601200
vt 0.09495300 0.00233100
vt 0.66717900 0.80053800
vt 0.07150900 0.89471500
vt 0.65704300 0.50378800
vt 0.66291300 0.79906300
vt 0.65926300 0.51190600
vt 0.34331000 0.20619100
vt 0.36212400 0.19594200
vt 0.66042700 0.52921000
vt 0.05211600 0.88799700
vt 0.90907200 0.94076800
vt 0.67789300 0.36236200
vt 0.34703800 0.55551600
vt 0.35533000 0.52388900
vt 0.68120700 0.39425400
vt 0.25483100 0.60322700
vt 0.00395000 0.51105600
vt 0.46042300 0.96945400
vt 0.19166900 0.21139700
vt 0.21698600 0.60531400
vt 0.92302400 0.35280200
vt 0.49372400 0.96008700
vt 0.10553400 0.52581100
vt 0.46446300 0.28193100
vt 0.50902900 0.60564800
vt 0.47133000 0.96346500
vt 0.24408900 0.60647600
vt 0.28457900 0.60256900
vt 0.50183500 0.40723800
vt 0.86141500 0.93961700
vt 0.48868000 0.39981700
vt 0.30756300 0.58904300
vt 0.80325200 0.70343300
vt 0.68856600 0.53680900
vt 0.75928600 0.17808300
vt 0.79924300 0.70367400
vt 0.42758500 0.65852600
vt 0.76032900 0.18282100
vt 0.75646100 0.18138000
vt 0.42801100 0.66154300
vt 0.69046600 0.54001600
vt 0.15821700 0.90267400
vt 0.38554500 0.10511900
vt 0.95008600 0.76186500
vt 0.79002900 0.79527000
vt 0.25099500 0.36264000
vt 0.24265900 0.36927200
vt 0.79017500 0.80751800
vt 0.84198400 0.93211800
vt 0.79039500 0.78702500
vt 0.25193600 0.35080100
vt 0.82406000 0.45402900
vt 0.18528200 0.14052300
vt 0.79412000 0.78609900
vt 0.81747100 0.45456600
vt 0.76917900 0.82188400
vt 0.87074900 0.31575800
vt 0.73979000 0.40807300
vt 0.74569000 0.70546400
vt 0.63390500 0.30925100
vt 0.99553700 0.25221200
vt 0.41462000 0.33752700
vt 0.43365300 0.49039200
vt 0.39874600 0.56145300
vt 0.39426400 0.56262000
vt 0.43371200 0.49528600
vt 0.89035100 0.17595900
vt 0.83796200 0.32068900
vt 0.89065800 0.17884000
vt 0.41429100 0.33417700
vt 0.39803300 0.56540800
vt 0.41630000 0.69403900
vt 0.22186600 0.25420500
vt 0.98153300 0.72409800
vt 0.58337800 0.90022500
vt 0.22145500 0.25906900
vt 0.41261800 0.69380700
vt 0.58010200 0.98004100
vt 0.59393300 0.00142700
vt 0.03056100 0.38093700
vt 0.04379900 0.69671600
vt 0.28376400 0.80395800
vt 0.58847700 0.00674300
vt 0.59618200 0.68760200
vt 0.24306300 0.19087500
vt 0.87418800 0.50612500
vt 0.87341100 0.53268100
vt 0.25835600 0.20363700
vt 0.28233300 0.21538000
vt 0.87337100 0.55865000
vt 0.10919800 0.89655900
vt 0.30043000 0.21464700
vt 0.32020700 0.21308700
vt 0.68052700 0.79931700
vt 0.08692700 0.89797600
vt 0.33066500 0.21652600
vt 0.32390500 0.44043400
vt 0.80691500 0.90692200
vt 0.38052000 0.18473100
vt 0.31225100 0.47997900
vt 0.17393800 0.06780900
vt 0.77505200 0.47624700
vt 0.44677500 0.06014500
vt 0.30730400 0.43518500
vt 0.06980300 0.32070600
vt 0.32014100 0.59148300
vt 0.65884500 0.20491900
vt 0.31474200 0.44384400
vt 0.66726400 0.21324900
vt 0.31136800 0.44328400
vt 0.66520800 0.22830700
vt 0.31010800 0.45266300
vt 0.31168000 0.45588400
vt 0.30555800 0.46142500
vt 0.93138800 0.71891100
vt 0.46103900 0.39717100
vt 0.29525100 0.40903600
vt 0.99061000 0.60130000
vt 0.50290400 0.63759500
vt 0.29868300 0.41361500
vt 0.32640100 0.48629800
vt 0.20216100 0.39262000
vt 0.86934800 0.28930400
vt 0.99098200 0.54477500
vt 0.16819700 0.39867700
vt 0.95793200 0.76588300
vt 0.51735300 0.94763000
vt 0.24733600 0.91201600
vt 0.53902900 0.19827700
vt 0.31017600 0.43449300
vt 0.34822600 0.20896200
vt 0.32028200 0.45157200
vt 0.29710500 0.46287400
vt 0.56390500 0.74511700
vt 0.31635200 0.46405000
vt 0.35935900 0.20277900
vt 0.97923200 0.54333000
vt 0.18450300 0.64309400
vt 0.51726800 0.96148500
vt 0.14727600 0.39433700
vt 0.27617600 0.91500200
vt 0.95738500 0.79464900
vt 0.91086300 0.83110600
vt 0.99566300 0.86555000
vt 0.98835900 0.86693900
vt 0.90953300 0.85359200
vt 0.99471500 0.84060600
vt 0.90549100 0.89556200
vt 0.99756900 0.79972800
vt 0.98653000 0.80042000
vt 0.69187000 0.12952300
vt 0.99133600 0.25063200
vt 0.10905500 0.21498600
vt 0.62998100 0.30812600
vt 0.52380900 0.61905700
vt 0.87631200 0.65126300
vt 0.87585600 0.66233100
vt 0.01394000 0.64680100
vt 0.00986900 0.64690900
vt 0.01159000 0.64579700
vt 0.89470600 0.62363500
vt 0.89507000 0.63017200
vt 0.90168200 0.63051800
vt 0.01298800 0.63715400
vt 0.90371100 0.62348900
vt 0.77143800 0.22535400
vt 0.87065500 0.67969900
vt 0.87096100 0.66569600
vt 0.88285600 0.66424900
vt 0.88353000 0.65037800
vt 0.52189900 0.62423600
vt 0.90391400 0.65188300
vt 0.51617000 0.11968300
vt 0.33203900 0.18934800
vt 0.85321100 0.64406400
vt 0.90470600 0.63956400
vt 0.87383900 0.62864200
vt 0.00740200 0.66569300
vt 0.90056200 0.68290000
vt 0.90185000 0.69637900
vt 0.90561300 0.67724300
vt 0.90935100 0.68483200
vt 0.99831200 0.39374900
vt 0.90560100 0.69600900
vt 0.80840100 0.26171300
vt 0.90727700 0.71760500
vt 0.57889100 0.86978300
vt 0.22340800 0.42043800
vt 0.49287600 0.71971400
vt 0.25293000 0.54823000
vt 0.57722300 0.56397100
vt 0.09861900 0.99709900
vt 0.27550000 0.39468200
vt 0.58250000 0.56930100
vt 0.89217600 0.13507100
vt 0.10542900 0.99687600
vt 0.62930300 0.17591900
vt 0.89297300 0.14030300
vt 0.10432100 0.99215200
vt 0.63402900 0.30108700
vt 0.74569000 0.71585900
vt 0.42159100 0.69398300
vt 0.98106000 0.72749000
vt 0.79956300 0.45027900
vt 0.71509600 0.92469600
vt 0.29232800 0.60517300
vt 0.81156800 0.45377000
vt 0.80951100 0.45124700
vt 0.11927100 0.20708000
vt 0.29435900 0.60359300
vt 0.66232600 0.30237000
vt 0.77577800 0.01682700
vt 0.80582600 0.45602100
vt 0.79358900 0.79642700
vt 0.79454600 0.80846300
vt 0.84636200 0.93192200
vt 0.79735300 0.45250300
vt 0.72541500 0.92494000
vt 0.79335300 0.43933800
vt 0.32580100 0.61002300
vt 0.97062100 0.61828300
vt 0.88680300 0.17915800
vt 0.83684700 0.31720800
vt 0.54743900 0.45704400
vt 0.97184100 0.97544100
vt 0.33087600 0.63661800
vt 0.06751700 0.44987900
vt 0.22933100 0.04742300
vt 0.06621700 0.44863200
vt 0.30773800 0.61704800
vt 0.85892300 0.18986100
vt 0.77791100 0.93552800
vt 0.85919700 0.19739800
vt 0.77996700 0.94425500
vt 0.95856200 0.61524700
vt 0.19257400 0.13715000
vt 0.30240900 0.61859000
vt 0.82324400 0.44796800
vt 0.74376100 0.06521700
vt 0.35142600 0.11043200
vt 0.24788200 0.59367700
vt 0.79361000 0.73778800
vt 0.24871600 0.88102500
vt 0.50116300 0.01709800
vt 0.49442100 0.01487800
vt 0.50087700 0.00748600
vt 0.55490300 0.02349100
vt 0.55916600 0.02459700
vt 0.50574800 0.00766700
vt 0.01618000 0.99006600
vt 0.64459400 0.47364100
vt 0.96914100 0.81174800
vt 0.48367600 0.00774500
vt 0.54408800 0.00999000
vt 0.74474600 0.69066000
vt 0.93448900 0.50575100
vt 0.48873400 0.01920000
vt 0.25197100 0.87055200
vt 0.80026700 0.00387900
vt 0.48936100 0.02749900
vt 0.80639200 0.00950900
vt 0.24940900 0.86701100
vt 0.23363700 0.89249300
vt 0.23807300 0.88339700
vt 0.51452400 0.01793000
vt 0.53080500 0.00775500
vt 0.39852700 0.92050400
vt 0.58484900 0.01458800
vt 0.21387300 0.89626800
vt 0.35764500 0.63918900
vt 0.61548100 0.48401400
vt 0.60673700 0.49420200
vt 0.35420800 0.63114700
vt 0.64092700 0.55405200
vt 0.60382900 0.10903200
vt 0.15843600 0.36146300
vt 0.97316900 0.45659900
vt 0.64185200 0.56275100
vt 0.15738000 0.35262000
vt 0.78121000 0.54505400
vt 0.98074400 0.66546300
vt 0.99021000 0.67575700
vt 0.80020400 0.54821800
vt 0.11833800 0.66412800
vt 0.62871200 0.42863400
vt 0.54317600 0.94813600
vt 0.78665900 0.94907100
vt 0.96561600 0.61560700
vt 0.30572600 0.08263800
vt 0.31037200 0.08444500
vt 0.84286800 0.00114700
vt 0.73393400 0.19672300
vt 0.14146600 0.30101100
vt 0.70311000 0.26753800
vt 0.57987400 0.97183100
vt 0.62654500 0.61768600
vt 0.45657000 0.01983100
vt 0.03806600 0.69759400
vt 0.03686100 0.32855900
vt 0.88005400 0.90551800
vt 0.02323900 0.70396400
vt 0.41236000 0.40179300
vt 0.33559900 0.60941600
vt 0.35526300 0.73841900
vt 0.79601900 0.50895900
vt 0.72940800 0.31336100
vt 0.95179400 0.18238000
vt 0.95029500 0.16958600
vt 0.72755900 0.90694000
vt 0.71012000 0.31410800
vt 0.94069500 0.27433900
vt 0.37228300 0.08539000
vt 0.38891500 0.45496200
vt 0.36615600 0.08861000
vt 0.62102200 0.71778900
vt 0.61957400 0.78493200
vt 0.42995200 0.09130200
vt 0.94065300 0.31781200
vt 0.42803200 0.08786000
vt 0.44889100 0.08742900
vt 0.62242700 0.80398500
vt 0.73301900 0.75863100
vt 0.17672400 0.69763000
vt 0.07979500 0.88813300
vt 0.72788400 0.76263800
vt 0.24994700 0.54504300
vt 0.21668800 0.42059700
vt 0.43742800 0.13239400
vt 0.61194300 0.77492000
vt 0.90922700 0.34688600
vt 0.40715300 0.70358500
vt 0.59870500 0.75437200
vt 0.46158100 0.13205500
vt 0.84439000 0.73939200
vt 0.92141600 0.57231100
vt 0.30063300 0.98521300
vt 0.19307900 0.05303200
vt 0.70424800 0.95929900
vt 0.48826800 0.04803100
vt 0.65878500 0.91848100
vt 0.34396400 0.93398900
vt 0.64839300 0.92245300
vt 0.49783700 0.05409800
vt 0.98939000 0.33579200
vt 0.08109600 0.43175300
vt 0.30447000 0.86359200
vt 0.02933400 0.61429700
vt 0.20154700 0.35587600
vt 0.03252400 0.61276800
vt 0.20155900 0.35985300
vt 0.30951200 0.86723600
vt 0.97133100 0.61610000
vt 0.79711200 0.94765400
vt 0.72371300 0.92752400
vt 0.80165600 0.93933300
vt 0.12790800 0.21523000
vt 0.53879300 0.93664300
vt 0.71482800 0.92748200
vt 0.80041000 0.44866100
vt 0.27450000 0.31915700
vt 0.00378800 0.96973700
vt 0.62163500 0.05700500
vt 0.74735100 0.27583000
vt 0.00487900 0.94733700
vt 0.72053900 0.28083600
vt 0.86011000 0.81154400
vt 0.62925200 0.17244000
vt 0.54876100 0.95859700
vt 0.89030500 0.14061100
vt 0.97168700 0.48798200
vt 0.16615700 0.36454000
vt 0.61011000 0.10894900
vt 0.95618300 0.46266900
vt 0.97302500 0.48198000
vt 0.45542100 0.97955800
vt 0.17327500 0.35980900
vt 0.34728300 0.00465700
vt 0.40099000 0.15610500
vt 0.69389000 0.97602500
vt 0.41724500 0.66678800
vt 0.18159400 0.22381400
vt 0.27867000 0.46763000
vt 0.29437700 0.35154000
vt 0.85305600 0.19457200
vt 0.67515700 0.52331800
vt 0.51461900 0.92900900
vt 0.18674900 0.36265700
vt 0.42437300 0.61298600
vt 0.26685000 0.58793700
vt 0.49316800 0.41548300
vt 0.50721800 0.66286700
vt 0.26528300 0.59028000
vt 0.48942000 0.41704900
vt 0.36093600 0.31685600
vt 0.45681500 0.97117300
vt 0.96283400 0.46770300
vt 0.96821400 0.46606500
vt 0.16696700 0.35067000
vt 0.16170700 0.35003500
vt 0.97779400 0.70515400
vt 0.92510600 0.60489700
vt 0.97021800 0.46102500
vt 0.96260600 0.46442400
vt 0.98001600 0.71049900
vt 0.95074900 0.58023400
vt 0.96064800 0.45315300
vt 0.97436200 0.49133600
vt 0.64377500 0.55219700
vt 0.60647200 0.11092600
vt 0.97852400 0.45370100
vt 0.15292900 0.34947300
vt 0.15879400 0.34754300
vt 0.97646000 0.46050800
vt 0.23658900 0.26498200
vt 0.65079900 0.98980900
vt 0.74094800 0.86922900
vt 0.65280600 0.98394500
vt 0.64218600 0.99439900
vt 0.22596000 0.26775500
vt 0.50585800 0.97477200
vt 0.19090000 0.19339700
vt 0.81877400 0.84974400
vt 0.08231100 0.26247800
vt 0.49740800 0.97800300
vt 0.48490700 0.96758200
vt 0.07127500 0.26543300
vt 0.48631600 0.97753500
vt 0.06394500 0.26961700
vt 0.47509300 0.97632400
vt 0.01402200 0.53276000
vt 0.72541700 0.36883900
vt 0.50033500 0.92104800
vt 0.50709900 0.93799700
vt 0.45114500 0.38090600
vt 0.91935100 0.56733800
vt 0.22084500 0.45956700
vt 0.87255100 0.74368000
vt 0.87341200 0.73607300
vt 0.22115900 0.46897300
vt 0.14220200 0.42674300
vt 0.59698800 0.76366300
vt 0.28779100 0.04870200
vt 0.65883200 0.56773900
vt 0.17815600 0.36178200
vt 0.33908300 0.92179800
vt 0.52297600 0.92923700
vt 0.70416200 0.57229200
vt 0.63956500 0.12802100
vt 0.76417800 0.37976600
vt 0.69591300 0.57152000
vt 0.63150300 0.12849000
vt 0.23259200 0.71117400
vt 0.91599400 0.33792300
vt 0.40967700 0.66757000
vt 0.79386000 0.01447400
vt 0.23965800 0.86967900
vt 0.24464200 0.88385700
vt 0.50671300 0.01684400
vt 0.40007800 0.93998500
vt 0.19881400 0.88070100
vt 0.22594100 0.86206100
vt 0.43461400 0.26035500
vt 0.21772300 0.85125500
vt 0.03685900 0.74017800
vt 0.22586500 0.73897000
vt 0.00547300 0.83379700
vt 0.55173200 0.31977900
vt 0.02293500 0.73404600
vt 0.49941900 0.93119000
vt 0.66600200 0.51410600
vt 0.22522000 0.86751700
vt 0.79559900 0.02893800
vt 0.73428600 0.22751400
vt 0.64104500 0.57538400
vt 0.02459100 0.86910000
vt 0.68953200 0.94680400
vt 0.51190500 0.31831700
vt 0.39851100 0.53191900
vt 0.53235300 0.31505000
vt 0.00172100 0.81125400
vt 0.94164400 0.37614700
vt 0.98136900 0.01947400
vt 0.22413000 0.73358500
vt 0.74020400 0.20756900
vt 0.49704400 0.32484900
vt 0.48194100 0.32231300
vt 0.00153600 0.78213500
vt 0.24092300 0.86064300
vt 0.23513300 0.73861500
vt 0.23787100 0.86210700
vt 0.23863300 0.86613300
vt 0.49057100 0.03214700
vt 0.24538100 0.80394200
vt 0.14893000 0.72846400
vt 0.57900800 0.32317600
vt 0.01233100 0.86818700
vt 0.64863800 0.58497200
vt 0.22401500 0.87946300
vt 0.16517300 0.87870700
vt 0.42381900 0.81451100
vt 0.24087600 0.73934800
vt 0.33603900 0.98881400
vt 0.25266000 0.77645400
vt 0.66496900 0.50726300
vt 0.41720300 0.31807300
vt 0.55819900 0.72759000
vt 0.02439300 0.72252500
vt 0.42364700 0.98730000
vt 0.48268600 0.02683300
vt 0.25107400 0.85930200
vt 0.18946100 0.05378900
vt 0.30154800 0.98782000
vt 0.24848900 0.73872700
vt 0.25079300 0.74002200
vt 0.95363500 0.77619500
vt 0.07534100 0.01316500
vt 0.95620700 0.13627600
vt 0.84640700 0.74967200
vt 0.27936700 0.06480600
vt 0.59405100 0.74885300
vt 0.58025400 0.05657400
vt 0.85815900 0.79246000
vt 0.59259400 0.43220100
vt 0.69270500 0.27186200
vt 0.86011000 0.78402100
vt 0.57326300 0.05119000
vt 0.52704900 0.00131100
vt 0.98723000 0.71653500
vt 0.42070000 0.46486600
vt 0.13834700 0.35558200
vt 0.52707300 0.00413200
vt 0.98615400 0.71845400
vt 0.77605500 0.67051500
vt 0.14559000 0.35451300
vt 0.52148300 0.00188600
vt 0.41321400 0.46482300
vt 0.95167900 0.75114700
vt 0.40221200 0.10715900
vt 0.34542400 0.05691100
vt 0.41638500 0.10770700
vt 0.34862400 0.02787400
vt 0.34694100 0.02475200
vt 0.41071800 0.13667000
vt 0.43183700 0.10539700
vt 0.32981400 0.05689200
vt 0.38509900 0.12352500
vt 0.79127800 0.05765600
vt 0.39717600 0.12492600
vt 0.39909000 0.13543600
vt 0.06780100 0.02845500
vt 0.07059800 0.02714100
vt 0.36738100 0.13449200
vt 0.95023100 0.77514400
vt 0.37170000 0.10495800
vt 0.85159100 0.54872100
vt 0.75056000 0.71134800
vt 0.84621100 0.68273400
vt 0.85154700 0.54670400
vt 0.75084100 0.71422400
vt 0.22583900 0.13082000
vt 0.40044700 0.22689900
vt 0.64660200 0.53427200
vt 0.39623500 0.22909000
vt 0.49411300 0.56858300
vt 0.11406600 0.21281600
vt 0.63083100 0.30403600
vt 0.97790100 0.72751100
vt 0.27571900 0.20942300
vt 0.13618000 0.89305500
vt 0.12325300 0.89851400
vt 0.94706800 0.13371100
vt 0.13603900 0.89894600
vt 0.23231800 0.71292900
vt 0.07243500 0.58852900
vt 0.40041800 0.66717500
vt 0.60732400 0.97323300
vt 0.78422900 0.67269200
vt 0.37290000 0.29465300
vt 0.14345700 0.36128100
vt 0.41490600 0.47242300
vt 0.77979900 0.67276900
vt 0.14687700 0.35978500
vt 0.29343000 0.02457300
vt 0.62245200 0.22089200
vt 0.32488600 0.40064600
vt 0.67016100 0.19710000
vt 0.20063500 0.63114200
vt 0.16005000 0.20500400
vt 0.33492400 0.40165100
vt 0.54408500 0.22069800
vt 0.67234300 0.20125400
vt 0.73952000 0.41247200
vt 0.99546800 0.25890000
vt 0.58319800 0.90633600
vt 0.22146400 0.26318700
vt 0.25249900 0.53798100
vt 0.72780500 0.75552200
vt 0.65095800 0.80622500
vt 0.47958800 0.72063000
vt 0.77429100 0.75626500
vt 0.58982100 0.38419700
vt 0.21936200 0.55797800
vt 0.77627800 0.76960200
vt 0.23390200 0.55886400
vt 0.20786100 0.53995100
vt 0.03592100 0.94367400
vt 0.21211500 0.55228900
vt 0.58963200 0.37253100
vt 0.28686900 0.02444100
vt 0.40532300 0.09773500
vt 0.61840400 0.21133600
vt 0.62504900 0.21765100
vt 0.29048100 0.02714800
vt 0.39919800 0.09794700
vt 0.28479700 0.01801200
vt 0.07383400 0.23026300
vt 0.55757100 0.90729100
vt 0.65869900 0.04548900
vt 0.08506500 0.22572000
vt 0.55738400 0.89564200
vt 0.56023800 0.89283400
vt 0.08816600 0.22613300
vt 0.36972100 0.44962200
vt 0.18489200 0.93198400
vt 0.37760800 0.44347200
vt 0.56095400 0.90604600
vt 0.96701900 0.46822800
vt 0.45563700 0.96876900
vt 0.17083400 0.35101300
vt 0.31739700 0.35152800
vt 0.16086800 0.90634600
vt 0.43142600 0.65935600
vt 0.79741400 0.70000000
vt 0.01682400 0.21302700
vt 0.58424800 0.00114700
vt 0.27819900 0.80656100
vt 0.02407700 0.24897500
vt 0.77700200 0.50431000
vt 0.42461900 0.72550700
vt 0.33935500 0.60373800
vt 0.66327400 0.55984200
vt 0.27641500 0.05540900
vt 0.34546500 0.61441500
vt 0.64911400 0.55912000
vt 0.63991800 0.08943100
vt 0.33703400 0.59685300
vt 0.67421000 0.56688400
vt 0.68654400 0.56882700
vt 0.59830700 0.79033900
vt 0.50944200 0.48864100
vt 0.36572100 0.51879400
vt 0.31197000 0.05077300
vt 0.19265700 0.07802100
vt 0.31238200 0.04702700
vt 0.31557800 0.04651500
vt 0.33778000 0.03486100
vt 0.33660500 0.04802300
vt 0.67503500 0.95040800
vt 0.34148000 0.29668900
vt 0.32506500 0.00459800
vt 0.34076300 0.02559000
vt 0.34073200 0.05383100
vt 0.33251500 0.05309200
vt 0.32383000 0.05099100
vt 0.32450300 0.02492600
vt 0.97264300 0.93193500
vt 0.31576900 0.05109100
vt 0.33271500 0.04950000
vt 0.41740000 0.11549500
vt 0.34265800 0.04919800
vt 0.34263100 0.04771900
vt 0.41440700 0.11455400
vt 0.34894600 0.05051200
vt 0.80055500 0.53723200
vt 0.64973600 0.20823100
vt 0.88371200 0.45604100
vt 0.80004700 0.54264700
vt 0.64527600 0.20680400
vt 0.34301200 0.92214600
vt 0.04192800 0.12500000
vt 0.42167100 0.61224400
vt 0.51503300 0.93137900
vt 0.28894600 0.34811700
vt 0.35570500 0.56341600
vt 0.28743800 0.35037500
vt 0.42066200 0.50045300
vt 0.87929000 0.73056200
vt 0.14300400 0.41879600
vt 0.95154400 0.34766700
vt 0.95116800 0.33962500
vt 0.87037900 0.22897600
vt 0.88837000 0.72920600
vt 0.31582200 0.86715500
vt 0.21036700 0.36072400
vt 0.21520000 0.35390700
vt 0.32099000 0.86177000
vt 0.35333500 0.80800500
vt 0.33474200 0.77236700
vt 0.28292100 0.18676900
vt 0.92267300 0.07408000
vt 0.33356100 0.87109500
vt 0.35951400 0.18096800
vt 0.26328100 0.18287300
vt 0.74102300 0.30419300
vt 0.74249900 0.29832100
vt 0.34732800 0.75810500
vt 0.94553300 0.70833300
vt 0.32924200 0.87529900
vt 0.36300100 0.18023200
vt 0.02759400 0.60147700
vt 0.26698300 0.44838900
vt 0.64708200 0.40124300
vt 0.87724900 0.39670200
vt 0.32585800 0.29714400
vt 0.31084300 0.00420500
vt 0.19302000 0.12628900
vt 0.67804400 0.94471800
vt 0.69196400 0.24266900
vt 0.34164900 0.28733600
vt 0.31888500 0.28990600
vt 0.72715700 0.23730500
vt 0.32302500 0.30602400
vt 0.51991700 0.53111100
vt 0.53281500 0.53111100
vt 0.62544800 0.44961700
vt 0.31053000 0.30570200
vt 0.80654000 0.76083700
vt 0.59209100 0.14467500
vt 0.11954200 0.46420200
vt 0.56191100 0.14822300
vt 0.76074700 0.96903500
vt 0.02343300 0.25458900
vt 0.42499600 0.71996300
vt 0.02073000 0.25476400
vt 0.02399900 0.92045700
vt 0.42797100 0.71993700
vt 0.02592300 0.91594700
vt 0.42882200 0.72469900
vt 0.78059600 0.50337200
vt 0.62912900 0.17894900
vt 0.09904700 0.99203500
vt 0.50195900 0.83600900
vt 0.42173300 0.94180600
vt 0.25372800 0.42748200
vt 0.57342300 0.46377600
vt 0.17024100 0.59674100
vt 0.25851500 0.42698800
vt 0.20728800 0.22873900
vt 0.57486400 0.45956700
vt 0.84737800 0.66854100
vt 0.54881000 0.96665700
vt 0.84040200 0.13271300
vt 0.34129300 0.68759000
vt 0.50628900 0.84182700
vt 0.84642200 0.13677900
vt 0.32588600 0.40252300
vt 0.55793600 0.21998000
vt 0.20060600 0.62926900
vt 0.02251900 0.91577700
vt 0.77951500 0.50685300
vt 0.02056100 0.24990700
vt 0.03529600 0.69346700
vt 0.56383700 0.42632200
vt 0.62318900 0.61509700
vt 0.56857400 0.06487400
vt 0.64501300 0.21047700
vt 0.88169400 0.45922500
vt 0.56896200 0.45784300
vt 0.20817900 0.59047300
vt 0.21067000 0.23148700
vt 0.17493600 0.59784100
vt 0.14690700 0.62588800
vt 0.28043100 0.90445700
vt 0.24968800 0.90961900
vt 0.50474500 0.55964800
vt 0.53771400 0.20241600
vt 0.84370900 0.84148300
vt 0.79982400 0.74878700
vt 0.85846600 0.92867500
vt 0.38655000 0.19636200
vt 0.38720300 0.19426800
vt 0.91186200 0.56009200
vt 0.55156300 0.07593500
vt 0.33988500 0.92245400
vt 0.52036400 0.93083900
vt 0.17906200 0.35541000
vt 0.33900000 0.92460800
vt 0.17504400 0.34959100
vt 0.33683500 0.92780200
vt 0.34010000 0.92516200
vt 0.34278600 0.92644300
vt 0.85491000 0.49350900
vt 0.18378600 0.35165900
vt 0.85070500 0.19359400
vt 0.67639800 0.52592700
vt 0.35012200 0.90916100
vt 0.18283100 0.34937500
vt 0.34070600 0.92807800
vt 0.55190300 0.43556400
vt 0.34140800 0.92315300
vt 0.85366800 0.48431300
vt 0.04192800 0.12117700
vt 0.14241900 0.35891600
vt 0.37108900 0.29792600
vt 0.91170000 0.96361800
vt 0.02023800 0.21329100
vt 0.02477600 0.38090100
vt 0.58844000 0.00132100
vt 0.07478500 0.24420300
vt 0.29285400 0.44291700
vt 0.33222500 0.89024200
vt 0.33249400 0.89225600
vt 0.31787800 0.85823300
vt 0.21237600 0.35233100
vt 0.73300300 0.76218100
vt 0.17370800 0.69766600
vt 0.21711400 0.42544800
vt 0.34729700 0.92936700
vt 0.55029500 0.43224400
vt 0.96799500 0.94642300
vt 0.96945800 0.98320000
vt 0.18437800 0.59813300
vt 0.56365200 0.45529800
vt 0.56050200 0.45582800
vt 0.34105800 0.62684800
vt 0.25250100 0.05842800
vt 0.24110400 0.05493400
vt 0.33594300 0.63240800
vt 0.84749300 0.67311100
vt 0.88621800 0.14066700
vt 0.54864200 0.96306400
vt 0.65893400 0.32861300
vt 0.51110000 0.58039600
vt 0.44339700 0.30229700
vt 0.63995900 0.33876600
vt 0.49962700 0.59780000
vt 0.10584600 0.51475800
vt 0.65493500 0.98520200
vt 0.24299500 0.26348100
vt 0.74467200 0.86838900
vt 0.67077900 0.97347500
vt 0.74510900 0.84831700
vt 0.36762600 0.63098300
vt 0.00259800 0.59374100
vt 0.25506800 0.28410400
vt 0.76682800 0.86326200
vt 0.42134900 0.20195300
vt 0.17966200 0.20575400
vt 0.21062200 0.35605200
vt 0.60148900 0.48696300
vt 0.53246700 0.02538200
vt 0.61966800 0.22431200
vt 0.29632400 0.02262700
vt 0.54565800 0.21233000
vt 0.16791000 0.19240400
vt 0.29145500 0.56682200
vt 0.08190500 0.89142000
vt 0.80407500 0.53720700
vt 0.64999100 0.21109500
vt 0.56603700 0.06909300
vt 0.88538900 0.45879200
vt 0.80433800 0.54222100
vt 0.56459200 0.06463700
vt 0.55837200 0.22560900
vt 0.34816400 0.45268700
vt 0.11596900 0.42292100
vt 0.48498000 0.92621700
vt 0.34071000 0.45478900
vt 0.10803100 0.42105700
vt 0.80086800 0.69961200
vt 0.31534000 0.34838900
vt 0.19999700 0.34987800
vt 0.30520100 0.85525000
vt 0.02703800 0.61276800
vt 0.30172800 0.85192500
vt 0.19423400 0.34624700
vt 0.32405000 0.83765100
vt 0.58417800 0.86518400
vt 0.65634800 0.81460200
vt 0.41264800 0.59947800
vt 0.50184200 0.61729800
vt 0.58420500 0.86977700
vt 0.22334100 0.42541200
vt 0.16899800 0.69766200
vt 0.41289100 0.60388500
vt 0.29746100 0.56806300
vt 0.08644100 0.89171400
vt 0.49852700 0.61833700
vt 0.41660900 0.59839000
vt 0.76749300 0.88742500
vt 0.05846400 0.00942800
vt 0.95721100 0.15506000
vt 0.77600000 0.86574800
vt 0.18163700 0.21968800
vt 0.28977500 0.35408800
vt 0.35614100 0.56827400
vt 0.47273000 0.12040200
vt 0.03014600 0.68805500
vt 0.50822900 0.80416900
vt 0.30942500 0.49598800
vt 0.95728800 0.57912800
vt 0.57981600 0.97618000
vt 0.04122600 0.69723600
vt 0.39503300 0.38834800
vt 0.21669300 0.19610100
vt 0.59277200 0.45090400
vt 0.21592300 0.18998500
vt 0.36568400 0.38736900
vt 0.60318400 0.42144300
vt 0.69273200 0.28865000
vt 0.31460800 0.86022700
vt 0.53096300 0.02273300
vt 0.20841800 0.35377400
vt 0.29819100 0.01347600
vt 0.61531800 0.22507000
vt 0.28897700 0.01398500
vt 0.61539500 0.21583400
vt 0.79488900 0.47521700
vt 0.60727700 0.48775200
vt 0.20418900 0.35686500
vt 0.77971700 0.07724500
vt 0.30800300 0.86357300
vt 0.90933600 0.96409500
vt 0.37354000 0.29805400
vt 0.41775400 0.47045400
vt 0.20694900 0.64641800
vt 0.13559500 0.41030700
vt 0.03887300 0.48060100
vt 0.64630000 0.27931300
vt 0.97069400 0.59020900
vt 0.20792200 0.63641600
vt 0.26914600 0.53804300
vt 0.64678500 0.24982900
vt 0.24460400 0.63455700
vt 0.41963400 0.70788900
vt 0.49133500 0.46341000
vt 0.63343200 0.81625200
vt 0.41867600 0.70567900
vt 0.49333900 0.46174400
vt 0.75431000 0.71083000
vt 0.85462400 0.55084100
vt 0.30300900 0.34676700
vt 0.69443500 0.80847300
vt 0.02022800 0.58076800
vt 0.69297600 0.80652100
vt 0.02022900 0.57757500
vt 0.35609900 0.75475800
vt 0.73667500 0.31164900
vt 0.51195800 0.44236900
vt 0.68928100 0.07963600
vt 0.66889200 0.51949500
vt 0.17932800 0.02800600
vt 0.51333400 0.44540800
vt 0.69197600 0.07827800
vt 0.51538200 0.44453400
vt 0.39507600 0.42960500
vt 0.07360200 0.99932800
vt 0.98062100 0.97108200
vt 0.96605500 0.98317200
vt 0.55747800 0.45464200
vt 0.85446400 0.54824100
vt 0.84841800 0.68004500
vt 0.30209700 0.34275200
vt 0.10416600 0.20307000
vt 0.68041500 0.51376800
vt 0.49880200 0.94495900
vt 0.16028500 0.19249500
vt 0.55281000 0.20870000
vt 0.68829100 0.07683500
vt 0.39800200 0.42910800
vt 0.66927800 0.52221900
vt 0.60270300 0.16425800
vt 0.59041600 0.22358500
vt 0.01371500 0.45305400
vt 0.50822900 0.76645500
vt 0.41885700 0.30592400
vt 0.58502900 0.22197800
vt 0.59575700 0.16193900
vt 0.00654300 0.52263800
vt 0.23635000 0.54029400
vt 0.48104500 0.70298800
vt 0.05278300 0.93803200
vt 0.00654900 0.53568900
vt 0.22466700 0.53404400
vt 0.50499800 0.66036800
vt 0.36200400 0.32009100
vt 0.49184400 0.41283500
vt 0.32333600 0.85104500
vt 0.21515800 0.34574700
vt 0.20993400 0.35056400
vt 0.52938900 0.02034700
vt 0.31577000 0.85581300
vt 0.15192200 0.34200400
vt 0.21480600 0.34167600
vt 0.30515200 0.85081900
vt 0.19814900 0.34384500
vt 0.78781600 0.07648900
vt 0.52995800 0.01873100
vt 0.31017300 0.85543300
vt 0.20598400 0.34937500
vt 0.21895700 0.34657600
vt 0.32785100 0.85270900
vt 0.84363400 0.96290700
vt 0.40735100 0.95311600
vt 0.21499700 0.14039200
vt 0.22483600 0.34790900
vt 0.35616900 0.90821500
vt 0.19322900 0.36280000
vt 0.85249600 0.18943000
vt 0.16694200 0.36634200
vt 0.22078400 0.06287100
vt 0.14790700 0.36415000
vt 0.00958500 0.11840800
vt 0.00940300 0.11140800
vt 0.40790900 0.46180700
vt 0.15269900 0.35710100
vt 0.22319100 0.07539300
vt 0.91166300 0.96980100
vt 0.13620200 0.36106600
vt 0.12535100 0.34019400
vt 0.96172200 0.89162700
vt 0.63310100 0.82171400
vt 0.20777400 0.33336900
vt 0.22609600 0.31022600
vt 0.52828300 0.82714100
vt 0.15868200 0.33454000
vt 0.14453100 0.33186700
vt 0.72730900 0.27077300
vt 0.13097900 0.32983300
vt 0.32926500 0.12261000
vt 0.70582700 0.26878400
vt 0.12753400 0.31272500
vt 0.11772300 0.31323800
vt 0.08030900 0.08033100
vt 0.59877400 0.03477400
vt 0.09350300 0.35248400
vt 0.90988100 0.22423900
vt 0.10297000 0.35646200
vt 0.86017900 0.55723400
vt 0.57318600 0.03142400
vt 0.10455700 0.37948200
vt 0.48408500 0.03397500
vt 0.11519500 0.37273600
vt 0.01080400 0.36084000
vt 0.12774100 0.37478300
vt 0.01411900 0.38895800
vt 0.10984800 0.34699900
vt 0.08002200 0.08812300
vt 0.88823200 0.11698500
vt 0.10844200 0.31267500
vt 0.25083000 0.37655700
vt 0.24869700 0.34075900
vt 0.18873900 0.35946800
vt 0.67883000 0.52389000
vt 0.42192200 0.61506100
vt 0.03957700 0.12496300
vt 0.04006900 0.12158600
vt 0.18170400 0.35918700
vt 0.85499800 0.48409600
vt 0.19029700 0.35069500
vt 0.35252000 0.92478400
vt 0.68736300 0.52524100
vt 0.25244500 0.37006200
vt 0.25788500 0.34642000
vt 0.24834600 0.33498500
vt 0.23613000 0.33143500
vt 0.15332700 0.17957000
vt 0.24995900 0.36771900
vt 0.94718100 0.65811100
vt 0.87847100 0.47023900
vt 0.27385300 0.38406300
vt 0.23449900 0.34079300
vt 0.20501100 0.14180700
vt 0.26012100 0.36280700
vt 0.25601600 0.35850400
vt 0.43021800 0.49496000
vt 0.54294000 0.45239800
vt 0.96592400 0.97294600
vt 0.88709200 0.17622000
vt 0.73545600 0.83860600
vt 0.03054800 0.57814500
vt 0.24276400 0.03790800
vt 0.73394200 0.83448100
vt 0.24156900 0.04241300
vt 0.27008500 0.72673700
vt 0.07709300 0.68348900
vt 0.26909400 0.72357200
vt 0.23899000 0.03916900
vt 0.41772500 0.62194200
vt 0.23993400 0.03486800
vt 0.07507300 0.68819600
vt 0.03281500 0.57989300
vt 0.09718600 0.20439500
vt 0.49630400 0.94044000
vt 0.96042300 0.57912800
vt 0.30587300 0.49597200
vt 0.18688300 0.02450900
vt 0.50002900 0.44028500
vt 0.56173700 0.45354100
vt 0.98099200 0.96678900
vt 0.97012400 0.95037200
vt 0.07053100 0.99872800
vt 0.92466800 0.97696000
vt 0.93053000 0.24327600
vt 0.92804300 0.24273700
vt 0.92307100 0.97959700
vt 0.14095300 0.30237000
vt 0.73582200 0.19813800
vt 0.71997800 0.62036400
vt 0.66575200 0.30160600
vt 0.77572300 0.01233600
vt 0.77983900 0.94127800
vt 0.73828700 0.19613100
vt 0.31308800 0.08302100
vt 0.35123400 0.32635400
vt 0.69222700 0.81033600
vt 0.02317900 0.58290300
vt 0.83994200 0.00141300
vt 0.71709100 0.61546200
vt 0.78168600 0.00359100
vt 0.30398700 0.08383900
vt 0.54421500 0.94753700
vt 0.54042000 0.94305000
vt 0.79482800 0.94786800
vt 0.54173400 0.94182800
vt 0.78722600 0.00114700
vt 0.39435100 0.71903700
vt 0.10540800 0.30542800
vt 0.39302500 0.72048300
vt 0.54124600 0.93633000
vt 0.13093900 0.21446700
vt 0.13000100 0.20860600
vt 0.54433700 0.92964600
vt 0.12405600 0.20899300
vt 0.27491900 0.32524800
vt 0.37775200 0.42336800
vt 0.88123500 0.74617000
vt 0.62937200 0.04853000
vt 0.29069800 0.02583200
vt 0.29474000 0.01134300
vt 0.01733900 0.15863900
vt 0.61123600 0.22280000
vt 0.30080000 0.00496700
vt 0.00929500 0.43661400
vt 0.60932700 0.22960800
vt 0.62138500 0.21662100
vt 0.28947900 0.02252500
vt 0.78714600 0.47537300
vt 0.61965500 0.21997500
vt 0.29231200 0.02159500
vt 0.62713400 0.22770000
vt 0.29904800 0.03062600
vt 0.60645800 0.22637900
vt 0.01371500 0.44192100
vt 0.29703000 0.00455600
vt 0.32118900 0.61809300
vt 0.86167700 0.19992400
vt 0.96107900 0.61821600
vt 0.35278600 0.61769700
vt 0.40050000 0.44435700
vt 0.35539600 0.61471600
vt 0.59756700 0.49922300
vt 0.35203600 0.63342600
vt 0.38799200 0.45128200
vt 0.12226600 0.19163300
vt 0.77966000 0.02151700
vt 0.92875500 0.59136100
vt 0.12032700 0.19902200
vt 0.78722600 0.02408300
vt 0.30800600 0.11023000
vt 0.65044100 0.57849700
vt 0.63606400 0.81573500
vt 0.52392300 0.44532700
vt 0.49159300 0.46029900
vt 0.54287900 0.93348400
vt 0.12777400 0.20817900
vt 0.12339800 0.20508700
vt 0.12701200 0.19956200
vt 0.72609700 0.61258900
vt 0.12717300 0.20478200
vt 0.77806400 0.01827500
vt 0.92527600 0.59224300
vt 0.12767000 0.19114600
vt 0.72388300 0.62326100
vt 0.13154600 0.19045600
vt 0.74232900 0.19691700
vt 0.77723100 0.01497900
vt 0.83867300 0.26711200
vt 0.90845200 0.13342800
vt 0.50979600 0.78478600
vt 0.90827400 0.13310700
vt 0.78252400 0.13952600
vt 0.72026700 0.75694600
vt 0.56181400 0.22041800
vt 0.71904400 0.75344000
vt 0.56519800 0.21628300
vt 0.56459700 0.21819200
vt 0.50850800 0.66047000
vt 0.41564100 0.51366800
vt 0.35921900 0.31805800
vt 0.26495000 0.58753800
vt 0.08658500 0.22794100
vt 0.37086300 0.45159300
vt 0.07517600 0.23240600
vt 0.38032300 0.44598900
vt 0.66045100 0.91995300
vt 0.34148600 0.93578300
vt 0.27904200 0.13289500
vt 0.02326400 0.58006900
vt 0.34798400 0.32733100
vt 0.30879000 0.25230300
vt 0.32257200 0.13799200
vt 0.54204800 0.07918300
vt 0.34463400 0.24800500
vt 0.04140600 0.64713100
vt 0.04513000 0.64476700
vt 0.06071000 0.64811400
vt 0.05342800 0.64393700
vt 0.04188000 0.64285000
vt 0.20599400 0.71127800
vt 0.67488800 0.10065400
vt 0.05844700 0.68550700
vt 0.03197300 0.66965900
vt 0.03282900 0.64216400
vt 0.02970200 0.64431600
vt 0.03348100 0.64665100
vt 0.02614700 0.63916600
vt 0.01577600 0.66212600
vt 0.09480700 0.07386500
vt 0.06087800 0.69166900
vt 0.05935900 0.69227800
vt 0.67640600 0.09292500
vt 0.09368700 0.06932300
vt 0.90649200 0.62292600
vt 0.01623100 0.63787100
vt 0.02989400 0.65939800
vt 0.01781200 0.66285500
vt 0.91968000 0.00197100
vt 0.75039200 0.42010700
vt 0.01390600 0.67698700
vt 0.01658000 0.64440400
vt 0.02103700 0.64542200
vt 0.06139000 0.64335400
vt 0.07137500 0.64361100
vt 0.04454000 0.63847700
vt 0.02349600 0.63520800
vt 0.66407000 0.28696100
vt 0.01825500 0.63931800
vt 0.66119200 0.29120400
vt 0.98581500 0.27810900
vt 0.98599100 0.29155100
vt 0.02664300 0.63237500
vt 0.98443000 0.29922200
vt 0.03932500 0.63292500
vt 0.98424600 0.30196900
vt 0.13910700 0.00649800
vt 0.05264200 0.63374900
vt 0.98600300 0.31633600
vt 0.02804000 0.67875700
vt 0.75033400 0.40589800
vt 0.52555000 0.44789000
vt 0.48942000 0.46174400
vt 0.41857600 0.71062700
vt 0.94573700 0.96548900
vt 0.12248800 0.19542000
vt 0.78297400 0.02256100
vt 0.93267300 0.59249800
vt 0.30780900 0.85429000
vt 0.32207600 0.85435300
vt 0.21415100 0.34956100
vt 0.53013700 0.02619100
vt 0.31653200 0.86282400
vt 0.60275500 0.48509200
vt 0.20214700 0.35225300
vt 0.30866300 0.85847200
vt 0.78486000 0.07748900
vt 0.43596500 0.09677400
vt 0.97202300 0.05602500
vt 0.96113700 0.07254900
vt 0.98471800 0.58646800
vt 0.96987700 0.06247300
vt 0.96659400 0.07340300
vt 0.64875000 0.73239900
vt 0.42156000 0.93598700
vt 0.03826800 0.59365400
vt 0.61420600 0.91727700
vt 0.92673400 0.24450200
vt 0.92443500 0.98144100
vt 0.33876200 0.33224000
vt 0.78369700 0.93182000
vt 0.54063000 0.83067700
vt 0.24364800 0.06641000
vt 0.74537200 0.71055300
vt 0.63437700 0.30529200
vt 0.60810100 0.57702900
vt 0.58010700 0.71745600
vt 0.53920800 0.89440100
vt 0.64624000 0.12674800
vt 0.60145800 0.59611300
vt 0.57838300 0.73601700
vt 0.42675800 0.34187800
vt 0.43422100 0.34304600
vt 0.54162400 0.91504000
vt 0.60511400 0.59933800
vt 0.36506700 0.53567800
vt 0.51882100 0.49556900
vt 0.50549200 0.48222700
vt 0.36873000 0.51290000
vt 0.64418600 0.81919000
vt 0.96663000 0.87839200
vt 0.17437300 0.94839400
vt 0.86325400 0.45905200
vt 0.33373300 0.93726900
vt 0.94192800 0.58763800
vt 0.90739500 0.44110200
vt 0.26934900 0.83624500
vt 0.91114000 0.44826400
vt 0.60828700 0.46770400
vt 0.51609500 0.54026900
vt 0.33115800 0.91481900
vt 0.88670000 0.46115500
vt 0.98593500 0.58448700
vt 0.97301400 0.06165500
vt 0.32002500 0.92266400
vt 0.92941600 0.24482200
vt 0.33881200 0.32696800
vt 0.98220900 0.24959500
vt 0.52742300 0.09205000
vt 0.20186800 0.44388900
vt 0.20313600 0.52730000
vt 0.28304200 0.12122100
vt 0.64722800 0.92491000
vt 0.39872500 0.43070000
vt 0.66692900 0.52219000
vt 0.51473000 0.44085400
vt 0.25956200 0.06849300
vt 0.54190500 0.81785600
vt 0.84486000 0.76487200
vt 0.41496300 0.47667700
vt 0.13997200 0.36438500
vt 0.22172500 0.07047000
vt 0.59629300 0.88916100
vt 0.90791500 0.37460800
vt 0.60452500 0.77593600
vt 0.67169800 0.57592100
vt 0.66831100 0.20620600
vt 0.54720700 0.21639600
vt 0.17035300 0.20116700
vt 0.67244500 0.20911000
vt 0.54345400 0.21834700
vt 0.06887100 0.01415500
vt 0.95807300 0.14314200
vt 0.99024500 0.13987700
vt 0.45547600 0.51864300
vt 0.95708600 0.12672600
vt 0.08432300 0.01653500
vt 0.95689000 0.11171300
vt 0.47062800 0.51117100
vt 0.99090300 0.12274600
vt 0.95506100 0.10963400
vt 0.95384300 0.79863900
vt 0.09886800 0.63304400
vt 0.09690300 0.01706600
vt 0.07926100 0.63484300
vt 0.12396500 0.01309000
vt 0.95473700 0.09043500
vt 0.49523500 0.50804800
vt 0.99338100 0.09693400
vt 0.95691000 0.09149700
vt 0.13178500 0.01088000
vt 0.98636400 0.32530600
vt 0.12930300 0.60422900
vt 0.95575700 0.07757100
vt 0.16367600 0.60372200
vt 0.51325600 0.51180000
vt 0.99378600 0.07790300
vt 0.95742000 0.08070600
vt 0.51098800 0.51105000
vt 0.99384800 0.08038900
vt 0.73921800 0.27875300
vt 0.00415200 0.96363200
vt 0.73472900 0.30149500
vt 0.71908300 0.31079200
vt 0.70118800 0.30545400
vt 0.98690700 0.46518500
vt 0.61074800 0.40270700
vt 0.59000300 0.06137500
vt 0.70310500 0.27754000
vt 0.85912700 0.79631800
vt 0.69683000 0.30112300
vt 0.12826700 0.67640800
vt 0.98274400 0.47620000
vt 0.96153500 0.65109200
vt 0.26645400 0.05959000
vt 0.34410000 0.62117500
vt 0.33358800 0.62392500
vt 0.33089700 0.62477800
vt 0.80332900 0.30168700
vt 0.30644800 0.63577600
vt 0.32464300 0.63139500
vt 0.07625600 0.45411000
vt 0.77311900 0.33371600
vt 0.11129800 0.61053600
vt 0.88592700 0.71380100
vt 0.96381100 0.67231000
vt 0.79796700 0.30160600
vt 0.07546700 0.70027800
vt 0.77311800 0.33979000
vt 0.31716600 0.63283300
vt 0.86516200 0.50634900
vt 0.05692200 0.70832800
vt 0.32626400 0.62550400
vt 0.33168000 0.61903200
vt 0.86324500 0.50005500
vt 0.33746000 0.61432300
vt 0.64145800 0.08561000
vt 0.33753200 0.60433300
vt 0.23985800 0.38263800
vt 0.82543200 0.68444400
vt 0.50252400 0.53491700
vt 0.85606600 0.58517700
vt 0.82983300 0.68429700
vt 0.50288500 0.53837800
vt 0.49049400 0.55329700
vt 0.84863700 0.69410600
vt 0.73191100 0.65241600
vt 0.38915200 0.23698100
vt 0.71717500 0.60404700
vt 0.86714000 0.55670500
vt 0.93799500 0.78212900
vt 0.92950500 0.15208000
vt 0.93920000 0.65148500
vt 0.83395000 0.68148000
vt 0.15225700 0.03917600
vt 0.41851600 0.06735600
vt 0.72000100 0.96138200
vt 0.93596500 0.38191300
vt 0.62654300 0.61050200
vt 0.27813600 0.81164500
vt 0.01318500 0.21331600
vt 0.44988100 0.01999500
vt 0.98706900 0.58753800
vt 0.30290000 0.50955800
vt 0.96772000 0.07158200
vt 0.32278000 0.92151400
vt 0.96206900 0.07087500
vt 0.43638000 0.09365400
vt 0.32418900 0.92618300
vt 0.99799800 0.51691900
vt 0.57688500 0.70351600
vt 0.63962700 0.31460700
vt 0.95625000 0.90282300
vt 0.73384700 0.48029800
vt 0.63717400 0.28577300
vt 0.55923400 0.77561900
vt 0.72608700 0.06362200
vt 0.79190000 0.72150400
vt 0.26075200 0.27291900
vt 0.91286500 0.92721100
vt 0.75409800 0.71324400
vt 0.84499600 0.67989400
vt 0.30600500 0.34395000
vt 0.96746500 0.02013700
vt 0.95109200 0.36551700
vt 0.53314800 0.53946800
vt 0.98234800 0.03266900
vt 0.22220100 0.72190500
vt 0.42437300 0.93616200
vt 0.06331300 0.15612000
vt 0.65086200 0.72940200
vt 0.91584600 0.34113800
vt 0.65078700 0.76658700
vt 0.23457900 0.71300900
vt 0.12424800 0.14653600
vt 0.11875600 0.15671000
vt 0.10803000 0.18452100
vt 0.58733500 0.18091300
vt 0.06495000 0.16401000
vt 0.60825800 0.17911700
vt 0.08598700 0.19620100
vt 0.04186300 0.17382400
vt 0.01571300 0.88699900
vt 0.04031400 0.15613400
vt 0.26459800 0.74184300
vt 0.13021600 0.18504300
vt 0.74177100 0.83448000
vt 0.04521500 0.18468500
vt 0.62468500 0.17114300
vt 0.87965100 0.79981700
vt 0.07285100 0.20935600
vt 0.87043200 0.77272900
vt 0.04762900 0.19092800
vt 0.04232700 0.19376800
vt 0.19314600 0.14178500
vt 0.24565200 0.34289400
vt 0.76830500 0.93452300
vt 0.37674500 0.40634600
vt 0.58104200 0.00571000
vt 0.54585600 0.91221900
vt 0.58830200 0.73609500
vt 0.42382700 0.34654400
vt 0.42968300 0.34530000
vt 0.54113600 0.91815400
vt 0.59709600 0.08443900
vt 0.93457000 0.78209200
vt 0.38490300 0.23692200
vt 0.93700300 0.65258100
vt 0.50545000 0.51291600
vt 0.15137900 0.04154700
vt 0.25297000 0.22853100
vt 0.46563500 0.48581200
vt 0.29746800 0.96327500
vt 0.45758000 0.49048200
vt 0.31405300 0.77587000
vt 0.30490200 0.78103100
vt 0.45608900 0.48689900
vt 0.53818600 0.18050800
vt 0.44558600 0.49321400
vt 0.31104500 0.77313600
vt 0.29534400 0.95534100
vt 0.46463900 0.47792500
vt 0.29705200 0.79156400
vt 0.31563000 0.77229900
vt 0.44877900 0.49816300
vt 0.48704900 0.50267500
vt 0.51768200 0.51079700
vt 0.35483400 0.97578300
vt 0.47375200 0.50420600
vt 0.45884600 0.51215900
vt 0.41026600 0.23050500
vt 0.52964700 0.51704100
vt 0.36990000 0.97855200
vt 0.31308800 0.26508300
vt 0.64281000 0.64930900
vt 0.16363500 0.58848900
vt 0.52594600 0.51795600
vt 0.31655900 0.71366900
vt 0.43185500 0.53737500
vt 0.44477900 0.52140300
vt 0.42565700 0.55799400
vt 0.32671300 0.69622600
vt 0.31893900 0.70221300
vt 0.34248400 0.72166100
vt 0.32562700 0.72136600
vt 0.33044700 0.68398400
vt 0.42416500 0.58202500
vt 0.33376000 0.67562500
vt 0.42406800 0.59059500
vt 0.43956000 0.50114600
vt 0.31131900 0.76058900
vt 0.43357900 0.52317600
vt 0.30745400 0.75558700
vt 0.43344900 0.50809900
vt 0.07774000 0.24214100
vt 0.28734400 0.43624800
vt 0.22829800 0.43394700
vt 0.22817400 0.43188400
vt 0.19773600 0.44655800
vt 0.52829300 0.09000300
vt 0.19804700 0.44863200
vt 0.11053000 0.61415500
vt 0.22562900 0.44682100
vt 0.15801800 0.61307700
vt 0.20024400 0.45932800
vt 0.08078700 0.43971200
vt 0.09599700 0.44609200
vt 0.77261400 0.34676700
vt 0.30781400 0.63724000
vt 0.99317100 0.23553600
vt 0.99347800 0.18937900
vt 0.98852100 0.23528600
vt 0.99575200 0.18830300
vt 0.98979000 0.18971500
vt 0.43896500 0.31074600
vt 0.98039600 0.24073000
vt 0.99430200 0.23717900
vt 0.52196100 0.87504000
vt 0.95851300 0.47521100
vt 0.97603800 0.18371900
vt 0.97503800 0.24109500
vt 0.43719500 0.30700500
vt 0.98023700 0.60370200
vt 0.93991600 0.19543500
vt 0.95375300 0.23107200
vt 0.96921300 0.23411900
vt 0.93941200 0.22911200
vt 0.96017600 0.23495600
vt 0.42345800 0.87333900
vt 0.93665400 0.19231600
vt 0.96957600 0.18993900
vt 0.95931900 0.18969700
vt 0.93638900 0.23169500
vt 0.74411200 0.79489000
vt 0.98073900 0.56525300
vt 0.93491000 0.23285900
vt 0.94739700 0.27953100
vt 0.28350500 0.26724600
vt 0.18504500 0.71794100
vt 0.52514900 0.06775500
vt 0.36404600 0.53997900
vt 0.29962500 0.12438300
vt 0.50395600 0.06986500
vt 0.36362800 0.51798500
vt 0.08210300 0.44918300
vt 0.77184600 0.34101000
vt 0.86794700 0.36659000
vt 0.63046700 0.92032800
vt 0.51382900 0.05452000
vt 0.49852100 0.05629000
vt 0.28738800 0.12237900
vt 0.52489400 0.05663700
vt 0.43926300 0.12424500
vt 0.98746100 0.52612200
vt 0.95861600 0.43646600
vt 0.61572400 0.00293800
vt 0.33161700 0.27025500
vt 0.68676600 0.02325700
vt 0.67424100 0.99710900
vt 0.34707100 0.79329900
vt 0.37222800 0.93897000
vt 0.63131000 0.97373200
vt 0.53919700 0.08332400
vt 0.40321200 0.80797700
vt 0.38708400 0.80772800
vt 0.36628000 0.93891900
vt 0.63441800 0.97899500
vt 0.37278300 0.94184600
vt 0.38264700 0.77935700
vt 0.63439600 0.02387100
vt 0.28389200 0.85626600
vt 0.36665100 0.90025100
vt 0.90546100 0.37443800
vt 0.38754100 0.77770100
vt 0.81769000 0.69413200
vt 0.38508200 0.77928700
vt 0.39134000 0.90195000
vt 0.38724100 0.89621500
vt 0.61196700 0.97423900
vt 0.47771300 0.07948500
vt 0.45024200 0.24284100
vt 0.39033700 0.94355600
vt 0.83269800 0.56312000
vt 0.81991000 0.67802500
vt 0.39290200 0.75992400
vt 0.38154700 0.78620900
vt 0.38140700 0.77935600
vt 0.37795400 0.78092500
vt 0.37578500 0.77615100
vt 0.34815300 0.78419500
vt 0.62735100 0.18539800
vt 0.66301800 0.99512900
vt 0.35641500 0.78706200
vt 0.34616700 0.80982100
vt 0.35492700 0.05673200
vt 0.43315100 0.90275500
vt 0.30103900 0.81650100
vt 0.32027700 0.80508100
vt 0.31484100 0.97535300
vt 0.58569700 0.07148700
vt 0.74101800 0.07481300
vt 0.34992000 0.79602900
vt 0.62716100 0.19325200
vt 0.34951600 0.79260300
vt 0.62441100 0.19087600
vt 0.27332400 0.81632300
vt 0.37073900 0.77006700
vt 0.79999600 0.69533700
vt 0.00196100 0.10970000
vt 0.74847300 0.30678000
vt 0.93950800 0.06332000
vt 0.35674500 0.76720300
vt 0.28232100 0.81631700
vt 0.82156400 0.55115200
vt 0.80742000 0.67572100
vt 0.37942200 0.75762600
vt 0.81215300 0.53658500
vt 0.37635900 0.74937700
vt 0.35888600 0.74198500
vt 0.79785800 0.51675300
vt 0.23593700 0.42669300
vt 0.05821800 0.46858100
vt 0.68160400 0.99156700
vt 0.34000100 0.79281100
vt 0.63311900 0.97416900
vt 0.37031400 0.93836600
vt 0.35505900 0.78069500
vt 0.68157400 0.98680600
vt 0.30600200 0.80785200
vt 0.32359000 0.79656500
vt 0.73075100 0.07789300
vt 0.60621100 0.10327800
vt 0.35690600 0.96794200
vt 0.38661500 0.97583300
vt 0.41026600 0.23662100
vt 0.62420700 0.57564700
vt 0.40943800 0.96287000
vt 0.60502300 0.55626400
vt 0.37258700 0.97025400
vt 0.16826800 0.96352800
vt 0.97414300 0.05573500
vt 0.43794800 0.09662400
vt 0.32142200 0.92886200
vt 0.34381000 0.83074600
vt 0.30370300 0.18660600
vt 0.28700600 0.43844400
vt 0.32932900 0.89256800
vt 0.31851000 0.95477400
vt 0.31221600 0.95498600
vt 0.17085500 0.96727300
vt 0.62459700 0.56335700
vt 0.40007600 0.97842000
vt 0.32099600 0.34952000
vt 0.68797500 0.54243100
vt 0.16171300 0.90310800
vt 0.00894000 0.96059000
vt 0.29999800 0.33461500
vt 0.32286500 0.33336700
vt 0.65933400 0.75365800
vt 0.65397700 0.73865600
vt 0.33656200 0.32868500
vt 0.93142600 0.24450900
vt 0.98034300 0.24836800
vt 0.92561200 0.97817000
vt 0.68651200 0.53935800
vt 0.31856300 0.34571700
vt 0.80368300 0.70000000
vt 0.32872200 0.34150000
vt 0.29245800 0.34705200
vt 0.42047700 0.50376400
vt 0.27363300 0.46793600
vt 0.34326300 0.33850400
vt 0.91073100 0.30412300
vt 0.85764200 0.71596700
vt 0.34837000 0.33495300
vt 0.87891800 0.73885600
vt 0.27289100 0.33468700
vt 0.94100300 0.74460900
vt 0.28633700 0.33500000
vt 0.88121900 0.73432700
vt 0.28157200 0.33779700
vt 0.01308500 0.96871400
vt 0.41452100 0.49961800
vt 0.69083100 0.80619300
vt 0.65472800 0.72903200
vt 0.99098700 0.24656000
vt 0.02165800 0.57614800
vt 0.34892200 0.32269800
vt 0.65326500 0.70850700
vt 0.26403200 0.58941300
vt 0.41501300 0.51558700
vt 0.36192700 0.31439000
vt 0.26671900 0.30978500
vt 0.94200300 0.72087600
vt 0.74742800 0.28879700
vt 0.66505200 0.77202700
vt 0.01177100 0.95652100
vt 0.29687300 0.32832600
vt 0.39713600 0.20906500
vt 0.38864800 0.21295000
vt 0.65040700 0.37674100
vt 0.56217700 0.76273000
vt 0.40762700 0.17765700
vt 0.55276100 0.75489100
vt 0.40630600 0.18630200
vt 0.46512500 0.60512200
vt 0.83738200 0.59594800
vt 0.92550900 0.09564600
vt 0.65634800 0.27561200
vt 0.94693000 0.10493500
vt 0.14987300 0.89645500
vt 0.94723500 0.11738100
vt 0.82021000 0.28377900
vt 0.83738200 0.60359300
vt 0.92484200 0.11047200
vt 0.79733900 0.83150400
vt 0.90654000 0.09697300
vt 0.90452800 0.09161400
vt 0.99821400 0.37416400
vt 0.91033700 0.70557100
vt 0.48224800 0.98844100
vt 0.65634800 0.28528500
vt 0.94509100 0.09403000
vt 0.94247400 0.09337600
vt 0.90456000 0.15388300
vt 0.50625200 0.77379400
vt 0.11628000 0.07240900
vt 0.25853600 0.80433200
vt 0.95510500 0.40193900
vt 0.01684900 0.27440900
vt 0.95669700 0.41688600
vt 0.80021900 0.28537000
vt 0.26063200 0.81345700
vt 0.95725300 0.42685200
vt 0.25252600 0.30049100
vt 0.26086300 0.82145800
vt 0.35752100 0.48063200
vt 0.14315700 0.17202300
vt 0.38501300 0.53184700
vt 0.34365200 0.07124900
vt 0.29911000 0.66310800
vt 0.95070400 0.07154900
vt 0.36582200 0.62260300
vt 0.07886100 0.01955100
vt 0.38169800 0.06700900
vt 0.94384000 0.24126700
vt 0.39785200 0.46789100
vt 0.41992400 0.56608200
vt 0.35697500 0.10588700
vt 0.09937900 0.64053400
vt 0.40308300 0.47069500
vt 0.84796800 0.44416600
vt 0.39270000 0.46634600
vt 0.35115900 0.07939300
vt 0.39098800 0.07114100
vt 0.39595600 0.46923200
vt 0.34187400 0.37816800
vt 0.35647500 0.64156200
vt 0.61788000 0.48308700
vt 0.32344500 0.37576500
vt 0.38294900 0.45688300
vt 0.37301800 0.43485500
vt 0.18845700 0.94297100
vt 0.35368900 0.44816700
vt 0.18550100 0.99647500
vt 0.02906800 0.61933200
vt 0.57803600 0.84557000
vt 0.38128300 0.46791600
vt 0.10651500 0.62477300
vt 0.33779200 0.37660200
vt 0.38790800 0.46484700
vt 0.61455900 0.49140200
vt 0.32354800 0.38437100
vt 0.64130500 0.70180900
vt 0.12771100 0.58833300
vt 0.64302500 0.61429700
vt 0.98401200 0.31505600
vt 0.12779500 0.59693100
vt 0.98515700 0.32351100
vt 0.98366600 0.29670400
vt 0.94984300 0.24698500
vt 0.26855200 0.26423000
vt 0.94635500 0.26592500
vt 0.98393200 0.26191100
vt 0.99732300 0.44426800
vt 0.94877900 0.29301100
vt 0.94760300 0.29708100
vt 0.30195200 0.26607800
vt 0.98229100 0.26385700
vt 0.95871100 0.44366100
vt 0.95110400 0.24313600
vt 0.97097800 0.44598300
vt 0.94758100 0.29859000
vt 0.30519100 0.26439700
vt 0.53644200 0.52436300
vt 0.94753500 0.30212400
vt 0.98338900 0.27753400
vt 0.26271100 0.22975200
vt 0.93698400 0.65994700
vt 0.50389700 0.52257200
vt 0.26219800 0.22301100
vt 0.07859700 0.28555000
vt 0.93759100 0.15200200
vt 0.38322400 0.22803600
vt 0.96072900 0.39747000
vt 0.95665500 0.40158300
vt 0.91165500 0.67191000
vt 0.79663000 0.27250700
vt 0.99479600 0.41009700
vt 0.79987900 0.26770800
vt 0.98999100 0.41720300
vt 0.99357800 0.41803300
vt 0.99480500 0.44021600
vt 0.98486800 0.44129500
vt 0.21619300 0.30138300
vt 0.99336500 0.42554900
vt 0.66084700 0.24650600
vt 0.99650100 0.42046400
vt 0.91130500 0.65947100
vt 0.25987100 0.81578100
vt 0.95696600 0.42110400
vt 0.98780100 0.49728600
vt 0.99468900 0.43350600
vt 0.26103600 0.80702700
vt 0.95681300 0.40730400
vt 0.95661400 0.40940900
vt 0.94147400 0.08404900
vt 0.95720000 0.37424400
vt 0.94578200 0.09071800
vt 0.74298200 0.43201000
vt 0.99476300 0.40290500
vt 0.91173900 0.68048400
vt 0.99599200 0.38660500
vt 0.99597900 0.38646700
vt 0.91162400 0.69892300
vt 0.01692800 0.25804000
vt 0.74305600 0.45121200
vt 0.95650800 0.39257600
vt 0.63993800 0.53247200
vt 0.25198200 0.30249600
vt 0.95794400 0.43016700
vt 0.44083100 0.12729400
vt 0.26042300 0.82409700
vt 0.98593000 0.48959100
vt 0.99643700 0.43151700
vt 0.91162400 0.65268100
vt 0.32835800 0.14315200
vt 0.69800500 0.92411700
vt 0.70067200 0.92797400
vt 0.69863200 0.93776100
vt 0.03175300 0.69074900
vt 0.66113700 0.58003800
vt 0.57853800 0.33686300
vt 0.71296700 0.93861800
vt 0.58821900 0.33864600
vt 0.32562700 0.14251300
vt 0.03206200 0.69674000
vt 0.70322800 0.92399700
vt 0.64930700 0.58230400
vt 0.70237600 0.94451900
vt 0.69000700 0.93921100
vt 0.73339000 0.23279800
vt 0.45866300 0.02648300
vt 0.02687000 0.88081500
vt 0.68678200 0.93702900
vt 0.68757900 0.93477200
vt 0.68923800 0.93367600
vt 0.91986600 0.47902900
vt 0.32985700 0.13745200
vt 0.69864800 0.91480300
vt 0.03073400 0.69538500
vt 0.70564200 0.92862300
vt 0.25308500 0.82655600
vt 0.39760200 0.98867700
vt 0.92125200 0.63072100
vt 0.36719800 0.98540900
vt 0.47879400 0.35212400
vt 0.48566500 0.36038000
vt 0.06023900 0.33980900
vt 0.52199500 0.36116900
vt 0.53830900 0.37352500
vt 0.53819100 0.37151300
vt 0.56462600 0.39196400
vt 0.66797900 0.49861300
vt 0.58367300 0.36841600
vt 0.77831200 0.75125900
vt 0.58572500 0.37726800
vt 0.54400100 0.36760100
vt 0.54810900 0.35501400
vt 0.06032600 0.35561700
vt 0.73741500 0.22490700
vt 0.51589600 0.34576100
vt 0.51722300 0.32558100
vt 0.73357200 0.20936700
vt 0.39616000 0.53166100
vt 0.55397200 0.34691400
vt 0.57009900 0.34929200
vt 0.02233500 0.93310400
vt 0.05609000 0.36518100
vt 0.54709100 0.32518700
vt 0.39699800 0.51949500
vt 0.83437600 0.99357900
vt 0.83299500 0.98965400
vt 0.54849900 0.38271800
vt 0.47113800 0.37653500
vt 0.51053600 0.36995000
vt 0.84421500 0.99589400
vt 0.48160800 0.36755900
vt 0.60787300 0.72947300
vt 0.42909700 0.36760400
vt 0.59443200 0.73772600
vt 0.44003800 0.35302100
vt 0.42770500 0.35339000
vt 0.49157100 0.34635400
vt 0.46580000 0.34613700
vt 0.53081000 0.39414900
vt 0.51662500 0.38198400
vt 0.82990700 0.97054000
vt 0.53327300 0.42737300
vt 0.25498500 0.61654400
vt 0.03025000 0.24174400
vt 0.45299100 0.37714300
vt 0.44730800 0.37167900
vt 0.49952700 0.37841000
vt 0.85525000 0.98976300
vt 0.46772000 0.32448000
vt 0.49557100 0.95078200
vt 0.44161000 0.33150500
vt 0.43879200 0.32015500
vt 0.49266500 0.93910300
vt 0.05286100 0.34320300
vt 0.51209500 0.35427900
vt 0.81150500 0.97626300
vt 0.55942900 0.40108600
vt 0.62750000 0.29212300
vt 0.55273400 0.40705000
vt 0.48707500 0.38213200
vt 0.86631000 0.98453000
vt 0.51413100 0.91053300
vt 0.58011900 0.39838400
vt 0.60475500 0.31097500
vt 0.28407500 0.62511500
vt 0.43324300 0.33196900
vt 0.43152500 0.36078000
vt 0.80881000 0.98489900
vt 0.55890700 0.38777400
vt 0.53873200 0.38613300
vt 0.55335200 0.38761800
vt 0.85063700 0.98126700
vt 0.50219500 0.37975100
vt 0.52636000 0.38364000
vt 0.32652100 0.57481000
vt 0.88847100 0.93983400
vt 0.91703700 0.61754900
vt 0.95064100 0.42875600
vt 0.11855100 0.60099200
vt 0.60808100 0.52916200
vt 0.70099000 0.13493900
vt 0.69553300 0.13341000
vt 0.58717200 0.52644600
vt 0.65344300 0.08629800
vt 0.12243700 0.54679000
vt 0.55622200 0.51578800
vt 0.28389300 0.81100300
vt 0.45060100 0.01448400
vt 0.78360300 0.01325900
vt 0.60347700 0.68794700
vt 0.84217600 0.67167800
vt 0.88574500 0.13508300
vt 0.57924800 0.57462100
vt 0.44613700 0.27142200
vt 0.54661700 0.88344700
vt 0.59340600 0.70868300
vt 0.54395000 0.89517500
vt 0.58546800 0.71908400
vt 0.53315000 0.99502600
vt 0.56473300 0.55275500
vt 0.35540800 0.16246200
vt 0.58942300 0.70843700
vt 0.54145300 0.88450800
vt 0.29349500 0.06078000
vt 0.09678700 0.71445000
vt 0.56932200 0.70677800
vt 0.55236100 0.70011600
vt 0.54281900 0.69848200
vt 0.51131800 0.04052600
vt 0.67437300 0.12652900
vt 0.05270400 0.72400300
vt 0.53279500 0.56633800
vt 0.61951400 0.04013800
vt 0.19789100 0.72220300
vt 0.37421600 0.16246200
vt 0.35148900 0.17163600
vt 0.54420200 0.58731200
vt 0.56255700 0.18900300
vt 0.34307900 0.06244100
vt 0.56317900 0.61584800
vt 0.56566300 0.62896100
vt 0.33238000 0.06280500
vt 0.54581600 0.58167100
vt 0.37389600 0.17469400
vt 0.54837800 0.57277100
vt 0.65180300 0.49537900
vt 0.65213200 0.49044300
vt 0.55017900 0.58045700
vt 0.55099100 0.58580000
vt 0.55576600 0.61227800
vt 0.16037400 0.72387900
vt 0.58180100 0.04090200
vt 0.54318800 0.52910100
vt 0.96797900 0.03427700
vt 0.54338000 0.57411500
vt 0.58388800 0.18919500
vt 0.56016000 0.59659100
vt 0.91778000 0.95111100
vt 0.07734400 0.71644600
vt 0.04819700 0.69915900
vt 0.56223800 0.64902400
vt 0.56248100 0.65612200
vt 0.06700600 0.69915900
vt 0.56601500 0.68019100
vt 0.99329400 0.50637700
vt 0.56847200 0.69470100
vt 0.56782600 0.68911600
vt 0.05718700 0.70527500
vt 0.91988400 0.96605700
vt 0.57163000 0.66766900
vt 0.57306300 0.73592900
vt 0.42554000 0.33192500
vt 0.65604800 0.13025000
vt 0.57653400 0.71806500
vt 0.60377000 0.57705500
vt 0.37970200 0.06078000
vt 0.35794400 0.65917000
vt 0.60610700 0.18845600
vt 0.55460800 0.56309500
vt 0.57109200 0.67438800
vt 0.05898500 0.70073000
vt 0.91836400 0.97195700
vt 0.32175200 0.06381200
vt 0.56706100 0.64264000
vt 0.91993800 0.94763000
vt 0.42606100 0.36282700
vt 0.60364900 0.73170300
vt 0.36978700 0.16686800
vt 0.55022000 0.56074500
vt 0.36424000 0.65772000
vt 0.55567400 0.57245100
vt 0.59482200 0.00686700
vt 0.44798800 0.27246400
vt 0.59300800 0.69210800
vt 0.58478900 0.98050500
vt 0.59313800 0.69280300
vt 0.84212400 0.66450900
vt 0.32311300 0.28236100
vt 0.57184800 0.57333700
vt 0.28722600 0.39467800
vt 0.36873000 0.65634600
vt 0.55773200 0.58367800
vt 0.60038100 0.18901900
vt 0.64851100 0.49300100
vt 0.55779600 0.57912900
vt 0.55343900 0.59727400
vt 0.99651800 0.50302300
vt 0.30719100 0.06369600
vt 0.92045500 0.97449300
vt 0.57347200 0.68906900
vt 0.55760000 0.62909000
vt 0.05297000 0.71685400
vt 0.88406300 0.92976900
vt 0.54192800 0.99120800
vt 0.28970200 0.27110500
vt 0.56566600 0.55073200
vt 0.29934200 0.28134700
vt 0.53179000 0.99130800
vt 0.57343100 0.58535800
vt 0.55011300 0.62885500
vt 0.54973600 0.62534600
vt 0.05363200 0.69983300
vt 0.56452700 0.66705400
vt 0.63771800 0.22856200
vt 0.88204700 0.72163800
vt 0.88201600 0.72604000
vt 0.87304100 0.72574200
vt 0.87297900 0.73332600
vt 0.78960400 0.46612000
vt 0.91886400 0.55868700
vt 0.87808700 0.75029400
vt 0.87035900 0.22166600
vt 0.89787700 0.73707800
vt 0.89263500 0.72777400
vt 0.63283000 0.21846500
vt 0.89345800 0.72333800
vt 0.65634800 0.30160600
vt 0.77989200 0.93157500
vt 0.30157100 0.61133300
vt 0.77883900 0.02346300
vt 0.11976200 0.19451500
vt 0.81925700 0.44972900
vt 0.29942700 0.61230000
vt 0.31391600 0.62086800
vt 0.30825400 0.62019000
vt 0.86134400 0.19332800
vt 0.84646300 0.95899500
vt 0.41036900 0.94835400
vt 0.32402400 0.61899900
vt 0.84589200 0.94884900
vt 0.79143400 0.43868900
vt 0.32827700 0.60980200
vt 0.73155100 0.87333700
vt 0.45650500 0.95747200
vt 0.73824000 0.02318700
vt 0.32330500 0.41401700
vt 0.91874400 0.92423900
vt 0.36130500 0.41459700
vt 0.91861600 0.88566800
vt 0.91036400 0.32941700
vt 0.42510500 0.19552700
vt 0.92195600 0.83195800
vt 0.25741600 0.77788900
vt 0.18667200 0.20694000
vt 0.60403400 0.06142700
vt 0.00335900 0.95147600
vt 0.85862300 0.80921300
vt 0.01555500 0.58813200
vt 0.61191400 0.91856600
vt 0.64816300 0.76634200
vt 0.39851100 0.66916000
vt 0.91830300 0.34059800
vt 0.07263400 0.59123600
vt 0.81301200 0.90831900
vt 0.37801900 0.18012600
vt 0.95101600 0.07605300
vt 0.30124200 0.65720400
vt 0.66261800 0.53784400
vt 0.96027300 0.04229400
vt 0.33686600 0.66619700
vt 0.34248300 0.65319000
vt 0.42807100 0.61144600
vt 0.32308200 0.67873000
vt 0.33129900 0.65701400
vt 0.29636900 0.67111000
vt 0.09531700 0.02003200
vt 0.43785700 0.66781500
vt 0.28401100 0.69027800
vt 0.47350800 0.09063800
vt 0.63048600 0.44419500
vt 0.10043400 0.02405100
vt 0.28604800 0.67904900
vt 0.11741400 0.66183500
vt 0.18458100 0.66266400
vt 0.40905300 0.51165500
vt 0.31465500 0.10588700
vt 0.40928300 0.28289800
vt 0.14847500 0.64634400
vt 0.08097100 0.02521600
vt 0.37009700 0.62172500
vt 0.29135400 0.65858900
vt 0.35578000 0.10665100
vt 0.11898000 0.66686700
vt 0.19229500 0.88353000
vt 0.79899500 0.55051100
vt 0.63048600 0.41322600
vt 0.28643800 0.67662600
vt 0.37187900 0.28278600
vt 0.09571200 0.02511500
vt 0.24677400 0.71731100
vt 0.12876500 0.15543000
vt 0.07692600 0.68799900
vt 0.26259400 0.72420800
vt 0.03330700 0.57819100
vt 0.73887300 0.84059600
vt 0.40804500 0.61449400
vt 0.29097400 0.73617000
vt 0.46048400 0.05183900
vt 0.54867000 0.16536400
vt 0.29973400 0.75453700
vt 0.31072800 0.73058400
vt 0.42955100 0.52640500
vt 0.28012100 0.79712400
vt 0.30182300 0.94299500
vt 0.30523400 0.93227100
vt 0.26832500 0.79932100
vt 0.27196400 0.74273200
vt 0.27706700 0.74707100
vt 0.31203300 0.69568400
vt 0.47335400 0.05344500
vt 0.31091100 0.70320800
vt 0.32191300 0.69567300
vt 0.36021700 0.29060200
vt 0.25704700 0.66068300
vt 0.97271000 0.65343800
vt 0.13064700 0.67062900
vt 0.16270500 0.68679200
vt 0.97924300 0.51066100
vt 0.98683000 0.69304300
vt 0.09848800 0.65528500
vt 0.83378200 0.45385900
vt 0.82489800 0.46616100
vt 0.97960600 0.68759200
vt 0.81377900 0.47511000
vt 0.10175300 0.68490100
vt 0.96988800 0.67459200
vt 0.11120800 0.70162500
vt 0.95996700 0.65879100
vt 0.79427900 0.49310000
vt 0.72712900 0.89299300
vt 0.69809700 0.30872100
vt 0.56835700 0.22225500
vt 0.56433200 0.22350000
vt 0.72252000 0.75584900
vt 0.56342300 0.23039200
vt 0.63777700 0.24314200
vt 0.36151400 0.02562500
vt 0.11691000 0.41003300
vt 0.74960800 0.87194200
vt 0.55434600 0.24159000
vt 0.61012200 0.23849100
vt 0.74960800 0.88252300
vt 0.62479900 0.23023000
vt 0.30112600 0.02888900
vt 0.74304200 0.88240800
vt 0.42515700 0.30542800
vt 0.00960600 0.45851800
vt 0.58539900 0.23049000
vt 0.57511800 0.22163100
vt 0.57202000 0.22109200
vt 0.30684900 0.43251200
vt 0.65918300 0.19965300
vt 0.30434600 0.45866700
vt 0.65658100 0.23664300
vt 0.56733300 0.22016600
vt 0.15267200 0.46544100
vt 0.54758800 0.22739500
vt 0.34841800 0.46335800
vt 0.56656900 0.16557900
vt 0.91271900 0.17284700
vt 0.53644000 0.23284400
vt 0.54287700 0.23905900
vt 0.14011700 0.46674300
vt 0.55884900 0.16445800
vt 0.70844000 0.79243100
vt 0.57099200 0.04633800
vt 0.21135400 0.19232700
vt 0.71032300 0.78996700
vt 0.59134900 0.43810200
vt 0.58354000 0.44157100
vt 0.16732000 0.60375500
vt 0.21262100 0.59126700
vt 0.56791100 0.46286300
vt 0.42146100 0.94670500
vt 0.41834800 0.33618000
vt 0.54355100 0.45728300
vt 0.84157200 0.31739900
vt 0.42993300 0.48970300
vt 0.56463000 0.44685000
vt 0.71472000 0.75476400
vt 0.96255300 0.96647300
vt 0.53968500 0.44858100
vt 0.54646600 0.44808600
vt 0.71172400 0.77717200
vt 0.17224500 0.60455700
vt 0.57660900 0.44323200
vt 0.53467400 0.44559300
vt 0.53425900 0.45110800
vt 0.95418200 0.96447000
vt 0.71530500 0.74069300
vt 0.50601300 0.80519400
vt 0.30717700 0.49801400
vt 0.50314500 0.43949000
vt 0.50116000 0.43578000
vt 0.95886700 0.58274400
vt 0.50543000 0.80087300
vt 0.55403300 0.15647900
vt 0.53631300 0.45005600
vt 0.95796400 0.97338600
vt 0.53830200 0.46344100
vt 0.54605100 0.16168000
vt 0.54151000 0.15650800
vt 0.58702800 0.11649000
vt 0.53029800 0.46880100
vt 0.41744600 0.70734000
vt 0.63377200 0.81436900
vt 0.94595300 0.96213300
vt 0.71590900 0.73223000
vt 0.52670400 0.44414500
vt 0.71213100 0.67328100
vt 0.46976200 0.42294700
vt 0.42179800 0.41725600
vt 0.01214700 0.69839500
vt 0.99510000 0.61550000
vt 0.88600300 0.89127200
vt 0.07747900 0.35756800
vt 0.89661600 0.89500500
vt 0.90314400 0.85202900
vt 0.89828100 0.85985200
vt 0.69524200 0.06630300
vt 0.90384800 0.80492900
vt 0.34690400 0.12705900
vt 0.88382600 0.84401800
vt 0.89809400 0.83191400
vt 0.89544800 0.84053900
vt 0.70626900 0.06221400
vt 0.20599200 0.47403600
vt 0.89442400 0.80630800
vt 0.90765900 0.75447400
vt 0.87423700 0.88953000
vt 0.87725000 0.88608400
vt 0.88083700 0.80997400
vt 0.89007300 0.80710300
vt 0.71454900 0.05618700
vt 0.35384000 0.12849600
vt 0.86966700 0.82566200
vt 0.35384000 0.11659000
vt 0.86572500 0.88229800
f 282/282 3317/3317 3321/3321
f 277/277 278/278 282/282
f 277/277 282/282 279/279
f 278/278 291/291 282/282
f 282/282 291/291 3317/3317
f 277/277 272/272 278/278
f 143/143 109/109 255/255
f 78/78 104/104 110/110
f 142/142 78/78 110/110
f 99/99 189/189 97/97
f 76/76 100/100 105/105
f 199/199 134/134 98/98
f 189/189 200/200 97/97
f 100/100 95/95 105/105
f 108/108 100/100 76/76
f 133/133 1/1 95/95
f 1/1 87/87 95/95
f 1/1 301/301 87/87
f 186/186 188/188 101/101
f 107/107 186/186 101/101
f 134/134 199/199 126/126
f 229/229 124/124 93/93
f 93/93 3/3 87/87
f 124/124 3/3 93/93
f 93/93 87/87 301/301
f 300/300 227/227 94/94
f 303/303 227/227 300/300
f 302/302 299/299 2/2
f 225/225 228/228 92/92
f 226/226 225/225 92/92
f 303/303 224/224 227/227
f 222/222 224/224 303/303
f 223/223 302/302 2/2
f 223/223 2/2 6/6
f 133/133 7/7 1/1
f 128/128 7/7 133/133
f 135/135 78/78 142/142
f 145/145 202/202 146/146
f 139/139 264/264 252/252
f 267/267 194/194 253/253
f 196/196 151/151 254/254
f 267/267 206/206 194/194
f 150/150 144/144 147/147
f 150/150 147/147 138/138
f 77/77 73/73 181/181
f 202/202 71/71 146/146
f 138/138 147/147 136/136
f 151/151 140/140 254/254
f 146/146 71/71 135/135
f 71/71 78/78 135/135
f 149/149 193/193 72/72
f 149/149 202/202 145/145
f 149/149 72/72 202/202
f 148/148 144/144 150/150
f 195/195 203/203 190/190
f 193/193 151/151 196/196
f 149/149 151/151 193/193
f 267/267 263/263 3552/3552
f 141/141 137/137 255/255
f 255/255 137/137 143/143
f 3551/3551 264/264 139/139
f 256/256 3551/3551 139/139
f 204/204 268/268 212/212
f 207/207 204/204 212/212
f 267/267 253/253 263/263
f 212/212 268/268 245/245
f 333/333 168/168 5720/5720
f 89/89 169/169 334/334
f 4/4 58/58 91/91
f 327/327 5367/5367 5718/5718
f 3285/3285 327/327 325/325
f 325/325 327/327 5718/5718
f 70/70 74/74 75/75
f 70/70 201/201 74/74
f 181/181 106/106 77/77
f 127/127 200/200 187/187
f 187/187 200/200 189/189
f 70/70 75/75 79/79
f 79/79 75/75 102/102
f 205/205 152/152 191/191
f 207/207 157/157 204/204
f 289/289 5683/5683 210/210
f 84/84 81/81 315/315
f 289/289 298/298 5683/5683
f 295/295 298/298 289/289
f 115/115 125/125 113/113
f 116/116 36/36 118/118
f 229/229 112/112 124/124
f 115/115 117/117 125/125
f 122/122 115/115 113/113
f 122/122 53/53 115/115
f 328/328 3285/3285 324/324
f 324/324 3285/3285 325/325
f 69/69 309/309 65/65
f 65/65 309/309 307/307
f 58/58 170/170 91/91
f 5/5 47/47 56/56
f 38/38 47/47 49/49
f 5/5 49/49 47/47
f 118/118 38/38 49/49
f 123/123 49/49 5/5
f 117/117 50/50 125/125
f 5718/5718 308/308 324/324
f 5718/5718 324/324 325/325
f 171/171 308/308 5718/5718
f 307/307 170/170 58/58
f 65/65 307/307 58/58
f 46/46 47/47 38/38
f 66/66 45/45 68/68
f 44/44 47/47 46/46
f 48/48 45/45 66/66
f 57/57 48/48 66/66
f 80/80 159/159 318/318
f 3983/3983 3977/3977 86/86
f 321/321 328/328 324/324
f 328/328 321/321 231/231
f 308/308 310/310 324/324
f 310/310 321/321 324/324
f 248/248 269/269 250/250
f 260/260 274/274 276/276
f 5465/5465 260/260 276/276
f 249/249 259/259 166/166
f 260/260 247/247 274/274
f 165/165 270/270 249/249
f 248/248 250/250 273/273
f 165/165 249/249 166/166
f 290/290 291/291 278/278
f 290/290 178/178 291/291
f 251/251 285/285 287/287
f 290/290 251/251 287/287
f 272/272 251/251 290/290
f 272/272 290/290 278/278
f 290/290 287/287 178/178
f 209/209 177/177 288/288
f 174/174 244/244 4423/4423
f 175/175 292/292 179/179
f 179/179 288/288 175/175
f 174/174 213/213 244/244
f 173/173 208/208 214/214
f 295/295 289/289 287/287
f 287/287 289/289 178/178
f 176/176 208/208 173/173
f 177/177 175/175 288/288
f 295/295 287/287 285/285
f 269/269 284/284 250/250
f 285/285 4483/4483 5681/5681
f 269/269 4477/4477 284/284
f 285/285 5681/5681 295/295
f 18/18 185/185 193/193
f 129/129 24/24 8/8
f 306/306 9/9 222/222
f 24/24 12/12 8/8
f 9/9 224/224 222/222
f 305/305 223/223 6/6
f 305/305 6/6 14/14
f 156/156 161/161 22/22
f 339/339 15/15 19/19
f 156/156 22/22 192/192
f 318/318 159/159 155/155
f 12/12 20/20 16/16
f 21/21 160/160 338/338
f 18/18 13/13 185/185
f 12/12 10/10 304/304
f 185/185 13/13 25/25
f 12/12 16/16 10/10
f 15/15 339/339 121/121
f 228/228 225/225 17/17
f 16/16 120/120 230/230
f 11/11 17/17 225/225
f 114/114 230/230 120/120
f 62/62 338/338 160/160
f 184/184 198/198 182/182
f 72/72 185/185 180/180
f 193/193 185/185 72/72
f 314/314 80/80 318/318
f 23/23 132/132 183/183
f 185/185 131/131 197/197
f 126/126 132/132 23/23
f 23/23 130/130 126/126
f 182/182 198/198 186/186
f 182/182 186/186 107/107
f 197/197 131/131 127/127
f 197/197 127/127 187/187
f 134/134 126/126 130/130
f 366/366 5632/5632 5625/5625
f 350/350 353/353 365/365
f 350/350 365/365 362/362
f 369/369 353/353 358/358
f 486/486 456/456 470/470
f 491/491 492/492 486/486
f 452/452 456/456 486/486
f 444/444 463/463 451/451
f 455/455 451/451 463/463
f 482/482 486/486 484/484
f 482/482 484/484 499/499
f 653/653 443/443 675/675
f 653/653 651/651 443/443
f 652/652 435/435 442/442
f 433/433 442/442 435/435
f 672/672 660/660 673/673
f 651/651 672/672 671/671
f 672/672 673/673 671/671
f 464/464 666/666 467/467
f 670/670 464/464 438/438
f 669/669 440/440 671/671
f 671/671 673/673 669/669
f 670/670 667/667 464/464
f 438/438 441/441 670/670
f 673/673 660/660 669/669
f 660/660 668/668 669/669
f 660/660 665/665 668/668
f 657/657 654/654 659/659
f 660/660 657/657 665/665
f 662/662 659/659 658/658
f 659/659 662/662 657/657
f 460/460 464/464 467/467
f 460/460 438/438 464/464
f 672/672 657/657 660/660
f 672/672 651/651 653/653
f 435/435 652/652 439/439
f 652/652 441/441 439/439
f 671/671 440/440 651/651
f 439/439 441/441 438/438
f 432/432 434/434 437/437
f 434/434 438/438 437/437
f 437/437 460/460 459/459
f 434/434 439/439 438/438
f 437/437 438/438 460/460
f 463/463 444/444 459/459
f 437/437 459/459 444/444
f 492/492 452/452 486/486
f 482/482 491/491 486/486
f 493/493 450/450 451/451
f 493/493 1035/1035 450/450
f 450/450 444/444 451/451
f 458/458 444/444 450/450
f 482/482 479/479 491/491
f 481/481 479/479 482/482
f 458/458 457/457 444/444
f 436/436 444/444 457/457
f 436/436 437/437 444/444
f 433/433 436/436 457/457
f 457/457 458/458 453/453
f 453/453 458/458 450/450
f 1035/1035 453/453 450/450
f 453/453 433/433 457/457
f 489/489 1036/1036 494/494
f 433/433 435/435 434/434
f 439/439 434/434 435/435
f 437/437 436/436 432/432
f 432/432 433/433 434/434
f 433/433 432/432 436/436
f 839/839 837/837 676/676
f 1020/1020 839/839 782/782
f 449/449 675/675 443/443
f 678/678 675/675 449/449
f 1002/1002 819/819 1020/1020
f 819/819 837/837 839/839
f 1020/1020 819/819 839/839
f 678/678 836/836 675/675
f 840/840 852/852 843/843
f 853/853 819/819 820/820
f 847/847 853/853 820/820
f 847/847 820/820 792/792
f 997/997 854/854 848/848
f 819/819 853/853 837/837
f 675/675 836/836 674/674
f 674/674 653/653 675/675
f 674/674 836/836 855/855
f 674/674 855/855 996/996
f 839/839 676/676 840/840
f 851/851 677/677 445/445
f 446/446 447/447 433/433
f 433/433 447/447 442/442
f 677/677 448/448 445/445
f 841/841 842/842 768/768
f 676/676 852/852 840/840
f 851/851 445/445 1034/1034
f 777/777 841/841 768/768
f 1033/1033 1037/1037 1041/1041
f 403/403 938/938 399/399
f 846/846 797/797 402/402
f 393/393 846/846 402/402
f 394/394 401/401 397/397
f 392/392 394/394 397/397
f 771/771 796/796 774/774
f 797/797 843/843 850/850
f 849/849 1034/1034 939/939
f 1034/1034 1039/1039 939/939
f 398/398 937/937 1029/1029
f 1029/1029 937/937 1032/1032
f 851/851 1034/1034 849/849
f 797/797 850/850 402/402
f 849/849 939/939 938/938
f 403/403 849/849 938/938
f 1039/1039 1032/1032 939/939
f 937/937 939/939 1032/1032
f 1016/1016 806/806 1007/1007
f 1025/1025 1006/1006 1001/1001
f 1015/1015 727/727 725/725
f 1014/1014 874/874 1027/1027
f 1027/1027 874/874 1018/1018
f 1007/1007 1026/1026 1016/1016
f 1001/1001 1014/1014 1025/1025
f 1015/1015 875/875 727/727
f 727/727 941/941 803/803
f 713/713 869/869 867/867
f 767/767 778/778 770/770
f 1014/1014 1021/1021 781/781
f 870/870 766/766 765/765
f 1009/1009 870/870 765/765
f 940/940 784/784 766/766
f 750/750 942/942 871/871
f 802/802 942/942 750/750
f 712/712 750/750 871/871
f 940/940 766/766 870/870
f 784/784 1014/1014 781/781
f 820/820 819/819 1002/1002
f 820/820 1002/1002 1005/1005
f 1001/1001 1019/1019 1014/1014
f 767/767 783/783 778/778
f 783/783 780/780 778/778
f 779/779 838/838 841/841
f 779/779 841/841 777/777
f 727/727 875/875 941/941
f 1014/1014 940/940 874/874
f 1014/1014 784/784 940/940
f 1034/1034 445/445 454/454
f 1034/1034 454/454 1036/1036
f 453/453 446/446 433/433
f 792/792 820/820 1005/1005
f 997/997 848/848 827/827
f 847/847 792/792 830/830
f 848/848 829/829 827/827
f 830/830 792/792 831/831
f 763/763 772/772 775/775
f 772/772 763/763 760/760
f 764/764 770/770 760/760
f 1009/1009 765/765 762/762
f 767/767 770/770 764/764
f 764/764 760/760 763/763
f 769/769 844/844 759/759
f 774/774 845/845 800/800
f 845/845 861/861 800/800
f 796/796 845/845 774/774
f 867/867 1008/1008 866/866
f 843/843 852/852 850/850
f 759/759 844/844 773/773
f 844/844 798/798 773/773
f 833/833 846/846 393/393
f 835/835 861/861 845/845
f 869/869 1008/1008 867/867
f 400/400 1028/1028 498/498
f 1028/1028 481/481 498/498
f 1029/1029 1030/1030 480/480
f 1029/1029 1032/1032 1030/1030
f 1039/1039 478/478 1032/1032
f 481/481 1031/1031 479/479
f 1039/1039 489/489 478/478
f 1032/1032 478/478 1030/1030
f 1040/1040 1038/1038 490/490
f 481/481 485/485 498/498
f 395/395 394/394 386/386
f 386/386 394/394 392/392
f 374/374 386/386 392/392
f 374/374 392/392 378/378
f 378/378 397/397 497/497
f 378/378 392/392 397/397
f 396/396 833/833 393/393
f 813/813 1006/1006 805/805
f 860/860 856/856 799/799
f 818/818 814/814 808/808
f 856/856 761/761 776/776
f 799/799 856/856 776/776
f 857/857 1009/1009 762/762
f 873/873 1009/1009 857/857
f 834/834 790/790 859/859
f 654/654 653/653 674/674
f 998/998 997/997 827/827
f 990/990 993/993 863/863
f 683/683 656/656 983/983
f 988/988 983/983 990/990
f 988/988 990/990 991/991
f 654/654 657/657 672/672
f 674/674 996/996 994/994
f 674/674 994/994 655/655
f 990/990 983/983 995/995
f 656/656 995/995 983/983
f 653/653 654/654 672/672
f 655/655 654/654 674/674
f 998/998 993/993 997/997
f 993/993 998/998 863/863
f 1004/1004 1001/1001 1006/1006
f 793/793 1003/1003 816/816
f 830/830 831/831 821/821
f 1004/1004 1006/1006 813/813
f 817/817 1004/1004 813/813
f 832/832 791/791 807/807
f 419/419 822/822 387/387
f 821/821 831/831 822/822
f 821/821 822/822 421/421
f 421/421 822/822 419/419
f 423/423 386/386 374/374
f 822/822 831/831 396/396
f 822/822 396/396 387/387
f 396/396 831/831 833/833
f 834/834 832/832 790/790
f 791/791 815/815 807/807
f 992/992 988/988 989/989
f 659/659 654/654 658/658
f 655/655 684/684 658/658
f 684/684 685/685 658/658
f 654/654 655/655 658/658
f 378/378 497/497 390/390
f 828/828 830/830 421/421
f 998/998 827/827 826/826
f 999/999 825/825 862/862
f 824/824 828/828 421/421
f 416/416 824/824 421/421
f 418/418 823/823 415/415
f 830/830 821/821 421/421
f 481/481 482/482 499/499
f 370/370 374/374 383/383
f 485/485 495/495 498/498
f 32/32 36/36 116/116
f 33/33 32/32 116/116
f 32/32 33/33 29/29
f 32/32 29/29 27/27
f 32/32 37/37 31/31
f 32/32 27/27 37/37
f 32/32 31/31 36/36
f 116/116 52/52 33/33
f 336/336 51/51 119/119
f 337/337 35/35 52/52
f 36/36 38/38 118/118
f 43/43 44/44 46/46
f 54/54 46/46 38/38
f 34/34 52/52 35/35
f 30/30 26/26 28/28
f 30/30 28/28 35/35
f 28/28 34/34 35/35
f 41/41 35/35 337/337
f 30/30 42/42 43/43
f 42/42 30/30 35/35
f 28/28 59/59 37/37
f 37/37 59/59 55/55
f 27/27 28/28 37/37
f 29/29 28/28 27/27
f 34/34 28/28 29/29
f 29/29 33/33 34/34
f 52/52 34/34 33/33
f 31/31 38/38 36/36
f 54/54 38/38 55/55
f 55/55 38/38 31/31
f 55/55 31/31 37/37
f 43/43 54/54 59/59
f 26/26 43/43 59/59
f 43/43 42/42 44/44
f 30/30 43/43 26/26
f 55/55 59/59 54/54
f 43/43 46/46 54/54
f 28/28 26/26 59/59
f 319/319 82/82 243/243
f 320/320 242/242 323/323
f 80/80 320/320 159/159
f 159/159 320/320 322/322
f 84/84 3975/3975 81/81
f 242/242 330/330 323/323
f 330/330 242/242 241/241
f 262/262 330/330 312/312
f 330/330 321/321 312/312
f 331/331 234/234 321/321
f 321/321 234/234 231/231
f 331/331 241/241 234/234
f 68/68 45/45 64/64
f 159/159 322/322 262/262
f 160/160 261/261 62/62
f 62/62 261/261 60/60
f 262/262 322/322 330/330
f 261/261 311/311 60/60
f 63/63 40/40 336/336
f 42/42 41/41 44/44
f 64/64 61/61 68/68
f 45/45 39/39 64/64
f 35/35 41/41 42/42
f 60/60 311/311 67/67
f 340/340 336/336 119/119
f 63/63 336/336 340/340
f 3821/3821 902/902 731/731
f 903/903 4580/4580 910/910
f 913/913 1898/1898 915/915
f 1898/1898 913/913 4577/4577
f 913/913 910/910 4580/4580
f 914/914 911/911 650/650
f 735/735 903/903 910/910
f 735/735 910/910 911/911
f 910/910 638/638 911/911
f 650/650 911/911 638/638
f 5043/5043 4968/4968 1051/1051
f 1051/1051 1056/1056 1047/1047
f 1057/1057 4150/4150 4977/4977
f 5038/5038 1051/1051 1047/1047
f 1050/1050 1044/1044 4987/4987
f 1043/1043 1056/1056 4978/4978
f 1047/1047 1056/1056 1043/1043
f 1047/1047 1043/1043 1049/1049
f 243/243 82/82 3974/3974
f 243/243 221/221 240/240
f 243/243 3974/3974 221/221
f 215/215 239/239 220/220
f 221/221 237/237 240/240
f 240/240 237/237 235/235
f 235/235 237/237 1849/1849
f 235/235 1849/1849 232/232
f 2407/2407 1062/1062 1061/1061
f 1061/1061 1062/1062 3996/3996
f 4789/4789 2408/2408 1060/1060
f 4988/4988 1045/1045 1048/1048
f 4988/4988 1048/1048 4986/4986
f 646/646 633/633 635/635
f 889/889 967/967 898/898
f 889/889 898/898 893/893
f 892/892 889/889 893/893
f 966/966 888/888 507/507
f 893/893 909/909 896/896
f 896/896 886/886 893/893
f 886/886 892/892 893/893
f 507/507 506/506 966/966
f 500/500 505/505 508/508
f 468/468 472/472 690/690
f 460/460 467/467 461/461
f 666/666 471/471 467/467
f 472/472 689/689 690/690
f 472/472 680/680 689/689
f 661/661 679/679 473/473
f 681/681 689/689 680/680
f 689/689 681/681 636/636
f 459/459 460/460 461/461
f 898/898 1910/1910 919/919
f 893/893 898/898 919/919
f 909/909 893/893 919/919
f 909/909 919/919 2075/2075
f 1904/1904 1906/1906 899/899
f 899/899 1906/1906 1909/1909
f 899/899 1909/1909 898/898
f 908/908 2075/2075 2069/2069
f 462/462 468/468 690/690
f 688/688 644/644 691/691
f 698/698 462/462 690/690
f 691/691 890/890 699/699
f 890/890 897/897 699/699
f 699/699 897/897 702/702
f 897/897 1904/1904 899/899
f 459/459 461/461 463/463
f 702/702 897/897 899/899
f 462/462 700/700 701/701
f 465/465 462/462 701/701
f 465/465 701/701 703/703
f 966/966 506/506 705/705
f 967/967 704/704 898/898
f 704/704 899/899 898/898
f 477/477 465/465 703/703
f 704/704 702/702 899/899
f 463/463 461/461 466/466
f 915/915 917/917 644/644
f 635/635 645/645 687/687
f 913/913 915/915 644/644
f 634/634 913/913 644/644
f 633/633 645/645 635/635
f 917/917 890/890 644/644
f 644/644 890/890 691/691
f 890/890 917/917 897/897
f 897/897 917/917 1904/1904
f 463/463 476/476 455/455
f 463/463 466/466 476/476
f 470/470 475/475 505/505
f 469/469 455/455 476/476
f 470/470 505/505 500/500
f 474/474 705/705 506/506
f 685/685 662/662 658/658
f 661/661 662/662 685/685
f 657/657 662/662 661/661
f 668/668 665/665 661/661
f 668/668 661/661 473/473
f 657/657 661/661 665/665
f 679/679 661/661 682/682
f 661/661 685/685 663/663
f 663/663 682/682 661/661
f 646/646 694/694 637/637
f 637/637 694/694 958/958
f 647/647 913/913 634/634
f 910/910 913/913 647/647
f 1898/1898 1912/1912 917/917
f 915/915 1898/1898 917/917
f 910/910 647/647 638/638
f 987/987 986/986 980/980
f 984/984 986/986 987/987
f 984/984 987/987 695/695
f 695/695 987/987 961/961
f 986/986 992/992 989/989
f 984/984 992/992 986/986
f 693/693 697/697 960/960
f 636/636 697/697 648/648
f 648/648 697/697 693/693
f 696/696 682/682 985/985
f 681/681 697/697 636/636
f 682/682 663/663 985/985
f 886/886 896/896 885/885
f 894/894 896/896 900/900
f 885/885 896/896 894/894
f 908/908 909/909 2075/2075
f 507/507 888/888 891/891
f 891/891 410/410 507/507
f 410/410 887/887 963/963
f 887/887 410/410 891/891
f 409/409 963/963 887/887
f 409/409 887/887 884/884
f 1084/1084 1088/1088 3590/3590
f 1092/1092 1088/1088 1084/1084
f 1081/1081 1068/1068 1083/1083
f 1073/1073 1081/1081 1083/1083
f 1117/1117 1082/1082 1072/1072
f 1068/1068 1153/1153 1071/1071
f 1108/1108 1092/1092 1084/1084
f 1070/1070 1151/1151 1106/1106
f 1085/1085 1097/1097 1107/1107
f 1113/1113 1115/1115 1074/1074
f 1113/1113 1074/1074 1097/1097
f 1097/1097 1074/1074 1107/1107
f 1180/1180 4447/4447 1171/1171
f 1243/1243 1211/1211 1235/1235
f 1242/1242 1244/1244 1238/1238
f 1197/1197 1199/1199 1237/1237
f 1197/1197 1237/1237 1210/1210
f 1193/1193 1211/1211 1243/1243
f 1197/1197 1203/1203 1199/1199
f 1194/1194 1185/1185 1210/1210
f 1195/1195 1244/1244 1242/1242
f 1215/1215 1224/1224 1202/1202
f 1256/1256 1260/1260 1223/1223
f 1200/1200 1222/1222 1235/1235
f 1261/1261 1253/1253 1221/1221
f 1212/1212 1256/1256 1223/1223
f 1218/1218 1241/1241 1240/1240
f 1166/1166 1180/1180 1171/1171
f 1171/1171 1176/1176 4826/4826
f 1181/1181 1177/1177 4826/4826
f 1166/1166 1171/1171 1177/1177
f 1177/1177 1171/1171 4826/4826
f 4714/4714 1181/1181 4826/4826
f 1252/1252 1155/1155 1157/1157
f 1256/1256 1251/1251 1260/1260
f 1169/1169 1163/1163 5207/5207
f 1161/1161 1167/1167 1182/1182
f 1232/1232 1228/1228 1226/1226
f 1227/1227 1226/1226 1241/1241
f 1232/1232 1226/1226 1227/1227
f 1226/1226 1228/1228 1241/1241
f 1210/1210 1185/1185 1197/1197
f 1230/1230 1195/1195 1242/1242
f 1218/1218 1232/1232 1227/1227
f 1227/1227 1241/1241 1218/1218
f 1182/1182 1167/1167 1178/1178
f 4447/4447 1180/1180 1169/1169
f 1186/1186 1209/1209 1204/1204
f 1247/1247 1209/1209 1186/1186
f 1198/1198 1186/1186 1204/1204
f 1192/1192 1185/1185 1194/1194
f 1208/1208 1213/1213 1199/1199
f 1169/1169 1180/1180 1163/1163
f 1162/1162 1179/1179 1165/1165
f 544/544 529/529 512/512
f 544/544 512/512 543/543
f 589/589 543/543 586/586
f 594/594 586/586 593/593
f 543/543 4044/4044 586/586
f 5631/5631 593/593 600/600
f 543/543 534/534 4044/4044
f 600/600 593/593 601/601
f 589/589 544/544 543/543
f 594/594 589/589 586/586
f 5047/5047 589/589 594/594
f 5631/5631 594/594 593/593
f 600/600 601/601 599/599
f 5631/5631 600/600 599/599
f 513/513 516/516 512/512
f 529/529 513/513 512/512
f 529/529 572/572 568/568
f 529/529 568/568 513/513
f 548/548 572/572 529/529
f 513/513 515/515 516/516
f 516/516 515/515 554/554
f 602/602 607/607 596/596
f 3815/3815 730/730 1682/1682
f 749/749 746/746 801/801
f 801/801 744/744 728/728
f 744/744 801/801 746/746
f 710/710 746/746 749/749
f 708/708 711/711 868/868
f 708/708 748/748 711/711
f 872/872 1012/1012 866/866
f 868/868 864/864 715/715
f 865/865 1013/1013 714/714
f 866/866 1008/1008 872/872
f 706/706 868/868 715/715
f 720/720 756/756 752/752
f 756/756 753/753 752/752
f 752/752 753/753 1011/1011
f 1010/1010 754/754 715/715
f 754/754 706/706 715/715
f 706/706 708/708 868/868
f 742/742 747/747 924/924
f 716/716 745/745 929/929
f 934/934 928/928 631/631
f 717/717 927/927 933/933
f 742/742 924/924 930/930
f 932/932 630/630 621/621
f 717/717 933/933 757/757
f 757/757 879/879 707/707
f 933/933 879/879 757/757
f 932/932 621/621 878/878
f 755/755 757/757 707/707
f 879/879 924/924 709/709
f 624/624 925/925 877/877
f 629/629 925/925 624/624
f 632/632 628/628 623/623
f 924/924 747/747 709/709
f 879/879 709/709 707/707
f 622/622 632/632 623/623
f 876/876 620/620 625/625
f 631/631 928/928 627/627
f 626/626 931/931 926/926
f 484/484 470/470 500/500
f 484/484 486/486 470/470
f 389/389 497/497 496/496
f 487/487 389/389 496/496
f 381/381 388/388 391/391
f 388/388 389/389 391/391
f 502/502 483/483 500/500
f 391/391 389/389 487/487
f 500/500 508/508 502/502
f 483/483 502/502 488/488
f 487/487 504/504 391/391
f 502/502 508/508 411/411
f 503/503 502/502 411/411
f 487/487 501/501 504/504
f 965/965 503/503 411/411
f 376/376 503/503 965/965
f 483/483 484/484 500/500
f 485/485 499/499 483/483
f 499/499 484/484 483/483
f 485/485 483/483 488/488
f 481/481 499/499 485/485
f 495/495 485/485 488/488
f 377/377 964/964 408/408
f 408/408 404/404 377/377
f 381/381 391/391 504/504
f 377/377 381/381 504/504
f 1110/1110 1132/1132 1093/1093
f 1105/1105 1089/1089 1094/1094
f 532/532 531/531 534/534
f 540/540 538/538 531/531
f 512/512 516/516 552/552
f 794/794 518/518 527/527
f 795/795 581/581 580/580
f 534/534 794/794 532/532
f 795/795 580/580 533/533
f 511/511 794/794 534/534
f 543/543 511/511 534/534
f 511/511 552/552 510/510
f 552/552 511/511 512/512
f 543/543 512/512 511/511
f 583/583 540/540 579/579
f 526/526 581/581 795/795
f 532/532 579/579 540/540
f 532/532 540/540 531/531
f 1122/1122 1133/1133 1139/1139
f 1138/1138 1134/1134 1148/1148
f 1132/1132 1136/1136 1093/1093
f 1149/1149 1129/1129 1142/1142
f 1143/1143 1130/1130 1109/1109
f 1135/1135 1104/1104 1095/1095
f 1134/1134 1131/1131 1148/1148
f 1120/1120 1104/1104 1135/1135
f 1120/1120 1098/1098 1104/1104
f 1099/1099 1121/1121 1125/1125
f 1075/1075 1119/1119 1140/1140
f 1080/1080 1123/1123 1068/1068
f 1068/1068 1123/1123 1067/1067
f 1078/1078 1123/1123 1080/1080
f 1067/1067 1076/1076 1141/1141
f 1067/1067 1141/1141 1068/1068
f 1127/1127 1122/1122 1066/1066
f 1081/1081 1080/1080 1068/1068
f 1118/1118 1077/1077 1067/1067
f 1128/1128 3858/3858 1102/1102
f 1083/1083 1068/1068 1073/1073
f 1068/1068 1137/1137 1147/1147
f 1069/1069 1150/1150 1144/1144
f 1068/1068 1145/1145 1152/1152
f 883/883 959/959 956/956
f 640/640 882/882 641/641
f 881/881 922/922 642/642
f 883/883 956/956 982/982
f 639/639 957/957 880/880
f 921/921 883/883 982/982
f 961/961 978/978 955/955
f 978/978 977/977 955/955
f 955/955 977/977 981/981
f 977/977 976/976 981/981
f 959/959 962/962 956/956
f 961/961 987/987 978/978
f 962/962 959/959 692/692
f 987/987 980/980 978/978
f 978/978 974/974 977/977
f 974/974 980/980 973/973
f 980/980 974/974 978/978
f 974/974 975/975 977/977
f 977/977 975/975 976/976
f 976/976 424/424 981/981
f 921/921 982/982 405/405
f 571/571 550/550 935/935
f 571/571 935/935 565/565
f 935/935 550/550 518/518
f 550/550 520/520 518/518
f 520/520 585/585 542/542
f 511/511 518/518 794/794
f 510/510 518/518 511/511
f 552/552 935/935 510/510
f 552/552 565/565 935/935
f 936/936 519/519 509/509
f 518/518 520/520 527/527
f 1127/1127 1079/1079 1117/1117
f 1117/1117 1079/1079 1082/1082
f 1081/1081 1078/1078 1080/1080
f 724/724 729/729 726/726
f 729/729 743/743 726/726
f 719/719 804/804 723/723
f 721/721 724/724 726/726
f 804/804 1017/1017 723/723
f 804/804 719/719 1024/1024
f 726/726 718/718 721/721
f 1023/1023 751/751 1013/1013
f 718/718 758/758 721/721
f 743/743 718/718 726/726
f 1106/1106 1151/1151 1146/1146
f 2070/2070 950/950 946/946
f 731/731 902/902 905/905
f 731/731 905/905 1681/1681
f 1680/1680 905/905 785/785
f 734/734 905/905 562/562
f 785/785 905/905 734/734
f 562/562 905/905 736/736
f 562/562 736/736 737/737
f 904/904 903/903 735/735
f 739/739 735/735 914/914
f 914/914 916/916 739/739
f 735/735 911/911 914/914
f 737/737 736/736 741/741
f 370/370 383/383 375/375
f 375/375 373/373 370/370
f 375/375 383/383 377/377
f 377/377 404/404 375/375
f 384/384 375/375 404/404
f 375/375 372/372 373/373
f 372/372 375/375 380/380
f 384/384 380/380 375/375
f 384/384 430/430 380/380
f 428/428 379/379 382/382
f 428/428 382/382 380/380
f 372/372 371/371 373/373
f 373/373 371/371 370/370
f 380/380 382/382 372/372
f 809/809 813/813 1023/1023
f 813/813 805/805 1023/1023
f 857/857 1022/1022 873/873
f 812/812 1022/1022 857/857
f 1023/1023 1013/1013 873/873
f 811/811 856/856 860/860
f 814/814 810/810 808/808
f 1023/1023 722/722 751/751
f 789/789 808/808 810/810
f 789/789 810/810 858/858
f 790/790 832/832 807/807
f 739/739 916/916 549/549
f 521/521 916/916 900/900
f 549/549 916/916 521/521
f 585/585 520/520 907/907
f 521/521 900/900 908/908
f 946/946 906/906 2070/2070
f 900/900 909/909 908/908
f 900/900 896/896 909/909
f 906/906 946/946 584/584
f 916/916 914/914 642/642
f 649/649 637/637 643/643
f 914/914 650/650 642/642
f 923/923 953/953 895/895
f 922/922 894/894 642/642
f 894/894 954/954 885/885
f 616/616 612/612 608/608
f 617/617 786/786 613/613
f 3547/3547 786/786 617/617
f 611/611 614/614 733/733
f 614/614 788/788 733/733
f 732/732 561/561 610/610
f 608/608 612/612 609/609
f 1699/1699 616/616 608/608
f 1699/1699 608/608 1704/1704
f 608/608 618/618 1704/1704
f 608/608 609/609 618/618
f 618/618 609/609 563/563
f 1704/1704 618/618 573/573
f 619/619 560/560 572/572
f 642/642 894/894 916/916
f 916/916 894/894 900/900
f 585/585 4025/4025 538/538
f 539/539 577/577 537/537
f 578/578 542/542 538/538
f 538/538 542/542 585/585
f 884/884 952/952 409/409
f 406/406 384/384 404/404
f 404/404 408/408 406/406
f 424/424 385/385 407/407
f 952/952 405/405 409/409
f 353/353 369/369 365/365
f 355/355 354/354 351/351
f 374/374 378/378 381/381
f 374/374 381/381 383/383
f 952/952 921/921 405/405
f 741/741 524/524 737/737
f 523/523 564/564 738/738
f 740/740 550/550 571/571
f 522/522 740/740 571/571
f 556/556 559/559 566/566
f 554/554 558/558 555/555
f 517/517 557/557 567/567
f 559/559 570/570 566/566
f 569/569 559/559 514/514
f 568/568 515/515 513/513
f 558/558 554/554 515/515
f 568/568 522/522 571/571
f 569/569 570/570 559/559
f 568/568 572/572 522/522
f 551/551 517/517 567/567
f 980/980 1000/1000 979/979
f 979/979 991/991 973/973
f 991/991 979/979 1000/1000
f 973/973 991/991 418/418
f 988/988 991/991 1000/1000
f 991/991 863/863 823/823
f 990/990 863/863 991/991
f 991/991 823/823 418/418
f 976/976 975/975 972/972
f 425/425 430/430 384/384
f 430/430 431/431 428/428
f 976/976 972/972 424/424
f 972/972 429/429 424/424
f 981/981 424/424 407/407
f 430/430 428/428 380/380
f 975/975 968/968 972/972
f 973/973 418/418 971/971
f 970/970 969/969 968/968
f 971/971 418/418 414/414
f 971/971 414/414 412/412
f 969/969 971/971 412/412
f 971/971 969/969 970/970
f 381/381 378/378 390/390
f 381/381 390/390 388/388
f 390/390 497/497 389/389
f 388/388 390/390 389/389
f 973/973 971/971 974/974
f 974/974 971/971 970/970
f 974/974 970/970 975/975
f 975/975 970/970 968/968
f 585/585 947/947 4025/4025
f 572/572 560/560 522/522
f 423/423 420/420 386/386
f 426/426 420/420 423/423
f 379/379 426/426 423/423
f 417/417 422/422 413/413
f 422/422 420/420 413/413
f 413/413 420/420 426/426
f 412/412 427/427 429/429
f 945/945 946/946 950/950
f 377/377 383/383 381/381
f 583/583 578/578 540/540
f 520/520 542/542 527/527
f 576/576 582/582 541/541
f 541/541 582/582 525/525
f 431/431 430/430 426/426
f 371/371 374/374 370/370
f 431/431 379/379 428/428
f 426/426 379/379 431/431
f 686/686 992/992 664/664
f 412/412 429/429 972/972
f 969/969 412/412 972/972
f 968/968 969/969 972/972
f 379/379 371/371 382/382
f 382/382 371/371 372/372
f 379/379 423/423 371/371
f 423/423 374/374 371/371
f 686/686 683/683 992/992
f 664/664 992/992 984/984
f 683/683 983/983 992/992
f 983/983 988/988 992/992
f 553/553 557/557 517/517
f 980/980 979/979 973/973
f 986/986 1000/1000 980/980
f 986/986 989/989 1000/1000
f 988/988 1000/1000 989/989
f 3327/3327 3328/3328 5469/5469
f 4419/4419 3318/3318 3322/3322
f 3319/3319 2745/2745 2150/2150
f 2745/2745 5285/5285 2150/2150
f 5290/5290 2746/2746 5721/5721
f 3553/3553 2743/2743 3320/3320
f 3553/3553 3320/3320 4422/4422
f 3318/3318 2151/2151 3322/3322
f 2484/2484 2489/2489 1641/1641
f 5285/5285 1640/1640 2150/2150
f 3327/3327 3323/3323 3328/3328
f 2146/2146 2141/2141 3323/3323
f 3323/3323 3327/3327 5067/5067
f 2146/2146 3323/3323 3324/3324
f 3326/3326 4200/4200 5066/5066
f 5065/5065 4199/4199 5191/5191
f 5067/5067 3324/3324 3323/3323
f 5067/5067 5190/5190 3324/3324
f 3322/3322 2146/2146 3324/3324
f 2151/2151 2146/2146 3322/3322
f 3324/3324 280/280 283/283
f 3324/3324 283/283 3322/3322
f 2486/2486 2489/2489 4894/4894
f 2150/2150 1640/1640 2145/2145
f 257/257 3557/3557 3554/3554
f 2486/2486 2377/2377 2489/2489
f 2488/2488 2374/2374 2138/2138
f 2490/2490 2377/2377 2486/2486
f 2374/2374 2147/2147 2138/2138
f 2149/2149 2142/2142 2140/2140
f 2141/2141 2144/2144 3323/3323
f 2149/2149 2140/2140 2139/2139
f 2144/2144 3334/3334 3323/3323
f 4896/4896 3612/3612 1462/1462
f 1461/1461 2487/2487 4895/4895
f 1640/1640 2139/2139 2140/2140
f 1640/1640 2140/2140 2145/2145
f 4897/4897 1461/1461 4895/4895
f 2488/2488 2138/2138 1639/1639
f 2744/2744 3555/3555 3556/3556
f 5722/5722 5716/5716 5365/5365
f 5364/5364 5291/5291 5289/5289
f 5280/5280 5288/5288 5292/5292
f 4910/4910 1629/1629 4904/4904
f 4910/4910 4904/4904 4900/4900
f 4900/4900 1465/1465 4895/4895
f 4894/4894 2484/2484 4899/4899
f 2489/2489 2484/2484 4894/4894
f 5287/5287 2483/2483 1639/1639
f 5286/5286 5722/5722 5365/5365
f 4904/4904 4906/4906 4902/4902
f 4904/4904 4902/4902 1465/1465
f 4904/4904 1631/1631 1636/1636
f 4904/4904 1636/1636 4906/4906
f 4904/4904 1465/1465 4900/4900
f 2485/2485 5288/5288 5280/5280
f 2485/2485 5280/5280 4898/4898
f 4897/4897 4895/4895 1465/1465
f 3316/3316 4419/4419 3322/3322
f 3550/3550 257/257 3554/3554
f 3134/3134 1464/1464 4901/4901
f 1881/1881 3134/3134 4901/4901
f 3133/3133 3612/3612 1463/1463
f 1463/1463 3612/3612 4896/4896
f 2378/2378 2381/2381 5073/5073
f 3611/3611 2491/2491 2487/2487
f 4909/4909 2491/2491 3611/3611
f 1461/1461 3611/3611 2487/2487
f 5468/5468 4198/4198 3325/3325
f 4202/4202 4198/4198 5468/5468
f 4199/4199 4201/4201 5191/5191
f 3324/3324 5190/5190 280/280
f 281/281 5466/5466 275/275
f 5470/5470 5467/5467 5468/5468
f 5164/5164 5459/5459 5462/5462
f 5458/5458 5470/5470 5468/5468
f 5467/5467 4202/4202 5468/5468
f 4510/4510 5164/5164 5462/5462
f 4201/4201 5466/5466 281/281
f 4201/4201 281/281 5191/5191
f 5458/5458 5468/5468 5461/5461
f 5469/5469 3328/3328 5460/5460
f 3323/3323 3334/3334 3328/3328
f 1866/1866 3335/3335 2160/2160
f 2375/2375 5070/5070 2148/2148
f 3334/3334 2144/2144 5071/5071
f 5073/5073 5070/5070 2375/2375
f 5073/5073 3337/3337 5070/5070
f 2143/2143 2148/2148 5070/5070
f 1863/1863 5165/5165 3331/3331
f 3332/3332 4180/4180 1862/1862
f 4509/4509 5166/5166 3329/3329
f 5167/5167 4510/4510 5462/5462
f 5165/5165 4509/4509 3331/3331
f 3331/3331 4509/4509 3329/3329
f 1867/1867 4180/4180 3332/3332
f 3334/3334 1868/1868 3328/3328
f 3328/3328 1868/1868 3333/3333
f 5167/5167 5462/5462 3330/3330
f 172/172 4421/4421 3315/3315
f 4898/4898 5280/5280 5278/5278
f 5277/5277 4910/4910 4900/4900
f 5366/5366 5291/5291 5717/5717
f 5281/5281 5280/5280 5292/5292
f 5281/5281 5278/5278 5280/5280
f 5281/5281 5292/5292 5284/5284
f 5282/5282 5283/5283 5279/5279
f 5284/5284 5292/5292 3287/3287
f 3286/3286 5293/5293 326/326
f 2743/2743 335/335 5722/5722
f 5719/5719 5716/5716 335/335
f 335/335 5716/5716 5722/5722
f 5717/5717 5291/5291 5364/5364
f 326/326 5293/5293 5368/5368
f 111/111 3557/3557 257/257
f 90/90 3557/3557 103/103
f 103/103 96/96 90/90
f 111/111 103/103 3557/3557
f 332/332 2744/2744 88/88
f 2744/2744 3556/3556 88/88
f 246/246 3553/3553 4420/4420
f 246/246 265/265 3553/3553
f 3554/3554 266/266 3550/3550
f 1749/1749 1746/1746 2014/2014
f 1752/1752 4930/4930 5277/5277
f 2705/2705 2012/2012 2013/2013
f 1753/1753 2014/2014 4929/4929
f 1749/1749 2014/2014 1753/1753
f 3945/3945 2014/2014 1746/1746
f 5283/5283 1751/1751 5279/5279
f 5283/5283 1750/1750 1751/1751
f 5719/5719 5369/5369 5716/5716
f 2704/2704 3944/3944 2924/2924
f 154/154 313/313 317/317
f 5684/5684 1957/1957 158/158
f 297/297 1957/1957 5684/5684
f 5685/5685 153/153 211/211
f 1960/1960 313/313 154/154
f 5655/5655 1962/1962 1965/1965
f 2230/2230 3051/3051 5656/5656
f 341/341 3982/3982 2106/2106
f 297/297 1956/1956 1957/1957
f 2105/2105 3980/3980 83/83
f 2105/2105 83/83 1958/1958
f 2098/2098 343/343 2104/2104
f 2103/2103 1959/1959 1955/1955
f 5656/5656 2098/2098 2104/2104
f 1954/1954 5655/5655 2105/2105
f 5656/5656 3051/3051 2098/2098
f 297/297 1968/1968 1956/1956
f 1962/1962 5655/5655 1954/1954
f 1968/1968 1961/1961 1956/1956
f 1958/1958 83/83 316/316
f 342/342 1737/1737 3981/3981
f 5680/5680 5682/5682 294/294
f 5682/5682 1967/1967 296/296
f 294/294 5682/5682 296/296
f 5687/5687 1963/1963 1961/1961
f 5687/5687 1961/1961 1968/1968
f 1966/1966 5682/5682 5062/5062
f 3284/3284 3291/3291 326/326
f 3291/3291 3286/3286 326/326
f 3290/3290 5284/5284 3287/3287
f 2925/2925 2928/2928 2918/2918
f 5363/5363 5498/5498 5481/5481
f 5073/5073 2381/2381 5499/5499
f 2381/2381 2825/2825 5499/5499
f 2367/2367 2380/2380 2371/2371
f 1860/1860 3689/3689 1863/1863
f 258/258 5467/5467 5470/5470
f 3689/3689 5165/5165 1863/1863
f 5164/5164 3690/3690 5459/5459
f 4174/4174 1865/1865 1850/1850
f 4174/4174 1853/1853 1865/1865
f 1276/1276 5020/5020 344/344
f 1274/1274 1864/1864 5021/5021
f 5019/5019 164/164 345/345
f 1864/1864 1852/1852 5021/5021
f 5020/5020 5018/5018 344/344
f 1865/1865 1861/1861 1850/1850
f 1864/1864 1274/1274 1860/1860
f 346/346 163/163 167/167
f 1860/1860 1274/1274 3689/3689
f 1275/1275 347/347 3692/3692
f 3691/3691 1275/1275 3692/3692
f 3693/3693 167/167 5458/5458
f 5470/5470 5458/5458 167/167
f 167/167 258/258 5470/5470
f 3691/3691 3692/3692 5457/5457
f 3693/3693 346/346 167/167
f 164/164 5019/5019 349/349
f 4132/4132 5018/5018 5020/5020
f 2371/2371 2492/2492 2369/2369
f 2371/2371 2376/2376 2492/2492
f 2380/2380 2376/2376 2371/2371
f 2164/2164 1855/1855 4178/4178
f 4178/4178 1855/1855 4176/4176
f 2873/2873 2163/2163 4177/4177
f 3338/3338 5072/5072 5363/5363
f 5071/5071 3339/3339 3334/3334
f 3339/3339 2161/2161 3334/3334
f 2041/2041 2159/2159 3336/3336
f 5363/5363 2050/2050 3338/3338
f 2041/2041 3336/3336 2049/2049
f 5501/5501 2042/2042 2048/2048
f 5501/5501 2039/2039 2042/2042
f 2039/2039 2038/2038 2042/2042
f 2039/2039 2036/2036 2038/2038
f 4177/4177 2159/2159 2873/2873
f 2159/2159 4177/4177 2162/2162
f 4179/4179 4178/4178 4176/4176
f 2037/2037 2158/2158 2040/2040
f 2037/2037 2166/2166 2874/2874
f 2874/2874 2158/2158 2037/2037
f 1866/1866 2160/2160 4179/4179
f 2160/2160 4178/4178 4179/4179
f 3336/3336 2159/2159 2162/2162
f 5492/5492 5503/5503 2047/2047
f 5482/5482 5483/5483 2047/2047
f 5072/5072 5498/5498 5363/5363
f 5363/5363 5481/5481 2046/2046
f 1859/1859 5692/5692 1853/1853
f 4174/4174 1859/1859 1853/1853
f 1852/1852 4131/4131 5021/5021
f 1852/1852 5690/5690 4131/4131
f 348/348 271/271 162/162
f 5676/5676 5022/5022 4132/4132
f 5019/5019 5023/5023 349/349
f 5677/5677 4130/4130 5690/5690
f 5690/5690 4130/4130 4131/4131
f 349/349 5023/5023 5064/5064
f 4132/4132 5022/5022 5018/5018
f 4129/4129 5676/5676 4132/4132
f 5063/5063 4475/4475 348/348
f 348/348 4475/4475 271/271
f 293/293 172/172 3315/3315
f 1858/1858 5678/5678 5691/5691
f 5063/5063 5061/5061 4475/4475
f 5023/5023 5679/5679 5064/5064
f 4476/4476 4485/4485 286/286
f 5689/5689 5686/5686 5062/5062
f 5679/5679 5689/5689 5062/5062
f 5689/5689 5679/5679 1857/1857
f 4476/4476 4480/4480 4485/4485
f 4478/4478 5061/5061 4481/4481
f 4480/4480 4476/4476 4479/4479
f 4475/4475 5061/5061 4478/4478
f 5064/5064 5679/5679 5062/5062
f 4171/4171 1856/1856 4173/4173
f 4482/4482 5062/5062 5682/5682
f 5680/5680 4484/4484 5682/5682
f 4482/4482 5682/5682 4484/4484
f 5686/5686 1966/1966 5062/5062
f 2013/2013 2012/2012 2017/2017
f 2703/2703 2696/2696 2011/2011
f 2017/2017 2012/2012 2023/2023
f 2695/2695 2702/2702 2921/2921
f 2695/2695 2921/2921 2929/2929
f 3944/3944 2704/2704 2015/2015
f 2010/2010 2700/2700 2024/2024
f 2697/2697 2700/2700 2010/2010
f 2707/2707 2699/2699 2930/2930
f 2929/2929 2698/2698 2695/2695
f 5648/5648 2707/2707 2930/2930
f 2024/2024 2700/2700 2020/2020
f 2706/2706 2701/2701 2698/2698
f 2701/2701 2695/2695 2698/2698
f 2922/2922 2703/2703 2918/2918
f 2918/2918 2703/2703 2925/2925
f 2922/2922 2918/2918 5754/5754
f 5746/5746 5751/5751 5756/5756
f 5756/5756 5724/5724 5647/5647
f 5754/5754 5648/5648 2922/2922
f 5648/5648 2930/2930 2922/2922
f 5749/5749 5743/5743 5724/5724
f 5724/5724 5743/5743 5647/5647
f 5749/5749 5727/5727 5743/5743
f 5752/5752 5749/5749 5756/5756
f 5749/5749 5723/5723 5756/5756
f 2919/2919 5748/5748 5755/5755
f 5642/5642 5636/5636 5745/5745
f 5751/5751 5746/5746 5637/5637
f 2927/2927 5747/5747 2920/2920
f 2927/2927 5641/5641 5747/5747
f 1854/1854 1861/1861 4175/4175
f 4171/4171 4173/4173 1851/1851
f 2164/2164 1851/1851 1855/1855
f 2164/2164 4171/4171 1851/1851
f 4175/4175 1861/1861 1862/1862
f 4175/4175 1862/1862 4180/4180
f 1854/1854 1850/1850 1861/1861
f 5633/5633 597/597 5626/5626
f 4910/4910 3492/3492 1629/1629
f 368/368 5630/5630 5633/5633
f 5628/5628 368/368 357/357
f 595/595 5633/5633 5630/5630
f 5630/5630 368/368 5628/5628
f 5641/5641 5628/5628 357/357
f 357/357 352/352 361/361
f 356/356 360/360 5639/5639
f 367/367 5624/5624 364/364
f 359/359 363/363 5627/5627
f 5642/5642 5635/5635 5636/5636
f 5626/5626 5635/5635 5642/5642
f 5628/5628 5641/5641 2927/2927
f 359/359 5627/5627 5640/5640
f 2284/2284 2248/2248 2776/2776
f 2280/2280 2286/2286 2777/2777
f 3228/3228 4507/4507 3631/3631
f 4508/4508 4188/4188 3632/3632
f 2251/2251 1300/1300 2256/2256
f 2251/2251 2256/2256 2257/2257
f 2251/2251 2257/2257 2252/2252
f 3020/3020 2268/2268 2999/2999
f 2999/2999 2268/2268 2271/2271
f 2291/2291 1616/1616 2999/2999
f 3021/3021 1618/1618 1604/1604
f 2290/2290 2998/2998 1618/1618
f 3020/3020 2999/2999 1616/1616
f 2256/2256 1306/1306 2257/2257
f 2257/2257 1306/1306 2268/2268
f 2289/2289 2257/2257 2268/2268
f 1294/1294 1306/1306 2256/2256
f 1299/1299 1293/1293 1301/1301
f 1301/1301 1293/1293 2255/2255
f 1293/1293 1299/1299 1286/1286
f 1304/1304 1293/1293 1292/1292
f 2268/2268 1306/1306 2271/2271
f 2289/2289 3020/3020 2283/2283
f 2252/2252 2289/2289 2283/2283
f 2289/2289 2252/2252 2257/2257
f 2289/2289 2268/2268 3020/3020
f 1298/1298 1300/1300 2254/2254
f 2254/2254 1300/1300 2251/2251
f 1309/1309 1298/1298 2254/2254
f 1576/1576 1569/1569 1307/1307
f 1569/1569 4636/4636 1307/1307
f 4637/4637 1297/1297 1308/1308
f 4637/4637 1285/1285 1297/1297
f 2187/2187 3190/3190 2265/2265
f 2186/2186 2266/2266 2196/2196
f 3188/3188 1310/1310 2262/2262
f 1309/1309 2254/2254 2264/2264
f 1576/1576 1307/1307 3187/3187
f 3190/3190 2263/2263 2265/2265
f 3192/3192 3188/3188 3189/3189
f 3188/3188 2262/2262 3189/3189
f 2267/2267 2264/2264 2254/2254
f 3191/3191 1576/1576 3187/3187
f 2266/2266 2261/2261 2196/2196
f 2198/2198 4190/4190 2188/2188
f 4191/4191 4188/4188 4300/4300
f 2259/2259 2197/2197 2195/2195
f 2198/2198 2205/2205 4190/4190
f 4192/4192 2203/2203 4187/4187
f 2259/2259 2288/2288 2197/2197
f 2267/2267 2254/2254 2260/2260
f 2254/2254 2253/2253 2258/2258
f 2260/2260 2254/2254 2258/2258
f 2258/2258 2282/2282 2288/2288
f 2258/2258 2288/2288 2259/2259
f 4188/4188 5203/5203 4300/4300
f 2287/2287 2205/2205 2198/2198
f 2253/2253 2282/2282 2258/2258
f 2252/2252 2282/2282 2253/2253
f 2254/2254 2251/2251 2253/2253
f 2251/2251 2252/2252 2253/2253
f 5203/5203 4188/4188 4508/4508
f 4302/4302 5204/5204 4506/4506
f 5204/5204 4507/4507 4506/4506
f 2188/2188 2196/2196 2194/2194
f 2260/2260 2258/2258 2259/2259
f 2196/2196 2261/2261 2194/2194
f 2260/2260 2259/2259 2195/2195
f 3228/3228 4506/4506 4507/4507
f 2205/2205 2287/2287 2275/2275
f 2288/2288 2282/2282 2277/2277
f 2282/2282 2283/2283 2281/2281
f 2282/2282 2281/2281 2276/2276
f 1611/1611 2248/2248 2284/2284
f 3824/3824 3021/3021 1604/1604
f 1605/1605 1617/1617 1603/1603
f 1610/1610 1605/1605 1608/1608
f 2285/2285 3021/3021 3824/3824
f 3823/3823 1606/1606 1609/1609
f 3822/3822 1611/1611 2284/2284
f 2283/2283 2282/2282 2252/2252
f 4379/4379 4191/4191 4300/4300
f 2189/2189 4193/4193 4377/4377
f 6207/6207 4957/4957 6206/6206
f 2318/2318 2322/2322 6205/6205
f 2318/2318 2317/2317 2322/2322
f 6207/6207 6206/6206 2323/2323
f 4501/4501 4378/4378 4301/4301
f 4302/4302 4506/4506 4500/4500
f 4302/4302 4500/4500 4503/4503
f 4378/4378 4501/4501 5253/5253
f 5254/5254 4502/4502 5274/5274
f 5254/5254 5274/5274 5255/5255
f 5274/5274 4502/4502 4499/4499
f 5197/5197 2189/2189 4377/4377
f 5195/5195 4378/4378 5253/5253
f 2212/2212 2189/2189 5197/5197
f 2211/2211 5196/5196 5150/5150
f 5195/5195 4685/4685 5151/5151
f 5195/5195 5253/5253 4685/4685
f 2186/2186 2196/2196 2188/2188
f 2188/2188 2194/2194 2198/2198
f 2182/2182 2186/2186 2188/2188
f 4188/4188 5201/5201 3632/3632
f 2275/2275 2273/2273 2206/2206
f 3228/3228 3631/3631 3628/3628
f 3624/3624 3227/3227 3629/3629
f 6207/6207 3623/3623 4957/4957
f 2274/2274 5342/5342 5328/5328
f 2272/2272 2276/2276 5341/5341
f 2205/2205 2275/2275 2206/2206
f 5202/5202 2204/2204 2207/2207
f 4189/4189 2204/2204 5202/5202
f 3630/3630 3625/3625 3627/3627
f 3622/3622 3627/3627 3625/3625
f 5327/5327 5143/5143 2206/2206
f 6044/6044 2208/2208 5145/5145
f 2273/2273 5327/5327 2206/2206
f 6044/6044 5201/5201 2208/2208
f 3633/3633 3625/3625 3630/3630
f 2276/2276 2281/2281 5341/5341
f 4499/4499 4505/4505 5276/5276
f 4162/4162 5276/5276 3231/3231
f 4499/4499 5276/5276 5274/5274
f 1603/1603 1608/1608 1605/1605
f 3215/3215 2182/2182 2209/2209
f 2182/2182 2188/2188 2209/2209
f 3215/3215 2209/2209 2184/2184
f 4811/4811 4956/4956 3621/3621
f 6206/6206 4957/4957 6189/6189
f 2314/2314 4160/4160 2324/2324
f 3230/3230 4506/4506 3228/3228
f 3227/3227 6209/6209 3233/3233
f 5275/5275 4504/4504 3232/3232
f 4161/4161 3229/3229 6207/6207
f 6208/6208 2324/2324 4160/4160
f 6209/6209 3227/3227 3624/3624
f 6190/6190 4954/4954 4760/4760
f 3526/3526 4285/4285 4287/4287
f 3526/3526 2432/2432 4285/4285
f 3200/3200 2433/2433 3525/3525
f 4285/4285 2432/2432 4282/4282
f 4283/4283 4284/4284 4286/4286
f 4283/4283 3528/3528 4279/4279
f 2432/2432 3527/3527 4282/4282
f 3524/3524 3527/3527 2432/2432
f 3521/3521 4279/4279 3528/3528
f 1825/1825 1324/1324 2882/2882
f 1328/1328 3757/3757 3880/3880
f 1329/1329 2818/2818 2816/2816
f 3759/3759 1825/1825 2885/2885
f 3758/3758 1330/1330 2817/2817
f 2814/2814 2819/2819 4281/4281
f 2813/2813 2815/2815 2820/2820
f 2812/2812 3758/3758 2817/2817
f 3524/3524 3519/3519 3527/3527
f 2812/2812 1824/1824 3758/3758
f 3521/3521 2811/2811 4279/4279
f 2812/2812 1323/1323 1824/1824
f 2831/2831 1327/1327 2813/2813
f 3539/3539 2829/2829 2810/2810
f 2812/2812 1326/1326 4694/4694
f 4694/4694 1323/1323 2812/2812
f 3523/3523 2434/2434 3199/3199
f 2430/2430 2424/2424 3523/3523
f 3521/3521 3538/3538 2811/2811
f 3527/3527 3519/3519 3522/3522
f 2270/2270 1322/1322 3000/3000
f 1292/1292 1279/1279 1283/1283
f 1292/1292 1283/1283 1305/1305
f 2269/2269 1305/1305 1302/1302
f 1305/1305 1283/1283 1302/1302
f 2269/2269 1302/1302 1321/1321
f 2290/2290 1322/1322 2998/2998
f 3000/3000 1322/1322 2290/2290
f 2998/2998 1322/1322 2992/2992
f 3011/3011 1384/1384 1372/1372
f 3011/3011 3714/3714 1384/1384
f 3719/3719 1384/1384 3714/3714
f 3720/3720 3715/3715 3716/3716
f 1390/1390 3720/3720 3717/3717
f 1279/1279 1320/1320 1295/1295
f 1283/1283 1279/1279 1295/1295
f 1295/1295 1320/1320 1278/1278
f 1320/1320 1277/1277 1278/1278
f 1295/1295 1278/1278 1291/1291
f 1296/1296 1290/1290 2995/2995
f 1283/1283 1295/1295 2994/2994
f 1283/1283 2994/2994 1302/1302
f 1278/1278 1277/1277 1287/1287
f 2427/2427 3733/3733 2424/2424
f 3019/3019 3006/3006 4158/4158
f 4158/4158 3006/3006 1378/1378
f 3008/3008 1378/1378 3006/3006
f 2991/2991 3006/3006 3019/3019
f 3008/3008 3006/3006 2993/2993
f 2991/2991 2993/2993 3006/3006
f 2993/2993 2995/2995 1290/1290
f 2993/2993 1290/1290 3722/3722
f 2993/2993 3722/3722 3008/3008
f 1289/1289 3732/3732 3721/3721
f 3732/3732 3730/3730 3712/3712
f 3721/3721 3712/3712 3007/3007
f 3008/3008 3713/3713 3012/3012
f 3010/3010 3712/3712 3715/3715
f 3712/3712 3721/3721 3732/3732
f 1291/1291 1278/1278 3731/3731
f 3732/3732 1288/1288 3735/3735
f 1278/1278 1287/1287 3731/3731
f 3716/3716 3715/3715 3712/3712
f 3199/3199 2430/2430 3523/3523
f 3730/3730 2426/2426 2431/2431
f 3716/3716 3730/3730 2431/2431
f 3730/3730 3732/3732 2426/2426
f 3730/3730 3716/3716 3712/3712
f 2430/2430 2427/2427 2424/2424
f 3735/3735 2426/2426 3732/3732
f 2992/2992 1322/1322 2995/2995
f 3016/3016 2991/2991 3019/3019
f 2995/2995 2993/2993 2992/2992
f 2992/2992 2993/2993 2991/2991
f 2992/2992 2991/2991 3016/3016
f 1321/1321 1302/1302 2994/2994
f 6210/6210 3018/3018 4159/4159
f 6210/6210 4159/4159 6225/6225
f 6225/6225 4159/4159 3002/3002
f 4158/4158 1378/1378 3001/3001
f 3009/3009 3011/3011 1372/1372
f 1377/1377 3009/3009 1372/1372
f 3001/3001 1378/1378 3003/3003
f 2998/2998 2992/2992 3016/3016
f 3916/3916 3218/3218 3728/3728
f 3717/3717 3729/3729 3724/3724
f 3717/3717 3720/3720 3716/3716
f 3716/3716 2431/2431 3915/3915
f 3717/3717 3716/3716 3915/3915
f 3220/3220 2428/2428 3200/3200
f 2429/2429 3218/3218 3916/3916
f 3717/3717 3915/3915 3729/3729
f 4572/4572 3386/3386 3382/3382
f 3375/3375 4572/4572 3382/3382
f 3375/3375 3378/3378 4572/4572
f 3841/3841 2007/2007 2003/2003
f 3846/3846 6030/6030 2005/2005
f 3845/3845 2006/2006 2008/2008
f 3841/3841 3844/3844 2007/2007
f 3245/3245 3843/3843 3840/3840
f 3579/3579 2396/2396 3846/3846
f 5444/5444 5443/5443 5449/5449
f 5450/5450 5448/5448 3240/3240
f 3241/3241 5447/5447 3242/3242
f 5448/5448 5451/5451 3243/3243
f 5445/5445 5451/5451 5442/5442
f 5451/5451 5448/5448 5442/5442
f 5443/5443 5442/5442 5449/5449
f 5449/5449 5442/5442 5448/5448
f 5449/5449 5448/5448 5450/5450
f 5449/5449 5450/5450 3240/3240
f 5442/5442 5443/5443 5445/5445
f 5446/5446 5451/5451 5445/5445
f 5446/5446 5445/5445 5443/5443
f 2481/2481 3578/3578 3573/3573
f 3755/3755 2481/2481 3573/3573
f 2480/2480 2446/2446 2482/2482
f 2482/2482 3756/3756 2480/2480
f 3664/3664 2398/2398 5476/5476
f 2448/2448 3663/3663 5475/5475
f 5454/5454 5451/5451 3571/3571
f 3570/3570 3577/3577 5453/5453
f 3572/3572 3577/3577 3570/3570
f 5474/5474 3580/3580 2482/2482
f 2482/2482 2446/2446 5474/5474
f 5446/5446 3571/3571 5451/5451
f 3579/3579 2398/2398 2396/2396
f 5452/5452 3576/3576 3842/3842
f 5452/5452 3842/3842 3244/3244
f 5451/5451 5454/5454 3243/3243
f 3579/3579 5476/5476 2398/2398
f 5439/5439 5446/5446 5444/5444
f 5449/5449 3240/3240 5438/5438
f 3571/3571 5446/5446 5439/5439
f 3572/3572 3570/3570 5441/5441
f 5446/5446 5443/5443 5444/5444
f 3846/3846 2396/2396 6030/6030
f 2397/2397 2399/2399 2598/2598
f 5874/5874 3656/3656 2537/2537
f 5618/5618 3389/3389 4639/4639
f 4571/4571 3390/3390 2453/2453
f 3391/3391 3574/3574 2455/2455
f 3655/3655 2480/2480 3392/3392
f 3392/3392 2480/2480 3756/3756
f 3390/3390 5619/5619 3654/3654
f 5430/5430 5434/5434 3310/3310
f 5430/5430 3310/3310 5432/5432
f 5434/5434 5430/5430 5435/5435
f 5435/5435 5430/5430 5428/5428
f 4571/4571 3234/3234 3387/3387
f 2458/2458 3308/3308 3235/3235
f 2458/2458 3235/3235 2454/2454
f 4571/4571 2453/2453 3234/3234
f 2459/2459 5431/5431 3309/3309
f 5435/5435 5431/5431 2459/2459
f 2459/2459 5434/5434 5435/5435
f 2445/2445 2479/2479 3653/3653
f 3391/3391 3755/3755 3574/3574
f 3575/3575 5441/5441 2456/2456
f 5433/5433 2460/2460 2457/2457
f 2479/2479 3662/3662 2447/2447
f 3662/3662 2479/2479 3660/3660
f 2445/2445 3660/3660 2479/2479
f 3310/3310 5439/5439 5438/5438
f 5439/5439 3310/3310 5434/5434
f 5444/5444 5449/5449 5438/5438
f 3575/3575 3572/3572 5441/5441
f 3574/3574 3755/3755 3573/3573
f 5440/5440 5433/5433 2457/2457
f 5439/5439 5444/5444 5438/5438
f 3654/3654 5619/5619 2539/2539
f 5874/5874 3658/3658 3656/3656
f 3658/3658 2444/2444 3656/3656
f 3658/3658 3659/3659 2444/2444
f 3239/3239 3840/3840 5436/5436
f 3239/3239 3245/3245 3840/3840
f 5436/5436 3840/3840 3839/3839
f 4642/4642 3403/3403 3396/3396
f 3395/3395 3398/3398 4641/4641
f 1581/1581 5623/5623 4640/4640
f 4638/4638 3397/3397 1318/1318
f 4638/4638 1318/1318 1579/1579
f 3388/3388 3378/3378 3404/3404
f 4639/4639 3389/3389 3405/3405
f 3388/3388 4572/4572 3378/3378
f 3404/3404 3378/3378 3394/3394
f 4339/4339 4334/4334 4323/4323
f 4355/4355 4339/4339 4325/4325
f 4324/4324 4342/4342 4353/4353
f 4353/4353 1271/1271 4324/4324
f 5929/5929 5325/5325 4341/4341
f 2734/2734 2724/2724 2728/2728
f 2722/2722 2734/2734 2728/2728
f 2723/2723 3581/3581 3282/3282
f 4348/4348 2721/2721 4342/4342
f 2727/2727 2723/2723 3282/3282
f 3582/3582 2726/2726 3283/3283
f 2722/2722 2728/2728 4340/4340
f 4348/4348 4342/4342 4324/4324
f 2731/2731 2726/2726 3582/3582
f 2728/2728 5323/5323 4340/4340
f 5929/5929 4341/4341 5322/5322
f 1597/1597 1269/1269 1600/1600
f 4327/4327 5906/5906 4366/4366
f 4329/4329 4363/4363 2694/2694
f 4329/4329 2694/2694 3788/3788
f 4328/4328 3063/3063 3303/3303
f 5995/5995 5907/5907 5912/5912
f 5903/5903 5907/5907 5995/5995
f 5903/5903 5995/5995 1272/1272
f 5927/5927 5908/5908 5904/5904
f 5907/5907 5324/5324 2808/2808
f 4353/4353 5909/5909 5926/5926
f 4353/4353 4327/4327 4323/4323
f 4353/4353 5926/5926 4327/4327
f 4353/4353 4322/4322 1271/1271
f 4342/4342 5909/5909 4353/4353
f 5326/5326 5909/5909 4342/4342
f 5926/5926 5906/5906 4327/4327
f 2685/2685 5947/5947 2688/2688
f 2692/2692 4364/4364 2685/2685
f 2686/2686 2690/2690 2693/2693
f 2692/2692 2689/2689 3060/3060
f 5946/5946 4365/4365 5902/5902
f 2685/2685 4364/4364 5947/5947
f 5907/5907 5930/5930 5912/5912
f 5912/5912 5930/5930 5918/5918
f 2690/2690 2686/2686 2687/2687
f 2690/2690 2687/2687 5860/5860
f 5846/5846 2689/2689 5861/5861
f 5912/5912 5918/5918 5924/5924
f 4353/4353 4323/4323 4334/4334
f 3299/3299 4346/4346 4339/4339
f 3299/3299 3301/3301 4346/4346
f 2691/2691 3059/3059 3790/3790
f 4952/4952 3061/3061 3064/3064
f 3789/3789 3061/3061 4952/4952
f 3060/3060 2689/2689 5847/5847
f 5847/5847 2689/2689 5846/5846
f 3300/3300 4328/4328 3303/3303
f 3060/3060 5847/5847 3062/3062
f 3303/3303 3063/3063 5848/5848
f 3303/3303 5848/5848 5845/5845
f 4345/4345 3302/3302 5844/5844
f 4323/4323 4327/4327 3299/3299
f 4323/4323 3299/3299 4339/4339
f 4329/4329 3788/3788 4824/4824
f 3063/3063 4328/4328 4825/4825
f 3063/3063 4825/4825 4953/4953
f 3789/3789 4952/4952 4823/4823
f 4579/4579 901/901 3818/3818
f 4585/4585 4579/4579 3818/3818
f 2849/2849 4399/4399 2832/2832
f 4531/4531 4399/4399 4397/4397
f 4397/4397 4408/4408 4402/4402
f 4402/4402 4531/4531 4397/4397
f 3679/3679 3698/3698 4411/4411
f 3697/3697 3678/3678 3785/3785
f 4406/4406 3697/3697 3696/3696
f 3697/3697 3785/3785 3696/3696
f 3783/3783 4405/4405 3695/3695
f 2851/2851 2846/2846 2843/2843
f 2846/2846 2851/2851 2855/2855
f 2855/2855 2851/2851 2852/2852
f 4526/4526 4513/4513 4511/4511
f 4526/4526 4514/4514 4513/4513
f 4526/4526 1716/1716 4523/4523
f 4523/4523 1716/1716 4404/4404
f 4513/4513 1666/1666 4511/4511
f 1715/1715 1667/1667 1686/1686
f 5355/5355 1711/1711 2863/2863
f 4526/4526 4511/4511 1716/1716
f 4512/4512 1667/1667 1715/1715
f 2869/2869 1715/1715 1710/1710
f 1712/1712 5356/5356 2866/2866
f 2860/2860 5355/5355 2863/2863
f 2860/2860 2863/2863 2861/2861
f 2844/2844 4403/4403 1714/1714
f 2844/2844 1714/1714 2868/2868
f 2843/2843 2867/2867 2851/2851
f 5357/5357 2859/2859 2449/2449
f 2852/2852 2867/2867 2858/2858
f 2858/2858 2867/2867 5355/5355
f 2852/2852 2851/2851 2867/2867
f 1715/1715 1686/1686 1665/1665
f 1709/1709 1715/1715 1665/1665
f 1710/1710 1715/1715 1709/1709
f 2832/2832 4403/4403 2844/2844
f 2832/2832 4399/4399 4403/4403
f 4521/4521 4522/4522 4404/4404
f 4521/4521 4404/4404 4398/4398
f 4404/4404 4522/4522 4523/4523
f 4524/4524 1672/1672 4513/4513
f 4513/4513 1692/1692 1666/1666
f 4524/4524 4513/4513 4514/4514
f 4523/4523 4515/4515 3354/3354
f 4523/4523 4524/4524 4514/4514
f 4516/4516 4515/4515 4523/4523
f 3354/3354 4524/4524 4523/4523
f 4523/4523 4514/4514 4526/4526
f 4527/4527 4523/4523 4522/4522
f 4522/4522 4516/4516 4527/4527
f 4398/4398 4529/4529 4521/4521
f 4515/4515 4516/4516 4529/4529
f 4527/4527 4516/4516 4523/4523
f 4529/4529 4516/4516 4521/4521
f 4516/4516 4522/4522 4521/4521
f 4529/4529 4398/4398 4532/4532
f 4402/4402 4528/4528 4531/4531
f 4530/4530 4400/4400 4520/4520
f 4530/4530 4520/4520 4515/4515
f 4513/4513 1672/1672 1692/1692
f 2865/2865 2863/2863 2958/2958
f 2863/2863 1711/1711 2958/2958
f 1707/1707 1710/1710 1709/1709
f 2861/2861 2863/2863 2865/2865
f 2864/2864 5407/5407 2862/2862
f 5355/5355 2450/2450 2858/2858
f 2860/2860 2861/2861 2451/2451
f 1897/1897 4408/4408 4407/4407
f 1808/1808 3679/3679 4411/4411
f 1897/1897 4237/4237 4408/4408
f 3783/3783 1897/1897 4407/4407
f 4407/4407 4405/4405 3783/3783
f 3694/3694 1896/1896 3784/3784
f 3786/3786 1896/1896 3694/3694
f 2850/2850 2836/2836 4752/4752
f 2850/2850 2833/2833 2836/2836
f 4397/4397 4399/4399 2849/2849
f 3903/3903 4396/4396 2848/2848
f 4407/4407 4408/4408 4397/4397
f 4407/4407 4397/4397 3902/3902
f 3902/3902 4405/4405 4407/4407
f 1784/1784 4409/4409 1791/1791
f 1783/1783 4409/4409 1784/1784
f 4411/4411 4413/4413 1790/1790
f 3903/3903 2848/2848 4374/4374
f 4412/4412 3903/3903 4374/4374
f 3902/3902 4413/4413 4411/4411
f 2847/2847 4750/4750 5210/5210
f 3902/3902 3698/3698 4405/4405
f 3902/3902 4411/4411 3698/3698
f 1667/1667 1691/1691 1686/1686
f 1686/1686 1691/1691 1673/1673
f 1686/1686 1673/1673 1665/1665
f 1691/1691 1671/1671 1695/1695
f 1691/1691 1695/1695 1694/1694
f 1697/1697 4582/4582 3811/3811
f 4582/4582 4583/4583 3811/3811
f 3355/3355 4525/4525 3353/3353
f 4520/4520 1891/1891 3641/3641
f 1891/1891 4520/4520 4401/4401
f 3352/3352 4519/4519 4524/4524
f 3644/3644 3351/3351 3642/3642
f 3642/3642 3351/3351 3356/3356
f 3355/3355 3350/3350 4525/4525
f 4520/4520 3641/3641 4515/4515
f 1891/1891 4519/4519 3643/3643
f 3643/3643 4519/4519 3352/3352
f 4515/4515 3641/3641 3357/3357
f 4515/4515 3357/3357 3354/3354
f 4573/4573 4581/4581 1696/1696
f 4524/4524 4519/4519 4574/4574
f 1671/1671 4575/4575 1695/1695
f 4581/4581 4579/4579 4585/4585
f 1672/1672 4524/4524 4574/4574
f 4579/4579 4581/4581 4573/4573
f 1890/1890 1899/1899 4517/4517
f 1892/1892 1899/1899 1890/1890
f 4576/4576 4517/4517 1899/1899
f 4579/4579 4578/4578 912/912
f 4578/4578 4579/4579 4518/4518
f 4518/4518 4579/4579 4573/4573
f 1911/1911 3677/3677 1809/1809
f 1894/1894 1895/1895 3787/3787
f 1899/1899 1894/1894 1911/1911
f 1894/1894 1899/1899 4238/4238
f 1892/1892 4238/4238 1899/1899
f 1894/1894 3787/3787 3677/3677
f 1911/1911 1894/1894 3677/3677
f 1891/1891 3643/3643 3641/3641
f 4401/4401 4236/4236 1891/1891
f 4237/4237 4402/4402 4408/4408
f 1893/1893 1889/1889 4239/4239
f 4238/4238 1895/1895 1894/1894
f 2846/2846 2833/2833 2843/2843
f 2835/2835 2833/2833 2846/2846
f 5405/5405 2857/2857 2452/2452
f 5558/5558 5170/5170 5568/5568
f 5172/5172 5561/5561 5307/5307
f 1365/1365 1396/1396 1354/1354
f 5304/5304 1355/1355 5307/5307
f 5302/5302 1365/1365 1354/1354
f 5306/5306 5560/5560 5136/5136
f 5561/5561 2584/2584 1364/1364
f 5567/5567 6100/6100 5561/5561
f 6100/6100 2584/2584 5561/5561
f 5561/5561 1364/1364 5183/5183
f 5140/5140 5559/5559 5182/5182
f 5141/5141 5303/5303 5305/5305
f 5183/5183 1364/1364 5304/5304
f 5139/5139 5181/5181 5301/5301
f 2682/2682 3222/3222 2679/2679
f 2678/2678 3370/3370 2683/2683
f 3223/3223 2683/2683 3370/3370
f 3169/3169 3221/3221 5513/5513
f 2679/2679 3222/3222 3167/3167
f 3371/3371 5513/5513 3221/3221
f 2673/2673 2684/2684 2680/2680
f 3126/3126 3770/3770 3090/3090
f 3534/3534 2674/2674 3770/3770
f 3770/3770 2674/2674 2681/2681
f 3088/3088 3095/3095 3089/3089
f 2550/2550 3128/3128 2553/2553
f 3128/3128 2550/2550 3125/3125
f 3514/3514 3130/3130 3126/3126
f 3510/3510 3174/3174 3344/3344
f 3174/3174 3513/3513 3344/3344
f 3091/3091 3346/3346 3512/3512
f 3090/3090 3514/3514 3126/3126
f 3092/3092 3514/3514 3090/3090
f 2552/2552 3531/3531 2548/2548
f 2548/2548 3531/3531 2554/2554
f 2555/2555 3530/3530 3532/3532
f 2555/2555 3532/3532 3772/3772
f 3124/3124 2549/2549 2556/2556
f 3124/3124 2556/2556 3771/3771
f 3456/3456 3346/3346 3091/3091
f 2673/2673 2676/2676 2684/2684
f 1765/1765 2908/2908 1764/1764
f 3097/3097 1471/1471 3087/3087
f 1471/1471 1479/1479 3087/3087
f 3170/3170 3345/3345 3454/3454
f 5551/5551 5486/5486 5557/5557
f 5551/5551 2907/2907 1766/1766
f 5484/5484 5551/5551 1766/1766
f 2564/2564 2560/2560 3306/3306
f 3120/3120 3275/3275 3116/3116
f 3305/3305 3478/3478 3472/3472
f 3479/3479 3305/3305 3472/3472
f 3121/3121 3120/3120 3116/3116
f 3117/3117 3476/3476 3123/3123
f 5519/5519 5549/5549 3477/3477
f 3475/3475 2561/2561 5518/5518
f 3304/3304 2561/2561 3475/3475
f 3476/3476 5548/5548 3123/3123
f 5539/5539 3119/3119 3122/3122
f 3437/3437 3618/3618 3428/3428
f 2677/2677 5514/5514 3372/3372
f 5515/5515 5547/5547 3431/3431
f 3430/3430 3437/3437 3428/3428
f 3431/3431 5547/5547 3438/3438
f 3439/3439 5549/5549 5519/5519
f 3417/3417 5540/5540 3276/3276
f 5477/5477 3423/3423 5541/5541
f 3276/3276 5540/5540 3422/3422
f 3419/3419 3119/3119 5539/5539
f 5542/5542 3123/3123 5548/5548
f 5477/5477 5541/5541 5510/5510
f 5541/5541 5546/5546 5510/5510
f 3432/3432 3780/3780 3425/3425
f 3434/3434 3436/3436 3441/3441
f 3780/3780 3432/3432 3429/3429
f 3781/3781 3427/3427 3435/3435
f 3617/3617 3436/3436 3434/3434
f 3427/3427 3616/3616 3435/3435
f 1357/1357 3127/3127 3175/3175
f 3511/3511 3176/3176 3131/3131
f 2551/2551 3129/3129 3533/3533
f 2674/2674 3127/3127 1357/1357
f 2674/2674 1357/1357 5515/5515
f 3534/3534 3127/3127 2674/2674
f 1357/1357 5547/5547 5515/5515
f 5175/5175 1357/1357 3175/3175
f 3508/3508 3172/3172 3173/3173
f 3173/3173 3172/3172 5177/5177
f 3533/3533 3529/3529 2551/2551
f 2677/2677 2675/2675 5514/5514
f 2910/2910 1918/1918 1474/1474
f 1478/1478 2906/2906 1474/1474
f 1474/1474 1918/1918 1919/1919
f 2908/2908 1477/1477 1764/1764
f 1920/1920 1916/1916 5173/5173
f 1920/1920 1480/1480 1475/1475
f 4535/4535 5174/5174 1917/1917
f 1480/1480 1920/1920 5173/5173
f 5511/5511 5545/5545 5507/5507
f 5507/5507 5545/5545 2781/2781
f 5478/5478 5508/5508 5522/5522
f 5174/5174 5176/5176 3096/3096
f 5173/5173 3093/3093 3086/3086
f 3086/3086 1480/1480 5173/5173
f 4720/4720 5180/5180 1359/1359
f 5178/5178 3455/3455 3094/3094
f 4535/4535 4720/4720 1359/1359
f 5174/5174 4535/4535 5176/5176
f 4535/4535 1359/1359 5176/5176
f 3170/3170 3509/3509 3345/3345
f 5178/5178 3171/3171 3455/3455
f 3118/3118 3418/3418 3277/3277
f 1354/1354 1396/1396 1348/1348
f 5551/5551 5566/5566 5172/5172
f 2905/2905 5171/5171 2909/2909
f 5171/5171 4535/4535 1917/1917
f 5172/5172 2907/2907 5551/5551
f 2909/2909 5171/5171 1917/1917
f 2910/2910 1474/1474 2906/2906
f 5172/5172 5307/5307 5179/5179
f 5171/5171 5180/5180 4626/4626
f 5171/5171 4626/4626 4535/4535
f 1354/1354 1348/1348 1362/1362
f 1358/1358 1347/1347 4671/4671
f 1349/1349 5413/5413 4668/4668
f 5307/5307 1355/1355 5179/5179
f 5180/5180 4720/4720 4626/4626
f 5179/5179 1355/1355 1358/1358
f 4533/4533 4717/4717 4721/4721
f 4718/4718 4534/4534 4625/4625
f 4625/4625 4534/4534 4537/4537
f 4719/4719 4624/4624 4722/4722
f 4533/4533 4721/4721 4536/4536
f 5559/5559 5140/5140 5137/5137
f 5138/5138 5141/5141 5305/5305
f 5517/5517 2562/2562 3546/3546
f 3546/3546 2562/2562 2565/2565
f 2563/2563 3481/3481 3545/3545
f 2564/2564 3306/3306 3480/3480
f 3476/3476 3117/3117 3473/3473
f 3544/3544 3473/3473 5512/5512
f 3473/3473 3117/3117 5512/5512
f 3545/3545 3481/3481 3474/3474
f 3420/3420 5478/5478 5520/5520
f 3440/3440 5516/5516 3544/3544
f 3426/3426 3168/3168 3431/3431
f 3426/3426 3440/3440 3544/3544
f 3168/3168 3426/3426 2681/2681
f 3424/3424 3782/3782 3442/3442
f 3433/3433 3442/3442 3782/3782
f 3440/3440 3438/3438 5516/5516
f 3168/3168 5515/5515 3431/3431
f 3090/3090 3770/3770 2681/2681
f 3090/3090 2681/2681 5489/5489
f 3873/3873 1921/1921 2544/2544
f 1924/1924 2502/2502 2499/2499
f 1929/1929 1921/1921 3873/3873
f 1928/1928 2504/2504 2501/2501
f 1928/1928 1926/1926 2504/2504
f 1928/1928 2501/2501 1925/1925
f 2500/2500 2497/2497 2496/2496
f 2497/2497 2503/2503 2505/2505
f 2500/2500 2503/2503 2497/2497
f 2496/2496 2505/2505 2511/2511
f 2496/2496 2511/2511 2495/2495
f 2497/2497 2505/2505 2496/2496
f 2545/2545 1574/1574 1572/1572
f 3196/3196 2545/2545 1572/1572
f 3873/3873 2544/2544 3212/3212
f 2543/2543 2545/2545 3211/3211
f 3872/3872 3873/3873 3212/3212
f 2500/2500 2496/2496 2495/2495
f 2543/2543 1922/1922 2531/2531
f 2522/2522 2498/2498 2493/2493
f 2522/2522 1923/1923 2498/2498
f 2510/2510 3049/3049 2494/2494
f 2520/2520 1577/1577 1574/1574
f 2494/2494 3049/3049 2521/2521
f 2543/2543 2531/2531 2545/2545
f 1922/1922 2520/2520 2531/2531
f 2531/2531 2520/2520 1574/1574
f 2531/2531 1574/1574 2545/2545
f 1926/1926 2506/2506 2504/2504
f 1566/1566 1564/1564 1568/1568
f 1573/1573 1568/1568 1575/1575
f 1571/1571 3192/3192 3194/3194
f 1570/1570 1575/1575 3193/3193
f 1573/1573 1575/1575 1570/1570
f 3195/3195 1571/1571 3194/3194
f 2520/2520 3050/3050 1577/1577
f 1578/1578 1568/1568 1573/1573
f 1578/1578 1566/1566 1568/1568
f 2505/2505 2532/2532 2511/2511
f 5311/5311 3045/3045 2534/2534
f 3050/3050 1567/1567 1577/1577
f 2533/2533 3046/3046 2509/2509
f 3047/3047 5312/5312 2510/2510
f 2510/2510 5312/5312 3049/3049
f 3050/3050 5314/5314 1567/1567
f 1926/1926 1940/1940 2506/2506
f 2505/2505 2508/2508 2532/2532
f 1938/1938 1936/1936 2507/2507
f 2515/2515 5311/5311 2534/2534
f 5620/5620 2527/2527 1567/1567
f 5314/5314 5620/5620 1567/1567
f 2526/2526 1580/1580 1566/1566
f 1566/1566 1580/1580 1564/1564
f 1834/1834 1423/1423 1446/1446
f 1448/1448 1447/1447 1444/1444
f 1451/1451 1447/1447 1448/1448
f 1446/1446 1450/1450 1834/1834
f 1413/1413 1415/1415 1408/1408
f 4945/4945 6087/6087 4950/4950
f 5343/5343 6088/6088 6085/6085
f 2580/2580 6102/6102 5343/5343
f 1447/1447 1468/1468 1444/1444
f 2569/2569 2568/2568 1469/1469
f 2570/2570 5348/5348 2576/2576
f 2569/2569 2572/2572 5347/5347
f 3960/3960 3411/3411 2987/2987
f 3025/3025 3033/3033 3036/3036
f 2990/2990 3960/3960 2987/2987
f 3410/3410 3607/3607 2985/2985
f 5332/5332 3032/3032 4311/4311
f 6086/6086 3031/3031 5333/5333
f 6047/6047 5330/5330 4312/4312
f 4596/4596 4618/4618 4594/4594
f 4592/4592 4498/4498 4595/4595
f 6085/6085 3035/3035 3032/3032
f 4597/4597 4595/4595 4498/4498
f 4598/4598 4497/4497 3961/3961
f 3034/3034 4598/4598 3961/3961
f 4497/4497 1660/1660 1661/1661
f 3961/3961 4497/4497 1661/1661
f 3165/3165 3962/3962 3415/3415
f 3409/3409 3962/3962 3165/3165
f 1661/1661 3414/3414 3961/3961
f 6088/6088 2663/2663 3035/3035
f 2663/2663 1879/1879 2401/2401
f 3034/3034 2664/2664 4619/4619
f 4598/4598 3034/3034 4619/4619
f 4620/4620 4496/4496 4591/4591
f 4593/4593 4620/4620 4591/4591
f 6088/6088 3035/3035 6085/6085
f 2664/2664 2402/2402 1660/1660
f 4619/4619 2664/2664 4497/4497
f 4497/4497 2664/2664 1660/1660
f 1417/1417 1424/1424 1833/1833
f 1415/1415 1417/1417 1833/1833
f 1414/1414 1834/1834 1838/1838
f 1466/1466 1404/1404 1445/1445
f 1466/1466 2567/2567 1404/1404
f 1466/1466 1427/1427 2567/2567
f 1427/1427 1470/1470 2567/2567
f 1409/1409 2569/2569 1469/1469
f 1416/1416 1470/1470 1427/1427
f 1416/1416 1411/1411 1470/1470
f 2572/2572 2569/2569 1409/1409
f 1417/1417 1428/1428 1424/1424
f 1410/1410 1417/1417 1413/1413
f 1417/1417 1415/1415 1413/1413
f 2575/2575 1409/1409 1412/1412
f 5339/5339 2574/2574 5335/5335
f 1409/1409 2575/2575 2572/2572
f 2575/2575 5338/5338 2572/2572
f 2579/2579 2575/2575 1412/1412
f 5336/5336 2575/2575 2579/2579
f 1406/1406 6102/6102 2580/2580
f 5337/5337 5339/5339 5335/5335
f 1412/1412 1405/1405 2579/2579
f 4313/4313 4434/4434 6046/6046
f 5329/5329 5331/5331 5142/5142
f 5334/5334 5344/5344 6086/6086
f 5337/5337 5334/5334 5333/5333
f 5335/5335 5334/5334 5337/5337
f 6045/6045 5142/5142 5331/5331
f 5334/5334 6086/6086 5333/5333
f 2581/2581 5344/5344 5334/5334
f 5335/5335 2581/2581 5334/5334
f 1423/1423 1429/1429 1467/1467
f 1423/1423 1467/1467 1446/1446
f 3144/3144 1335/1335 3251/3251
f 2174/2174 2178/2178 2180/2180
f 3885/3885 3877/3877 4288/4288
f 4288/4288 3877/3877 3203/3203
f 2887/2887 2889/2889 2886/2886
f 5859/5859 2889/2889 2887/2887
f 3875/3875 3886/3886 2892/2892
f 3204/3204 3876/3876 3205/3205
f 3209/3209 3206/3206 3876/3876
f 3876/3876 3206/3206 3205/3205
f 3210/3210 3875/3875 2892/2892
f 3887/3887 3210/3210 5838/5838
f 3210/3210 2892/2892 5838/5838
f 2214/2214 5151/5151 4686/4686
f 5151/5151 4685/4685 4686/4686
f 4687/4687 4684/4684 5255/5255
f 4684/4684 5254/5254 5255/5255
f 3140/3140 3143/3143 3250/3250
f 3542/3542 1336/1336 4691/4691
f 4691/4691 1336/1336 1333/1333
f 1336/1336 2177/2177 1333/1333
f 2177/2177 2175/2175 1333/1333
f 2878/2878 1332/1332 2176/2176
f 1339/1339 1346/1346 2175/2175
f 2884/2884 2176/2176 2887/2887
f 2878/2878 2176/2176 2884/2884
f 2889/2889 5853/5853 2890/2890
f 2889/2889 5859/5859 5853/5853
f 3192/3192 3189/3189 3194/3194
f 3194/3194 3189/3189 2185/2185
f 3213/3213 3194/3194 2185/2185
f 3198/3198 2185/2185 2183/2183
f 5259/5259 5271/5271 5268/5268
f 4085/4085 4687/4687 5259/5259
f 4086/4086 5260/5260 5463/5463
f 5259/5259 5256/5256 5271/5271
f 5259/5259 5255/5255 5256/5256
f 4687/4687 5255/5255 5259/5259
f 5273/5273 2559/2559 5269/5269
f 2339/2339 5270/5270 2350/2350
f 5272/5272 5271/5271 5256/5256
f 5274/5274 5276/5276 4162/4162
f 5274/5274 4162/4162 5272/5272
f 5255/5255 5274/5274 5256/5256
f 5256/5256 5274/5274 5272/5272
f 5272/5272 4162/4162 2557/2557
f 3209/3209 3214/3214 3206/3206
f 3723/3723 2193/2193 3725/3725
f 2190/2190 3208/3208 3723/3723
f 3208/3208 2193/2193 3723/3723
f 3209/3209 2183/2183 3214/3214
f 3208/3208 3215/3215 2184/2184
f 2215/2215 2210/2210 5149/5149
f 2209/2209 2213/2213 2184/2184
f 3208/3208 2184/2184 2193/2193
f 2350/2350 2558/2558 2327/2327
f 5270/5270 2558/2558 2350/2350
f 4160/4160 2314/2314 2558/2558
f 2315/2315 2322/2322 2317/2317
f 2326/2326 2332/2332 2349/2349
f 2336/2336 2349/2349 2332/2332
f 2340/2340 2336/2336 2338/2338
f 2349/2349 2336/2336 2340/2340
f 2326/2326 2315/2315 2332/2332
f 2315/2315 2317/2317 2332/2332
f 2558/2558 2314/2314 2327/2327
f 3402/3402 3836/3836 4705/4705
f 3224/3224 4705/4705 3836/3836
f 3224/3224 4701/4701 4705/4705
f 4699/4699 4705/4705 4701/4701
f 3387/3387 3234/3234 3837/3837
f 4702/4702 3252/3252 3141/3141
f 4276/4276 3249/3249 3543/3543
f 3248/3248 4702/4702 3141/3141
f 3540/3540 2829/2829 3539/3539
f 2002/2002 3258/3258 3835/3835
f 3225/3225 3837/3837 3255/3255
f 3257/3257 4703/4703 3226/3226
f 2002/2002 2006/2006 2000/2000
f 2830/2830 3541/3541 1325/1325
f 1324/1324 4696/4696 3882/3882
f 3261/3261 1553/1553 3253/3253
f 3256/3256 3252/3252 4702/4702
f 3261/3261 3252/3252 3256/3256
f 1553/1553 1549/1549 3253/3253
f 2001/2001 3260/3260 3259/3259
f 2002/2002 2000/2000 3258/3258
f 3249/3249 1334/1334 3543/3543
f 3542/3542 4691/4691 4694/4694
f 3542/3542 4694/4694 1326/1326
f 2878/2878 4693/4693 1332/1332
f 4692/4692 2879/2879 2881/2881
f 3883/3883 2880/2880 2883/2883
f 4692/4692 2881/2881 4695/4695
f 2881/2881 3884/3884 4695/4695
f 2001/2001 2004/2004 1554/1554
f 3260/3260 2001/2001 1554/1554
f 5428/5428 5430/5430 5429/5429
f 3838/3838 2003/2003 3833/3833
f 3311/3311 5437/5437 3236/3236
f 3237/3237 3838/3838 3833/3833
f 3307/3307 3311/3311 3236/3236
f 5432/5432 3310/3310 3309/3309
f 3238/3238 5436/5436 3839/3839
f 5429/5429 5432/5432 5431/5431
f 5431/5431 5432/5432 3309/3309
f 5431/5431 5428/5428 5429/5429
f 5429/5429 5430/5430 5432/5432
f 5435/5435 5428/5428 5431/5431
f 3838/3838 3841/3841 2003/2003
f 2002/2002 2009/2009 2006/2006
f 1882/1882 1885/1885 3136/3136
f 1885/1885 3132/3132 3136/3136
f 4905/4905 1883/1883 4903/4903
f 4905/4905 1884/1884 1883/1883
f 3135/3135 3133/3133 1463/1463
f 3133/3133 1458/1458 3612/3612
f 3139/3139 1888/1888 1460/1460
f 1460/1460 1888/1888 3610/3610
f 4909/4909 3611/3611 1887/1887
f 1630/1630 4908/4908 1637/1637
f 4892/4892 2491/2491 4909/4909
f 4909/4909 1887/1887 1638/1638
f 1630/1630 1637/1637 1635/1635
f 4906/4906 1636/1636 1638/1638
f 3912/3912 5353/5353 4095/4095
f 4095/4095 5353/5353 4932/4932
f 4932/4932 3537/3537 4095/4095
f 4089/4089 4096/4096 6020/6020
f 6018/6018 4096/4096 4089/4089
f 5015/5015 6019/6019 6024/6024
f 4096/4096 3536/3536 6019/6019
f 4092/4092 6021/6021 5016/5016
f 4092/4092 4090/4090 6021/6021
f 2360/2360 2367/2367 2362/2362
f 4911/4911 4924/4924 2742/2742
f 4925/4925 2742/2742 4924/4924
f 4911/4911 2742/2742 4931/4931
f 4923/4923 2021/2021 4924/4924
f 4911/4911 4923/4923 4924/4924
f 4924/4924 2021/2021 4925/4925
f 2021/2021 2361/2361 4925/4925
f 4884/4884 2371/2371 2369/2369
f 2363/2363 2372/2372 2741/2741
f 4926/4926 2363/2363 2741/2741
f 2367/2367 2371/2371 2362/2362
f 4931/4931 2742/2742 4883/4883
f 2742/2742 2373/2373 4883/4883
f 2021/2021 2359/2359 2361/2361
f 6019/6019 3536/3536 6024/6024
f 4883/4883 2370/2370 4886/4886
f 1773/1773 1771/1771 4890/4890
f 1767/1767 4890/4890 4887/4887
f 4888/4888 4892/4892 4879/4879
f 4879/4879 4892/4892 3069/3069
f 2247/2247 1948/1948 1952/1952
f 4852/4852 4885/4885 4886/4886
f 1950/1950 4852/4852 4886/4886
f 4886/4886 2370/2370 3043/3043
f 3042/3042 2247/2247 1952/1952
f 3043/3043 1953/1953 4886/4886
f 3043/3043 2370/2370 4891/4891
f 2246/2246 3044/3044 4889/4889
f 1770/1770 2246/2246 4889/4889
f 4891/4891 2370/2370 4892/4892
f 2370/2370 2491/2491 4892/4892
f 4888/4888 4891/4891 4892/4892
f 4907/4907 3071/3071 4893/4893
f 1627/1627 3071/3071 4907/4907
f 1625/1625 1626/1626 4908/4908
f 4882/4882 4883/4883 4886/4886
f 4885/4885 4882/4882 4886/4886
f 4931/4931 4883/4883 4882/4882
f 4931/4931 4882/4882 4853/4853
f 1627/1627 3075/3075 3071/3071
f 3073/3073 1626/1626 1625/1625
f 1624/1624 2912/2912 3074/3074
f 1625/1625 4908/4908 1630/1630
f 1886/1886 3138/3138 1884/1884
f 1886/1886 1884/1884 4905/4905
f 1638/1638 1887/1887 4906/4906
f 1885/1885 3137/3137 3132/3132
f 3132/3132 3137/3137 1459/1459
f 1767/1767 1773/1773 4890/4890
f 2245/2245 1772/1772 1775/1775
f 4855/4855 4885/4885 4852/4852
f 1054/1054 4153/4153 1055/1055
f 5037/5037 5042/5042 1052/1052
f 5126/5126 5026/5026 5041/5041
f 4089/4089 6014/6014 6018/6018
f 4148/4148 4980/4980 4149/4149
f 4971/4971 4093/4093 4146/4146
f 4967/4967 4972/4972 4151/4151
f 4149/4149 4973/4973 4148/4148
f 4967/4967 5045/5045 4972/4972
f 5042/5042 5044/5044 1052/1052
f 5046/5046 5040/5040 4970/4970
f 4971/4971 6013/6013 4093/4093
f 4091/4091 4093/4093 6013/6013
f 5040/5040 4071/4071 4970/4970
f 6012/6012 4969/4969 4070/4070
f 5025/5025 4071/4071 5040/5040
f 1053/1053 4966/4966 4152/4152
f 4982/4982 4216/4216 4984/4984
f 4985/4985 1042/1042 4979/4979
f 4981/4981 4982/4982 4984/4984
f 4981/4981 4145/4145 4982/4982
f 6119/6119 6117/6117 2030/2030
f 2043/2043 6120/6120 2033/2033
f 2032/2032 6119/6119 2030/2030
f 2043/2043 6122/6122 6120/6120
f 2032/2032 2026/2026 2025/2025
f 2025/2025 2026/2026 2029/2029
f 2032/2032 2030/2030 2026/2026
f 2045/2045 2032/2032 2034/2034
f 2034/2034 2032/2032 2025/2025
f 5538/5538 2045/2045 2034/2034
f 2035/2035 2034/2034 2025/2025
f 2029/2029 2028/2028 2165/2165
f 2027/2027 2157/2157 2166/2166
f 2873/2873 2156/2156 2163/2163
f 2035/2035 2025/2025 2036/2036
f 2036/2036 2029/2029 2165/2165
f 2036/2036 2165/2165 2038/2038
f 2036/2036 2025/2025 2029/2029
f 2166/2166 2157/2157 2874/2874
f 2026/2026 2028/2028 2029/2029
f 2170/2170 5671/5671 4172/4172
f 5665/5665 5671/5671 2170/2170
f 2056/2056 5664/5664 2171/2171
f 2054/2054 6116/6116 5670/5670
f 6116/6116 2054/2054 2031/2031
f 2167/2167 2056/2056 2171/2171
f 2156/2156 2172/2172 4170/4170
f 2168/2168 2157/2157 2027/2027
f 2156/2156 4170/4170 2163/2163
f 6117/6117 2031/2031 2030/2030
f 2030/2030 2169/2169 2026/2026
f 2157/2157 2168/2168 2173/2173
f 2054/2054 2169/2169 2031/2031
f 2026/2026 2169/2169 2028/2028
f 2169/2169 2030/2030 2031/2031
f 6117/6117 6116/6116 2031/2031
f 4354/4354 4326/4326 3832/3832
f 4326/4326 5818/5818 3832/3832
f 5806/5806 5805/5805 5803/5803
f 5778/5778 5772/5772 5790/5790
f 3832/3832 5818/5818 5771/5771
f 5777/5777 3831/3831 5770/5770
f 5788/5788 5776/5776 2110/2110
f 5787/5787 5765/5765 5774/5774
f 5789/5789 5769/5769 5775/5775
f 5773/5773 5814/5814 2107/2107
f 5773/5773 5771/5771 5814/5814
f 3067/3067 5815/5815 5803/5803
f 5815/5815 5807/5807 5803/5803
f 3065/3065 2109/2109 5816/5816
f 4467/4467 5803/5803 5805/5805
f 3067/3067 5803/5803 4467/4467
f 5771/5771 5818/5818 5814/5814
f 4465/4465 2109/2109 3065/3065
f 4466/4466 4464/4464 3066/3066
f 4467/4467 5805/5805 4460/4460
f 4326/4326 4338/4338 5818/5818
f 4337/4337 5813/5813 5819/5819
f 4336/4336 4344/4344 5811/5811
f 3825/3825 4333/4333 4356/4356
f 5029/5029 3826/3826 3159/3159
f 5029/5029 3159/3159 3828/3828
f 3830/3830 4333/4333 5030/5030
f 4333/4333 3825/3825 5030/5030
f 3825/3825 4356/4356 5777/5777
f 5777/5777 4356/4356 3831/3831
f 5768/5768 5779/5779 3158/3158
f 3159/3159 3156/3156 3828/3828
f 3158/3158 3827/3827 5768/5768
f 5768/5768 3827/3827 5778/5778
f 5767/5767 5779/5779 5768/5768
f 5767/5767 5768/5768 5790/5790
f 5778/5778 5790/5790 5768/5768
f 5776/5776 5767/5767 5790/5790
f 3565/3565 5766/5766 5788/5788
f 3565/3565 5784/5784 5766/5766
f 5785/5785 5779/5779 5767/5767
f 5785/5785 5767/5767 5766/5766
f 5766/5766 5767/5767 5776/5776
f 5806/5806 5800/5800 5805/5805
f 5806/5806 5798/5798 5800/5800
f 5798/5798 5824/5824 5800/5800
f 5796/5796 5824/5824 5798/5798
f 5849/5849 5797/5797 5808/5808
f 5810/5810 5850/5850 5814/5814
f 5808/5808 5817/5817 5849/5849
f 5818/5818 5810/5810 5814/5814
f 5818/5818 5811/5811 5810/5810
f 5810/5810 5832/5832 5850/5850
f 5850/5850 5796/5796 5798/5798
f 1630/1630 1634/1634 1625/1625
f 3615/3615 4880/4880 2914/2914
f 1628/1628 2913/2913 1633/1633
f 2913/2913 1628/1628 3613/3613
f 4878/4878 3802/3802 4879/4879
f 4879/4879 3614/3614 4878/4878
f 4662/4662 3802/3802 4878/4878
f 5200/5200 4870/4870 3798/3798
f 4871/4871 5199/5199 3614/3614
f 5198/5198 3797/3797 3804/3804
f 5199/5199 4878/4878 3614/3614
f 4782/4782 4877/4877 3803/3803
f 5200/5200 3805/3805 4876/4876
f 4265/4265 2979/2979 4261/4261
f 4261/4261 4136/4136 4265/4265
f 4875/4875 4138/4138 3795/3795
f 4390/4390 4394/4394 4386/4386
f 4138/4138 4875/4875 4135/4135
f 4138/4138 4270/4270 3795/3795
f 4874/4874 3796/3796 3797/3797
f 3800/3800 4391/4391 4387/4387
f 4389/4389 3802/3802 4662/4662
f 3807/3807 4440/4440 4436/4436
f 4441/4441 4393/4393 4389/4389
f 3797/3797 3806/3806 3804/3804
f 4437/4437 4663/4663 4783/4783
f 3804/3804 3806/3806 4439/4439
f 4439/4439 4784/4784 3804/3804
f 4782/4782 4664/4664 4877/4877
f 3796/3796 3806/3806 3797/3797
f 4392/4392 4440/4440 3807/3807
f 4441/4441 4662/4662 4438/4438
f 4441/4441 4389/4389 4662/4662
f 1769/1769 4888/4888 4879/4879
f 5168/5168 4881/4881 3068/3068
f 3072/3072 5169/5169 3070/3070
f 5169/5169 2911/2911 4880/4880
f 3802/3802 1769/1769 4879/4879
f 3072/3072 2911/2911 5169/5169
f 4270/4270 4852/4852 1950/1950
f 4261/4261 4272/4272 4269/4269
f 4261/4261 4269/4269 4136/4136
f 3795/3795 4270/4270 3802/3802
f 4388/4388 3796/3796 3801/3801
f 1950/1950 1769/1769 4270/4270
f 4395/4395 3796/3796 4388/4388
f 4270/4270 1769/1769 3802/3802
f 3806/3806 3796/3796 4395/4395
f 2912/2912 1632/1632 2915/2915
f 2912/2912 1624/1624 1632/1632
f 2911/2911 2914/2914 4880/4880
f 4488/4488 4271/4271 4258/4258
f 4488/4488 4852/4852 4271/4271
f 4270/4270 4271/4271 4852/4852
f 4255/4255 4486/4486 4256/4256
f 4650/4650 4657/4657 4648/4648
f 4647/4647 4852/4852 4488/4488
f 4262/4262 4256/4256 4261/4261
f 4259/4259 2982/2982 4263/4263
f 4488/4488 4258/4258 4257/4257
f 4656/4656 4855/4855 4852/4852
f 4647/4647 4656/4656 4852/4852
f 4677/4677 4657/4657 4650/4650
f 2983/2983 2976/2976 4264/4264
f 1947/1947 1774/1774 1951/1951
f 1768/1768 1951/1951 1774/1774
f 2977/2977 2974/2974 2980/2980
f 2981/2981 2975/2975 4260/4260
f 2984/2984 2974/2974 2977/2977
f 2973/2973 2982/2982 4259/4259
f 1340/1340 5802/5802 1346/1346
f 1345/1345 5801/5801 5858/5858
f 1346/1346 1339/1339 1340/1340
f 2887/2887 1344/1344 5859/5859
f 2176/2176 1343/1343 2887/2887
f 5858/5858 5801/5801 5852/5852
f 1365/1365 1356/1356 1353/1353
f 1365/1365 1353/1353 1396/1396
f 2583/2583 1356/1356 1365/1365
f 2583/2583 1382/1382 1356/1356
f 1437/1437 1379/1379 1383/1383
f 1437/1437 1403/1403 1379/1379
f 1402/1402 2760/2760 1386/1386
f 1386/1386 1400/1400 1398/1398
f 1386/1386 1397/1397 1352/1352
f 1381/1381 1352/1352 1382/1382
f 1398/1398 1397/1397 1386/1386
f 1356/1356 1382/1382 1353/1353
f 1381/1381 1386/1386 1352/1352
f 1402/1402 1386/1386 1380/1380
f 5609/5609 5601/5601 5058/5058
f 5576/5576 5579/5579 2341/2341
f 2342/2342 5578/5578 2337/2337
f 4804/4804 4975/4975 5602/5602
f 5603/5603 2337/2337 5578/5578
f 4965/4965 4962/4962 5582/5582
f 5581/5581 5186/5186 5604/5604
f 5579/5579 5576/5576 5586/5586
f 5586/5586 5148/5148 5579/5579
f 5147/5147 4965/4965 5582/5582
f 4963/4963 5184/5184 5580/5580
f 5415/5415 5416/5416 5417/5417
f 5415/5415 5417/5417 5419/5419
f 5416/5416 1394/1394 5417/5417
f 1351/1351 1395/1395 1353/1353
f 1351/1351 5189/5189 1395/1395
f 5417/5417 1394/1394 5188/5188
f 1353/1353 1352/1352 1351/1351
f 1396/1396 1353/1353 1395/1395
f 1394/1394 5416/5416 1350/1350
f 1350/1350 5416/5416 5414/5414
f 1397/1397 1387/1387 1352/1352
f 1352/1352 1367/1367 1351/1351
f 1387/1387 1367/1367 1352/1352
f 1388/1388 2773/2773 1366/1366
f 1353/1353 1382/1382 1352/1352
f 1348/1348 1396/1396 1395/1395
f 3808/3808 2788/2788 5592/5592
f 4845/4845 5059/5059 5606/5606
f 2789/2789 5610/5610 4845/4845
f 4844/4844 4250/4250 5057/5057
f 4252/4252 4249/4249 4846/4846
f 5060/5060 4248/4248 4251/4251
f 5610/5610 4253/4253 4845/4845
f 5060/5060 4251/4251 5608/5608
f 5427/5427 2787/2787 5422/5422
f 5427/5427 5258/5258 2787/2787
f 5257/5257 2790/2790 2786/2786
f 5068/5068 4805/4805 5605/5605
f 5148/5148 4974/4974 5185/5185
f 4964/4964 5146/5146 5184/5184
f 4976/4976 4803/4803 5068/5068
f 4974/4974 5069/5069 5185/5185
f 5185/5185 5069/5069 5606/5606
f 4963/4963 4964/4964 5184/5184
f 4803/4803 4805/4805 5068/5068
f 4804/4804 4802/4802 4975/4975
f 4845/4845 4974/4974 2789/2789
f 4974/4974 5593/5593 2789/2789
f 4974/4974 4845/4845 5606/5606
f 2786/2786 2790/2790 5591/5591
f 5586/5586 5593/5593 5148/5148
f 5593/5593 4974/4974 5148/5148
f 3808/3808 5263/5263 2788/2788
f 2787/2787 5262/5262 5420/5420
f 5421/5421 5415/5415 5423/5423
f 5415/5415 5419/5419 5423/5423
f 2787/2787 5420/5420 5422/5422
f 5414/5414 5416/5416 5415/5415
f 6231/6231 2750/2750 3151/3151
f 6227/6227 6231/6231 3151/3151
f 2775/2775 6229/6229 3150/3150
f 6227/6227 6218/6218 6231/6231
f 1838/1838 1834/1834 1450/1450
f 1415/1415 1425/1425 1418/1418
f 1425/1425 1415/1415 1837/1837
f 1838/1838 1836/1836 1426/1426
f 1838/1838 1450/1450 1836/1836
f 5372/5372 5375/5375 5380/5380
f 5372/5372 5380/5380 5370/5370
f 5381/5381 5374/5374 1457/1457
f 5376/5376 6094/6094 1456/1456
f 1457/1457 6095/6095 1422/1422
f 2719/2719 5372/5372 5370/5370
f 5567/5567 6099/6099 6100/6100
f 6095/6095 1419/1419 1422/1422
f 1418/1418 1425/1425 1421/1421
f 1438/1438 1453/1453 1440/1440
f 1455/1455 1453/1453 1438/1438
f 1438/1438 1440/1440 1434/1434
f 1440/1440 1448/1448 1434/1434
f 5381/5381 1457/1457 6098/6098
f 1457/1457 1439/1439 6098/6098
f 1454/1454 1420/1420 1426/1426
f 1426/1426 1452/1452 1454/1454
f 5371/5371 5379/5379 5567/5567
f 5379/5379 6099/6099 5567/5567
f 1452/1452 1426/1426 1836/1836
f 6101/6101 1433/1433 1432/1432
f 6098/6098 1439/1439 1433/1433
f 6098/6098 1433/1433 6101/6101
f 6101/6101 1432/1432 2585/2585
f 1434/1434 1448/1448 1430/1430
f 1453/1453 1835/1835 1440/1440
f 1441/1441 1450/1450 1449/1449
f 1430/1430 1448/1448 1442/1442
f 1836/1836 1450/1450 1441/1441
f 2720/2720 5371/5371 5567/5567
f 5551/5551 2720/2720 5567/5567
f 5378/5378 5411/5411 6095/6095
f 1415/1415 1418/1418 1408/1408
f 1419/1419 6103/6103 1407/1407
f 6095/6095 6103/6103 1419/1419
f 6092/6092 4946/4946 4944/4944
f 4948/4948 6091/6091 2666/2666
f 6095/6095 5411/5411 6096/6096
f 6092/6092 6095/6095 6106/6106
f 6093/6093 6105/6105 2665/2665
f 4941/4941 4947/4947 4949/4949
f 6089/6089 4940/4940 4951/4951
f 6102/6102 6092/6092 4944/4944
f 5343/5343 6102/6102 4944/4944
f 4941/4941 4943/4943 4947/4947
f 5345/5345 4942/4942 4939/4939
f 6090/6090 5345/5345 4939/4939
f 6102/6102 6095/6095 6092/6092
f 1443/1443 1437/1437 1383/1383
f 1445/1445 1404/1404 1436/1436
f 1444/1444 1435/1435 1448/1448
f 1448/1448 1435/1435 1442/1442
f 1443/1443 1383/1383 2582/2582
f 2586/2586 2582/2582 1363/1363
f 1431/1431 2582/2582 2586/2586
f 1431/1431 1443/1443 2582/2582
f 5382/5382 5378/5378 5373/5373
f 5408/5408 5377/5377 5383/5383
f 5409/5409 5411/5411 5378/5378
f 5387/5387 5372/5372 2719/2719
f 5383/5383 5372/5372 5387/5387
f 6088/6088 4946/4946 2663/2663
f 5386/5386 2720/2720 5551/5551
f 5384/5384 2719/2719 5385/5385
f 5396/5396 5401/5401 6096/6096
f 6097/6097 5412/5412 5410/5410
f 5384/5384 5387/5387 2719/2719
f 6096/6096 5401/5401 6106/6106
f 6106/6106 6095/6095 6096/6096
f 2663/2663 6104/6104 1879/1879
f 3202/3202 4289/4289 3204/3204
f 3526/3526 4287/4287 3201/3201
f 3204/3204 3205/3205 3202/3202
f 3217/3217 3200/3200 3525/3525
f 3525/3525 3202/3202 3217/3217
f 4286/4286 4284/4284 4288/4288
f 3881/3881 3885/3885 4284/4284
f 4284/4284 3885/3885 4288/4288
f 3217/3217 3202/3202 3205/3205
f 3886/3886 3879/3879 2892/2892
f 3879/3879 2888/2888 2892/2892
f 4283/4283 4279/4279 3881/3881
f 4280/4280 2821/2821 3878/3878
f 2821/2821 1331/1331 3878/3878
f 4284/4284 4283/4283 3881/3881
f 3879/3879 2885/2885 2888/2888
f 2886/2886 2884/2884 2887/2887
f 3879/3879 3759/3759 2885/2885
f 2878/2878 2884/2884 2886/2886
f 1825/1825 2882/2882 2885/2885
f 2883/2883 2878/2878 2886/2886
f 2882/2882 1324/1324 3882/3882
f 2880/2880 2878/2878 2883/2883
f 3206/3206 3217/3217 3205/3205
f 3216/3216 3207/3207 2191/2191
f 3217/3217 3220/3220 3200/3200
f 3726/3726 3717/3717 3724/3724
f 3216/3216 2191/2191 3727/3727
f 2192/2192 3724/3724 3729/3729
f 3727/3727 3219/3219 3216/3216
f 5152/5152 1526/1526 1522/1522
f 3918/3918 5152/5152 1522/1522
f 1528/1528 1521/1521 1524/1524
f 2180/2180 1523/1523 2174/2174
f 4462/4462 2174/2174 1523/1523
f 2174/2174 4462/4462 1338/1338
f 1521/1521 4458/4458 1267/1267
f 1527/1527 4840/4840 4458/4458
f 1527/1527 4458/4458 1521/1521
f 4047/4047 4742/4742 4676/4676
f 3076/3076 4743/4743 3079/3079
f 4047/4047 4676/4676 4186/4186
f 4049/4049 4185/4185 1525/1525
f 1525/1525 4185/4185 4463/4463
f 1267/1267 4048/4048 1524/1524
f 4675/4675 4743/4743 3076/3076
f 4744/4744 4739/4739 3080/3080
f 1266/1266 4737/4737 4046/4046
f 4046/4046 4737/4737 4741/4741
f 1521/1521 1267/1267 1524/1524
f 1528/1528 1524/1524 2181/2181
f 4740/4740 3497/3497 4747/4747
f 3493/3493 3496/3496 4736/4736
f 3495/3495 3494/3494 4457/4457
f 4738/4738 1268/1268 3494/3494
f 4457/4457 3494/3494 1268/1268
f 4463/4463 4466/4466 4461/4461
f 4716/4716 3499/3499 4183/4183
f 4184/4184 4181/4181 4456/4456
f 4674/4674 4181/4181 4184/4184
f 4739/4739 4748/4748 3080/3080
f 3499/3499 4716/4716 4746/4746
f 4745/4745 4715/4715 3078/3078
f 4745/4745 3078/3078 3081/3081
f 3024/3024 2615/2615 3027/3027
f 6111/6111 6112/6112 3026/3026
f 3026/3026 4311/4311 3032/3032
f 6112/6112 2057/2057 3026/3026
f 2057/2057 4311/4311 3026/3026
f 4311/4311 2057/2057 4432/4432
f 5240/5240 4220/4220 6041/6041
f 2301/2301 2303/2303 2307/2307
f 2306/2306 2302/2302 6040/6040
f 2302/2302 4380/4380 6040/6040
f 2292/2292 2303/2303 2301/2301
f 3028/3028 6110/6110 3023/3023
f 6171/6171 3636/3636 6168/6168
f 4819/4819 6168/6168 4683/4683
f 4083/4083 6171/6171 4819/4819
f 6171/6171 6168/6168 4819/4819
f 3626/3626 3634/3634 3640/3640
f 3636/3636 6195/6195 6199/6199
f 3636/3636 6171/6171 6195/6195
f 3637/3637 3625/3625 3639/3639
f 3637/3637 6198/6198 3625/3625
f 6041/6041 4223/4223 5240/5240
f 5239/5239 4224/4224 5241/5241
f 4564/4564 5241/5241 4165/4165
f 5239/5239 5241/5241 4564/4564
f 5241/5241 4224/4224 5242/5242
f 5241/5241 5242/5242 4165/4165
f 6123/6123 5252/5252 6110/6110
f 5243/5243 5249/5249 4169/4169
f 4169/4169 5249/5249 6126/6126
f 5243/5243 4169/4169 5242/5242
f 4168/4168 6125/6125 2052/2052
f 5250/5250 6112/6112 6111/6111
f 6121/6121 6110/6110 6118/6118
f 3028/3028 4140/4140 6110/6110
f 4140/4140 6118/6118 6110/6110
f 6110/6110 6121/6121 6123/6123
f 4224/4224 5247/5247 5243/5243
f 4224/4224 5243/5243 5242/5242
f 2051/2051 6124/6124 2045/2045
f 4167/4167 2053/2053 4166/4166
f 4164/4164 2051/2051 2045/2045
f 4163/4163 2044/2044 5537/5537
f 4165/4165 5242/5242 4169/4169
f 4627/4627 4683/4683 6168/6168
f 2061/2061 2058/2058 2059/2059
f 2059/2059 2058/2058 6113/6113
f 4763/4763 2062/2062 2060/2060
f 3638/3638 2791/2791 2061/2061
f 3637/3637 3639/3639 2063/2063
f 2791/2791 2058/2058 2061/2061
f 3636/3636 2064/2064 4765/4765
f 2794/2794 4432/4432 2057/2057
f 6169/6169 4602/4602 3181/3181
f 6168/6168 3636/3636 4604/4604
f 6044/6044 4435/4435 2793/2793
f 4763/4763 2060/2060 2065/2065
f 6164/6164 4768/4768 4382/4382
f 6162/6162 4764/4764 4766/4766
f 6042/6042 5248/5248 4225/4225
f 5247/5247 4383/4383 4769/4769
f 5243/5243 5247/5247 4769/4769
f 5245/5245 4768/4768 2067/2067
f 2066/2066 5251/5251 5244/5244
f 2066/2066 2059/2059 5251/5251
f 2059/2059 6113/6113 5251/5251
f 4767/4767 4763/4763 2065/2065
f 4380/4380 5246/5246 6040/6040
f 4381/4381 4384/4384 5248/5248
f 6161/6161 4385/4385 4380/4380
f 6161/6161 4380/4380 2302/2302
f 2304/2304 6160/6160 2303/2303
f 6164/6164 6165/6165 4765/4765
f 3636/3636 4765/4765 6165/6165
f 4604/4604 3636/3636 6165/6165
f 4607/4607 4629/4629 3185/3185
f 6165/6165 4608/4608 4604/4604
f 4630/4630 4605/4605 6180/6180
f 2300/2300 6165/6165 6164/6164
f 2299/2299 6163/6163 2304/2304
f 6180/6180 4605/4605 6166/6166
f 3181/3181 4602/4602 3184/3184
f 4603/4603 4606/4606 3183/3183
f 3179/3179 3180/3180 3186/3186
f 4628/4628 3182/3182 3178/3178
f 6167/6167 3182/3182 4628/4628
f 4629/4629 3177/3177 3185/3185
f 2298/2298 2299/2299 2304/2304
f 2298/2298 2304/2304 2303/2303
f 2298/2298 2303/2303 2292/2292
f 2298/2298 2295/2295 2325/2325
f 2295/2295 2298/2298 2292/2292
f 2325/2325 2299/2299 2298/2298
f 6174/6174 6181/6181 2329/2329
f 2325/2325 2328/2328 6179/6179
f 6181/6181 6165/6165 2300/2300
f 2325/2325 6179/6179 2299/2299
f 6178/6178 4958/4958 6174/6174
f 4958/4958 6181/6181 6174/6174
f 6182/6182 6178/6178 2320/2320
f 2320/2320 6178/6178 6174/6174
f 2319/2319 6175/6175 2328/2328
f 3750/3750 4679/4679 3754/3754
f 4679/4679 4960/4960 3754/3754
f 3752/3752 4818/4818 4680/4680
f 4681/4681 4630/4630 6180/6180
f 4958/4958 4682/4682 6181/6181
f 1342/1342 4462/4462 4459/4459
f 4459/4459 5804/5804 1342/1342
f 5801/5801 1341/1341 5864/5864
f 1342/1342 1338/1338 4462/4462
f 5805/5805 5800/5800 5822/5822
f 1341/1341 5822/5822 5864/5864
f 5822/5822 1341/1341 5805/5805
f 5863/5863 5836/5836 5851/5851
f 5866/5866 5854/5854 5801/5801
f 3891/3891 3210/3210 3887/3887
f 5835/5835 3890/3890 3888/3888
f 5834/5834 5837/5837 5854/5854
f 5837/5837 5834/5834 3888/3888
f 5854/5854 5837/5837 2891/2891
f 5835/5835 5868/5868 3890/3890
f 5843/5843 5856/5856 5867/5867
f 5821/5821 5843/5843 5867/5867
f 5867/5867 5836/5836 5863/5863
f 5822/5822 5869/5869 5865/5865
f 5856/5856 1943/1943 5867/5867
f 1943/1943 3889/3889 5867/5867
f 1943/1943 5871/5871 3889/3889
f 5824/5824 5826/5826 5842/5842
f 5820/5820 5825/5825 5843/5843
f 5799/5799 5824/5824 5822/5822
f 5823/5823 4293/4293 5855/5855
f 5857/5857 4292/4292 1946/1946
f 1944/1944 4290/4290 1942/1942
f 5842/5842 5823/5823 5855/5855
f 5842/5842 5826/5826 5823/5823
f 1942/1942 3871/3871 1945/1945
f 3935/3935 3932/3932 3651/3651
f 3933/3933 4062/4062 4426/4426
f 4425/4425 5153/5153 4013/4013
f 5153/5153 3919/3919 4013/4013
f 3935/3935 3651/3651 3647/3647
f 3648/3648 3650/3650 3646/3646
f 3652/3652 3933/3933 4426/4426
f 3650/3650 4012/4012 3646/3646
f 4060/4060 1541/1541 1526/1526
f 5152/5152 4060/4060 1526/1526
f 3650/3650 4424/4424 4012/4012
f 4059/4059 5153/5153 4425/4425
f 3935/3935 3647/3647 4454/4454
f 3920/3920 4452/4452 3645/3645
f 4452/4452 3649/3649 3645/3645
f 4011/4011 3920/3920 3645/3645
f 4322/4322 4353/4353 4334/4334
f 4334/4334 4339/4339 4355/4355
f 3393/3393 6034/6034 1312/1312
f 3386/3386 3834/3834 3383/3383
f 6035/6035 3834/3834 3401/3401
f 6035/6035 3383/3383 3834/3834
f 6036/6036 3400/3400 4706/4706
f 3382/3382 3386/3386 3383/3383
f 3377/3377 3374/3374 6033/6033
f 3379/3379 3376/3376 6032/6032
f 3379/3379 6032/6032 3393/3393
f 3373/3373 3375/3375 3382/3382
f 6031/6031 3377/3377 6033/6033
f 3393/3393 6032/6032 6034/6034
f 3381/3381 6033/6033 3374/3374
f 6033/6033 3381/3381 3791/3791
f 6034/6034 3794/3794 1282/1282
f 3738/3738 1282/1282 6037/6037
f 1282/1282 3794/3794 6037/6037
f 3738/3738 2422/2422 2420/2420
f 3384/3384 3793/3793 3380/3380
f 3792/3792 3385/3385 6038/6038
f 2423/2423 6039/6039 4707/4707
f 3738/3738 6037/6037 2422/2422
f 2423/2423 4707/4707 3517/3517
f 2423/2423 3517/3517 2419/2419
f 3737/3737 2421/2421 2425/2425
f 2419/2419 3517/3517 2424/2424
f 3735/3735 3737/3737 2425/2425
f 2424/2424 3517/3517 3520/3520
f 4704/4704 4698/4698 4273/4273
f 3518/3518 4704/4704 4273/4273
f 2424/2424 3520/3520 3523/3523
f 4276/4276 3543/3543 3538/3538
f 4699/4699 4701/4701 4275/4275
f 4700/4700 3249/3249 4276/4276
f 4277/4277 4276/4276 3538/3538
f 4274/4274 4276/4276 4277/4277
f 3518/3518 4278/4278 3519/3519
f 3519/3519 4278/4278 3522/3522
f 3518/3518 4273/4273 4278/4278
f 3521/3521 4277/4277 3538/3538
f 4697/4697 4276/4276 4274/4274
f 3991/3991 3956/3956 3967/3967
f 3866/3866 3990/3990 3867/3867
f 3864/3864 3861/3861 3953/3953
f 3990/3990 3866/3866 3952/3952
f 3952/3952 3955/3955 3990/3990
f 3989/3989 3956/3956 1723/1723
f 3967/3967 3989/3989 3969/3969
f 3967/3967 3956/3956 3989/3989
f 1725/1725 1730/1730 1729/1729
f 1722/1722 1725/1725 1735/1735
f 1723/1723 3956/3956 1726/1726
f 1735/1735 1725/1725 1729/1729
f 3463/3463 2939/2939 2130/2130
f 1742/1742 1746/1746 1749/1749
f 1749/1749 2240/2240 1742/1742
f 1738/1738 3945/3945 1746/1746
f 1742/1742 1738/1738 1746/1746
f 1740/1740 3944/3944 1739/1739
f 5283/5283 2243/2243 1750/1750
f 2244/2244 5284/5284 3289/3289
f 1737/1737 3979/3979 3981/3981
f 3976/3976 3979/3979 216/216
f 3979/3979 3976/3976 85/85
f 3976/3976 216/216 219/219
f 3291/3291 3284/3284 329/329
f 1736/1736 1728/1728 218/218
f 1750/1750 2243/2243 1744/1744
f 2240/2240 1743/1743 1742/1742
f 1745/1745 1743/1743 2240/2240
f 2237/2237 1744/1744 2243/2243
f 1847/1847 2242/2242 3288/3288
f 1750/1750 1744/1744 2241/2241
f 2239/2239 2242/2242 1847/1847
f 1741/1741 1738/1738 1742/1742
f 1743/1743 1741/1741 1742/1742
f 1734/1734 218/218 1728/1728
f 2237/2237 218/218 1734/1734
f 1733/1733 1743/1743 1745/1745
f 1733/1733 1058/1058 1743/1743
f 2237/2237 1734/1734 1744/1744
f 238/238 217/217 2238/2238
f 329/329 1848/1848 3291/3291
f 1733/1733 1729/1729 1058/1058
f 236/236 2239/2239 1847/1847
f 233/233 1848/1848 329/329
f 1727/1727 3948/3948 1731/1731
f 1732/1732 1730/1730 3949/3949
f 1748/1748 3948/3948 3947/3947
f 3948/3948 4427/4427 3947/3947
f 1747/1747 1732/1732 3949/3949
f 3947/3947 2924/2924 3944/3944
f 3947/3947 4427/4427 2924/2924
f 3978/3978 1736/1736 218/218
f 1732/1732 1747/1747 1058/1058
f 1730/1730 1732/1732 1729/1729
f 1729/1729 1732/1732 1058/1058
f 3947/3947 3944/3944 1740/1740
f 1058/1058 1747/1747 1743/1743
f 1743/1743 1747/1747 1741/1741
f 1747/1747 3946/3946 1741/1741
f 2940/2940 5048/5048 2126/2126
f 2126/2126 5048/5048 4430/4430
f 3461/3461 3463/3463 2130/2130
f 4429/4429 4431/4431 4428/4428
f 2127/2127 4431/4431 4429/4429
f 2115/2115 2127/2127 4429/4429
f 3950/3950 2115/2115 4429/4429
f 3950/3950 4429/4429 4428/4428
f 3950/3950 3954/3954 2115/2115
f 4430/4430 5048/5048 5630/5630
f 2926/2926 4431/4431 5629/5629
f 3952/3952 3951/3951 1727/1727
f 3951/3951 4427/4427 3948/3948
f 3948/3948 1727/1727 3951/3951
f 3955/3955 3952/3952 1727/1727
f 2926/2926 2923/2923 4428/4428
f 5630/5630 5628/5628 2927/2927
f 4431/4431 2926/2926 4428/4428
f 6074/6074 6066/6066 5662/5662
f 6066/6066 6074/6074 6084/6084
f 5657/5657 5666/5666 5661/5661
f 5666/5666 6075/6075 5661/5661
f 6064/6064 2235/2235 1871/1871
f 2405/2405 1839/1839 1063/1063
f 2100/2100 2230/2230 5656/5656
f 2099/2099 5655/5655 1965/1965
f 2231/2231 3504/3504 3054/3054
f 3997/3997 4785/4785 4790/4790
f 3997/3997 4790/4790 1059/1059
f 3505/3505 4790/4790 4785/4785
f 2231/2231 3054/3054 3052/3052
f 3053/3053 3505/3505 4785/4785
f 342/342 4786/4786 3999/3999
f 3052/3052 3054/3054 2097/2097
f 4786/4786 342/342 2096/2096
f 3054/3054 4787/4787 2097/2097
f 5663/5663 5658/5658 2102/2102
f 5687/5687 1969/1969 1963/1963
f 6071/6071 6077/6077 5667/5667
f 6109/6109 6082/6082 6076/6076
f 5669/5669 5657/5657 5665/5665
f 6070/6070 5666/5666 5669/5669
f 6073/6073 6109/6109 6076/6076
f 6072/6072 6083/6083 6108/6108
f 5669/5669 5666/5666 5657/5657
f 5672/5672 1856/1856 4171/4171
f 2055/2055 5669/5669 5665/5665
f 1971/1971 5673/5673 5663/5663
f 6115/6115 6073/6073 5668/5668
f 2102/2102 1964/1964 5663/5663
f 1970/1970 5689/5689 5674/5674
f 5675/5675 5688/5688 1858/1858
f 5663/5663 1964/1964 1971/1971
f 1970/1970 5686/5686 5689/5689
f 6069/6069 6082/6082 6073/6073
f 6061/6061 6066/6066 2233/2233
f 5662/5662 6066/6066 6061/6061
f 6104/6104 6060/6060 2236/2236
f 2236/2236 6063/6063 6104/6104
f 6104/6104 6058/6058 6060/6060
f 6058/6058 5404/5404 6055/6055
f 6058/6058 6055/6055 6059/6059
f 1877/1877 1880/1880 6062/6062
f 1879/1879 6104/6104 6063/6063
f 1877/1877 6062/6062 1869/1869
f 1876/1876 2404/2404 1878/1878
f 1873/1873 1877/1877 1869/1869
f 2114/2114 2125/2125 2123/2123
f 2118/2118 6059/6059 6056/6056
f 2120/2120 2117/2117 2114/2114
f 2120/2120 2114/2114 2113/2113
f 2121/2121 6059/6059 2118/2118
f 2114/2114 2123/2123 2113/2113
f 3506/3506 1842/1842 2409/2409
f 4791/4791 3506/3506 2409/2409
f 1846/1846 2406/2406 4788/4788
f 4792/4792 1846/1846 4788/4788
f 1845/1845 1839/1839 2405/2405
f 2410/2410 1839/1839 1845/1845
f 2410/2410 1843/1843 1839/1839
f 2411/2411 1846/1846 4792/4792
f 4793/4793 4790/4790 3505/3505
f 3809/3809 5590/5590 5586/5586
f 2308/2308 2311/2311 4994/4994
f 2309/2309 2297/2297 2312/2312
f 4221/4221 2306/2306 6040/6040
f 2307/2307 2312/2312 2297/2297
f 2342/2342 2296/2296 5614/5614
f 2296/2296 2309/2309 5614/5614
f 5600/5600 5574/5574 5615/5615
f 5597/5597 5616/5616 2308/2308
f 5594/5594 5598/5598 4996/4996
f 5562/5562 4556/4556 3406/3406
f 5563/5563 3040/3040 4558/4558
f 5599/5599 2308/2308 4994/4994
f 5587/5587 5575/5575 5597/5597
f 5563/5563 2357/2357 3040/3040
f 4544/4544 5599/5599 5595/5595
f 4755/4755 3849/3849 4543/4543
f 4542/4542 5587/5587 5597/5597
f 5595/5595 4994/4994 5611/5611
f 3041/3041 5596/5596 5612/5612
f 4997/4997 2306/2306 4221/4221
f 4994/4994 4219/4219 5611/5611
f 4222/4222 4564/4564 5613/5613
f 2310/2310 2305/2305 4995/4995
f 4558/4558 3040/3040 4562/4562
f 4222/4222 5239/5239 4564/4564
f 4566/4566 3041/3041 5612/5612
f 5587/5587 4822/4822 5575/5575
f 4822/4822 2347/2347 5575/5575
f 3849/3849 3851/3851 4543/4543
f 3856/3856 3850/3850 3848/3848
f 3852/3852 3854/3854 5589/5589
f 3853/3853 5588/5588 4545/4545
f 2348/2348 5577/5577 2342/2342
f 2348/2348 2342/2342 5614/5614
f 2347/2347 5616/5616 5575/5575
f 3038/3038 2872/2872 5595/5595
f 2872/2872 4544/4544 5595/5595
f 4754/4754 2872/2872 4730/4730
f 2872/2872 4754/4754 4544/4544
f 4242/4242 4754/4754 4730/4730
f 5565/5565 4567/4567 4560/4560
f 2351/2351 3037/3037 2356/2356
f 4561/4561 2357/2357 5563/5563
f 2351/2351 2871/2871 3037/3037
f 4568/4568 2354/2354 2357/2357
f 4568/4568 2357/2357 4561/4561
f 5596/5596 2355/2355 3039/3039
f 3041/3041 2355/2355 5596/5596
f 5262/5262 2352/2352 4569/4569
f 2353/2353 3810/3810 2870/2870
f 2872/2872 3809/3809 5571/5571
f 2353/2353 5264/5264 3810/3810
f 3809/3809 5586/5586 5571/5571
f 2872/2872 5571/5571 4489/4489
f 5586/5586 5576/5576 5571/5571
f 5573/5573 3901/3901 4490/4490
f 4418/4418 4415/4415 5319/5319
f 4414/4414 4417/4417 4820/4820
f 4821/4821 4416/4416 5320/5320
f 4415/4415 4799/4799 5319/5319
f 4800/4800 4414/4414 4820/4820
f 3900/3900 5583/5583 3893/3893
f 3897/3897 3898/3898 3894/3894
f 3892/3892 5585/5585 4729/4729
f 4801/4801 5584/5584 5321/5321
f 5571/5571 5576/5576 5584/5584
f 3900/3900 5572/5572 5583/5583
f 4730/4730 5584/5584 4801/4801
f 5576/5576 2347/2347 5584/5584
f 5321/5321 5584/5584 2347/2347
f 4822/4822 5321/5321 2347/2347
f 4240/4240 3855/3855 3847/3847
f 4730/4730 4801/4801 4242/4242
f 3854/3854 4241/4241 5589/5589
f 4240/4240 3847/3847 4753/4753
f 5587/5587 4242/4242 4801/4801
f 4801/4801 4822/4822 5587/5587
f 4491/4491 3899/3899 3896/3896
f 3895/3895 3892/3892 4729/4729
f 2872/2872 4489/4489 4730/4730
f 4492/4492 3895/3895 4729/4729
f 4569/4569 5420/5420 5262/5262
f 2307/2307 2297/2297 2301/2301
f 2297/2297 2296/2296 2293/2293
f 2297/2297 2293/2293 2292/2292
f 2297/2297 2292/2292 2301/2301
f 2295/2295 2292/2292 2293/2293
f 2342/2342 2293/2293 2296/2296
f 2296/2296 2297/2297 2309/2309
f 2333/2333 2331/2331 2330/2330
f 2316/2316 2313/2313 2330/2330
f 2317/2317 2318/2318 2316/2316
f 2333/2333 2330/2330 2335/2335
f 2294/2294 2295/2295 2293/2293
f 2330/2330 2313/2313 2321/2321
f 2335/2335 2330/2330 2334/2334
f 2337/2337 2338/2338 2335/2335
f 2334/2334 2330/2330 2321/2321
f 2294/2294 2321/2321 2295/2295
f 2334/2334 2321/2321 2294/2294
f 2337/2337 2335/2335 2342/2342
f 2335/2335 2334/2334 2342/2342
f 2334/2334 2294/2294 2342/2342
f 2294/2294 2293/2293 2342/2342
f 2321/2321 2325/2325 2295/2295
f 3407/3407 4559/4559 5529/5529
f 4557/4557 4565/4565 5530/5530
f 4563/4563 4165/4165 4807/4807
f 4563/4563 4807/4807 5528/5528
f 4806/4806 5536/5536 5534/5534
f 3408/3408 5527/5527 2784/2784
f 2782/2782 5531/5531 5524/5524
f 5525/5525 5530/5530 5534/5534
f 2783/2783 5530/5530 2781/2781
f 5530/5530 4806/4806 5534/5534
f 4806/4806 5537/5537 5536/5536
f 4806/4806 4163/4163 5537/5537
f 2784/2784 1360/1360 3408/3408
f 1361/1361 2785/2785 5550/5550
f 5550/5550 2785/2785 2780/2780
f 5507/5507 2781/2781 5525/5525
f 4560/4560 5562/5562 3406/3406
f 1358/1358 4560/4560 3406/3406
f 5414/5414 5564/5564 4669/4669
f 4671/4671 4560/4560 1358/1358
f 4670/4670 5565/5565 4560/4560
f 4570/4570 5415/5415 5421/5421
f 5564/5564 5414/5414 5415/5415
f 4570/4570 5564/5564 5415/5415
f 2318/2318 2319/2319 2316/2316
f 2325/2325 2321/2321 2328/2328
f 2319/2319 2328/2328 2321/2321
f 2313/2313 2319/2319 2321/2321
f 2316/2316 2319/2319 2313/2313
f 2278/2278 2770/2770 5340/5340
f 2770/2770 5346/5346 5340/5340
f 2770/2770 1612/1612 5346/5346
f 1612/1612 5352/5352 5346/5346
f 5350/5350 2754/2754 2753/2753
f 5352/5352 1612/1612 2755/2755
f 5350/5350 2756/2756 2754/2754
f 2778/2778 2771/2771 2279/2279
f 2753/2753 5348/5348 5350/5350
f 5349/5349 5346/5346 5351/5351
f 5340/5340 5342/5342 2278/2278
f 3634/3634 2792/2792 3640/3640
f 6193/6193 3619/3619 6199/6199
f 3622/3622 3625/3625 6198/6198
f 6044/6044 2793/2793 3635/3635
f 5201/5201 6044/6044 3632/3632
f 3632/3632 6044/6044 3635/3635
f 5342/5342 5337/5337 5328/5328
f 5346/5346 5349/5349 2573/2573
f 5342/5342 5340/5340 5337/5337
f 5340/5340 5346/5346 5337/5337
f 5346/5346 5339/5339 5337/5337
f 5346/5346 2573/2573 5339/5339
f 5144/5144 6048/6048 6043/6043
f 5328/5328 5337/5337 5333/5333
f 4433/4433 6043/6043 6048/6048
f 1622/1622 1602/1602 1621/1621
f 1602/1602 1615/1615 2769/2769
f 1602/1602 1622/1622 1615/1615
f 1607/1607 1602/1602 2769/2769
f 1607/1607 2769/2769 2249/2249
f 2250/2250 2768/2768 2779/2779
f 1614/1614 1623/1623 4004/4004
f 1602/1602 1619/1619 1621/1621
f 1602/1602 1607/1607 1608/1608
f 2249/2249 1608/1608 1607/1607
f 1617/1617 2997/2997 1619/1619
f 1603/1603 1617/1617 1619/1619
f 1619/1619 4010/4010 1621/1621
f 1610/1610 1608/1608 2249/2249
f 1603/1603 1602/1602 1608/1608
f 1619/1619 1602/1602 1603/1603
f 4814/4814 5120/5120 5032/5032
f 5194/5194 4814/4814 5032/5032
f 5033/5033 5121/5121 4795/4795
f 5194/5194 5032/5032 6204/6204
f 5033/5033 4795/4795 4798/4798
f 4815/4815 5192/5192 4829/4829
f 4810/4810 4830/4830 5193/5193
f 4812/4812 3620/3620 6193/6193
f 4812/4812 6193/6193 5120/5120
f 4812/4812 5120/5120 4814/4814
f 4809/4809 4813/4813 4828/4828
f 4794/4794 5122/5122 6200/6200
f 4794/4794 6200/6200 4797/4797
f 6130/6130 6144/6144 4723/4723
f 4723/4723 6127/6127 6128/6128
f 6135/6135 6130/6130 4723/4723
f 6130/6130 6135/6135 6143/6143
f 6144/6144 6145/6145 6127/6127
f 4723/4723 6144/6144 6127/6127
f 6130/6130 6143/6143 6144/6144
f 5003/5003 5013/5013 4833/4833
f 5003/5003 4833/4833 6142/6142
f 6136/6136 5004/5004 6143/6143
f 1831/1831 2225/2225 6135/6135
f 4587/4587 2226/2226 1832/1832
f 1827/1827 1830/1830 6133/6133
f 6134/6134 6137/6137 6140/6140
f 4587/4587 1832/1832 4589/4589
f 6000/6000 3744/3744 6002/6002
f 6000/6000 6002/6002 6001/6001
f 6003/6003 3745/3745 4297/4297
f 5010/5010 4471/4471 4443/4443
f 4712/4712 6139/6139 5011/5011
f 4774/4774 6138/6138 4711/4711
f 5004/5004 6138/6138 4774/4774
f 6000/6000 6001/6001 6011/6011
f 5010/5010 5999/5999 6010/6010
f 5010/5010 6010/6010 4471/4471
f 5011/5011 4442/4442 4712/4712
f 4712/4712 4442/4442 5009/5009
f 4774/4774 4711/4711 5008/5008
f 4774/4774 5008/5008 5005/5005
f 3973/3973 3994/3994 3991/3991
f 3973/3973 3991/3991 3972/3972
f 6148/6148 3972/3972 3971/3971
f 6149/6149 3970/3970 3749/3749
f 3992/3992 3994/3994 3973/3973
f 3973/3973 3972/3972 6148/6148
f 3739/3739 6149/6149 3749/3749
f 6131/6131 6136/6136 6135/6135
f 3343/3343 6149/6149 3739/3739
f 3992/3992 3973/3973 6148/6148
f 3992/3992 6148/6148 3340/3340
f 3343/3343 3739/3739 3742/3742
f 6004/6004 3740/3740 3746/3746
f 3740/3740 6004/6004 3743/3743
f 6132/6132 3341/3341 3741/3741
f 6131/6131 3742/3742 6136/6136
f 6136/6136 3742/3742 6138/6138
f 6138/6138 3742/3742 5999/5999
f 6138/6138 5999/5999 5010/5010
f 6136/6136 6138/6138 5004/5004
f 3749/3749 3970/3970 3764/3764
f 4472/4472 4998/4998 4442/4442
f 3746/3746 3740/3740 3748/3748
f 6060/6060 6052/6052 5659/5659
f 6060/6060 6058/6058 6052/6052
f 5660/5660 6051/6051 2224/2224
f 6049/6049 2131/2131 2222/2222
f 2222/2222 2131/2131 2137/2137
f 3995/3995 3958/3958 3990/3990
f 3990/3990 3958/3958 3867/3867
f 3867/3867 3958/3958 6050/6050
f 6049/6049 3957/3957 2131/2131
f 3992/3992 3959/3959 3994/3994
f 3959/3959 3992/3992 2132/2132
f 2101/2101 2227/2227 4586/4586
f 2099/2099 2223/2223 2136/2136
f 2225/2225 6131/6131 6135/6135
f 2101/2101 2137/2137 2227/2227
f 5661/5661 2223/2223 5657/5657
f 3342/3342 2133/2133 3993/3993
f 2135/2135 3341/3341 6132/6132
f 2134/2134 2133/2133 3342/3342
f 6132/6132 2228/2228 2135/2135
f 2099/2099 5657/5657 2223/2223
f 6052/6052 6059/6059 2121/2121
f 6053/6053 2119/2119 3868/3868
f 6058/6058 6059/6059 6052/6052
f 4297/4297 3745/3745 4296/4296
f 4546/4546 6003/6003 4297/4297
f 6003/6003 4546/4546 6001/6001
f 6011/6011 6001/6001 6009/6009
f 2934/2934 2935/2935 2937/2937
f 2823/2823 2937/2937 3464/3464
f 4723/4723 6128/6128 6152/6152
f 2382/2382 4727/4727 6153/6153
f 4727/4727 4724/4724 6153/6153
f 1817/1817 1823/1823 2608/2608
f 4586/4586 2232/2232 2101/2101
f 2610/2610 1818/1818 2609/2609
f 4587/4587 3058/3058 3507/3507
f 4587/4587 3507/3507 2229/2229
f 3869/3869 2112/2112 3862/3862
f 3868/3868 2119/2119 2111/2111
f 2112/2112 2115/2115 3954/3954
f 3868/3868 3863/3863 3865/3865
f 3862/3862 2112/2112 3954/3954
f 2123/2123 2128/2128 2116/2116
f 2824/2824 3462/3462 2122/2122
f 2122/2122 3462/3462 2129/2129
f 2823/2823 3464/3464 3460/3460
f 2113/2113 2123/2123 2116/2116
f 2934/2934 2937/2937 2822/2822
f 2122/2122 2933/2933 2824/2824
f 3777/3777 4001/4001 1840/1840
f 1826/1826 4726/4726 2383/2383
f 1827/1827 6133/6133 4728/4728
f 6133/6133 4725/4725 4728/4728
f 1826/1826 2383/2383 1644/1644
f 1829/1829 1828/1828 1642/1642
f 1822/1822 4589/4589 6159/6159
f 6158/6158 4588/4588 6151/6151
f 6151/6151 4588/4588 1643/1643
f 1822/1822 6159/6159 6154/6154
f 6151/6151 1643/1643 2384/2384
f 3506/3506 3057/3057 1842/1842
f 3055/3055 4000/4000 3779/3779
f 3058/3058 4587/4587 4589/4589
f 4589/4589 1822/1822 3058/3058
f 1844/1844 3058/3058 3778/3778
f 1844/1844 3778/3778 1841/1841
f 1829/1829 1642/1642 4590/4590
f 2611/2611 1821/1821 1816/1816
f 3056/3056 1821/1821 2611/2611
f 1531/1531 1527/1527 1540/1540
f 1536/1536 1531/1531 1540/1540
f 3931/3931 3936/3936 1538/1538
f 1539/1539 3931/3931 1538/1538
f 3931/3931 1539/1539 4061/4061
f 1537/1537 3934/3934 4453/4453
f 1537/1537 4453/4453 1520/1520
f 1519/1519 4451/4451 3917/3917
f 1531/1531 1536/1536 1528/1528
f 1528/1528 1536/1536 1521/1521
f 3142/3142 1550/1550 1532/1532
f 1550/1550 1528/1528 1532/1532
f 3143/3143 1533/1533 1337/1337
f 1529/1529 1337/1337 1533/1533
f 2179/2179 1337/1337 1529/1529
f 2178/2178 1530/1530 2180/2180
f 1545/1545 1534/1534 1550/1550
f 1550/1550 1534/1534 1528/1528
f 1534/1534 1531/1531 1528/1528
f 4357/4357 4319/4319 4128/4128
f 2415/2415 1483/1483 4127/4127
f 4126/4126 4318/4318 2416/2416
f 1482/1482 1485/1485 1493/1493
f 1531/1531 1482/1482 1493/1493
f 1534/1534 1482/1482 1531/1531
f 2155/2155 4127/4127 1483/1483
f 3313/3313 1482/1482 1534/1534
f 3313/3313 1543/1543 1482/1482
f 2155/2155 4107/4107 4127/4127
f 1542/1542 2154/2154 1481/1481
f 2154/2154 1484/1484 1481/1481
f 1546/1546 2153/2153 1543/1543
f 1546/1546 1543/1543 3313/3313
f 4108/4108 4124/4124 4125/4125
f 4122/4122 4357/4357 4128/4128
f 4315/4315 4330/4330 4123/4123
f 4330/4330 4357/4357 4123/4123
f 4108/4108 4317/4317 4124/4124
f 3254/3254 1550/1550 3142/3142
f 1533/1533 3143/3143 3140/3140
f 1544/1544 3314/3314 1535/1535
f 2155/2155 4106/4106 4107/4107
f 1552/1552 1545/1545 1550/1550
f 2395/2395 2392/2392 2221/2221
f 6029/6029 2395/2395 2221/2221
f 2597/2597 1596/1596 4109/4109
f 2397/2397 2598/2598 4110/4110
f 2004/2004 6028/6028 1554/1554
f 1593/1593 1589/1589 4114/4114
f 4114/4114 1589/1589 3500/3500
f 1594/1594 1595/1595 1588/1588
f 1587/1587 1583/1583 3503/3503
f 1582/1582 1588/1588 1595/1595
f 4314/4314 2468/2468 4331/4331
f 1595/1595 1594/1594 4115/4115
f 4112/4112 4116/4116 4104/4104
f 4102/4102 4117/4117 4123/4123
f 4117/4117 4315/4315 4123/4123
f 2221/2221 1555/1555 6029/6029
f 1552/1552 1555/1555 2221/2221
f 2394/2394 2397/2397 4110/4110
f 2217/2217 4111/4111 2152/2152
f 4113/4113 4106/4106 2155/2155
f 2218/2218 2393/2393 4114/4114
f 1551/1551 3314/3314 1544/1544
f 1548/1548 2217/2217 2152/2152
f 1551/1551 2220/2220 3314/3314
f 1550/1550 1555/1555 1552/1552
f 2219/2219 1547/1547 3312/3312
f 4105/4105 4103/4103 4108/4108
f 4108/4108 4103/4103 4317/4317
f 4112/4112 4104/4104 4105/4105
f 4316/4316 4102/4102 4123/4123
f 3614/3614 4135/4135 4871/4871
f 4872/4872 4873/4873 3799/3799
f 4135/4135 3614/3614 4869/4869
f 4135/4135 4875/4875 4871/4871
f 4869/4869 3614/3614 1629/1629
f 4133/4133 4267/4267 4137/4137
f 4064/4064 4213/4213 4077/4077
f 4217/4217 4213/4213 4064/4064
f 4063/4063 4078/4078 4076/4076
f 2013/2013 2017/2017 4928/4928
f 5277/5277 4930/4930 4910/4910
f 4930/4930 2016/2016 4910/4910
f 2016/2016 4922/4922 4910/4910
f 4934/4934 4911/4911 3910/3910
f 3914/3914 3911/3911 4097/4097
f 3910/3910 4911/4911 5354/5354
f 4911/4911 4931/4931 5354/5354
f 2016/2016 4933/4933 4922/4922
f 4934/4934 4933/4933 4923/4923
f 4934/4934 4927/4927 4933/4933
f 4072/4072 3914/3914 4066/4066
f 4072/4072 4066/4066 4063/4063
f 4072/4072 4063/4063 4076/4076
f 4911/4911 4934/4934 4923/4923
f 3904/3904 3909/3909 3913/3913
f 6017/6017 3914/3914 4097/4097
f 5017/5017 4080/4080 4147/4147
f 5015/5015 6024/6024 4079/4079
f 4079/4079 6024/6024 6027/6027
f 4147/4147 4094/4094 5017/5017
f 4933/4933 2016/2016 4923/4923
f 2016/2016 2021/2021 4923/4923
f 3537/3537 4932/4932 4864/4864
f 3535/3535 4863/4863 6023/6023
f 3492/3492 4869/4869 1629/1629
f 3492/3492 3487/3487 4869/4869
f 3487/3487 3489/3489 4553/4553
f 4076/4076 4078/4078 3490/3490
f 3491/3491 3488/3488 3486/3486
f 3488/3488 3491/3491 6025/6025
f 4078/4078 6026/6026 3490/3490
f 4927/4927 3905/3905 3906/3906
f 4922/4922 3492/3492 4910/4910
f 4927/4927 3492/3492 4922/4922
f 4927/4927 3906/3906 3492/3492
f 3486/3486 3908/3908 3491/3491
f 3908/3908 4075/4075 3491/3491
f 3492/3492 3906/3906 3487/3487
f 4927/4927 4934/4934 3905/3905
f 4933/4933 4927/4927 4922/4922
f 3904/3904 3913/3913 4073/4073
f 3907/3907 3904/3904 4073/4073
f 3907/3907 4073/4073 4074/4074
f 3910/3910 3905/3905 4934/4934
f 4553/4553 4209/4209 4867/4867
f 4243/4243 4868/4868 4653/4653
f 4654/4654 4913/4913 4244/4244
f 4914/4914 4540/4540 4247/4247
f 4134/4134 4231/4231 4268/4268
f 4869/4869 4230/4230 4135/4135
f 4555/4555 5131/5131 4552/4552
f 4210/4210 5131/5131 4781/4781
f 3487/3487 4553/4553 4867/4867
f 3487/3487 4867/4867 4869/4869
f 4644/4644 4245/4245 4541/4541
f 4305/4305 4245/4245 4644/4644
f 4266/4266 4229/4229 4233/4233
f 4867/4867 4246/4246 4869/4869
f 4246/4246 4303/4303 4869/4869
f 4552/4552 5131/5131 4210/4210
f 4643/4643 4538/4538 4659/4659
f 4659/4659 4650/4650 4649/4649
f 4646/4646 4649/4649 4648/4648
f 4649/4649 4646/4646 4643/4643
f 4645/4645 4647/4647 4488/4488
f 4262/4262 4255/4255 4256/4256
f 4659/4659 4649/4649 4643/4643
f 4232/4232 4255/4255 4262/4262
f 4915/4915 4916/4916 4661/4661
f 4209/4209 4731/4731 4867/4867
f 4539/4539 4915/4915 4661/4661
f 5127/5127 4734/4734 4732/4732
f 4207/4207 5133/5133 4731/4731
f 4866/4866 3674/3674 4920/4920
f 3676/3676 4658/4658 4678/4678
f 4921/4921 4913/4913 4654/4654
f 4918/4918 4651/4651 4660/4660
f 5127/5127 4732/4732 5134/5134
f 4210/4210 4781/4781 4205/4205
f 4781/4781 5134/5134 4205/4205
f 4733/4733 4208/4208 4206/4206
f 4867/4867 4731/4731 3675/3675
f 4731/4731 4656/4656 3675/3675
f 4731/4731 4735/4735 4656/4656
f 4855/4855 4656/4656 4735/4735
f 3674/3674 4677/4677 4920/4920
f 4866/4866 4920/4920 4655/4655
f 4920/4920 4677/4677 4650/4650
f 4912/4912 4919/4919 4917/4917
f 4919/4919 4652/4652 4917/4917
f 4232/4232 2978/2978 4265/4265
f 4232/4232 4262/4262 2978/2978
f 4646/4646 4304/4304 4643/4643
f 4303/4303 4645/4645 4235/4235
f 4235/4235 4645/4645 4488/4488
f 4234/4234 4487/4487 4254/4254
f 4869/4869 4235/4235 4230/4230
f 4709/4709 4778/4778 5132/5132
f 4303/4303 4235/4235 4869/4869
f 4865/4865 4931/4931 4860/4860
f 6022/6022 3488/3488 6025/6025
f 4554/4554 3489/3489 4865/4865
f 3489/3489 4554/4554 4553/4553
f 4554/4554 5129/5129 4673/4673
f 4860/4860 4931/4931 4853/4853
f 4862/4862 3488/3488 6022/6022
f 4860/4860 5129/5129 4865/4865
f 4865/4865 5129/5129 4554/4554
f 4265/4265 2978/2978 2979/2979
f 4555/4555 4672/4672 5131/5131
f 4066/4066 4067/4067 4063/4063
f 4067/4067 4218/4218 4063/4063
f 4069/4069 4065/4065 6018/6018
f 6018/6018 6014/6014 4069/4069
f 4989/4989 4992/4992 5034/5034
f 4993/4993 5036/5036 5035/5035
f 4215/4215 4068/4068 4993/4993
f 4068/4068 6016/6016 5027/5027
f 4068/4068 5027/5027 4993/4993
f 5027/5027 5036/5036 4993/4993
f 5027/5027 5124/5124 5037/5037
f 4993/4993 4990/4990 4215/4215
f 6015/6015 4071/4071 5025/5025
f 5028/5028 5025/5025 5125/5125
f 5027/5027 6016/6016 5024/5024
f 5036/5036 5027/5027 5037/5037
f 4650/4650 4648/4648 4649/4649
f 5039/5039 5037/5037 1052/1052
f 5124/5124 5042/5042 5037/5037
f 4066/4066 3914/3914 6017/6017
f 4983/4983 4146/4146 4212/4212
f 5036/5036 5039/5039 5035/5035
f 5035/5035 5039/5039 1046/1046
f 5035/5035 1046/1046 4991/4991
f 5039/5039 5036/5036 5037/5037
f 4780/4780 4856/4856 5135/5135
f 4672/4672 4851/4851 5131/5131
f 5131/5131 4851/4851 4770/4770
f 4984/4984 4216/4216 4989/4989
f 4983/4983 4212/4212 4214/4214
f 4211/4211 4147/4147 4080/4080
f 2734/2734 2736/2736 2730/2730
f 2730/2730 2736/2736 2740/2740
f 3583/3583 2733/2733 2729/2729
f 2728/2728 2730/2730 5323/5323
f 2736/2736 2734/2734 2722/2722
f 5323/5323 2730/2730 2740/2740
f 2725/2725 2732/2732 3584/3584
f 1583/1583 5793/5793 3503/3503
f 2597/2597 1590/1590 1596/1596
f 1591/1591 1582/1582 1595/1595
f 1591/1591 5873/5873 1582/1582
f 2800/2800 2916/2916 5988/5988
f 2799/2799 2803/2803 2805/2805
f 2800/2800 5988/5988 2806/2806
f 5880/5880 3666/3666 3659/3659
f 3666/3666 3661/3661 3659/3659
f 2800/2800 5318/5318 2916/2916
f 2387/2387 5294/5294 2596/2596
f 5296/5296 1584/1584 1591/1591
f 1585/1585 4194/4194 5793/5793
f 4195/4195 4361/4361 5794/5794
f 2903/2903 2802/2802 2797/2797
f 2596/2596 5294/5294 1592/1592
f 2802/2802 2738/2738 2386/2386
f 2802/2802 2903/2903 2738/2738
f 2904/2904 5929/5929 2739/2739
f 2388/2388 1586/1586 5295/5295
f 4197/4197 1586/1586 2388/2388
f 2738/2738 4370/4370 4196/4196
f 2738/2738 4196/4196 2386/2386
f 2738/2738 2735/2735 4370/4370
f 5872/5872 1585/1585 5793/5793
f 1591/1591 1584/1584 5873/5873
f 5315/5315 3670/3670 2876/2876
f 4101/4101 5316/5316 2801/2801
f 1583/1583 5872/5872 5793/5793
f 3670/3670 5315/5315 4098/4098
f 4099/4099 2803/2803 2385/2385
f 4100/4100 2391/2391 3669/3669
f 5322/5322 2739/2739 5929/5929
f 5794/5794 4361/4361 5792/5792
f 2399/2399 2390/2390 2598/2598
f 2398/2398 3664/3664 3668/3668
f 3668/3668 2389/2389 2398/2398
f 2917/2917 5317/5317 2875/2875
f 3680/3680 2877/2877 3667/3667
f 5879/5879 3681/3681 3665/3665
f 2796/2796 2803/2803 2799/2799
f 5928/5928 2902/2902 2795/2795
f 2798/2798 5324/5324 5928/5928
f 5928/5928 2795/2795 2798/2798
f 2808/2808 5324/5324 2798/2798
f 2338/2338 5607/5607 2346/2346
f 2338/2338 2346/2346 2340/2340
f 1373/1373 5418/5418 5187/5187
f 2772/2772 3153/3153 1368/1368
f 1369/1369 5189/5189 1367/1367
f 1351/1351 1367/1367 5189/5189
f 1369/1369 1377/1377 1372/1372
f 2184/2184 2213/2213 3774/3774
f 1393/1393 2193/2193 3774/3774
f 2184/2184 3774/3774 2193/2193
f 1393/1393 3725/3725 2193/2193
f 1376/1376 1389/1389 1375/1375
f 1375/1375 1392/1392 3775/3775
f 1389/1389 1392/1392 1375/1375
f 3774/3774 2199/2199 1374/1374
f 1384/1384 1376/1376 1375/1375
f 5189/5189 1384/1384 1375/1375
f 1369/1369 1384/1384 5189/5189
f 3153/3153 1371/1371 1368/1368
f 3153/3153 2747/2747 1371/1371
f 1384/1384 3719/3719 1376/1376
f 1376/1376 3719/3719 1389/1389
f 1372/1372 1384/1384 1369/1369
f 1389/1389 3718/3718 1392/1392
f 5426/5426 5464/5464 5267/5267
f 5424/5424 4086/4086 5463/5463
f 4204/4204 3773/3773 5424/5424
f 5417/5417 2202/2202 4204/4204
f 4204/4204 5425/5425 5423/5423
f 5463/5463 5425/5425 5424/5424
f 4204/4204 5424/5424 5425/5425
f 5417/5417 4204/4204 5419/5419
f 5419/5419 4204/4204 5423/5423
f 5266/5266 5270/5270 2345/2345
f 5270/5270 2339/2339 2345/2345
f 2790/2790 5257/5257 2344/2344
f 5258/5258 5427/5427 5268/5268
f 2789/2789 2343/2343 5610/5610
f 5257/5257 5265/5265 2344/2344
f 5267/5267 5464/5464 5261/5261
f 2214/2214 4686/4686 4087/4087
f 5424/5424 3773/3773 4088/4088
f 3773/3773 2216/2216 4088/4088
f 4203/4203 2201/2201 3776/3776
f 1373/1373 2200/2200 5418/5418
f 6233/6233 3002/3002 3004/3004
f 3003/3003 1378/1378 1370/1370
f 3003/3003 1370/1370 2748/2748
f 6231/6231 6233/6233 2750/2750
f 2749/2749 3154/3154 3152/3152
f 6233/6233 3005/3005 2750/2750
f 3152/3152 3154/3154 2774/2774
f 3717/3717 3726/3726 1391/1391
f 2333/2333 2332/2332 2331/2331
f 2336/2336 2332/2332 2333/2333
f 1512/1512 1490/1490 1485/1485
f 1485/1485 2417/2417 1497/1497
f 1485/1485 1497/1497 1512/1512
f 2417/2417 1498/1498 1497/1497
f 4357/4357 4330/4330 2418/2418
f 2418/2418 4330/4330 4358/4358
f 1485/1485 1490/1490 1513/1513
f 1511/1511 1512/1512 1497/1497
f 1513/1513 1511/1511 1506/1506
f 1511/1511 1497/1497 1500/1500
f 1511/1511 1500/1500 1510/1510
f 1511/1511 1510/1510 1506/1506
f 1500/1500 1507/1507 1510/1510
f 1510/1510 1507/1507 1509/1509
f 1485/1485 1513/1513 1496/1496
f 1496/1496 1513/1513 1506/1506
f 1506/1506 1510/1510 1509/1509
f 1493/1493 1485/1485 1492/1492
f 1506/1506 1505/1505 1504/1504
f 1506/1506 1494/1494 1496/1496
f 1506/1506 1504/1504 1494/1494
f 1485/1485 1496/1496 1492/1492
f 1498/1498 1499/1499 1505/1505
f 1486/1486 1498/1498 1505/1505
f 1503/1503 1505/1505 1502/1502
f 1506/1506 1508/1508 1505/1505
f 1508/1508 1486/1486 1505/1505
f 4357/4357 2418/2418 4319/4319
f 1497/1497 1489/1489 1500/1500
f 1489/1489 1486/1486 1500/1500
f 1486/1486 1497/1497 1498/1498
f 1489/1489 1497/1497 1486/1486
f 1507/1507 1508/1508 1506/1506
f 1500/1500 1486/1486 1508/1508
f 1507/1507 1500/1500 1508/1508
f 1509/1509 1507/1507 1506/1506
f 1513/1513 1490/1490 1512/1512
f 1513/1513 1512/1512 1511/1511
f 1908/1908 1802/1802 1915/1915
f 1908/1908 1915/1915 2076/2076
f 920/920 1908/1908 2076/2076
f 2076/2076 1915/1915 2081/2081
f 2077/2077 2080/2080 2084/2084
f 1905/1905 1901/1901 1802/1802
f 1901/1901 1903/1903 1802/1802
f 1905/1905 1802/1802 1907/1907
f 1907/1907 1802/1802 1908/1908
f 1801/1801 5088/5088 1803/1803
f 2094/2094 1803/1803 5088/5088
f 1803/1803 2094/2094 1914/1914
f 1913/1913 4756/4756 2080/2080
f 4756/4756 1913/1913 2093/2093
f 2077/2077 2084/2084 2079/2079
f 1804/1804 1902/1902 1900/1900
f 1796/1796 1902/1902 1804/1804
f 1803/1803 1902/1902 1801/1801
f 1801/1801 1902/1902 1796/1796
f 918/918 1911/1911 1901/1901
f 918/918 1901/1901 1905/1905
f 2095/2095 5090/5090 5081/5081
f 1804/1804 1900/1900 1797/1797
f 1796/1796 1777/1777 1800/1800
f 1900/1900 1810/1810 1797/1797
f 1799/1799 1811/1811 1795/1795
f 1798/1798 1794/1794 1787/1787
f 1805/1805 1798/1798 1787/1787
f 1796/1796 1804/1804 1777/1777
f 1807/1807 1783/1783 1793/1793
f 1809/1809 1901/1901 1911/1911
f 5097/5097 2085/2085 2087/2087
f 4756/4756 2090/2090 2080/2080
f 4757/4757 5118/5118 2091/2091
f 2084/2084 2080/2080 2088/2088
f 2090/2090 2088/2088 2080/2080
f 1527/1527 1531/1531 4840/4840
f 4466/4466 4839/4839 4464/4464
f 4456/4456 4181/4181 3498/3498
f 4716/4716 4183/4183 3077/3077
f 3076/3076 4182/4182 4675/4675
f 4185/4185 4455/4455 4466/4466
f 4185/4185 4466/4466 4463/4463
f 4455/4455 4839/4839 4466/4466
f 1491/1491 1517/1517 4842/4842
f 4839/4839 4843/4843 4464/4464
f 1516/1516 3569/3569 5786/5786
f 4841/4841 1515/1515 4465/4465
f 2108/2108 1516/1516 5786/5786
f 1515/1515 2109/2109 4465/4465
f 4838/4838 1491/1491 4842/4842
f 4332/4332 3829/3829 3157/3157
f 3160/3160 5781/5781 3246/3246
f 3160/3160 3246/3246 3155/3155
f 3247/3247 4332/4332 3157/3157
f 3562/3562 4334/4334 5782/5782
f 4335/4335 5779/5779 5783/5783
f 4332/4332 3247/3247 5780/5780
f 4330/4330 4334/4334 4358/4358
f 4358/4358 4334/4334 3562/3562
f 3565/3565 3564/3564 5784/5784
f 3565/3565 5788/5788 3567/3567
f 1514/1514 3563/3563 3566/3566
f 2417/2417 4359/4359 3561/3561
f 1498/1498 2417/2417 3561/3561
f 1531/1531 1493/1493 1492/1492
f 1531/1531 1492/1492 4840/4840
f 1499/1499 3561/3561 1495/1495
f 1495/1495 1487/1487 1488/1488
f 1495/1495 3561/3561 1487/1487
f 1487/1487 3561/3561 1518/1518
f 3568/3568 1514/1514 3566/3566
f 1496/1496 1495/1495 1488/1488
f 1488/1488 1487/1487 1518/1518
f 1488/1488 1518/1518 1492/1492
f 1496/1496 1499/1499 1495/1495
f 1501/1501 1499/1499 1496/1496
f 1494/1494 1503/1503 1501/1501
f 1494/1494 1501/1501 1496/1496
f 1492/1492 1496/1496 1488/1488
f 1498/1498 3561/3561 1499/1499
f 1502/1502 1499/1499 1501/1501
f 1505/1505 1499/1499 1502/1502
f 1504/1504 1505/1505 1503/1503
f 1503/1503 1502/1502 1501/1501
f 1494/1494 1504/1504 1503/1503
f 2568/2568 2759/2759 1403/1403
f 2566/2566 2577/2577 2758/2758
f 2569/2569 2578/2578 2568/2568
f 2571/2571 2576/2576 2577/2577
f 2576/2576 5348/5348 2753/2753
f 2577/2577 2576/2576 2752/2752
f 2757/2757 2751/2751 2756/2756
f 2576/2576 2753/2753 2751/2751
f 2754/2754 2751/2751 2753/2753
f 2751/2751 2754/2754 2756/2756
f 2758/2758 2752/2752 2757/2757
f 2576/2576 2751/2751 2752/2752
f 2577/2577 2752/2752 2758/2758
f 2752/2752 2751/2751 2757/2757
f 2758/2758 2757/2757 2761/2761
f 2758/2758 1401/1401 1385/1385
f 2761/2761 2763/2763 1399/1399
f 6216/6216 6219/6219 6223/6223
f 6223/6223 6219/6219 6228/6228
f 6215/6215 6221/6221 2767/2767
f 2762/2762 6222/6222 1398/1398
f 6216/6216 6213/6213 6219/6219
f 1398/1398 1387/1387 1397/1397
f 2763/2763 2765/2765 6224/6224
f 2757/2757 2763/2763 2761/2761
f 2756/2756 1613/1613 2765/2765
f 2756/2756 2765/2765 2757/2757
f 2757/2757 2765/2765 2763/2763
f 2766/2766 4002/4002 6216/6216
f 2758/2758 2761/2761 1401/1401
f 1401/1401 2761/2761 1399/1399
f 1398/1398 6222/6222 1387/1387
f 1623/1623 1620/1620 4004/4004
f 1620/1620 4006/4006 4004/4004
f 4002/4002 6213/6213 6216/6216
f 4004/4004 4006/4006 4003/4003
f 4004/4004 4003/4003 2764/2764
f 4004/4004 2764/2764 1614/1614
f 4006/4006 4009/4009 4008/4008
f 4009/4009 4006/4006 1620/1620
f 6219/6219 6218/6218 6227/6227
f 6221/6221 6229/6229 2775/2775
f 1388/1388 6224/6224 2773/2773
f 2468/2468 2469/2469 4331/4331
f 2470/2470 4350/4350 4330/4330
f 2467/2467 3515/3515 3279/3279
f 2475/2475 3279/3279 3515/3515
f 4360/4360 2721/2721 4348/4348
f 4320/4320 4324/4324 1271/1271
f 4121/4121 4369/4369 4350/4350
f 4118/4118 4120/4120 2465/2465
f 4118/4118 2465/2465 2472/2472
f 4119/4119 4351/4351 2461/2461
f 4369/4369 4349/4349 4350/4350
f 4112/4112 3501/3501 4368/4368
f 4112/4112 4368/4368 4116/4116
f 4368/4368 4119/4119 4116/4116
f 5794/5794 5792/5792 3502/3502
f 3502/3502 5792/5792 4367/4367
f 2462/2462 4350/4350 2471/2471
f 4369/4369 4347/4347 4349/4349
f 2465/2465 2469/2469 3280/3280
f 2469/2469 2468/2468 3280/3280
f 2473/2473 2463/2463 2476/2476
f 2477/2477 2464/2464 3281/3281
f 2474/2474 2478/2478 2466/2466
f 4118/4118 2472/2472 4314/4314
f 2472/2472 2468/2468 4314/4314
f 2478/2478 3516/3516 2466/2466
f 4371/4371 4361/4361 4195/4195
f 4347/4347 4360/4360 4348/4348
f 4352/4352 4360/4360 4347/4347
f 4360/4360 4372/4372 2721/2721
f 4372/4372 2737/2737 2721/2721
f 4362/4362 4373/4373 4360/4360
f 4362/4362 4360/4360 4352/4352
f 5791/5791 4362/4362 4352/4352
f 4347/4347 4348/4348 4349/4349
f 5791/5791 4347/4347 4369/4369
f 5791/5791 4352/4352 4347/4347
f 4320/4320 1271/1271 1598/1598
f 4350/4350 4349/4349 4320/4320
f 4350/4350 4320/4320 4330/4330
f 4348/4348 4320/4320 4349/4349
f 4320/4320 4348/4348 4324/4324
f 5862/5862 5961/5961 5828/5828
f 5862/5862 5831/5831 5961/5961
f 5361/5361 5360/5360 5831/5831
f 5796/5796 5862/5862 5826/5826
f 5796/5796 5826/5826 5824/5824
f 5862/5862 5823/5823 5826/5826
f 5862/5862 5828/5828 5841/5841
f 5840/5840 4293/4293 5823/5823
f 5862/5862 5841/5841 5823/5823
f 5840/5840 1999/1999 4293/4293
f 1994/1994 1998/1998 5839/5839
f 5828/5828 1996/1996 5841/5841
f 5832/5832 5833/5833 5795/5795
f 5795/5795 5796/5796 5850/5850
f 5832/5832 5795/5795 5850/5850
f 4344/4344 5832/5832 5810/5810
f 4343/4343 5809/5809 5812/5812
f 4344/4344 5844/5844 5832/5832
f 5795/5795 5830/5830 5862/5862
f 5833/5833 5161/5161 5361/5361
f 5361/5361 5830/5830 5833/5833
f 5846/5846 5861/5861 5833/5833
f 5844/5844 5846/5846 5833/5833
f 5861/5861 5161/5161 5833/5833
f 3302/3302 5846/5846 5844/5844
f 5796/5796 5795/5795 5862/5862
f 5833/5833 5830/5830 5795/5795
f 5844/5844 5833/5833 5832/5832
f 4290/4290 2541/2541 1942/1942
f 1942/1942 2541/2541 1941/1941
f 2541/2541 1934/1934 1941/1941
f 3083/3083 1928/1928 1931/1931
f 2528/2528 1930/1930 1933/1933
f 2542/2542 2529/2529 1932/1932
f 1928/1928 1934/1934 1931/1931
f 1928/1928 3083/3083 1926/1926
f 3083/3083 1935/1935 1926/1926
f 5889/5889 5992/5992 5968/5968
f 5969/5969 5974/5974 5885/5885
f 3602/3602 5970/5970 3937/3937
f 4762/4762 3266/3266 4157/4157
f 3604/3604 3602/3602 4154/4154
f 3601/3601 3606/3606 5962/5962
f 5891/5891 5971/5971 3601/3601
f 5967/5967 3942/3942 3938/3938
f 3602/3602 3937/3937 4761/4761
f 3602/3602 4761/4761 4154/4154
f 4495/4495 5882/5882 5298/5298
f 3943/3943 5969/5969 5885/5885
f 4666/4666 3271/3271 3262/3262
f 3938/3938 3942/3942 4667/4667
f 4667/4667 3942/3942 4494/4494
f 4495/4495 3941/3941 5882/5882
f 3270/3270 4665/4665 4493/4493
f 3262/3262 3939/3939 4666/4666
f 3269/3269 3270/3270 4493/4493
f 3269/3269 4493/4493 5299/5299
f 3268/3268 5297/5297 4623/4623
f 5883/5883 4156/4156 5300/5300
f 4623/4623 5297/5297 4155/4155
f 5883/5883 3605/3605 4156/4156
f 3603/3603 5884/5884 1987/1987
f 3606/3606 1989/1989 5962/5962
f 5968/5968 3703/3703 5973/5973
f 5359/5359 5891/5891 5962/5962
f 1988/1988 1993/1993 1991/1991
f 5962/5962 1995/1995 5827/5827
f 5962/5962 5891/5891 3601/3601
f 1995/1995 1989/1989 1990/1990
f 1991/1991 1993/1993 1998/1998
f 1997/1997 1992/1992 2530/2530
f 1997/1997 2530/2530 2540/2540
f 5962/5962 1989/1989 1995/1995
f 1991/1991 1998/1998 1994/1994
f 3262/3262 3265/3265 3939/3939
f 3940/3940 3266/3266 4762/4762
f 4157/4157 3266/3266 4621/4621
f 3272/3272 3267/3267 3263/3263
f 3264/3264 3263/3263 3267/3267
f 3264/3264 3267/3267 4622/4622
f 1988/1988 3451/3451 1993/1993
f 5886/5886 5972/5972 4609/4609
f 5974/5974 5888/5888 5885/5885
f 5885/5885 3450/3450 1989/1989
f 4228/4228 4054/4054 5887/5887
f 5888/5888 4053/4053 5885/5885
f 5886/5886 4609/4609 4688/4688
f 4228/4228 5887/5887 4689/4689
f 5992/5992 3703/3703 5968/5968
f 1992/1992 2547/2547 2530/2530
f 3082/3082 1930/1930 2528/2528
f 1927/1927 1935/1935 1939/1939
f 1997/1997 2540/2540 4291/4291
f 1313/1313 1281/1281 1303/1303
f 1280/1280 1281/1281 3736/3736
f 1312/1312 6034/6034 1282/1282
f 1287/1287 3736/3736 3734/3734
f 1281/1281 1280/1280 1303/1303
f 1280/1280 3736/3736 1287/1287
f 1277/1277 1280/1280 1287/1287
f 1293/1293 1286/1286 1279/1279
f 1279/1279 1292/1292 1293/1293
f 1286/1286 1320/1320 1279/1279
f 1320/1320 1303/1303 1284/1284
f 1320/1320 1313/1313 1303/1303
f 1284/1284 1303/1303 1280/1280
f 4637/4637 1314/1314 1285/1285
f 1565/1565 4636/4636 1569/1569
f 1317/1317 1313/1313 1315/1315
f 1579/1579 1318/1318 1565/1565
f 1313/1313 1320/1320 1286/1286
f 1286/1286 1315/1315 1313/1313
f 4636/4636 1565/1565 1318/1318
f 1318/1318 1316/1316 4636/4636
f 3399/3399 3394/3394 1311/1311
f 1319/1319 3399/3399 1311/1311
f 1320/1320 1284/1284 1277/1277
f 1284/1284 1280/1280 1277/1277
f 4330/4330 4320/4320 4334/4334
f 4320/4320 4322/4322 4334/4334
f 1270/1270 4321/4321 1601/1601
f 1601/1601 4321/4321 1599/1599
f 4320/4320 1598/1598 4322/4322
f 1988/1988 3449/3449 3451/3451
f 2804/2804 5989/5989 5894/5894
f 5989/5989 5993/5993 5894/5894
f 3700/3700 4614/4614 2966/2966
f 5975/5975 3705/3705 3702/3702
f 2966/2966 4611/4611 3700/3700
f 5972/5972 3701/3701 4609/4609
f 5990/5990 3685/3685 5992/5992
f 5991/5991 3684/3684 3450/3450
f 3452/3452 3448/3448 2524/2524
f 3450/3450 5878/5878 3447/3447
f 3450/3450 3684/3684 5878/5878
f 4050/4050 3704/3704 5991/5991
f 4600/4600 3708/3708 4051/4051
f 3702/3702 3705/3705 3707/3707
f 3707/3707 3705/3705 4052/4052
f 4050/4050 5991/5991 3450/3450
f 4058/4058 4051/4051 4055/4055
f 4057/4057 4054/4054 4228/4228
f 4600/4600 4051/4051 4058/4058
f 4050/4050 3450/3450 4053/4053
f 4053/4053 3450/3450 5885/5885
f 4610/4610 2964/2964 4690/4690
f 2964/2964 2970/2970 4690/4690
f 4690/4690 2970/2970 4227/4227
f 2968/2968 3706/3706 4601/4601
f 4613/4613 3706/3706 2968/2968
f 2965/2965 4612/4612 2967/2967
f 2967/2967 2971/2971 2965/2965
f 4056/4056 2969/2969 4599/4599
f 2972/2972 2969/2969 4056/4056
f 2972/2972 4056/4056 4226/4226
f 3706/3706 4613/4613 3699/3699
f 5878/5878 3657/3657 5875/5875
f 2514/2514 5875/5875 2536/2536
f 3443/3443 5877/5877 5876/5876
f 3445/3445 5875/5875 2514/2514
f 3446/3446 3444/3444 2512/2512
f 2524/2524 3446/3446 2512/2512
f 3447/3447 5878/5878 3445/3445
f 3448/3448 3446/3446 2524/2524
f 5878/5878 5881/5881 3657/3657
f 3685/3685 2917/2917 2875/2875
f 3681/3681 5879/5879 3683/3683
f 5990/5990 2917/2917 3685/3685
f 3682/3682 2877/2877 3680/3680
f 5881/5881 5878/5878 3684/3684
f 2805/2805 2809/2809 2799/2799
f 5911/5911 2809/2809 2805/2805
f 5895/5895 5907/5907 2807/2807
f 5910/5910 5896/5896 5963/5963
f 5964/5964 5895/5895 5954/5954
f 5910/5910 5963/5963 5919/5919
f 5907/5907 5920/5920 5930/5930
f 5918/5918 5930/5930 5920/5920
f 3658/3658 5880/5880 3659/3659
f 2519/2519 5623/5623 5621/5621
f 3453/3453 2547/2547 1992/1992
f 2528/2528 1937/1937 3082/3082
f 3085/3085 2528/2528 2546/2546
f 5623/5623 2535/2535 5617/5617
f 3711/3711 2517/2517 2508/2508
f 2508/2508 2517/2517 2532/2532
f 5622/5622 2513/2513 2538/2538
f 2517/2517 2513/2513 2518/2518
f 2523/2523 2513/2513 2517/2517
f 2547/2547 2523/2523 3711/3711
f 2547/2547 3453/3453 2523/2523
f 3710/3710 3085/3085 2546/2546
f 3711/3711 2523/2523 2517/2517
f 2513/2513 5622/5622 2518/2518
f 2516/2516 5313/5313 5310/5310
f 2517/2517 2518/2518 5314/5314
f 5310/5310 5313/5313 3048/3048
f 5314/5314 2518/2518 5620/5620
f 2528/2528 3085/3085 1937/1937
f 1936/1936 3084/3084 3709/3709
f 1936/1936 3709/3709 2507/2507
f 5621/5621 1581/1581 2525/2525
f 5621/5621 5623/5623 1581/1581
f 5623/5623 5617/5617 4639/4639
f 5965/5965 5952/5952 5976/5976
f 5920/5920 5964/5964 5966/5966
f 5964/5964 5954/5954 5966/5966
f 5918/5918 5920/5920 5923/5923
f 5920/5920 5966/5966 5980/5980
f 5921/5921 5979/5979 5922/5922
f 5903/5903 1272/1272 5986/5986
f 5895/5895 5994/5994 5891/5891
f 5895/5895 5891/5891 5897/5897
f 5359/5359 5893/5893 5891/5891
f 5890/5890 5156/5156 5898/5898
f 5890/5890 5892/5892 5156/5156
f 5162/5162 5358/5358 5362/5362
f 5861/5861 5947/5947 5161/5161
f 5158/5158 5154/5154 5163/5163
f 5950/5950 5154/5154 5158/5158
f 5946/5946 5902/5902 5949/5949
f 5946/5946 5949/5949 5159/5159
f 5947/5947 5160/5160 5161/5161
f 5309/5309 5985/5985 5897/5897
f 5155/5155 5309/5309 5897/5897
f 5902/5902 5901/5901 5155/5155
f 5901/5901 5309/5309 5155/5155
f 5157/5157 5948/5948 5905/5905
f 5942/5942 5939/5939 5985/5985
f 5960/5960 5984/5984 5944/5944
f 5944/5944 5933/5933 5960/5960
f 5956/5956 5997/5997 5943/5943
f 5983/5983 5917/5917 5899/5899
f 5901/5901 5941/5941 5309/5309
f 5985/5985 5939/5939 5955/5955
f 5308/5308 5940/5940 5982/5982
f 5957/5957 5944/5944 5984/5984
f 5358/5358 5156/5156 5892/5892
f 5156/5156 5358/5358 5162/5162
f 5829/5829 5359/5359 5962/5962
f 5914/5914 5951/5951 5917/5917
f 5986/5986 5916/5916 5959/5959
f 5917/5917 5951/5951 5899/5899
f 5958/5958 5917/5917 5983/5983
f 5897/5897 5954/5954 5895/5895
f 5998/5998 5937/5937 5945/5945
f 5901/5901 5937/5937 5941/5941
f 5935/5935 5997/5997 5938/5938
f 5941/5941 5937/5937 5939/5939
f 5997/5997 5956/5956 5938/5938
f 5936/5936 5986/5986 5959/5959
f 5986/5986 5925/5925 5916/5916
f 5925/5925 5932/5932 5915/5915
f 5916/5916 5925/5925 5915/5915
f 5931/5931 5953/5953 5913/5913
f 5931/5931 5978/5978 5953/5953
f 2688/2688 5947/5947 5861/5861
f 5900/5900 5987/5987 5934/5934
f 5986/5986 5901/5901 5903/5903
f 2623/2623 2628/2628 2602/2602
f 2624/2624 3105/3105 2627/2627
f 2592/2592 2625/2625 2601/2601
f 2592/2592 2601/2601 2587/2587
f 2614/2614 3105/3105 2591/2591
f 3105/3105 2624/2624 2591/2591
f 2591/2591 2443/2443 2614/2614
f 2631/2631 3458/3458 2668/2668
f 3104/3104 3107/3107 3101/3101
f 2654/2654 3687/3687 2901/2901
f 3457/3457 2654/2654 2901/2901
f 3105/3105 3458/3458 2631/2631
f 3103/3103 2629/2629 3112/3112
f 2614/2614 3458/3458 3105/3105
f 3103/3103 3112/3112 3108/3108
f 2622/2622 2988/2988 2637/2637
f 2636/2636 2414/2414 3364/3364
f 3468/3468 2636/2636 3364/3364
f 3022/3022 3035/3035 2613/2613
f 2622/2622 2655/2655 3458/3458
f 2622/2622 2637/2637 3467/3467
f 2655/2655 2622/2622 3467/3467
f 2655/2655 3467/3467 2650/2650
f 3034/3034 2622/2622 2614/2614
f 2614/2614 2622/2622 3458/3458
f 2614/2614 2443/2443 3673/3673
f 3029/3029 2614/2614 2616/2616
f 2622/2622 3961/3961 2988/2988
f 3961/3961 2622/2622 3034/3034
f 2617/2617 3673/3673 2620/2620
f 2620/2620 3673/3673 2641/2641
f 3673/3673 2617/2617 2614/2614
f 2588/2588 2600/2600 2604/2604
f 2595/2595 2590/2590 2589/2589
f 2599/2599 2623/2623 2602/2602
f 2594/2594 2588/2588 2604/2604
f 2590/2590 2595/2595 2662/2662
f 2660/2660 2443/2443 2591/2591
f 2441/2441 2439/2439 3359/3359
f 3110/3110 3101/3101 3107/3107
f 3113/3113 3163/3163 3106/3106
f 2641/2641 3673/3673 2646/2646
f 3673/3673 2672/2672 2646/2646
f 3671/3671 2441/2441 3359/3359
f 2635/2635 2651/2651 2412/2412
f 3114/3114 2630/2630 2632/2632
f 3292/3292 2644/2644 3296/3296
f 2603/2603 2626/2626 2661/2661
f 2603/2603 2661/2661 2593/2593
f 2443/2443 2660/2660 3558/3558
f 3558/3558 2660/2660 3294/3294
f 2627/2627 2643/2643 3294/3294
f 2627/2627 3294/3294 2660/2660
f 2633/2633 3100/3100 3161/3161
f 3102/3102 2634/2634 2627/2627
f 2668/2668 2634/2634 2631/2631
f 2634/2634 2643/2643 2627/2627
f 3161/3161 3100/3100 3111/3111
f 3105/3105 3102/3102 2627/2627
f 2895/2895 2667/2667 2899/2899
f 2667/2667 3459/3459 2899/2899
f 3114/3114 2632/2632 3162/3162
f 3106/3106 3163/3163 3109/3109
f 2649/2649 3466/3466 3365/3365
f 2649/2649 3365/3365 3469/3469
f 3686/3686 2658/2658 2898/2898
f 2656/2656 2658/2658 3686/3686
f 2655/2655 2650/2650 2659/2659
f 6068/6068 6073/6073 6115/6115
f 3688/3688 2897/2897 2900/2900
f 2900/2900 2897/2897 2894/2894
f 2641/2641 3294/3294 2620/2620
f 4142/4142 4139/4139 2619/2619
f 2619/2619 4139/4139 2618/2618
f 2442/2442 3560/3560 2437/2437
f 2438/2438 2442/2442 2437/2437
f 3358/3358 2440/2440 3361/3361
f 3361/3361 2440/2440 2436/2436
f 3672/3672 3360/3360 3362/3362
f 2642/2642 4310/4310 4307/4307
f 3672/3672 3362/3362 2670/2670
f 2642/2642 2645/2645 4310/4310
f 4143/4143 6067/6067 6068/6068
f 6079/6079 3292/3292 3296/3296
f 6065/6065 4144/4144 6081/6081
f 2646/2646 3294/3294 4308/4308
f 2672/2672 3558/3558 3294/3294
f 4142/4142 2619/2619 6080/6080
f 3293/3293 6078/6078 2621/2621
f 2435/2435 3559/3559 3363/3363
f 3559/3559 2671/2671 3363/3363
f 2646/2646 2672/2672 3294/3294
f 4309/4309 2647/2647 4306/4306
f 2641/2641 4308/4308 3294/3294
f 6068/6068 6067/6067 6082/6082
f 3297/3297 2234/2234 6078/6078
f 2234/2234 6067/6067 6078/6078
f 2618/2618 4139/4139 3030/3030
f 6118/6118 4140/4140 6114/6114
f 4140/4140 4141/4141 6114/6114
f 6115/6115 4143/4143 6068/6068
f 4999/4999 4773/4773 4775/4775
f 3764/3764 3970/3970 3968/3968
f 5009/5009 4998/4998 5006/5006
f 4442/4442 4998/4998 5009/5009
f 1760/1760 2608/2608 1757/1757
f 1820/1820 4713/4713 1758/1758
f 5209/5209 4713/4713 1820/1820
f 1820/1820 4449/4449 5209/5209
f 6156/6156 4449/4449 1820/1820
f 4713/4713 5209/5209 5206/5206
f 1819/1819 1757/1757 2608/2608
f 5206/5206 1183/1183 4713/4713
f 6152/6152 6128/6128 4449/4449
f 1158/1158 4470/4470 1234/1234
f 3768/3768 3593/3593 3591/3591
f 1091/1091 3768/3768 3591/3591
f 3597/3597 3589/3589 3585/3585
f 3597/3597 3585/3585 3598/3598
f 4471/4471 6010/6010 3600/3600
f 4471/4471 3600/3600 4470/4470
f 4470/4470 3600/3600 3586/3586
f 4999/4999 4775/4775 1156/1156
f 1156/1156 4775/4775 4474/4474
f 6001/6001 4546/4546 4551/4551
f 4548/4548 3760/3760 1114/1114
f 4549/4549 4548/4548 1114/1114
f 6001/6001 4551/4551 6009/6009
f 4470/4470 3586/3586 1234/1234
f 1758/1758 6147/6147 1724/1724
f 1759/1759 1723/1723 3984/3984
f 3769/3769 3763/3763 3964/3964
f 3769/3769 3964/3964 3594/3594
f 3592/3592 3587/3587 3589/3589
f 3587/3587 3592/3592 3965/3965
f 3588/3588 6147/6147 3586/3586
f 3589/3589 3587/3587 3585/3585
f 3769/3769 3765/3765 3763/3763
f 3764/3764 3968/3968 3966/3966
f 3963/3963 3969/3969 3989/3989
f 6146/6146 3963/3963 1723/1723
f 3588/3588 3966/3966 6147/6147
f 3963/3963 3989/3989 1723/1723
f 4473/4473 4469/4469 1159/1159
f 4775/4775 1263/1263 4474/4474
f 1156/1156 4474/4474 1160/1160
f 6008/6008 1086/1086 3591/3591
f 6007/6007 4550/4550 1096/1096
f 4998/4998 4468/4468 4474/4474
f 4550/4550 1111/1111 1096/1096
f 6011/6011 6009/6009 3599/3599
f 4998/4998 4472/4472 4468/4468
f 4998/4998 4474/4474 5006/5006
f 5006/5006 4474/4474 1263/1263
f 3595/3595 6009/6009 6008/6008
f 3599/3599 6009/6009 3596/3596
f 6007/6007 1096/1096 1087/1087
f 3595/3595 6008/6008 3591/3591
f 4551/4551 6008/6008 6009/6009
f 1758/1758 3586/3586 6147/6147
f 1245/1245 1236/1236 1239/1239
f 1239/1239 1236/1236 1754/1754
f 1250/1250 1158/1158 1234/1234
f 1225/1225 1250/1250 1234/1234
f 1173/1173 1220/1220 1756/1756
f 1219/1219 1239/1239 1754/1754
f 1172/1172 1758/1758 4827/4827
f 5206/5206 1164/1164 1183/1183
f 1758/1758 1234/1234 3586/3586
f 4713/4713 4827/4827 1758/1758
f 1255/1255 1258/1258 1249/1249
f 1257/1257 5000/5000 1254/1254
f 1254/1254 5000/5000 1154/1154
f 1170/1170 4617/4617 1174/1174
f 4446/4446 4617/4617 1170/1170
f 5053/5053 5056/5056 1216/1216
f 4616/4616 5053/5053 1216/1216
f 4616/4616 1216/1216 1175/1175
f 4635/4635 1758/1758 3988/3988
f 1168/1168 5205/5205 5208/5208
f 2609/2609 1762/1762 2607/2607
f 4631/4631 2609/2609 2607/2607
f 1819/1819 2608/2608 6155/6155
f 2610/2610 2609/2609 4631/4631
f 5208/5208 4450/4450 1168/1168
f 6156/6156 6157/6157 6152/6152
f 6152/6152 4449/4449 6156/6156
f 2608/2608 1823/1823 6155/6155
f 4000/4000 3055/3055 4632/4632
f 4632/4632 3055/3055 2612/2612
f 4001/4001 1065/1065 1840/1840
f 3998/3998 1064/1064 3986/3986
f 3999/3999 3984/3984 342/342
f 1755/1755 4634/4634 1761/1761
f 1761/1761 4634/4634 2606/2606
f 2605/2605 4633/4633 4632/4632
f 3987/3987 4000/4000 4633/4633
f 4001/4001 3985/3985 1065/1065
f 342/342 1723/1723 1737/1737
f 3984/3984 1723/1723 342/342
f 4000/4000 4632/4632 4633/4633
f 5538/5538 2035/2035 5535/5535
f 5538/5538 2034/2034 2035/2035
f 3273/3273 3118/3118 3277/3277
f 5526/5526 5533/5533 5502/5502
f 5526/5526 5502/5502 5493/5493
f 5507/5507 5525/5525 5494/5494
f 5505/5505 5507/5507 5487/5487
f 5487/5487 5507/5507 5494/5494
f 2039/2039 2035/2035 2036/2036
f 5532/5532 2035/2035 2039/2039
f 5483/5483 5492/5492 2047/2047
f 5532/5532 2039/2039 5501/5501
f 2035/2035 5532/5532 5535/5535
f 5504/5504 5490/5490 5512/5512
f 5512/5512 3117/3117 3420/3420
f 3115/3115 3274/3274 3421/3421
f 3421/3421 3274/3274 3278/3278
f 3420/3420 5520/5520 5512/5512
f 5478/5478 5522/5522 5520/5520
f 5520/5520 5511/5511 5512/5512
f 5544/5544 5487/5487 5494/5494
f 5487/5487 5490/5490 5504/5504
f 5544/5544 5484/5484 5487/5487
f 2681/2681 3426/3426 5512/5512
f 3426/3426 3544/3544 5512/5512
f 5512/5512 5489/5489 2681/2681
f 5511/5511 5507/5507 5506/5506
f 5521/5521 5523/5523 5509/5509
f 5511/5511 5506/5506 5512/5512
f 5496/5496 5483/5483 5482/5482
f 5496/5496 5479/5479 5483/5483
f 5544/5544 5494/5494 5479/5479
f 5479/5479 5494/5494 5483/5483
f 6220/6220 6212/6212 6210/6210
f 6214/6214 6212/6212 6220/6220
f 6220/6220 6210/6210 6218/6218
f 4002/4002 4005/4005 6213/6213
f 4005/4005 6212/6212 6213/6213
f 4007/4007 6212/6212 4005/4005
f 6233/6233 6225/6225 3002/3002
f 6212/6212 3018/3018 6210/6210
f 6218/6218 6225/6225 6233/6233
f 6217/6217 6232/6232 6230/6230
f 6218/6218 6210/6210 6226/6226
f 1619/1619 2997/2997 4010/4010
f 3015/3015 3017/3017 6211/6211
f 4007/4007 3013/3013 6212/6212
f 2996/2996 4008/4008 4009/4009
f 4008/4008 2996/2996 3014/3014
f 5407/5407 2452/2452 2862/2862
f 2836/2836 2839/2839 4749/4749
f 4749/4749 2839/2839 2840/2840
f 5219/5219 5214/5214 5216/5216
f 5216/5216 5214/5214 5218/5218
f 5220/5220 1789/1789 4374/4374
f 4375/4375 5215/5215 5222/5222
f 1792/1792 5221/5221 1812/1812
f 5219/5219 5216/5216 5228/5228
f 1778/1778 1788/1788 1814/1814
f 1812/1812 5221/5221 5223/5223
f 5219/5219 5228/5228 5225/5225
f 5216/5216 5218/5218 5227/5227
f 5212/5212 5211/5211 2841/2841
f 1789/1789 4412/4412 4374/4374
f 1781/1781 1784/1784 1778/1778
f 1784/1784 1791/1791 1778/1778
f 5211/5211 5212/5212 5214/5214
f 4375/4375 2847/2847 5210/5210
f 4376/4376 5211/5211 5214/5214
f 5211/5211 4751/4751 2841/2841
f 2837/2837 2833/2833 2839/2839
f 5397/5397 2842/2842 2838/2838
f 5399/5399 5397/5397 2838/2838
f 1793/1793 1783/1783 1784/1784
f 1777/1777 1781/1781 1778/1778
f 1777/1777 1778/1778 1814/1814
f 5397/5397 6097/6097 5410/5410
f 5397/5397 5410/5410 5398/5398
f 5217/5217 5387/5387 5384/5384
f 5218/5218 5214/5214 5212/5212
f 5388/5388 5387/5387 5217/5217
f 5398/5398 5383/5383 5388/5388
f 5213/5213 5388/5388 5217/5217
f 5397/5397 5388/5388 5213/5213
f 5398/5398 5388/5388 5397/5397
f 5397/5397 5213/5213 2842/2842
f 5410/5410 5383/5383 5398/5398
f 5410/5410 5412/5412 5408/5408
f 2853/2853 5399/5399 2856/2856
f 5403/5403 5402/5402 2854/2854
f 6107/6107 5400/5400 5404/5404
f 5404/5404 6058/6058 6107/6107
f 5399/5399 2834/2834 2845/2845
f 2856/2856 5399/5399 2845/2845
f 2833/2833 2835/2835 2839/2839
f 2834/2834 5399/5399 2838/2838
f 5405/5405 2853/2853 2857/2857
f 5407/5407 5405/5405 2452/2452
f 5404/5404 5406/5406 6055/6055
f 1942/1942 3874/3874 3871/3871
f 1941/1941 1928/1928 3874/3874
f 1934/1934 1928/1928 1941/1941
f 5870/5870 3212/3212 3197/3197
f 3872/3872 3212/3212 5870/5870
f 1943/1943 3870/3870 5871/5871
f 3891/3891 5870/5870 3197/3197
f 1942/1942 1941/1941 3874/3874
f 3197/3197 3210/3210 3891/3891
f 5480/5480 5485/5485 5543/5543
f 5557/5557 5486/5486 2828/2828
f 5485/5485 5480/5480 5497/5497
f 5485/5485 5497/5497 2827/2827
f 5479/5479 5495/5495 5500/5500
f 2023/2023 2018/2018 2022/2022
f 2023/2023 2022/2022 2017/2017
f 5495/5495 5482/5482 5500/5500
f 2826/2826 2379/2379 2364/2364
f 2701/2701 2706/2706 5556/5556
f 5556/5556 2019/2019 2701/2701
f 5556/5556 2368/2368 2019/2019
f 2366/2366 2022/2022 2018/2018
f 2022/2022 2366/2366 2358/2358
f 5750/5750 5737/5737 5725/5725
f 4040/4040 4038/4038 1654/1654
f 4040/4040 1654/1654 5737/5737
f 5736/5736 5763/5763 5734/5734
f 5734/5734 5763/5763 5759/5759
f 4029/4029 4031/4031 1654/1654
f 4031/4031 1650/1650 1654/1654
f 1655/1655 1652/1652 5735/5735
f 5737/5737 1653/1653 5764/5764
f 4026/4026 4027/4027 1654/1654
f 4038/4038 4026/4026 1654/1654
f 1654/1654 4027/4027 4028/4028
f 4027/4027 4016/4016 4028/4028
f 4028/4028 4029/4029 1654/1654
f 5763/5763 5473/5473 5759/5759
f 2931/2931 4035/4035 4031/4031
f 4029/4029 2931/2931 4031/4031
f 4031/4031 4035/4035 1650/1650
f 4035/4035 4036/4036 4021/4021
f 4036/4036 4035/4035 2931/2931
f 4021/4021 4022/4022 4035/4035
f 5763/5763 1651/1651 5703/5703
f 5763/5763 5732/5732 5741/5741
f 1651/1651 1649/1649 5703/5703
f 5739/5739 5730/5730 5736/5736
f 5649/5649 5729/5729 5739/5739
f 5739/5739 5736/5736 5652/5652
f 5653/5653 5733/5733 5758/5758
f 5730/5730 5727/5727 5736/5736
f 5736/5736 5734/5734 5652/5652
f 2709/2709 5757/5757 2710/2710
f 5654/5654 5761/5761 2708/2708
f 5738/5738 5654/5654 2708/2708
f 5744/5744 5727/5727 5649/5649
f 5726/5726 5728/5728 5650/5650
f 2709/2709 2710/2710 2698/2698
f 2698/2698 2710/2710 2706/2706
f 5651/5651 5738/5738 5646/5646
f 5738/5738 2708/2708 5646/5646
f 5742/5742 5651/5651 5646/5646
f 4028/4028 4016/4016 4015/4015
f 4015/4015 4029/4029 4028/4028
f 3485/3485 3484/3484 5714/5714
f 3483/3483 5395/5395 5390/5390
f 5391/5391 5557/5557 5552/5552
f 5557/5557 5391/5391 5551/5551
f 5713/5713 3483/3483 5390/5390
f 5712/5712 5392/5392 2718/2718
f 5706/5706 5712/5712 2718/2718
f 5389/5389 5553/5553 2717/2717
f 5552/5552 5557/5557 2365/2365
f 5570/5570 5552/5552 5555/5555
f 5554/5554 5569/5569 2716/2716
f 5569/5569 5556/5556 2706/2706
f 5395/5395 5385/5385 5390/5390
f 5386/5386 5551/5551 5391/5391
f 5695/5695 3484/3484 3485/3485
f 3482/3482 5694/5694 5393/5393
f 2365/2365 5557/5557 2828/2828
f 5552/5552 2365/2365 5555/5555
f 2710/2710 5569/5569 2706/2706
f 5696/5696 1264/1264 5394/5394
f 5395/5395 1265/1265 5385/5385
f 5233/5233 1264/1264 5696/5696
f 5234/5234 5385/5385 1265/1265
f 5740/5740 5472/5472 5762/5762
f 4035/4035 1645/1645 1650/1650
f 4020/4020 4024/4024 4022/4022
f 4023/4023 4017/4017 5100/5100
f 4035/4035 5093/5093 1645/1645
f 5100/5100 5107/5107 5094/5094
f 4023/4023 5100/5100 5094/5094
f 5094/5094 5107/5107 5086/5086
f 4024/4024 5093/5093 4022/4022
f 4022/4022 5093/5093 4035/4035
f 4019/4019 4017/4017 4023/4023
f 4021/4021 4020/4020 4022/4022
f 5741/5741 5732/5732 5473/5473
f 5703/5703 5732/5732 5763/5763
f 5094/5094 5086/5086 5105/5105
f 5094/5094 5105/5105 1646/1646
f 5702/5702 5715/5715 5707/5707
f 5106/5106 5108/5108 1647/1647
f 5702/5702 1648/1648 5109/5109
f 5702/5702 5109/5109 5715/5715
f 5703/5703 5710/5710 5731/5731
f 5110/5110 5698/5698 5715/5715
f 5110/5110 5112/5112 5698/5698
f 5732/5732 5708/5708 5473/5473
f 5715/5715 5698/5698 5455/5455
f 5698/5698 5704/5704 5455/5455
f 5707/5707 5715/5715 5701/5701
f 5701/5701 5715/5715 5455/5455
f 5702/5702 5699/5699 5709/5709
f 5707/5707 5699/5699 5702/5702
f 5471/5471 2713/2713 5760/5760
f 5757/5757 2714/2714 2710/2710
f 5709/5709 5699/5699 2711/2711
f 5473/5473 5708/5708 2715/2715
f 5456/5456 2718/2718 2712/2712
f 5700/5700 5456/5456 2712/2712
f 2714/2714 2716/2716 5569/5569
f 2714/2714 5569/5569 2710/2710
f 5456/5456 5706/5706 2718/2718
f 5100/5100 5101/5101 5107/5107
f 5101/5101 5086/5086 5107/5107
f 5698/5698 5112/5112 5705/5705
f 3485/3485 5117/5117 5695/5695
f 5114/5114 5117/5117 3485/3485
f 5705/5705 5112/5112 5711/5711
f 3485/3485 5714/5714 5114/5114
f 1949/1949 2245/2245 1775/1775
f 3211/3211 2545/2545 3196/3196
f 3213/3213 3195/3195 3194/3194
f 3198/3198 3213/3213 2185/2185
f 3209/3209 3198/3198 2183/2183
f 1560/1560 2403/2403 1875/1875
f 1556/1556 2403/2403 1560/1560
f 1560/1560 1875/1875 1874/1874
f 2988/2988 2638/2638 2637/2637
f 3166/3166 3412/3412 3609/3609
f 3410/3410 3164/3164 3607/3607
f 3367/3367 2412/2412 2651/2651
f 2639/2639 2989/2989 2986/2986
f 3608/3608 2639/2639 2986/2986
f 2653/2653 1872/1872 2650/2650
f 2643/2643 2650/2650 1872/1872
f 3369/3369 2648/2648 3470/3470
f 2637/2637 2638/2638 2653/2653
f 2652/2652 2648/2648 3369/3369
f 2638/2638 3413/3413 1872/1872
f 1872/1872 2653/2653 2638/2638
f 3609/3609 3412/3412 2640/2640
f 3149/3149 3147/3147 3416/3416
f 3416/3416 3147/3147 1870/1870
f 2643/2643 1872/1872 3295/3295
f 2668/2668 2643/2643 2634/2634
f 2668/2668 2650/2650 2643/2643
f 2650/2650 2668/2668 2659/2659
f 3146/3146 1873/1873 1869/1869
f 3145/3145 1560/1560 1874/1874
f 3149/3149 1559/1559 3147/3147
f 1663/1663 1561/1561 3416/3416
f 1561/1561 3149/3149 3416/3416
f 3148/3148 1556/1556 1560/1560
f 1871/1871 2235/2235 3298/3298
f 1656/1656 1556/1556 3148/3148
f 1562/1562 1656/1656 3148/3148
f 2896/2896 2669/2669 2893/2893
f 2657/2657 2669/2669 2896/2896
f 4853/4853 4882/4882 4855/4855
f 4855/4855 4882/4882 4885/4885
f 4860/4860 4853/4853 4848/4848
f 4858/4858 4854/4854 5127/5127
f 4854/4854 4734/4734 5127/5127
f 4853/4853 4855/4855 4859/4859
f 4857/4857 4771/4771 4850/4850
f 5134/5134 4858/4858 5127/5127
f 4779/4779 4708/4708 4772/4772
f 4710/4710 5130/5130 4771/4771
f 4779/4779 4772/4772 4859/4859
f 4848/4848 4853/4853 4859/4859
f 5128/5128 4847/4847 4851/4851
f 4848/4848 4859/4859 4849/4849
f 4672/4672 5128/5128 4851/4851
f 4861/4861 4847/4847 5128/5128
f 6150/6150 6128/6128 6127/6127
f 4831/4831 1248/1248 4837/4837
f 6143/6143 4832/4832 4836/4836
f 1190/1190 6141/6141 4835/4835
f 6143/6143 1191/1191 6144/6144
f 6127/6127 6145/6145 6150/6150
f 4832/4832 1259/1259 1206/1206
f 4832/4832 5012/5012 1259/1259
f 5014/5014 4773/4773 4999/4999
f 5002/5002 4773/4773 5014/5014
f 4774/4774 5005/5005 4776/4776
f 5007/5007 1262/1262 4777/4777
f 4449/4449 6128/6128 4616/4616
f 6144/6144 1191/1191 1231/1231
f 1231/1231 6145/6145 6144/6144
f 6128/6128 5053/5053 4616/4616
f 6128/6128 6150/6150 5055/5055
f 6129/6129 5054/5054 5052/5052
f 6150/6150 1233/1233 1217/1217
f 6150/6150 1217/1217 5055/5055
f 4834/4834 1184/1184 1188/1188
f 4837/4837 1248/1248 1187/1187
f 1189/1189 1196/1196 1229/1229
f 6145/6145 1231/1231 1233/1233
f 6150/6150 6145/6145 1233/1233
f 1207/1207 1258/1258 1255/1255
f 1246/1246 4831/4831 1207/1207
f 5012/5012 5001/5001 1259/1259
f 1207/1207 1255/1255 1214/1214
f 1207/1207 1201/1201 1205/1205
f 4450/4450 4445/4445 1168/1168
f 4444/4444 4448/4448 4615/4615
f 3088/3088 3089/3089 3099/3099
f 1763/1763 1476/1476 1471/1471
f 1476/1476 1479/1479 1471/1471
f 1473/1473 1479/1479 1476/1476
f 3098/3098 1764/1764 1472/1472
f 3099/3099 3089/3089 5488/5488
f 5484/5484 5490/5490 5487/5487
f 5491/5491 1764/1764 3098/3098
f 5491/5491 1765/1765 1764/1764
f 5484/5484 1766/1766 5490/5490
f 5981/5981 5925/5925 5924/5924
f 5924/5924 5925/5925 5986/5986
f 5981/5981 5932/5932 5925/5925
f 5932/5932 5981/5981 5977/5977
f 5924/5924 5977/5977 5981/5981
f 1273/1273 5924/5924 5986/5986
f 3465/3465 5644/5644 5049/5049
f 5643/5643 528/528 5050/5050
f 3464/3464 5051/5051 2941/2941
f 592/592 587/587 604/604
f 603/603 591/591 606/606
f 5050/5050 528/528 545/545
f 5050/5050 545/545 590/590
f 4045/4045 4043/4043 5638/5638
f 588/588 4045/4045 5638/5638
f 587/587 5636/5636 604/604
f 5635/5635 604/604 5636/5636
f 598/598 605/605 5634/5634
f 597/597 5635/5635 5626/5626
f 5630/5630 5048/5048 595/595
f 5230/5230 5697/5697 5695/5695
f 5693/5693 5696/5696 5394/5394
f 5231/5231 5233/5233 5696/5696
f 5236/5236 5238/5238 5235/5235
f 5236/5236 5235/5235 5232/5232
f 5236/5236 5227/5227 5238/5238
f 5228/5228 5227/5227 5236/5236
f 5226/5226 5385/5385 5237/5237
f 5237/5237 5385/5385 5234/5234
f 5226/5226 5384/5384 5385/5385
f 5228/5228 5216/5216 5227/5227
f 5232/5232 5225/5225 5228/5228
f 1815/1815 1812/1812 5223/5223
f 5104/5104 5105/5105 5086/5086
f 5105/5105 5104/5104 5111/5111
f 5104/5104 5116/5116 5111/5111
f 5084/5084 5083/5083 5086/5086
f 5085/5085 5083/5083 5084/5084
f 5086/5086 5083/5083 5104/5104
f 5101/5101 5084/5084 5086/5086
f 5111/5111 5116/5116 5113/5113
f 5104/5104 1815/1815 5116/5116
f 5117/5117 5230/5230 5695/5695
f 5102/5102 1815/1815 5104/5104
f 5115/5115 5224/5224 5229/5229
f 5232/5232 5228/5228 5236/5236
f 5103/5103 1813/1813 1815/1815
f 5103/5103 1815/1815 5102/5102
f 1815/1815 5223/5223 5116/5116
f 5104/5104 5077/5077 5102/5102
f 5076/5076 5102/5102 5077/5077
f 5076/5076 5103/5103 5102/5102
f 5085/5085 5104/5104 5083/5083
f 5078/5078 5075/5075 5104/5104
f 5085/5085 5078/5078 5104/5104
f 5101/5101 5085/5085 5084/5084
f 5074/5074 5085/5085 5082/5082
f 5085/5085 5101/5101 5095/5095
f 5075/5075 5077/5077 5104/5104
f 5074/5074 5078/5078 5085/5085
f 5074/5074 5075/5075 5078/5078
f 1664/1664 1721/1721 1702/1702
f 1702/1702 1721/1721 1687/1687
f 1665/1665 1664/1664 1702/1702
f 1709/1709 1665/1665 1702/1702
f 1689/1689 1687/1687 1721/1721
f 1721/1721 1703/1703 1689/1689
f 1687/1687 1689/1689 1688/1688
f 1675/1675 1679/1679 3548/3548
f 1698/1698 3549/3549 615/615
f 1673/1673 1694/1694 1703/1703
f 1669/1669 1675/1675 1668/1668
f 1694/1694 1669/1669 1689/1689
f 1689/1689 1669/1669 1668/1668
f 1694/1694 1689/1689 1703/1703
f 1673/1673 1691/1691 1694/1694
f 1669/1669 3817/3817 1676/1676
f 3812/3812 3816/3816 1670/1670
f 1669/1669 1676/1676 1675/1675
f 1670/1670 1693/1693 3812/3812
f 1677/1677 3819/3819 1684/1684
f 4584/4584 3820/3820 3813/3813
f 1676/1676 1679/1679 1675/1675
f 1721/1721 1664/1664 1703/1703
f 1673/1673 1703/1703 1665/1665
f 1665/1665 1703/1703 1664/1664
f 2954/2954 2962/2962 2935/2935
f 2963/2963 1717/1717 2936/2936
f 5643/5643 547/547 528/528
f 5645/5645 1719/1719 546/546
f 2938/2938 5644/5644 3465/3465
f 2938/2938 2936/2936 1717/1717
f 2938/2938 1717/1717 5644/5644
f 1706/1706 2952/2952 2956/2956
f 1685/1685 1675/1675 1700/1700
f 1701/1701 1678/1678 1685/1685
f 2945/2945 2951/2951 2962/2962
f 2945/2945 2962/2962 2944/2944
f 2945/2945 2944/2944 2947/2947
f 1674/1674 1690/1690 1685/1685
f 1678/1678 1674/1674 1685/1685
f 1702/1702 1687/1687 1674/1674
f 1678/1678 1702/1702 1674/1674
f 1707/1707 1709/1709 1678/1678
f 2953/2953 1708/1708 2950/2950
f 2950/2950 1708/1708 1717/1717
f 1688/1688 1674/1674 1687/1687
f 1702/1702 1678/1678 1709/1709
f 1707/1707 1678/1678 1718/1718
f 1688/1688 1689/1689 1668/1668
f 1675/1675 1690/1690 1668/1668
f 1685/1685 1690/1690 1675/1675
f 1688/1688 1668/1668 1674/1674
f 1674/1674 1668/1668 1690/1690
f 1719/1719 1700/1700 1705/1705
f 1701/1701 1700/1700 1719/1719
f 2950/2950 1717/1717 2963/2963
f 1701/1701 1719/1719 5645/5645
f 1678/1678 1701/1701 1718/1718
f 1719/1719 1705/1705 575/575
f 1701/1701 5645/5645 1718/1718
f 1685/1685 1700/1700 1701/1701
f 1675/1675 3548/3548 1700/1700
f 574/574 547/547 1720/1720
f 1694/1694 1695/1695 3814/3814
f 5408/5408 5383/5383 5410/5410
f 5607/5607 2338/2338 5603/5603
f 5603/5603 2338/2338 2337/2337
f 2335/2335 2338/2338 2333/2333
f 2338/2338 2336/2336 2333/2333
f 5226/5226 5217/5217 5384/5384
f 5388/5388 5383/5383 5387/5387
f 5912/5912 5924/5924 1273/1273
f 5996/5996 5912/5912 1273/1273
f 3921/3921 6170/6170 3929/3929
f 3925/3925 4935/4935 3922/3922
f 3923/3923 3930/3930 3924/3924
f 4938/4938 3926/3926 3928/3928
f 6192/6192 6197/6197 6196/6196
f 6172/6172 4082/4082 3927/3927
f 4937/4937 4084/4084 4817/4817
f 4935/4935 6173/6173 3922/3922
f 4081/4081 4938/4938 3928/3928
f 4759/4759 4955/4955 6187/6187
f 6189/6189 5194/5194 6204/6204
f 6188/6188 4957/4957 4808/4808
f 6188/6188 4808/4808 5194/5194
f 6188/6188 5194/5194 6189/6189
f 5031/5031 4796/4796 6201/6201
f 2319/2319 6203/6203 6185/6185
f 6193/6193 6195/6195 6171/6171
f 6177/6177 6171/6171 4936/4936
f 4937/4937 4817/4817 4959/4959
f 6176/6176 4937/4937 4959/4959
f 6193/6193 6171/6171 6177/6177
f 6184/6184 6194/6194 6176/6176
f 5120/5120 6193/6193 6183/6183
f 6202/6202 5123/5123 6184/6184
f 6205/6205 6203/6203 2318/2318
f 6206/6206 6189/6189 6204/6204
f 2319/2319 2318/2318 6203/6203
f 4816/4816 3751/3751 3753/3753
f 4961/4961 4816/4816 3753/3753
f 6191/6191 4758/4758 6186/6186
f 2404/2404 1557/1557 1878/1878
f 1557/1557 2400/2400 1878/1878
f 1658/1658 2400/2400 1557/1557
f 1659/1659 1563/1563 1662/1662
f 1657/1657 1563/1563 1659/1659
f 1657/1657 1659/1659 1558/1558
f 2331/2331 2316/2316 2330/2330
f 2331/2331 2332/2332 2316/2316
f 2332/2332 2317/2317 2316/2316
f 3765/3765 3747/3747 3763/3763
f 3746/3746 3748/3748 3766/3766
f 4298/4298 4295/4295 3857/3857
f 3767/3767 3768/3768 6006/6006
f 4296/4296 3767/3767 6006/6006
f 1101/1101 6005/6005 1103/1103
f 1101/1101 4294/4294 6005/6005
f 3857/3857 4295/4295 1100/1100
f 1103/1103 6005/6005 1090/1090
f 6006/6006 3768/3768 1091/1091
f 3745/3745 3767/3767 4296/4296
f 5750/5750 4041/4041 5737/5737
f 4040/4040 4041/4041 4043/4043
f 4041/4041 4040/4040 5737/5737
f 4026/4026 4038/4038 536/536
f 535/535 530/530 4039/4039
f 535/535 4039/4039 4043/4043
f 535/535 4043/4043 4045/4045
f 4039/4039 536/536 4038/4038
f 530/530 536/536 4039/4039
f 5752/5752 4042/4042 5749/5749
f 5638/5638 4043/4043 4041/4041
f 5638/5638 4041/4041 5753/5753
f 4038/4038 4040/4040 4039/4039
f 4043/4043 4039/4039 4040/4040
f 5091/5091 1975/1975 5080/5080
f 2095/2095 5081/5081 1984/1984
f 1800/1800 1777/1777 5092/5092
f 5089/5089 1780/1780 1976/1976
f 1779/1779 5092/5092 1777/1777
f 1779/1779 1777/1777 1814/1814
f 2089/2089 5119/5119 5098/5098
f 5118/5118 5096/5096 5099/5099
f 1985/1985 1974/1974 1972/1972
f 1980/1980 1973/1973 1977/1977
f 1986/1986 1973/1973 1983/1983
f 1983/1983 1973/1973 1978/1978
f 5079/5079 1974/1974 1985/1985
f 1976/1976 1780/1780 1981/1981
f 1973/1973 1980/1980 1978/1978
f 1979/1979 5076/5076 5077/5077
f 1780/1780 5103/5103 1981/1981
f 1780/1780 1813/1813 5103/5103
f 1979/1979 1981/1981 5076/5076
f 1981/1981 5103/5103 5076/5076
f 4757/4757 2095/2095 1984/1984
f 1982/1982 5074/5074 5082/5082
f 5074/5074 1982/1982 5075/5075
f 5082/5082 5085/5085 5095/5095
f 5118/5118 4757/4757 5082/5082
f 4757/4757 1984/1984 1982/1982
f 2092/2092 5119/5119 2089/2089
f 4757/4757 1982/1982 5082/5082
f 5096/5096 5118/5118 5095/5095
f 5118/5118 5082/5082 5095/5095
f 1982/1982 5077/5077 5075/5075
f 1982/1982 1979/1979 5077/5077
f 2954/2954 2935/2935 2934/2934
f 2957/2957 1713/1713 1706/1706
f 2960/2960 2956/2956 2952/2952
f 1706/1706 2956/2956 2957/2957
f 2960/2960 2952/2952 2951/2951
f 2949/2949 2951/2951 2945/2945
f 2960/2960 2951/2951 2949/2949
f 2124/2124 2959/2959 2961/2961
f 2957/2957 2956/2956 2960/2960
f 2124/2124 6057/6057 2959/2959
f 2124/2124 2961/2961 2948/2948
f 2954/2954 2943/2943 2962/2962
f 2944/2944 2943/2943 2947/2947
f 2943/2943 2944/2944 2962/2962
f 2949/2949 2945/2945 2947/2947
f 6057/6057 2864/2864 2959/2959
f 6057/6057 5407/5407 2864/2864
f 2122/2122 2124/2124 2955/2955
f 2117/2117 6054/6054 2125/2125
f 2124/2124 2948/2948 2946/2946
f 2117/2117 2125/2125 2114/2114
f 2124/2124 2946/2946 2942/2942
f 2124/2124 2942/2942 2955/2955
f 2122/2122 2955/2955 2933/2933
f 3972/3972 3991/3991 3967/3967
f 3761/3761 3860/3860 1124/1124
f 4299/4299 3859/3859 4547/4547
f 4547/4547 3859/3859 3762/3762
f 1126/1126 1116/1116 3761/3761
f 3761/3761 1116/1116 1112/1112
f 3972/3972 3967/3967 3971/3971
f 3971/3971 3967/3967 3969/3969
f 1807/1807 4410/4410 1783/1783
f 3366/3366 2413/2413 3368/3368
f 3366/3366 3368/3368 3471/3471
f 1786/1786 1793/1793 1781/1781
f 1793/1793 1784/1784 1781/1781
f 1782/1782 1806/1806 1785/1785
f 1776/1776 1806/1806 1782/1782
f 4034/4034 2086/2086 4036/4036
f 949/949 2068/2068 2073/2073
f 2068/2068 4032/4032 2073/2073
f 2068/2068 2077/2077 2079/2079
f 2068/2068 2079/2079 4032/4032
f 2083/2083 4033/4033 2078/2078
f 3549/3549 1683/1683 787/787
f 4014/4014 2932/2932 4030/4030
f 3348/3348 2072/2072 2932/2932
f 2071/2071 4034/4034 2931/2931
f 4014/4014 3348/3348 2932/2932
f 4036/4036 4020/4020 4021/4021
f 4017/4017 5087/5087 5100/5100
f 5087/5087 4017/4017 4037/4037
f 4037/4037 4017/4017 4018/4018
f 2082/2082 5087/5087 4037/4037
f 5099/5099 5096/5096 5087/5087
f 5087/5087 5101/5101 5100/5100
f 2082/2082 5099/5099 5087/5087
f 5096/5096 5095/5095 5087/5087
f 5095/5095 5101/5101 5087/5087
f 4034/4034 4036/4036 2931/2931
f 948/948 943/943 4027/4027
f 3349/3349 944/944 2074/2074
f 2074/2074 944/944 951/951
f 943/943 3347/3347 4016/4016
f 4026/4026 948/948 4027/4027
f 3347/3347 4015/4015 4016/4016
f 943/943 4016/4016 4027/4027

